"Includes Amazon Marketplace, Fulfillment by Amazon (FBA), and Amazon Webstore transactions"
"All amounts in USD, unless specified"
"Definitions:"
"Sales tax collected: Includes sales tax collected from buyers for product sales, shipping, and gift wrap."
"Selling fees: Includes variable closing fees and referral fees."
"Other transaction fees: Includes shipping chargebacks, shipping holdbacks, per-item fees  and sales tax collection fees."
"Other: Includes non-order transaction amounts. For more details, see the ""Type"" and ""Description"" columns for each order ID."
"date/time","settlement id","type","order id","sku","description","quantity","marketplace","account type","fulfillment","order city","order state","order postal","tax collection model","product sales","product sales tax","shipping credits","shipping credits tax","gift wrap credits","giftwrap credits tax","Regulatory Fee","Tax On Regulatory Fee","promotional rebates","promotional rebates tax","marketplace withheld tax","selling fees","fba fees","other transaction fees","other","total"
"Apr 1, 2017 4:00:31 PM PDT","6326636921","Transfer","","","To your account ending in: 6276, Bank Transfer ID: 091000011501356","","","Standard Orders","","","","","","0","0","0","0","0","0","0","0","0","0","0","0","0","0","-1,148.12","-1,148.12"
"Apr 1, 2017 5:32:49 PM PDT","6326636921","Order","114-9987636-5285834","C8-0GJV-QWP1","GREY FLANNEL ~ GEOFFREY BEENE 4.0 OZ COLOGNE NEW IN BOX by Geoffrey Beene","1","amazon.com","Standard Orders","Seller","Portsmouth","va","23701","","14.67","0","5.04","0","0","0","0","0","0","0","0","-2.96","0","0","0","16.75"
"Apr 1, 2017 5:33:25 PM PDT","6326636921","Shipping Services","114-9987636-5285834","","Shipping Label Purchased through Amazon","","","Standard Orders","","","","","","0","0","0","0","0","0","0","0","0","0","0","0","0","0","-3.76","-3.76"
"Apr 1, 2017 5:34:19 PM PDT","6326636921","Order","114-6974500-7008223","RF-LX73-TAHE","DIESEL PLUS PLUS by Diesel EDT SPRAY 2.5 OZ Masculine","1","amazon.com","Standard Orders","Seller","MIAMI","FLORIDA","33122-1506","","13.56","0","6.00","0","0","0","0","0","0","0","0","-2.93","0","0","0","16.63"
"Apr 1, 2017 5:34:52 PM PDT","6326636921","Shipping Services","114-6974500-7008223","","Shipping Label Purchased through Amazon","","","Standard Orders","","","","","","0","0","0","0","0","0","0","0","0","0","0","0","0","0","-3.62","-3.62"
"Apr 1, 2017 5:35:27 PM PDT","6326636921","Order","114-6920756-7794642","RF-LX73-TAHE","DIESEL PLUS PLUS by Diesel EDT SPRAY 2.5 OZ Masculine","1","amazon.com","Standard Orders","Seller","NANTUCKET","MA","02554-3118","","13.56","0","0","0","0","0","0","0","0","0","0","-2.03","0","0","0","11.53"
"Apr 1, 2017 5:35:53 PM PDT","6326636921","Shipping Services","114-6920756-7794642","","Shipping Label Purchased through Amazon","","","Standard Orders","","","","","","0","0","0","0","0","0","0","0","0","0","0","0","0","0","-3.62","-3.62"
"Apr 1, 2017 5:36:44 PM PDT","6326636921","Order","114-6744886-4382603","C8-0GJV-QWP1","GREY FLANNEL ~ GEOFFREY BEENE 4.0 OZ COLOGNE NEW IN BOX by Geoffrey Beene","2","amazon.com","Standard Orders","Seller","BREWSTER","NEW YORK","10509-2240","","29.34","0","5.59","0","0","0","0","0","0","0","0","-5.24","0","0","0","29.69"
"Apr 1, 2017 5:37:27 PM PDT","6326636921","Shipping Services","114-6744886-4382603","","Shipping Label Purchased through Amazon","","","Standard Orders","","","","","","0","0","0","0","0","0","0","0","0","0","0","0","0","0","-6.05","-6.05"
"Apr 1, 2017 5:39:43 PM PDT","6326636921","Order","114-3225451-6411406","IJ-KEN6-GAXI","InternetFragrance] DÓLCE GÁBBANA Intenso Eau De Parfum Spray for Men, 4.2 Fluid Ounce by (InternetFragrance)","1","amazon.com","Standard Orders","Seller","MIAMI","FLORIDA","33184-2447","","53.00","0","4.49","0","0","0","0","0","0","0","0","-8.62","0","0","0","48.87"
"Apr 1, 2017 5:40:20 PM PDT","6326636921","Shipping Services","114-3225451-6411406","","Shipping Label Purchased through Amazon","","","Standard Orders","","","","","","0","0","0","0","0","0","0","0","0","0","0","0","0","0","-4.61","-4.61"
"Apr 1, 2017 5:40:55 PM PDT","6326636921","Order","114-0974133-1391429","BF-2O4Q-JYRE","Paco Rabanne 1 million Cologne for Men 6.8 oz Eau De Toilette Spray","1","amazon.com","Standard Orders","Seller","BROOKLYN","NY","11203","","82.70","0","0","0","0","0","0","0","0","0","0","-12.41","0","0","0","70.29"
"Apr 1, 2017 5:41:32 PM PDT","6326636921","Shipping Services","114-0974133-1391429","","Shipping Label Purchased through Amazon","","","Standard Orders","","","","","","0","0","0","0","0","0","0","0","0","0","0","0","0","0","-6.20","-6.20"
"Apr 1, 2017 5:42:27 PM PDT","6326636921","Order","114-0454896-6097022","OA-PJRJ-Y9NK","OSCAR by Oscar de la Renta Eau De Toilette Spray 3.4 oz for Women","1","amazon.com","Standard Orders","Seller","OWASSO","OK","74055-5453","","30.00","0","0","0","0","0","0","0","0","0","0","-4.50","0","0","0","25.50"
"Apr 1, 2017 5:42:40 PM PDT","6326636921","Shipping Services","114-0454896-6097022","","Shipping Label Purchased through Amazon","","","Standard Orders","","","","","","0","0","0","0","0","0","0","0","0","0","0","0","0","0","-4.32","-4.32"
"Apr 1, 2017 5:43:26 PM PDT","6326636921","Order","113-8587506-2561841","N5-B3PK-64P7","Karen Low Pure Crystal Eau de Parfum Spray for Women, 3.4 Ounce","1","amazon.com","Standard Orders","Seller","DALLAS","TX","75203-2322","","15.00","0","0","0","0","0","0","0","0","0","0","-2.25","0","0","0","12.75"
"Apr 1, 2017 5:44:03 PM PDT","6326636921","Shipping Services","113-8587506-2561841","","Shipping Label Purchased through Amazon","","","Standard Orders","","","","","","0","0","0","0","0","0","0","0","0","0","0","0","0","0","-4.18","-4.18"
"Apr 1, 2017 5:44:56 PM PDT","6326636921","Order","113-5520980-1999448","RF-LX73-TAHE","DIESEL PLUS PLUS by Diesel EDT SPRAY 2.5 OZ Masculine","2","amazon.com","Standard Orders","Seller","FIRCREST","WA","98466-5951","","27.12","0","0","0","0","0","0","0","0","0","0","-4.06","0","0","0","23.06"
"Apr 1, 2017 5:45:23 PM PDT","6326636921","Shipping Services","113-5520980-1999448","","Shipping Label Purchased through Amazon","","","Standard Orders","","","","","","0","0","0","0","0","0","0","0","0","0","0","0","0","0","-6.05","-6.05"
"Apr 1, 2017 5:45:52 PM PDT","6326636921","Order","113-5009741-7758629","VQ-3EX0-LMJP","Parfums Rivera Night Dreams Eau de Parfum Spray, 3.4 Ounce","1","amazon.com","Standard Orders","Seller","CARMEL","NY","10512-1505","","14.98","0","0","0","0","0","0","0","0","0","0","-2.25","0","0","0","12.73"
"Apr 1, 2017 5:47:25 PM PDT","6326636921","Shipping Services","113-5009741-7758629","","Shipping Label Purchased through Amazon","","","Standard Orders","","","","","","0","0","0","0","0","0","0","0","0","0","0","0","0","0","-6.05","-6.05"
"Apr 1, 2017 5:47:55 PM PDT","6326636921","Order","113-5246475-4605055","TJ-E71K-IYKR","Paul Sebastian Cologne for Men, 8.0 Fluid Ounce","1","amazon.com","Standard Orders","Seller","Flagler Beach","FL","32136","","20.28","0","5.69","0","0","0","0","0","0","0","0","-3.90","0","0","0","22.07"
"Apr 1, 2017 5:48:33 PM PDT","6326636921","Shipping Services","113-5246475-4605055","","Shipping Label Purchased through Amazon","","","Standard Orders","","","","","","0","0","0","0","0","0","0","0","0","0","0","0","0","0","-6.05","-6.05"
"Apr 1, 2017 5:49:12 PM PDT","6326636921","Order","113-4227916-1177018","TJ-E71K-IYKR","Paul Sebastian Cologne for Men, 8.0 Fluid Ounce","2","amazon.com","Standard Orders","Seller","farmington hills","mi","48331","","40.56","0","6.89","0","0","0","0","0","0","0","0","-7.12","0","0","0","40.33"
"Apr 1, 2017 5:49:42 PM PDT","6326636921","Shipping Services","113-4227916-1177018","","Shipping Label Purchased through Amazon","","","Standard Orders","","","","","","0","0","0","0","0","0","0","0","0","0","0","0","0","0","-6.05","-6.05"
"Apr 1, 2017 5:50:57 PM PDT","6326636921","Shipping Services","113-4197991-8026628","","Shipping Label Purchased through Amazon","","","Standard Orders","","","","","","0","0","0","0","0","0","0","0","0","0","0","0","0","0","-3.76","-3.76"
"Apr 1, 2017 5:51:24 PM PDT","6326636921","Order","114-7328007-5061827","2K-2PHX-0XNT","COOL WATER * Davidoff * Cologne for Men * 4.2 oz * BRAND NEW IN BOX","1","amazon.com","Standard Orders","Seller","CLEVELAND","TN","37311-3923","","24.78","0","4.49","0","0","0","0","0","0","0","0","-4.39","0","0","0","24.88"
"Apr 1, 2017 5:52:02 PM PDT","6326636921","Shipping Services","114-7328007-5061827","","Shipping Label Purchased through Amazon","","","Standard Orders","","","","","","0","0","0","0","0","0","0","0","0","0","0","0","0","0","-4.18","-4.18"
"Apr 1, 2017 5:53:16 PM PDT","6326636921","Order","113-4197991-8026628","C8-0GJV-QWP1","GREY FLANNEL ~ GEOFFREY BEENE 4.0 OZ COLOGNE NEW IN BOX by Geoffrey Beene","1","amazon.com","Standard Orders","Seller","SALINA","KS","67401-6146","","14.67","0","5.04","0","0","0","0","0","0","0","0","-2.96","0","0","0","16.75"
"Apr 1, 2017 5:53:30 PM PDT","6326636921","Order","113-1739128-8745825","TJ-E71K-IYKR","Paul Sebastian Cologne for Men, 8.0 Fluid Ounce","1","amazon.com","Standard Orders","Seller","BATON ROUGE","LA","70817-1103","","20.28","0","5.69","0","0","0","0","0","0","0","0","-3.90","0","0","0","22.07"
"Apr 1, 2017 5:53:57 PM PDT","6326636921","Shipping Services","113-1739128-8745825","","Shipping Label Purchased through Amazon","","","Standard Orders","","","","","","0","0","0","0","0","0","0","0","0","0","0","0","0","0","-6.05","-6.05"
"Apr 1, 2017 5:54:29 PM PDT","6326636921","Order","113-1040964-4246607","RF-LX73-TAHE","DIESEL PLUS PLUS by Diesel EDT SPRAY 2.5 OZ Masculine","1","amazon.com","Standard Orders","Seller","ASHAWAY","RI","02804-1910","","13.56","0","0","0","0","0","0","0","0","0","0","-2.03","0","0","0","11.53"
"Apr 1, 2017 5:55:06 PM PDT","6326636921","Shipping Services","113-1040964-4246607","","Shipping Label Purchased through Amazon","","","Standard Orders","","","","","","0","0","0","0","0","0","0","0","0","0","0","0","0","0","-3.62","-3.62"
"Apr 1, 2017 5:55:40 PM PDT","6326636921","Order","113-1389422-5118628","C8-0GJV-QWP1","GREY FLANNEL ~ GEOFFREY BEENE 4.0 OZ COLOGNE NEW IN BOX by Geoffrey Beene","1","amazon.com","Standard Orders","Seller","ORANGE PARK","FL","32073-4257","","14.67","0","5.04","0","0","0","0","0","0","0","0","-2.96","0","0","0","16.75"
"Apr 1, 2017 5:56:17 PM PDT","6326636921","Shipping Services","113-1389422-5118628","","Shipping Label Purchased through Amazon","","","Standard Orders","","","","","","0","0","0","0","0","0","0","0","0","0","0","0","0","0","-3.76","-3.76"
"Apr 1, 2017 5:56:55 PM PDT","6326636921","Order","112-7932905-9053022","2G-X7RR-O0HL","Shi by Alfred Sung for Women, Eau De Parfum Spray, 3.4-Ounce","1","amazon.com","Standard Orders","Seller","HUNTSVILLE","AR","72740-9670","","17.29","0","5.29","0","0","0","0","0","0","0","0","-3.39","0","0","0","19.19"
"Apr 1, 2017 5:57:33 PM PDT","6326636921","Shipping Services","112-7932905-9053022","","Shipping Label Purchased through Amazon","","","Standard Orders","","","","","","0","0","0","0","0","0","0","0","0","0","0","0","0","0","-4.32","-4.32"
"Apr 1, 2017 5:58:16 PM PDT","6326636921","Order","112-8619587-3197026","N5-B3PK-64P7","Karen Low Pure Crystal Eau de Parfum Spray for Women, 3.4 Ounce","1","amazon.com","Standard Orders","Seller","Texarkana","Tx","75503","","15.00","0","0","0","0","0","0","0","0","0","0","-2.25","0","0","0","12.75"
"Apr 1, 2017 5:58:52 PM PDT","6326636921","Shipping Services","112-8619587-3197026","","Shipping Label Purchased through Amazon","","","Standard Orders","","","","","","0","0","0","0","0","0","0","0","0","0","0","0","0","0","-4.18","-4.18"
"Apr 1, 2017 5:59:57 PM PDT","6326636921","Order","112-8279690-2750613","YI-Q248-ZGRN","Double Diamond 3.4 Eau De Perfume Spray Women","2","amazon.com","Standard Orders","Seller","LINDEN","NJ","07036-2016","","14.28","0","6.89","0","0","0","0","0","0","0","0","-3.18","0","0","0","17.99"
"Apr 1, 2017 6:00:32 PM PDT","6326636921","Shipping Services","112-8279690-2750613","","Shipping Label Purchased through Amazon","","","Standard Orders","","","","","","0","0","0","0","0","0","0","0","0","0","0","0","0","0","-6.05","-6.05"
"Apr 1, 2017 6:01:02 PM PDT","6326636921","Order","112-7365089-4863440","2R-XBDJ-90C7","Carolina Herrera 212 Vip Rose Eau de Parfum Spray for Women, 1.7 Ounce","1","amazon.com","Standard Orders","Seller","ORLANDO","FL","32837-9401","","48.05","0","0","0","0","0","0","0","0","0","0","-7.21","0","0","0","40.84"
"Apr 1, 2017 6:01:39 PM PDT","6326636921","Shipping Services","112-7365089-4863440","","Shipping Label Purchased through Amazon","","","Standard Orders","","","","","","0","0","0","0","0","0","0","0","0","0","0","0","0","0","-4.32","-4.32"
"Apr 1, 2017 6:02:18 PM PDT","6326636921","Order","112-6666025-4325049","2L-YX0W-CS37","Johan B Merveille Eau De Parfum Spray for Women, 3.4 Ounce","1","amazon.com","Standard Orders","Seller","SPRING CREEK","NV","89815-5942","","32.99","0","0","0","0","0","0","0","0","0","0","-4.95","0","0","0","28.04"
"Apr 1, 2017 6:02:55 PM PDT","6326636921","Shipping Services","112-6666025-4325049","","Shipping Label Purchased through Amazon","","","Standard Orders","","","","","","0","0","0","0","0","0","0","0","0","0","0","0","0","0","-4.46","-4.46"
"Apr 1, 2017 6:03:28 PM PDT","6326636921","Order","112-2570490-7862644","2W-HR3G-K73F","Fancy Nights By Jessica Simpson Eau De Parfum Spray for Women, 3.40-Fluid Ounce","1","amazon.com","Standard Orders","Seller","Chester","VA","23831","","14.54","0","5.39","0","0","0","0","0","0","0","0","-2.99","0","0","0","16.94"
"Apr 1, 2017 6:04:03 PM PDT","6326636921","Shipping Services","112-2570490-7862644","","Shipping Label Purchased through Amazon","","","Standard Orders","","","","","","0","0","0","0","0","0","0","0","0","0","0","0","0","0","-4.32","-4.32"
"Apr 1, 2017 6:04:30 PM PDT","6326636921","Order","112-2481010-3267451","RF-LX73-TAHE","DIESEL PLUS PLUS by Diesel EDT SPRAY 2.5 OZ Masculine","1","amazon.com","Standard Orders","Seller","NEWARK","NJ","07104-3420","","13.56","0","0","0","0","0","0","0","0","0","0","-2.03","0","0","0","11.53"
"Apr 1, 2017 6:05:08 PM PDT","6326636921","Shipping Services","112-2481010-3267451","","Shipping Label Purchased through Amazon","","","Standard Orders","","","","","","0","0","0","0","0","0","0","0","0","0","0","0","0","0","-3.62","-3.62"
"Apr 1, 2017 6:05:50 PM PDT","6326636921","Order","112-1764311-1555406","2L-YX0W-CS37","Johan B Merveille Eau De Parfum Spray for Women, 3.4 Ounce","1","amazon.com","Standard Orders","Seller","FORT PIERCE","FL","34951-2419","","32.99","0","0","0","0","0","0","0","0","0","0","-4.95","0","0","0","28.04"
"Apr 1, 2017 6:06:26 PM PDT","6326636921","Shipping Services","112-1764311-1555406","","Shipping Label Purchased through Amazon","","","Standard Orders","","","","","","0","0","0","0","0","0","0","0","0","0","0","0","0","0","-4.46","-4.46"
"Apr 1, 2017 6:07:02 PM PDT","6326636921","Order","112-1395174-7184212","RF-LX73-TAHE","DIESEL PLUS PLUS by Diesel EDT SPRAY 2.5 OZ Masculine","1","amazon.com","Standard Orders","Seller","DUNLAP","IL","61525-9024","","13.56","0","0","0","0","0","0","0","0","0","0","-2.03","0","0","0","11.53"
"Apr 1, 2017 6:07:39 PM PDT","6326636921","Shipping Services","112-1395174-7184212","","Shipping Label Purchased through Amazon","","","Standard Orders","","","","","","0","0","0","0","0","0","0","0","0","0","0","0","0","0","-3.62","-3.62"
"Apr 1, 2017 6:08:21 PM PDT","6326636921","Order","112-1328966-5080258","RF-LX73-TAHE","DIESEL PLUS PLUS by Diesel EDT SPRAY 2.5 OZ Masculine","1","amazon.com","Standard Orders","Seller","SUNNY ISLES BEACH","FL","33160-3233","","13.56","0","0","0","0","0","0","0","0","0","0","-2.03","0","0","0","11.53"
"Apr 1, 2017 6:08:47 PM PDT","6326636921","Shipping Services","112-1328966-5080258","","Shipping Label Purchased through Amazon","","","Standard Orders","","","","","","0","0","0","0","0","0","0","0","0","0","0","0","0","0","-3.62","-3.62"
"Apr 1, 2017 6:09:42 PM PDT","6326636921","Order","112-0877367-8681812","RF-LX73-TAHE","DIESEL PLUS PLUS by Diesel EDT SPRAY 2.5 OZ Masculine","1","amazon.com","Standard Orders","Seller","MIAMI","FLORIDA","33122-1522","","13.56","0","0","0","0","0","0","0","0","0","0","-2.03","0","0","0","11.53"
"Apr 1, 2017 6:10:12 PM PDT","6326636921","Shipping Services","112-0877367-8681812","","Shipping Label Purchased through Amazon","","","Standard Orders","","","","","","0","0","0","0","0","0","0","0","0","0","0","0","0","0","-3.62","-3.62"
"Apr 1, 2017 6:11:10 PM PDT","6326636921","Order","112-0964237-9300252","UP-46W3-7JHH","Bijan By Bijan For Women. Eau De Toilette Spray 2.5 Oz","2","amazon.com","Standard Orders","Seller","VALHALLA","NEW YORK","10595-1003","","34.00","0","5.99","0","0","0","0","0","0","0","0","-6.00","0","0","0","33.99"
"Apr 1, 2017 6:11:47 PM PDT","6326636921","Shipping Services","112-0964237-9300252","","Shipping Label Purchased through Amazon","","","Standard Orders","","","","","","0","0","0","0","0","0","0","0","0","0","0","0","0","0","-6.05","-6.05"
"Apr 1, 2017 6:12:55 PM PDT","6326636921","Order","111-9431728-6198641","AL-WL4W-TJ4O","Magie Noire by Lancome for Women 2.5 oz Eau de Toilette Spray","2","amazon.com","Standard Orders","Seller","sterling heights","michigan","48312","","107.60","0","10.79","0","0","0","0","0","0","0","0","-17.76","0","0","0","100.63"
"Apr 1, 2017 6:13:33 PM PDT","6326636921","Shipping Services","111-9431728-6198641","","Shipping Label Purchased through Amazon","","","Standard Orders","","","","","","0","0","0","0","0","0","0","0","0","0","0","0","0","0","-6.65","-6.65"
"Apr 1, 2017 6:15:11 PM PDT","6326636921","Order","113-4172897-7885002","UR-D9YP-L4RF","Curve Crush Cologne Spray 4.2 Ounce","1","amazon.com","Standard Orders","Seller","BIG PINE","CA","93513-0601","","18.02","0","10.18","0","0","0","0","0","0","0","0","-4.23","0","0","0","23.97"
"Apr 1, 2017 6:15:48 PM PDT","6326636921","Shipping Services","113-4172897-7885002","","Shipping Label Purchased through Amazon","","","Standard Orders","","","","","","0","0","0","0","0","0","0","0","0","0","0","0","0","0","-6.05","-6.05"
"Apr 1, 2017 6:16:24 PM PDT","6326636921","Order","112-0190958-0029855","GR-FSVC-DTZN","Karen Low X Change Cool by Karen Low for Men Eau de Toilette Spray 3.4 oz","1","amazon.com","Standard Orders","Seller","MILWAUKEE","WI","53216-3023","","14.99","0","0","0","0","0","0","0","0","0","0","-2.25","0","0","0","12.74"
"Apr 1, 2017 6:17:00 PM PDT","6326636921","Shipping Services","112-0190958-0029855","","Shipping Label Purchased through Amazon","","","Standard Orders","","","","","","0","0","0","0","0","0","0","0","0","0","0","0","0","0","-3.90","-3.90"
"Apr 1, 2017 6:17:39 PM PDT","6326636921","Order","111-7411478-3423462","BF-N7MD-D4X3","Perry Ellis 360 Eau de Toilette Spray Gift Set for Women, 3 Count","1","amazon.com","Standard Orders","Seller","PATERSON","NJ","07513-1328","","38.45","0","5.74","0","0","0","0","0","0","0","0","-6.63","0","0","0","37.56"
"Apr 1, 2017 6:18:17 PM PDT","6326636921","Shipping Services","111-7411478-3423462","","Shipping Label Purchased through Amazon","","","Standard Orders","","","","","","0","0","0","0","0","0","0","0","0","0","0","0","0","0","-6.05","-6.05"
"Apr 1, 2017 6:18:50 PM PDT","6326636921","Order","111-4694525-2766650","PO-CX8T-9V0U","Nautica Voyage By Nautica For Men. Eau De Toilette Spray 3.4 oz","1","amazon.com","Standard Orders","Seller","HOBE SOUND","FL","33455-7211","","21.00","0","0","0","0","0","0","0","0","0","0","-3.15","0","0","0","17.85"
"Apr 1, 2017 6:19:28 PM PDT","6326636921","Shipping Services","111-4694525-2766650","","Shipping Label Purchased through Amazon","","","Standard Orders","","","","","","0","0","0","0","0","0","0","0","0","0","0","0","0","0","-4.32","-4.32"
"Apr 1, 2017 6:20:38 PM PDT","6326636921","Order","111-4659259-4013841","RF-LX73-TAHE","DIESEL PLUS PLUS by Diesel EDT SPRAY 2.5 OZ Masculine","1","amazon.com","Standard Orders","Seller","queens","new york","11435","","13.56","0","10.74","0","0","0","0","0","0","0","0","-3.65","0","0","0","20.65"
"Apr 1, 2017 6:21:14 PM PDT","6326636921","Shipping Services","111-4659259-4013841","","Shipping Label Purchased through Amazon","","","Standard Orders","","","","","","0","0","0","0","0","0","0","0","0","0","0","0","0","0","-3.62","-3.62"
"Apr 1, 2017 6:22:38 PM PDT","6326636921","Order","107-5632872-5189036","PO-CX8T-9V0U","Nautica Voyage By Nautica For Men. Eau De Toilette Spray 3.4 oz","1","amazon.com","Standard Orders","Seller","CUTLER BAY","FL","33157-8449","","17.80","0","5.09","0","0","0","0","0","0","0","0","-3.43","0","0","0","19.46"
"Apr 1, 2017 6:23:07 PM PDT","6326636921","Shipping Services","107-5632872-5189036","","Shipping Label Purchased through Amazon","","","Standard Orders","","","","","","0","0","0","0","0","0","0","0","0","0","0","0","0","0","-4.32","-4.32"
"Apr 1, 2017 6:24:40 PM PDT","6326636921","Order","108-2184874-7443413","RF-LX73-TAHE","DIESEL PLUS PLUS by Diesel EDT SPRAY 2.5 OZ Masculine","1","amazon.com","Standard Orders","Seller","SIERRA VISTA","AZ","85635-8100","","13.56","0","0","0","0","0","0","0","0","0","0","-2.03","0","0","0","11.53"
"Apr 1, 2017 6:25:16 PM PDT","6326636921","Shipping Services","108-2184874-7443413","","Shipping Label Purchased through Amazon","","","Standard Orders","","","","","","0","0","0","0","0","0","0","0","0","0","0","0","0","0","-3.62","-3.62"
"Apr 1, 2017 6:25:46 PM PDT","6326636921","Order","111-1844287-5201047","RF-LX73-TAHE","DIESEL PLUS PLUS by Diesel EDT SPRAY 2.5 OZ Masculine","1","amazon.com","Standard Orders","Seller","BROOKLYN","NY","11212-3902","","13.56","0","0","0","0","0","0","0","0","0","0","-2.03","0","0","0","11.53"
"Apr 1, 2017 6:26:25 PM PDT","6326636921","Shipping Services","111-1844287-5201047","","Shipping Label Purchased through Amazon","","","Standard Orders","","","","","","0","0","0","0","0","0","0","0","0","0","0","0","0","0","-3.62","-3.62"
"Apr 1, 2017 6:27:37 PM PDT","6326636921","Order","114-8339666-5632224","B1-9MKJ-ITAB","Swiss Army Mountain Water by Swiss Army, 3.4 Ounce 100ml EDT Spray","1","amazon.com","Standard Orders","Seller","Waco","Tx","76715","","22.87","0","5.04","0","0","0","0","0","0","0","0","-4.19","0","0","0","23.72"
"Apr 1, 2017 6:28:15 PM PDT","6326636921","Shipping Services","114-8339666-5632224","","Shipping Label Purchased through Amazon","","","Standard Orders","","","","","","0","0","0","0","0","0","0","0","0","0","0","0","0","0","-3.90","-3.90"
"Apr 1, 2017 6:36:32 PM PDT","6326636921","Order","114-1041490-8832205","4Z-D5HS-SQ1X","Yellow Diamond by Versace 3 Pcs Set 3.4 Oz + Key Chain + Body Lotion","1","amazon.com","Standard Orders","Seller","UNIVERSITY CITY","MO","63130-2418","","64.19","0","4.49","0","0","0","0","0","0","0","0","-10.30","0","0","0","58.38"
"Apr 1, 2017 6:37:09 PM PDT","6326636921","Shipping Services","114-1041490-8832205","","Shipping Label Purchased through Amazon","","","Standard Orders","","","","","","0","0","0","0","0","0","0","0","0","0","0","0","0","0","-6.98","-6.98"
"Apr 1, 2017 6:41:09 PM PDT","6326636921","Order","111-8447889-7145827","ZJ-QLSI-1Q79","Rihanna Rogue for Women 3 Piece Set","1","amazon.com","Standard Orders","Seller","KENT","WA","98032-6508","","33.41","0","6.56","0","0","0","0","0","0","0","0","-6.00","0","0","0","33.97"
"Apr 1, 2017 6:41:46 PM PDT","6326636921","Shipping Services","111-8447889-7145827","","Shipping Label Purchased through Amazon","","","Standard Orders","","","","","","0","0","0","0","0","0","0","0","0","0","0","0","0","0","-7.34","-7.34"
"Apr 1, 2017 6:46:44 PM PDT","6326636921","Order","114-4659600-2803452","K4-B14N-J0UX","Samba Red By Perfumers Workshop For Women. Eau De Toilette Spray 3.4 Ounces","2","amazon.com","Standard Orders","Seller","HARTFORD","CT","06114-1859","","17.76","0","5.69","0","0","0","0","0","0","0","0","-3.52","0","0","0","19.93"
"Apr 1, 2017 6:47:21 PM PDT","6326636921","Shipping Services","114-4659600-2803452","","Shipping Label Purchased through Amazon","","","Standard Orders","","","","","","0","0","0","0","0","0","0","0","0","0","0","0","0","0","-6.05","-6.05"
"Apr 1, 2017 6:49:18 PM PDT","6326636921","Order","107-7005639-0033018","R9-V3EO-9GBV","Samba by Perfumer's Workshop for Women - 3.3 Ounce EDT Spray","1","amazon.com","Standard Orders","Seller","UNION CITY","NJ","07087-6350","","8.75","0","5.09","0","0","0","0","0","0","0","0","-2.08","0","0","0","11.76"
"Apr 1, 2017 6:49:50 PM PDT","6326636921","Shipping Services","107-7005639-0033018","","Shipping Label Purchased through Amazon","","","Standard Orders","","","","","","0","0","0","0","0","0","0","0","0","0","0","0","0","0","-3.76","-3.76"
"Apr 2, 2017 5:18:22 PM PDT","6326636921","Order","114-7915181-2409018","B0-30LP-CY8E","Jessica Simpson Fancy Love  Gift Set for Women (Eau de Parfum Spray 3.4 Ounce, Lotion 4 Ounce, Lotion 3 Ounce, Bath and Shower Cream, Eau de Parfum Sp","1","amazon.com","Standard Orders","Seller","Hebron","North Dakota","58638","","46.08","0","6.89","0","0","0","0","0","0","0","0","-7.95","0","0","0","45.02"
"Apr 2, 2017 5:18:58 PM PDT","6326636921","Shipping Services","114-7915181-2409018","","Shipping Label Purchased through Amazon","","","Standard Orders","","","","","","0","0","0","0","0","0","0","0","0","0","0","0","0","0","-6.96","-6.96"
"Apr 2, 2017 5:19:25 PM PDT","6326636921","Order","114-7048200-4641819","UR-D9YP-L4RF","Curve Crush Cologne Spray 4.2 Ounce","1","amazon.com","Standard Orders","Seller","READING","PA","19602-2223","","18.02","0","5.28","0","0","0","0","0","0","0","0","-3.50","0","0","0","19.80"
"Apr 2, 2017 5:20:01 PM PDT","6326636921","Shipping Services","114-7048200-4641819","","Shipping Label Purchased through Amazon","","","Standard Orders","","","","","","0","0","0","0","0","0","0","0","0","0","0","0","0","0","-4.32","-4.32"
"Apr 2, 2017 5:20:37 PM PDT","6326636921","Order","114-1080467-0336231","PV-XO75-ZB6S","Bijan Nude By Bijan For Women. Eau De Toilette Spray 2.5-Ounce Bottle","1","amazon.com","Standard Orders","Seller","BEAUMONT","TX","77701-4813","","17.22","0","5.26","0","0","0","0","0","0","0","0","-3.37","0","0","0","19.11"
"Apr 2, 2017 5:21:15 PM PDT","6326636921","Shipping Services","114-1080467-0336231","","Shipping Label Purchased through Amazon","","","Standard Orders","","","","","","0","0","0","0","0","0","0","0","0","0","0","0","0","0","-4.32","-4.32"
"Apr 2, 2017 5:22:20 PM PDT","6326636921","Order","114-0278296-6493875","UD-QCR9-VUCF","Thiery Muglar Angel Refillable Womens Perfume 3.4 oz 100 ml EDP eau de parfum Spray","2","amazon.com","Standard Orders","Seller","East spencer","NC","28039","","153.04","0","6.19","0","0","0","0","0","0","0","0","-23.88","0","0","0","135.35"
"Apr 2, 2017 5:22:55 PM PDT","6326636921","Shipping Services","114-0278296-6493875","","Shipping Label Purchased through Amazon","","","Standard Orders","","","","","","0","0","0","0","0","0","0","0","0","0","0","0","0","0","-7.15","-7.15"
"Apr 2, 2017 5:23:13 PM PDT","6326636921","Order","114-0140954-2078667","YI-Q248-ZGRN","Double Diamond 3.4 Eau De Perfume Spray Women","1","amazon.com","Standard Orders","Seller","bronx","ny","10463","","7.14","0","5.69","0","0","0","0","0","0","0","0","-1.92","0","0","0","10.91"
"Apr 2, 2017 5:23:51 PM PDT","6326636921","Shipping Services","114-0140954-2078667","","Shipping Label Purchased through Amazon","","","Standard Orders","","","","","","0","0","0","0","0","0","0","0","0","0","0","0","0","0","-3.90","-3.90"
"Apr 2, 2017 5:24:27 PM PDT","6326636921","Order","113-7174289-9720216","PT-Y3FU-J091","AZZARO Azzaro Chrome Mens Cologne 6.7 oz 200 ml EDT eau de toilette Spray","1","amazon.com","Standard Orders","Seller","Midfield","Alabama","35228","","34.00","0","5.69","0","0","0","0","0","0","0","0","-5.95","0","0","0","33.74"
"Apr 2, 2017 5:25:04 PM PDT","6326636921","Shipping Services","113-7174289-9720216","","Shipping Label Purchased through Amazon","","","Standard Orders","","","","","","0","0","0","0","0","0","0","0","0","0","0","0","0","0","-6.05","-6.05"
"Apr 2, 2017 5:28:08 PM PDT","6326636921","Order","113-1367427-9349817","27-51HR-133R","Double Diamond 3.4 Eau De Perfume Spray Women by Diamond","1","amazon.com","Standard Orders","Seller","MIAMI","FL","33126-1201","","12.02","0","4.49","0","0","0","0","0","0","0","0","-2.48","0","0","0","14.03"
"Apr 2, 2017 5:28:45 PM PDT","6326636921","Shipping Services","113-1367427-9349817","","Shipping Label Purchased through Amazon","","","Standard Orders","","","","","","0","0","0","0","0","0","0","0","0","0","0","0","0","0","-3.90","-3.90"
"Apr 2, 2017 5:29:38 PM PDT","6326636921","Order","113-5300191-7790621","GE-DDEU-7TI5","Samba By Perfumers Workshop For Men. Eau De Toilette Spray 3.3 Ounces","1","amazon.com","Standard Orders","Seller","BAY POINT","CA","94565-1407","","15.00","0","5.04","0","0","0","0","0","0","0","0","-3.01","0","0","0","17.03"
"Apr 2, 2017 5:30:15 PM PDT","6326636921","Shipping Services","113-5300191-7790621","","Shipping Label Purchased through Amazon","","","Standard Orders","","","","","","0","0","0","0","0","0","0","0","0","0","0","0","0","0","-3.76","-3.76"
"Apr 2, 2017 5:31:44 PM PDT","6326636921","Order","113-4561025-3822649","RM-CVF7-6ODX","Peace by Kenzo for Women 3.4 oz Eau de Toilette Spray Limited Edition","1","amazon.com","Standard Orders","Seller","Hamden","CT","06514-3904","","164.85","0","5.14","0","0","0","0","0","0","0","0","-25.50","0","0","0","144.49"
"Apr 2, 2017 5:32:19 PM PDT","6326636921","Shipping Services","113-4561025-3822649","","Shipping Label Purchased through Amazon","","","Standard Orders","","","","","","0","0","0","0","0","0","0","0","0","0","0","0","0","0","-4.92","-4.92"
"Apr 2, 2017 5:33:00 PM PDT","6326636921","Order","113-2714329-1973032","VK-W9H0-4D38","Estee Lauder the Best of Mini Pleasures Gift Set","1","amazon.com","Standard Orders","Seller","FRIENDSHIP","MD","20758-9760","","58.94","0","4.89","0","0","0","0","0","0","0","0","-9.57","0","0","0","54.26"
"Apr 2, 2017 5:33:38 PM PDT","6326636921","Shipping Services","113-2714329-1973032","","Shipping Label Purchased through Amazon","","","Standard Orders","","","","","","0","0","0","0","0","0","0","0","0","0","0","0","0","0","-3.22","-3.22"
"Apr 2, 2017 5:34:20 PM PDT","6326636921","Order","112-7958077-7338623","RB-PRMC-3CXZ","Spirit By Antonio Banderas For Men. Eau De Toilette Spray 3.4 oz","1","amazon.com","Standard Orders","Seller","cathedral city","ca","92234","","18.48","0","5.04","0","0","0","0","0","0","0","0","-3.53","0","0","0","19.99"
"Apr 2, 2017 5:34:57 PM PDT","6326636921","Shipping Services","112-7958077-7338623","","Shipping Label Purchased through Amazon","","","Standard Orders","","","","","","0","0","0","0","0","0","0","0","0","0","0","0","0","0","-4.18","-4.18"
"Apr 2, 2017 5:35:35 PM PDT","6326636921","Order","112-7483731-8701862","IJ-KEN6-GAXI","InternetFragrance] DÓLCE GÁBBANA Intenso Eau De Parfum Spray for Men, 4.2 Fluid Ounce by (InternetFragrance)","1","amazon.com","Standard Orders","Seller","DESTIN","FL","32541-3465","","53.00","0","4.49","0","0","0","0","0","0","0","0","-8.62","0","0","0","48.87"
"Apr 2, 2017 5:36:12 PM PDT","6326636921","Shipping Services","112-7483731-8701862","","Shipping Label Purchased through Amazon","","","Standard Orders","","","","","","0","0","0","0","0","0","0","0","0","0","0","0","0","0","-4.61","-4.61"
"Apr 2, 2017 5:36:47 PM PDT","6326636921","Order","113-4276250-1992205","PV-XO75-ZB6S","Bijan Nude By Bijan For Women. Eau De Toilette Spray 2.5-Ounce Bottle","1","amazon.com","Standard Orders","Seller","cape coral","florida","33993","","18.12","0","5.26","0","0","0","0","0","0","0","0","-3.51","0","0","0","19.87"
"Apr 2, 2017 5:37:24 PM PDT","6326636921","Shipping Services","113-4276250-1992205","","Shipping Label Purchased through Amazon","","","Standard Orders","","","","","","0","0","0","0","0","0","0","0","0","0","0","0","0","0","-4.32","-4.32"
"Apr 2, 2017 5:38:57 PM PDT","6326636921","Order","112-6462391-7728228","RB-PRMC-3CXZ","Spirit By Antonio Banderas For Men. Eau De Toilette Spray 3.4 oz","1","amazon.com","Standard Orders","Seller","RENO","NV","89506-5721","","18.48","0","5.04","0","0","0","0","0","0","0","0","-3.53","0","0","0","19.99"
"Apr 2, 2017 5:39:34 PM PDT","6326636921","Shipping Services","112-6462391-7728228","","Shipping Label Purchased through Amazon","","","Standard Orders","","","","","","0","0","0","0","0","0","0","0","0","0","0","0","0","0","-3.76","-3.76"
"Apr 2, 2017 5:43:30 PM PDT","6326636921","Order","112-7967224-2687400","94-F1VE-NDUN","Fairy Dust By Paris Hilton Gift Set -- 3.4 Oz Eau De Parfum Spray + 3 Oz Sparkling Body Lotion + 3 Oz Bath & Shower Gel For Women","1","amazon.com","Standard Orders","Seller","SUNRISE","FL","33323-2906","","23.32","0","5.49","0","0","0","0","0","0","0","0","-4.32","0","0","0","24.49"
"Apr 2, 2017 5:44:05 PM PDT","6326636921","Shipping Services","112-7967224-2687400","","Shipping Label Purchased through Amazon","","","Standard Orders","","","","","","0","0","0","0","0","0","0","0","0","0","0","0","0","0","-6.96","-6.96"
"Apr 2, 2017 5:44:28 PM PDT","6326636921","Order","111-4860879-1469051","R9-V3EO-9GBV","Samba by Perfumer's Workshop for Women - 3.3 Ounce EDT Spray","2","amazon.com","Standard Orders","Seller","SEGUIN","TX","78155-5115","","17.20","0","5.69","0","0","0","0","0","0","0","0","-3.44","0","0","0","19.45"
"Apr 2, 2017 5:45:05 PM PDT","6326636921","Shipping Services","111-4860879-1469051","","Shipping Label Purchased through Amazon","","","Standard Orders","","","","","","0","0","0","0","0","0","0","0","0","0","0","0","0","0","-6.05","-6.05"
"Apr 2, 2017 5:46:19 PM PDT","6326636921","Shipping Services","111-8946586-9169854","","Shipping Label Purchased through Amazon","","","Standard Orders","","","","","","0","0","0","0","0","0","0","0","0","0","0","0","0","0","-6.05","-6.05"
"Apr 2, 2017 5:46:53 PM PDT","6326636921","Order","111-1643723-9298647","FZ-7H25-DGAL","Reb'L Fleur By Rihanna Gift Set -- 3.4 Oz Eau De Parfum Spray + 3 Oz Body Lotion + 3 Oz Shower Gel + .34 Oz Mini Edp Spray Women","1","amazon.com","Standard Orders","Seller","PHOENIX","AZ","85048-5025","","30.12","0","5.49","0","0","0","0","0","0","0","0","-5.34","0","0","0","30.27"
"Apr 2, 2017 5:47:27 PM PDT","6326636921","Shipping Services","111-1643723-9298647","","Shipping Label Purchased through Amazon","","","Standard Orders","","","","","","0","0","0","0","0","0","0","0","0","0","0","0","0","0","-7.34","-7.34"
"Apr 2, 2017 5:50:59 PM PDT","6326636921","Order","111-8768015-7151400","UR-D9YP-L4RF","Curve Crush Cologne Spray 4.2 Ounce","1","amazon.com","Standard Orders","Seller","PHENIX CITY","AL","36869-7470","","18.02","0","5.28","0","0","0","0","0","0","0","0","-3.50","0","0","0","19.80"
"Apr 2, 2017 5:51:35 PM PDT","6326636921","Shipping Services","111-8768015-7151400","","Shipping Label Purchased through Amazon","","","Standard Orders","","","","","","0","0","0","0","0","0","0","0","0","0","0","0","0","0","-4.32","-4.32"
"Apr 2, 2017 5:52:57 PM PDT","6326636921","Order","111-7030762-6049033","IO-HZ2V-OAW9","Viktor & Rolf Flowerbomb Eau De Parfum 100ml / 3.4 Oz","1","amazon.com","Standard Orders","Seller","LAREDO","TX","78045-1886","","110.43","0","4.55","0","0","0","0","0","0","0","0","-17.25","0","0","0","97.73"
"Apr 2, 2017 5:53:32 PM PDT","6326636921","Shipping Services","111-7030762-6049033","","Shipping Label Purchased through Amazon","","","Standard Orders","","","","","","0","0","0","0","0","0","0","0","0","0","0","0","0","0","-7.15","-7.15"
"Apr 2, 2017 5:57:58 PM PDT","6326636921","Order","111-8946586-9169854","B0-30LP-CY8E","Jessica Simpson Fancy Love  Gift Set for Women (Eau de Parfum Spray 3.4 Ounce, Lotion 4 Ounce, Lotion 3 Ounce, Bath and Shower Cream, Eau de Parfum Sp","1","amazon.com","Standard Orders","Seller","APO","AE","09009-0017","","46.08","0","6.89","0","0","0","0","0","0","0","0","-7.95","0","0","0","45.02"
"Apr 2, 2017 6:00:33 PM PDT","6326636921","Order","111-4188324-0769032","FZ-7H25-DGAL","Reb'L Fleur By Rihanna Gift Set -- 3.4 Oz Eau De Parfum Spray + 3 Oz Body Lotion + 3 Oz Shower Gel + .34 Oz Mini Edp Spray Women","1","amazon.com","Standard Orders","Seller","HIGHLANDS RANCH","CO","80129-5704","","30.12","0","5.49","0","0","0","0","0","0","0","0","-5.34","0","0","0","30.27"
"Apr 2, 2017 6:01:10 PM PDT","6326636921","Shipping Services","111-4188324-0769032","","Shipping Label Purchased through Amazon","","","Standard Orders","","","","","","0","0","0","0","0","0","0","0","0","0","0","0","0","0","-7.01","-7.01"
"Apr 2, 2017 6:01:47 PM PDT","6326636921","Order","111-8004925-5398615","B0-30LP-CY8E","Jessica Simpson Fancy Love  Gift Set for Women (Eau de Parfum Spray 3.4 Ounce, Lotion 4 Ounce, Lotion 3 Ounce, Bath and Shower Cream, Eau de Parfum Sp","1","amazon.com","Standard Orders","Seller","MIAMI","FL","33195-2698","","46.08","0","6.89","0","0","0","0","0","0","0","0","-7.95","0","0","0","45.02"
"Apr 2, 2017 6:02:24 PM PDT","6326636921","Shipping Services","111-8004925-5398615","","Shipping Label Purchased through Amazon","","","Standard Orders","","","","","","0","0","0","0","0","0","0","0","0","0","0","0","0","0","-6.96","-6.96"
"Apr 2, 2017 6:03:11 PM PDT","6326636921","Order","111-0187299-6395463","2L-YX0W-CS37","Johan B Merveille Eau De Parfum Spray for Women, 3.4 Ounce","1","amazon.com","Standard Orders","Seller","OCEANSIDE","CA","92058-6888","","32.99","0","0","0","0","0","0","0","0","0","0","-4.95","0","0","0","28.04"
"Apr 2, 2017 6:03:47 PM PDT","6326636921","Shipping Services","111-0187299-6395463","","Shipping Label Purchased through Amazon","","","Standard Orders","","","","","","0","0","0","0","0","0","0","0","0","0","0","0","0","0","-4.46","-4.46"
"Apr 3, 2017 12:21:40 PM PDT","6327217761","Order","113-8034790-5010634","DT-GQQP-NJQJ","Thé Oné 3.4oz Eau De Parfum Sprày MéN by Dolcé ànd Gàbbànà","1","amazon.com","Standard Orders","Seller","DORAL","FL","33191-1622","","79.99","0","0","0","0","0","0","0","0","0","0","-12.00","0","0","0","67.99"
"Apr 3, 2017 12:22:10 PM PDT","6327217761","Shipping Services","113-8034790-5010634","","Shipping Label Purchased through Amazon","","","Standard Orders","","","","","","0","0","0","0","0","0","0","0","0","0","0","0","0","0","-6.20","-6.20"
"Apr 3, 2017 12:22:58 PM PDT","6327217761","Order","114-5275683-8271437","DT-GQQP-NJQJ","Thé Oné 3.4oz Eau De Parfum Sprày MéN by Dolcé ànd Gàbbànà","1","amazon.com","Standard Orders","Seller","Ontario","CA","91762","","79.99","0","9.99","0","0","0","0","0","0","0","0","-13.50","0","0","0","76.48"
"Apr 3, 2017 12:23:34 PM PDT","6327217761","Shipping Services","114-5275683-8271437","","Shipping Label Purchased through Amazon","","","Standard Orders","","","","","","0","0","0","0","0","0","0","0","0","0","0","0","0","0","-6.20","-6.20"
"Apr 3, 2017 12:25:10 PM PDT","6327217761","Order","112-6553868-7567406","DT-GQQP-NJQJ","Thé Oné 3.4oz Eau De Parfum Sprày MéN by Dolcé ànd Gàbbànà","1","amazon.com","Standard Orders","Seller","ATLANTA","GA","30346-3413","","79.99","0","0","0","0","0","0","0","0","0","0","-12.00","0","0","0","67.99"
"Apr 3, 2017 12:25:41 PM PDT","6327217761","Shipping Services","112-6553868-7567406","","Shipping Label Purchased through Amazon","","","Standard Orders","","","","","","0","0","0","0","0","0","0","0","0","0","0","0","0","0","-6.20","-6.20"
"Apr 3, 2017 12:26:38 PM PDT","6327217761","Order","111-9795189-9200230","DT-GQQP-NJQJ","Thé Oné 3.4oz Eau De Parfum Sprày MéN by Dolcé ànd Gàbbànà","1","amazon.com","Standard Orders","Seller","Murray","KY","42071-1952","","79.99","0","0","0","0","0","0","0","0","0","0","-12.00","0","0","0","67.99"
"Apr 3, 2017 12:27:15 PM PDT","6327217761","Shipping Services","111-9795189-9200230","","Shipping Label Purchased through Amazon","","","Standard Orders","","","","","","0","0","0","0","0","0","0","0","0","0","0","0","0","0","-6.20","-6.20"
"Apr 3, 2017 12:28:17 PM PDT","6327217761","Order","113-3900349-2145818","DT-GQQP-NJQJ","Thé Oné 3.4oz Eau De Parfum Sprày MéN by Dolcé ànd Gàbbànà","1","amazon.com","Standard Orders","Seller","CROSS LANES","WV","25313-2122","","79.99","0","0","0","0","0","0","0","0","0","0","-12.00","0","0","0","67.99"
"Apr 3, 2017 12:28:53 PM PDT","6327217761","Shipping Services","113-3900349-2145818","","Shipping Label Purchased through Amazon","","","Standard Orders","","","","","","0","0","0","0","0","0","0","0","0","0","0","0","0","0","-6.20","-6.20"
"Apr 3, 2017 12:29:46 PM PDT","6327217761","Order","111-3347774-4367453","DT-GQQP-NJQJ","Thé Oné 3.4oz Eau De Parfum Sprày MéN by Dolcé ànd Gàbbànà","1","amazon.com","Standard Orders","Seller","LAKE WORTH","FL","33467-6973","","79.99","0","0","0","0","0","0","0","0","0","0","-12.00","0","0","0","67.99"
"Apr 3, 2017 12:30:20 PM PDT","6327217761","Shipping Services","111-3347774-4367453","","Shipping Label Purchased through Amazon","","","Standard Orders","","","","","","0","0","0","0","0","0","0","0","0","0","0","0","0","0","-6.20","-6.20"
"Apr 3, 2017 12:32:22 PM PDT","6327217761","Order","111-1674759-0841839","DT-GQQP-NJQJ","Thé Oné 3.4oz Eau De Parfum Sprày MéN by Dolcé ànd Gàbbànà","1","amazon.com","Standard Orders","Seller","LOS ANGELES","CA","90045-1331","","79.99","0","9.99","0","0","0","0","0","0","0","0","-13.50","0","0","0","76.48"
"Apr 3, 2017 12:32:50 PM PDT","6327217761","Shipping Services","111-1674759-0841839","","Shipping Label Purchased through Amazon","","","Standard Orders","","","","","","0","0","0","0","0","0","0","0","0","0","0","0","0","0","-6.20","-6.20"
"Apr 3, 2017 12:34:30 PM PDT","6327217761","Order","111-0020641-2990644","DT-GQQP-NJQJ","Thé Oné 3.4oz Eau De Parfum Sprày MéN by Dolcé ànd Gàbbànà","1","amazon.com","Standard Orders","Seller","DORAL","FL","33172-2415","","79.99","0","0","0","0","0","0","0","0","0","0","-12.00","0","0","0","67.99"
"Apr 3, 2017 12:35:05 PM PDT","6327217761","Shipping Services","111-0020641-2990644","","Shipping Label Purchased through Amazon","","","Standard Orders","","","","","","0","0","0","0","0","0","0","0","0","0","0","0","0","0","-6.20","-6.20"
"Apr 3, 2017 12:58:33 PM PDT","6327217761","Order","113-1126567-2787434","W4-6TKK-M8MV","BRUT by Faberge Cologne Spray (Original-Glass Bottle) 3 oz","1","amazon.com","Standard Orders","Seller","TAMPA","FL","33647-1775","","14.00","0","0","0","0","0","0","0","0","0","0","-2.10","0","0","0","11.90"
"Apr 3, 2017 12:59:09 PM PDT","6327217761","Shipping Services","113-1126567-2787434","","Shipping Label Purchased through Amazon","","","Standard Orders","","","","","","0","0","0","0","0","0","0","0","0","0","0","0","0","0","-3.76","-3.76"
"Apr 3, 2017 1:00:30 PM PDT","6327217761","Order","112-7067515-5442609","AL-WL4W-TJ4O","Magie Noire by Lancome for Women 2.5 oz Eau de Toilette Spray","1","amazon.com","Standard Orders","Seller","CATONSVILLE","MD","21228-2417","","53.80","0","5.09","0","0","0","0","0","0","0","0","-8.83","0","0","0","50.06"
"Apr 3, 2017 1:01:07 PM PDT","6327217761","Shipping Services","112-7067515-5442609","","Shipping Label Purchased through Amazon","","","Standard Orders","","","","","","0","0","0","0","0","0","0","0","0","0","0","0","0","0","-3.91","-3.91"
"Apr 3, 2017 1:01:53 PM PDT","6327217761","Order","112-7045383-8220234","AL-WL4W-TJ4O","Magie Noire by Lancome for Women 2.5 oz Eau de Toilette Spray","1","amazon.com","Standard Orders","Seller","East Brunswick","NEW JERSEY","08816","","53.80","0","5.09","0","0","0","0","0","0","0","0","-8.83","0","0","0","50.06"
"Apr 3, 2017 1:02:30 PM PDT","6327217761","Shipping Services","112-7045383-8220234","","Shipping Label Purchased through Amazon","","","Standard Orders","","","","","","0","0","0","0","0","0","0","0","0","0","0","0","0","0","-3.91","-3.91"
"Apr 3, 2017 1:03:36 PM PDT","6327217761","Order","111-8168218-3267465","VY-3LFG-DQ1A","DKNY Be Delicious By Donna Karan Eau De Parfum Spray 3.4 Oz For Women","1","amazon.com","Standard Orders","Seller","san Juan","Puerto Rico","00921","","35.89","0","5.27","0","0","0","0","0","0","0","0","-6.17","0","0","0","34.99"
"Apr 3, 2017 1:04:13 PM PDT","6327217761","Shipping Services","111-8168218-3267465","","Shipping Label Purchased through Amazon","","","Standard Orders","","","","","","0","0","0","0","0","0","0","0","0","0","0","0","0","0","-4.18","-4.18"
"Apr 3, 2017 1:05:22 PM PDT","6327217761","Order","111-9669669-4409037","GR-FSVC-DTZN","Karen Low X Change Cool by Karen Low for Men Eau de Toilette Spray 3.4 oz","1","amazon.com","Standard Orders","Seller","Grimes","IA","50111","","14.99","0","0","0","0","0","0","0","0","0","0","-2.25","0","0","0","12.74"
"Apr 3, 2017 1:05:59 PM PDT","6327217761","Shipping Services","111-9669669-4409037","","Shipping Label Purchased through Amazon","","","Standard Orders","","","","","","0","0","0","0","0","0","0","0","0","0","0","0","0","0","-3.90","-3.90"
"Apr 3, 2017 1:06:51 PM PDT","6327217761","Order","111-6811043-9825044","N6-T97C-HZ2W","INSURRECTION by Reyane Tradition Men's Eau De Toilette Spray 3.4 oz - 100% Authentic","1","amazon.com","Standard Orders","Seller","BEACHWOOD","OHIO","44122-7342","","21.47","0","0","0","0","0","0","0","0","0","0","-3.22","0","0","0","18.25"
"Apr 3, 2017 1:07:26 PM PDT","6327217761","Shipping Services","111-6811043-9825044","","Shipping Label Purchased through Amazon","","","Standard Orders","","","","","","0","0","0","0","0","0","0","0","0","0","0","0","0","0","-4.46","-4.46"
"Apr 3, 2017 1:14:28 PM PDT","6327217761","Order","113-8126601-6252224","D3-7EKJ-9D90","Luna Rossa For Men 3.4 oz EDT Spray By Prada","1","amazon.com","Standard Orders","Seller","TAMPA","FL","33635-6283","","67.68","0","5.31","0","0","0","0","0","0","0","0","-10.95","0","0","0","62.04"
"Apr 3, 2017 1:15:04 PM PDT","6327217761","Shipping Services","113-8126601-6252224","","Shipping Label Purchased through Amazon","","","Standard Orders","","","","","","0","0","0","0","0","0","0","0","0","0","0","0","0","0","-4.61","-4.61"
"Apr 3, 2017 1:16:46 PM PDT","6327217761","Order","111-8126036-4758605","M3-3VWU-4RL2","Jean Paul Gaultier Le Male By Jean Paul Gaultier For Men. Eau De Toilette Spray 4.2 Oz.","1","amazon.com","Standard Orders","Seller","ANAHEIM","CA","92802-2902","","50.00","0","5.50","0","0","0","0","0","0","0","0","-8.33","0","0","0","47.17"
"Apr 3, 2017 1:17:14 PM PDT","6327217761","Shipping Services","111-8126036-4758605","","Shipping Label Purchased through Amazon","","","Standard Orders","","","","","","0","0","0","0","0","0","0","0","0","0","0","0","0","0","-4.46","-4.46"
"Apr 3, 2017 1:19:58 PM PDT","6327217761","Order","114-9969884-8096225","IJ-KEN6-GAXI","InternetFragrance] DÓLCE GÁBBANA Intenso Eau De Parfum Spray for Men, 4.2 Fluid Ounce by (InternetFragrance)","1","amazon.com","Standard Orders","Seller","CHARLESTON","SC","29412-3055","","53.00","0","4.49","0","0","0","0","0","0","0","0","-8.62","0","0","0","48.87"
"Apr 3, 2017 1:20:35 PM PDT","6327217761","Shipping Services","114-9969884-8096225","","Shipping Label Purchased through Amazon","","","Standard Orders","","","","","","0","0","0","0","0","0","0","0","0","0","0","0","0","0","-4.61","-4.61"
"Apr 3, 2017 1:21:37 PM PDT","6327217761","Order","114-9635345-5878643","JV-B0NK-CR8U","360 Red by Perry Ellis for Men - 3.4 Ounce EDT Spray","1","amazon.com","Standard Orders","Seller","ARLINGTON","VA","22209-2727","","19.00","0","4.98","0","0","0","0","0","0","0","0","-3.60","0","0","0","20.38"
"Apr 3, 2017 1:22:12 PM PDT","6327217761","Shipping Services","114-9635345-5878643","","Shipping Label Purchased through Amazon","","","Standard Orders","","","","","","0","0","0","0","0","0","0","0","0","0","0","0","0","0","-4.18","-4.18"
"Apr 3, 2017 1:26:50 PM PDT","6327217761","Order","112-7777797-7681036","TZ-2RBR-JGGF","Yves Saint Laurent L'Homme Libre Eau De Toilette Spray for Men, 3.3 Ounce","2","amazon.com","Standard Orders","Seller","DENVER","COLORADO","80219-5215","","121.02","0","6.25","0","0","0","0","0","0","0","0","-19.10","0","0","0","108.17"
"Apr 3, 2017 1:27:19 PM PDT","6327217761","Shipping Services","112-7777797-7681036","","Shipping Label Purchased through Amazon","","","Standard Orders","","","","","","0","0","0","0","0","0","0","0","0","0","0","0","0","0","-6.65","-6.65"
"Apr 3, 2017 1:28:01 PM PDT","6327217761","Order","112-6150342-3354628","TZ-2RBR-JGGF","Yves Saint Laurent L'Homme Libre Eau De Toilette Spray for Men, 3.3 Ounce","1","amazon.com","Standard Orders","Seller","ALTADENA","CALIFORNIA","91001-2216","","59.91","0","5.37","0","0","0","0","0","0","0","0","-9.79","0","0","0","55.49"
"Apr 3, 2017 1:28:36 PM PDT","6327217761","Shipping Services","112-6150342-3354628","","Shipping Label Purchased through Amazon","","","Standard Orders","","","","","","0","0","0","0","0","0","0","0","0","0","0","0","0","0","-4.47","-4.47"
"Apr 3, 2017 1:30:30 PM PDT","6327217761","Shipping Services","113-1566482-3516232","","Shipping Label Purchased through Amazon","","","Standard Orders","","","","","","0","0","0","0","0","0","0","0","0","0","0","0","0","0","-4.47","-4.47"
"Apr 3, 2017 1:32:08 PM PDT","6327217761","Order","111-2066525-2109040","DC-RX5F-IG5D","Nautica Voyage N-83 by Nautica - Eau De Toilette Spray 3.4 oz","1","amazon.com","Standard Orders","Seller","HOUSTON","TX","77007-5675","","12.00","0","10.49","0","0","0","0","0","0","0","0","-3.37","0","0","0","19.12"
"Apr 3, 2017 1:32:39 PM PDT","6327217761","Shipping Services","111-2066525-2109040","","Shipping Label Purchased through Amazon","","","Standard Orders","","","","","","0","0","0","0","0","0","0","0","0","0","0","0","0","0","-6.05","-6.05"
"Apr 3, 2017 1:35:33 PM PDT","6327217761","Order","111-9095618-5793846","TZ-2RBR-JGGF","Yves Saint Laurent L'Homme Libre Eau De Toilette Spray for Men, 3.3 Ounce","1","amazon.com","Standard Orders","Seller","MIAMI","FL","33135-2515","","60.51","0","10.31","0","0","0","0","0","0","0","0","-10.62","0","0","0","60.20"
"Apr 3, 2017 1:36:13 PM PDT","6327217761","Shipping Services","111-9095618-5793846","","Shipping Label Purchased through Amazon","","","Standard Orders","","","","","","0","0","0","0","0","0","0","0","0","0","0","0","0","0","-6.20","-6.20"
"Apr 3, 2017 1:37:38 PM PDT","6327217761","Order","111-1102848-4918668","FZ-7H25-DGAL","Reb'L Fleur By Rihanna Gift Set -- 3.4 Oz Eau De Parfum Spray + 3 Oz Body Lotion + 3 Oz Shower Gel + .34 Oz Mini Edp Spray Women","1","amazon.com","Standard Orders","Seller","Baker","Mt","59313","","30.12","0","5.49","0","0","0","0","0","0","0","0","-5.34","0","0","0","30.27"
"Apr 3, 2017 1:37:40 PM PDT","6327217761","Order","113-1566482-3516232","TZ-2RBR-JGGF","Yves Saint Laurent L'Homme Libre Eau De Toilette Spray for Men, 3.3 Ounce","1","amazon.com","Standard Orders","Seller","WEST COVINA","CA","91792-3325","","59.69","0","5.37","0","0","0","0","0","0","0","0","-9.76","0","0","0","55.30"
"Apr 3, 2017 1:38:15 PM PDT","6327217761","Shipping Services","111-1102848-4918668","","Shipping Label Purchased through Amazon","","","Standard Orders","","","","","","0","0","0","0","0","0","0","0","0","0","0","0","0","0","-7.01","-7.01"
"Apr 3, 2017 1:39:27 PM PDT","6327217761","Order","111-0826325-6220265","FZ-7H25-DGAL","Reb'L Fleur By Rihanna Gift Set -- 3.4 Oz Eau De Parfum Spray + 3 Oz Body Lotion + 3 Oz Shower Gel + .34 Oz Mini Edp Spray Women","1","amazon.com","Standard Orders","Seller","Citra","fl","32113","","30.12","0","5.49","0","0","0","0","0","0","0","0","-5.34","0","0","0","30.27"
"Apr 3, 2017 1:40:02 PM PDT","6327217761","Shipping Services","111-0826325-6220265","","Shipping Label Purchased through Amazon","","","Standard Orders","","","","","","0","0","0","0","0","0","0","0","0","0","0","0","0","0","-6.83","-6.83"
"Apr 3, 2017 1:41:26 PM PDT","6327217761","Order","114-1340737-9335462","FZ-7H25-DGAL","Reb'L Fleur By Rihanna Gift Set -- 3.4 Oz Eau De Parfum Spray + 3 Oz Body Lotion + 3 Oz Shower Gel + .34 Oz Mini Edp Spray Women","1","amazon.com","Standard Orders","Seller","SORRENTO","FL","32776-8794","","30.12","0","5.49","0","0","0","0","0","0","0","0","-5.34","0","0","0","30.27"
"Apr 3, 2017 1:42:02 PM PDT","6327217761","Shipping Services","114-1340737-9335462","","Shipping Label Purchased through Amazon","","","Standard Orders","","","","","","0","0","0","0","0","0","0","0","0","0","0","0","0","0","-6.83","-6.83"
"Apr 3, 2017 1:45:51 PM PDT","6327217761","Order","113-2738344-9119456","PO-CX8T-9V0U","Nautica Voyage By Nautica For Men. Eau De Toilette Spray 3.4 oz","1","amazon.com","Standard Orders","Seller","SAN ANTONIO","TEXAS","78254-5716","","21.00","0","0","0","0","0","0","0","0","0","0","-3.15","0","0","0","17.85"
"Apr 3, 2017 1:46:24 PM PDT","6327217761","Shipping Services","113-2738344-9119456","","Shipping Label Purchased through Amazon","","","Standard Orders","","","","","","0","0","0","0","0","0","0","0","0","0","0","0","0","0","-4.32","-4.32"
"Apr 3, 2017 1:48:05 PM PDT","6327217761","Order","112-3219033-2780260","8S-HG3S-Y07E","Nautica Blue Perfume Cologne 3.4 oz 100 ml EDT Spray For Men New in Sealed Box","1","amazon.com","Standard Orders","Seller","Lumberton","NC","28358-5650","","10.00","0","4.49","0","0","0","0","0","0","0","0","-2.17","0","0","0","12.32"
"Apr 3, 2017 1:48:39 PM PDT","6327217761","Shipping Services","112-3219033-2780260","","Shipping Label Purchased through Amazon","","","Standard Orders","","","","","","0","0","0","0","0","0","0","0","0","0","0","0","0","0","-4.18","-4.18"
"Apr 3, 2017 1:49:53 PM PDT","6327217761","Order","112-6874020-0699460","PO-CX8T-9V0U","Nautica Voyage By Nautica For Men. Eau De Toilette Spray 3.4 oz","1","amazon.com","Standard Orders","Seller","Orangeburg","SC","29118-2030","","21.00","0","0","0","0","0","0","0","0","0","0","-3.15","0","0","0","17.85"
"Apr 3, 2017 1:50:25 PM PDT","6327217761","Shipping Services","112-6874020-0699460","","Shipping Label Purchased through Amazon","","","Standard Orders","","","","","","0","0","0","0","0","0","0","0","0","0","0","0","0","0","-4.32","-4.32"
"Apr 3, 2017 1:54:53 PM PDT","6327217761","Order","114-9782550-6177031","Y8-47ZI-IQRV","Liz Claiborne Women's Mambo 3-Piece Gift Set","2","amazon.com","Standard Orders","Seller","ADA","MI","49301-9572","","63.48","0","7.79","0","0","0","0","0","0","0","0","-10.70","0","0","0","60.57"
"Apr 3, 2017 1:55:29 PM PDT","6327217761","Shipping Services","114-9782550-6177031","","Shipping Label Purchased through Amazon","","","Standard Orders","","","","","","0","0","0","0","0","0","0","0","0","0","0","0","0","0","-7.08","-7.08"
"Apr 3, 2017 1:57:06 PM PDT","6327217761","Order","111-3273774-0820255","Z7-YFWK-ATDZ","Radiance by Britney Spears, Eau De Parfum Spray, 3.3-Ounce","1","amazon.com","Standard Orders","Seller","WILDOMAR","CA","92595-7881","","28.22","0","0","0","0","0","0","0","0","0","0","-4.23","0","0","0","23.99"
"Apr 3, 2017 1:57:43 PM PDT","6327217761","Shipping Services","111-3273774-0820255","","Shipping Label Purchased through Amazon","","","Standard Orders","","","","","","0","0","0","0","0","0","0","0","0","0","0","0","0","0","-4.46","-4.46"
"Apr 3, 2017 1:58:07 PM PDT","6327217761","Order","114-4049120-0662660","63-KCGG-MOBG","Elegant Gold FOR MEN by Johan B. Paris - 3.4 oz EDT Spray by Johan","1","amazon.com","Standard Orders","Seller","KAMAS","UT","84036-9585","","16.59","0","4.49","0","0","0","0","0","0","0","0","-3.16","0","0","0","17.92"
"Apr 3, 2017 1:58:45 PM PDT","6327217761","Shipping Services","114-4049120-0662660","","Shipping Label Purchased through Amazon","","","Standard Orders","","","","","","0","0","0","0","0","0","0","0","0","0","0","0","0","0","-4.46","-4.46"
"Apr 3, 2017 2:00:49 PM PDT","6327217761","Order","114-9600616-6749835","01-NWH2-5YFA","Cabotine Rose By Parfums Gres For Women. Eau De Toilette Spray 3.4 Ounces","6","amazon.com","Standard Orders","Seller","FREEPORT","NY","11520-2521","","66.00","0","8.21","0","0","0","0","0","0","0","0","-11.16","0","0","0","63.05"
"Apr 3, 2017 2:01:26 PM PDT","6327217761","Shipping Services","114-9600616-6749835","","Shipping Label Purchased through Amazon","","","Standard Orders","","","","","","0","0","0","0","0","0","0","0","0","0","0","0","0","0","-7.07","-7.07"
"Apr 3, 2017 2:01:54 PM PDT","6327217761","Order","114-9461861-9410604","Y8-47ZI-IQRV","Liz Claiborne Women's Mambo 3-Piece Gift Set","1","amazon.com","Standard Orders","Seller","Cincinnati","Ohio","45207","","31.74","0","6.14","0","0","0","0","0","0","0","0","-5.68","0","0","0","32.20"
"Apr 3, 2017 2:02:30 PM PDT","6327217761","Shipping Services","114-9461861-9410604","","Shipping Label Purchased through Amazon","","","Standard Orders","","","","","","0","0","0","0","0","0","0","0","0","0","0","0","0","0","-6.67","-6.67"
"Apr 3, 2017 2:04:00 PM PDT","6327217761","Order","114-5649207-3732268","ZS-WJHO-282M","Elizabeth Taylor's White Diamonds 4 Pc Gift Set for Women Includes 1.7 Oz Cologne (EDT) Spray, .12 Oz Perfume (EDP), 1.7 Oz Body Lotion, and 1.7 Oz Bo","1","amazon.com","Standard Orders","Seller","ST PETER","IL","62880-1208","","26.00","0","0","0","0","0","0","0","0","0","0","-3.90","0","0","0","22.10"
"Apr 3, 2017 2:04:34 PM PDT","6327217761","Shipping Services","114-5649207-3732268","","Shipping Label Purchased through Amazon","","","Standard Orders","","","","","","0","0","0","0","0","0","0","0","0","0","0","0","0","0","-6.83","-6.83"
"Apr 3, 2017 2:05:15 PM PDT","6327217761","Order","114-5133576-3567428","RF-LX73-TAHE","DIESEL PLUS PLUS by Diesel EDT SPRAY 2.5 OZ Masculine","1","amazon.com","Standard Orders","Seller","HYATTSVILLE","MD","20782-2728","","13.56","0","0","0","0","0","0","0","0","0","0","-2.03","0","0","0","11.53"
"Apr 3, 2017 2:05:52 PM PDT","6327217761","Shipping Services","114-5133576-3567428","","Shipping Label Purchased through Amazon","","","Standard Orders","","","","","","0","0","0","0","0","0","0","0","0","0","0","0","0","0","-3.62","-3.62"
"Apr 3, 2017 2:07:03 PM PDT","6327217761","Order","113-4856302-8613066","5O-L8CN-X1ZE","Perry Ellis 18 Intense by Perry Ellis for Men - 3.4 Ounce EDT Spray","1","amazon.com","Standard Orders","Seller","LINCOLNWOOD","IL","60712-4716","","27.14","0","5.29","0","0","0","0","0","0","0","0","-4.86","0","0","0","27.57"
"Apr 3, 2017 2:07:40 PM PDT","6327217761","Shipping Services","113-4856302-8613066","","Shipping Label Purchased through Amazon","","","Standard Orders","","","","","","0","0","0","0","0","0","0","0","0","0","0","0","0","0","-4.46","-4.46"
"Apr 3, 2017 2:08:23 PM PDT","6327217761","Order","113-4188192-5141046","5R-2LX9-BGJ3","Jessica Mcclintock 2 Piece Gift Set for Women","1","amazon.com","Standard Orders","Seller","MOUNT PROSPECT","IL","60056-1339","","59.58","0","6.19","0","0","0","0","0","0","0","0","-9.87","0","0","0","55.90"
"Apr 3, 2017 2:09:01 PM PDT","6327217761","Shipping Services","113-4188192-5141046","","Shipping Label Purchased through Amazon","","","Standard Orders","","","","","","0","0","0","0","0","0","0","0","0","0","0","0","0","0","-6.98","-6.98"
"Apr 3, 2017 2:10:45 PM PDT","6327217761","Order","114-4249235-8305805","5R-2LX9-BGJ3","Jessica Mcclintock 2 Piece Gift Set for Women","1","amazon.com","Standard Orders","Seller","CHATTANOOGA","TN","37406-3402","","58.69","0","6.19","0","0","0","0","0","0","0","0","-9.73","0","0","0","55.15"
"Apr 3, 2017 2:11:21 PM PDT","6327217761","Shipping Services","114-4249235-8305805","","Shipping Label Purchased through Amazon","","","Standard Orders","","","","","","0","0","0","0","0","0","0","0","0","0","0","0","0","0","-6.98","-6.98"
"Apr 3, 2017 2:11:53 PM PDT","6327217761","Order","114-0716321-9288268","21-NWUH-FKC6","Liz Claiborne Curve Men Gift Set (Spray, Skin Soother, Hair and Body Wash)","1","amazon.com","Standard Orders","Seller","PALMDALE","CA","93550-4964","","34.34","0","6.64","0","0","0","0","0","0","0","0","-6.15","0","0","0","34.83"
"Apr 3, 2017 2:12:30 PM PDT","6327217761","Shipping Services","114-0716321-9288268","","Shipping Label Purchased through Amazon","","","Standard Orders","","","","","","0","0","0","0","0","0","0","0","0","0","0","0","0","0","-7.34","-7.34"
"Apr 3, 2017 2:13:28 PM PDT","6327217761","Order","113-6180229-3774605","GD-NZTJ-34FK","Karl Lagerfeld Eau De Toilette Spray, 3.4 Ounce","1","amazon.com","Standard Orders","Seller","MIRAMAR","FLORIDA","33027-2521","","26.05","0","5.54","0","0","0","0","0","0","0","0","-4.74","0","0","0","26.85"
"Apr 3, 2017 2:14:06 PM PDT","6327217761","Shipping Services","113-6180229-3774605","","Shipping Label Purchased through Amazon","","","Standard Orders","","","","","","0","0","0","0","0","0","0","0","0","0","0","0","0","0","-4.46","-4.46"
"Apr 3, 2017 2:14:33 PM PDT","6327217761","Order","111-8725191-7659418","GD-NZTJ-34FK","Karl Lagerfeld Eau De Toilette Spray, 3.4 Ounce","1","amazon.com","Standard Orders","Seller","NEW POINT","VIRGINIA","23125-2017","","23.94","0","5.54","0","0","0","0","0","0","0","0","-4.42","0","0","0","25.06"
"Apr 3, 2017 2:15:09 PM PDT","6327217761","Shipping Services","111-8725191-7659418","","Shipping Label Purchased through Amazon","","","Standard Orders","","","","","","0","0","0","0","0","0","0","0","0","0","0","0","0","0","-4.46","-4.46"
"Apr 3, 2017 2:16:57 PM PDT","6327217761","Order","114-4734910-8743409","LY-UWAU-LFK6","Antonio Banderas Blue Seduction for Men Eau De Toilette Spray, 6.75 Ounce","1","amazon.com","Standard Orders","Seller","GULF SHORES","AL","36542-4418","","29.00","0","5.59","0","0","0","0","0","0","0","0","-5.19","0","0","0","29.40"
"Apr 3, 2017 2:17:34 PM PDT","6327217761","Shipping Services","114-4734910-8743409","","Shipping Label Purchased through Amazon","","","Standard Orders","","","","","","0","0","0","0","0","0","0","0","0","0","0","0","0","0","-4.46","-4.46"
"Apr 3, 2017 2:21:00 PM PDT","6327217761","Order","114-6193991-0396266","VH-EQQ1-0YO5","NAUTICA CLASSIC by Nautica 3.4 Ounce / 100 ml Eau de Toilette Men Cologne Spray","1","amazon.com","Standard Orders","Seller","CULVER CITY","CA","90230-5619","","10.12","0","4.54","0","0","0","0","0","0","0","0","-2.20","0","0","0","12.46"
"Apr 3, 2017 2:21:37 PM PDT","6327217761","Shipping Services","114-6193991-0396266","","Shipping Label Purchased through Amazon","","","Standard Orders","","","","","","0","0","0","0","0","0","0","0","0","0","0","0","0","0","-4.04","-4.04"
"Apr 3, 2017 2:22:49 PM PDT","6327217761","Order","113-8058825-7576206","LY-UWAU-LFK6","Antonio Banderas Blue Seduction for Men Eau De Toilette Spray, 6.75 Ounce","1","amazon.com","Standard Orders","Seller","PROVIDENCE","RI","02908-4703","","29.00","0","5.59","0","0","0","0","0","0","0","0","-5.19","0","0","0","29.40"
"Apr 3, 2017 2:23:26 PM PDT","6327217761","Shipping Services","113-8058825-7576206","","Shipping Label Purchased through Amazon","","","Standard Orders","","","","","","0","0","0","0","0","0","0","0","0","0","0","0","0","0","-4.46","-4.46"
"Apr 3, 2017 2:25:12 PM PDT","6327217761","Order","113-4200970-2883465","LY-UWAU-LFK6","Antonio Banderas Blue Seduction for Men Eau De Toilette Spray, 6.75 Ounce","1","amazon.com","Standard Orders","Seller","GIBSONBURG","OH","43431-9723","","29.00","0","5.59","0","0","0","0","0","0","0","0","-5.19","0","0","0","29.40"
"Apr 3, 2017 2:25:44 PM PDT","6327217761","Shipping Services","113-4200970-2883465","","Shipping Label Purchased through Amazon","","","Standard Orders","","","","","","0","0","0","0","0","0","0","0","0","0","0","0","0","0","-4.46","-4.46"
"Apr 3, 2017 2:32:52 PM PDT","6327217761","Order","113-1225214-8138667","C8-0GJV-QWP1","GREY FLANNEL ~ GEOFFREY BEENE 4.0 OZ COLOGNE NEW IN BOX by Geoffrey Beene","10","amazon.com","Standard Orders","Seller","MAHWAH","NJ","07430-1627","","146.70","0","9.99","0","0","0","0","0","0","0","0","-23.50","0","0","0","133.19"
"Apr 3, 2017 2:33:22 PM PDT","6327217761","Shipping Services","113-1225214-8138667","","Shipping Label Purchased through Amazon","","","Standard Orders","","","","","","0","0","0","0","0","0","0","0","0","0","0","0","0","0","-8.19","-8.19"
"Apr 3, 2017 2:34:41 PM PDT","6327217761","Order","112-0431526-8645869","JK-130P-A3PQ","Tiamo by Parfum Blaze Eau De Toilette Spray 3.4 oz","1","amazon.com","Standard Orders","Seller","DENVER","CO","80211-4829","","15.26","0","0","0","0","0","0","0","0","0","0","-2.29","0","0","0","12.97"
"Apr 3, 2017 2:35:14 PM PDT","6327217761","Shipping Services","112-0431526-8645869","","Shipping Label Purchased through Amazon","","","Standard Orders","","","","","","0","0","0","0","0","0","0","0","0","0","0","0","0","0","-4.46","-4.46"
"Apr 3, 2017 2:36:05 PM PDT","6327217761","Order","113-4937287-4046657","RF-LX73-TAHE","DIESEL PLUS PLUS by Diesel EDT SPRAY 2.5 OZ Masculine","1","amazon.com","Standard Orders","Seller","MIAMI","FLORIDA","33195-2698","","13.56","0","6.00","0","0","0","0","0","0","0","0","-2.93","0","0","0","16.63"
"Apr 3, 2017 2:36:39 PM PDT","6327217761","Shipping Services","113-4937287-4046657","","Shipping Label Purchased through Amazon","","","Standard Orders","","","","","","0","0","0","0","0","0","0","0","0","0","0","0","0","0","-3.62","-3.62"
"Apr 3, 2017 2:37:26 PM PDT","6327217761","Order","112-5813622-3206659","RF-LX73-TAHE","DIESEL PLUS PLUS by Diesel EDT SPRAY 2.5 OZ Masculine","1","amazon.com","Standard Orders","Seller","BRONX","NEW YORK","10469-1671","","13.56","0","0","0","0","0","0","0","0","0","0","-2.03","0","0","0","11.53"
"Apr 3, 2017 2:38:03 PM PDT","6327217761","Shipping Services","112-5813622-3206659","","Shipping Label Purchased through Amazon","","","Standard Orders","","","","","","0","0","0","0","0","0","0","0","0","0","0","0","0","0","-3.62","-3.62"
"Apr 3, 2017 2:40:47 PM PDT","6327217761","Order","112-4529055-9953056","74-DRG6-NKAA","Estee Lauder Purse Beautiful Eau de Parfum Spray for Women, 6 Count","1","amazon.com","Standard Orders","Seller","ROCKVILLE","MD","20850","","65.96","0","0","0","0","0","0","0","0","0","0","-9.89","0","0","0","56.07"
"Apr 3, 2017 2:41:23 PM PDT","6327217761","Shipping Services","112-4529055-9953056","","Shipping Label Purchased through Amazon","","","Standard Orders","","","","","","0","0","0","0","0","0","0","0","0","0","0","0","0","0","-4.47","-4.47"
"Apr 3, 2017 2:41:44 PM PDT","6327217761","Order","112-3494896-1317819","RF-LX73-TAHE","DIESEL PLUS PLUS by Diesel EDT SPRAY 2.5 OZ Masculine","1","amazon.com","Standard Orders","Seller","Rego park","NY","11374","","13.56","0","0","0","0","0","0","0","0","0","0","-2.03","0","0","0","11.53"
"Apr 3, 2017 2:42:21 PM PDT","6327217761","Shipping Services","112-3494896-1317819","","Shipping Label Purchased through Amazon","","","Standard Orders","","","","","","0","0","0","0","0","0","0","0","0","0","0","0","0","0","-3.62","-3.62"
"Apr 3, 2017 2:43:05 PM PDT","6327217761","Order","112-2935959-8787422","RF-LX73-TAHE","DIESEL PLUS PLUS by Diesel EDT SPRAY 2.5 OZ Masculine","1","amazon.com","Standard Orders","Seller","CHELSEA","MA","02150-2232","","13.56","0","10.74","0","0","0","0","0","0","0","0","-3.65","0","0","0","20.65"
"Apr 3, 2017 2:43:37 PM PDT","6327217761","Shipping Services","112-2935959-8787422","","Shipping Label Purchased through Amazon","","","Standard Orders","","","","","","0","0","0","0","0","0","0","0","0","0","0","0","0","0","-6.05","-6.05"
"Apr 3, 2017 2:44:57 PM PDT","6327217761","Order","114-7185966-5759422","CR-OBSA-9V00","Usher By Usher For Men, Eau De Toilette Spray, 3.4-Ounce","1","amazon.com","Standard Orders","Seller","VIRGINIA BEACH","VA","23456-6155","","22.00","0","5.33","0","0","0","0","0","0","0","0","-4.10","0","0","0","23.23"
"Apr 3, 2017 2:45:34 PM PDT","6327217761","Shipping Services","114-7185966-5759422","","Shipping Label Purchased through Amazon","","","Standard Orders","","","","","","0","0","0","0","0","0","0","0","0","0","0","0","0","0","-4.32","-4.32"
"Apr 3, 2017 2:46:40 PM PDT","6327217761","Order","114-5744327-7205864","C8-0GJV-QWP1","GREY FLANNEL ~ GEOFFREY BEENE 4.0 OZ COLOGNE NEW IN BOX by Geoffrey Beene","1","amazon.com","Standard Orders","Seller","Weimar","TX","78962-5179","","14.67","0","5.04","0","0","0","0","0","0","0","0","-2.96","0","0","0","16.75"
"Apr 3, 2017 2:47:16 PM PDT","6327217761","Shipping Services","114-5744327-7205864","","Shipping Label Purchased through Amazon","","","Standard Orders","","","","","","0","0","0","0","0","0","0","0","0","0","0","0","0","0","-3.76","-3.76"
"Apr 3, 2017 2:48:11 PM PDT","6327217761","Order","112-5608377-9729015","C8-0GJV-QWP1","GREY FLANNEL ~ GEOFFREY BEENE 4.0 OZ COLOGNE NEW IN BOX by Geoffrey Beene","1","amazon.com","Standard Orders","Seller","EL PASO","TEXAS","79932-2609","","14.67","0","5.04","0","0","0","0","0","0","0","0","-2.96","0","0","0","16.75"
"Apr 3, 2017 2:48:48 PM PDT","6327217761","Shipping Services","112-5608377-9729015","","Shipping Label Purchased through Amazon","","","Standard Orders","","","","","","0","0","0","0","0","0","0","0","0","0","0","0","0","0","-3.76","-3.76"
"Apr 3, 2017 2:52:32 PM PDT","6327217761","Order","112-1774820-8438645","RF-LX73-TAHE","DIESEL PLUS PLUS by Diesel EDT SPRAY 2.5 OZ Masculine","3","amazon.com","Standard Orders","Seller","ELMONT","NY","11003-3328","","40.68","0","0","0","0","0","0","0","0","0","0","-6.09","0","0","0","34.59"
"Apr 3, 2017 2:52:58 PM PDT","6327217761","Shipping Services","112-1774820-8438645","","Shipping Label Purchased through Amazon","","","Standard Orders","","","","","","0","0","0","0","0","0","0","0","0","0","0","0","0","0","-6.05","-6.05"
"Apr 3, 2017 2:53:31 PM PDT","6327217761","Order","112-0774808-9655442","RF-LX73-TAHE","DIESEL PLUS PLUS by Diesel EDT SPRAY 2.5 OZ Masculine","1","amazon.com","Standard Orders","Seller","LYNBROOK","NY","11563-3810","","13.56","0","0","0","0","0","0","0","0","0","0","-2.03","0","0","0","11.53"
"Apr 3, 2017 2:54:04 PM PDT","6327217761","Shipping Services","112-0774808-9655442","","Shipping Label Purchased through Amazon","","","Standard Orders","","","","","","0","0","0","0","0","0","0","0","0","0","0","0","0","0","-3.62","-3.62"
"Apr 3, 2017 2:56:00 PM PDT","6327217761","Order","114-2143966-2532256","LY-UWAU-LFK6","Antonio Banderas Blue Seduction for Men Eau De Toilette Spray, 6.75 Ounce","1","amazon.com","Standard Orders","Seller","LOS ANGELES","CA","90059-1335","","29.00","0","5.59","0","0","0","0","0","0","0","0","-5.19","0","0","0","29.40"
"Apr 3, 2017 2:56:37 PM PDT","6327217761","Shipping Services","114-2143966-2532256","","Shipping Label Purchased through Amazon","","","Standard Orders","","","","","","0","0","0","0","0","0","0","0","0","0","0","0","0","0","-4.46","-4.46"
"Apr 3, 2017 2:58:04 PM PDT","6327217761","Order","112-0009348-6121822","RF-LX73-TAHE","DIESEL PLUS PLUS by Diesel EDT SPRAY 2.5 OZ Masculine","1","amazon.com","Standard Orders","Seller","CAMBRIDGE","MA","02139-3422","","13.56","0","0","0","0","0","0","0","0","0","0","-2.03","0","0","0","11.53"
"Apr 3, 2017 2:58:48 PM PDT","6327217761","Shipping Services","112-0009348-6121822","","Shipping Label Purchased through Amazon","","","Standard Orders","","","","","","0","0","0","0","0","0","0","0","0","0","0","0","0","0","-3.62","-3.62"
"Apr 3, 2017 2:59:07 PM PDT","6327217761","Order","111-8959080-2509849","RF-LX73-TAHE","DIESEL PLUS PLUS by Diesel EDT SPRAY 2.5 OZ Masculine","1","amazon.com","Standard Orders","Seller","ELIZABETH","NJ","07201-2497","","13.56","0","0","0","0","0","0","0","0","0","0","-2.03","0","0","0","11.53"
"Apr 3, 2017 2:59:42 PM PDT","6327217761","Shipping Services","111-8959080-2509849","","Shipping Label Purchased through Amazon","","","Standard Orders","","","","","","0","0","0","0","0","0","0","0","0","0","0","0","0","0","-3.62","-3.62"
"Apr 3, 2017 3:02:51 PM PDT","6327217761","Order","113-8897311-5845020","RF-LX73-TAHE","DIESEL PLUS PLUS by Diesel EDT SPRAY 2.5 OZ Masculine","2","amazon.com","Standard Orders","Seller","WEST LIBERTY","IA","52776-1441","","27.12","0","0","0","0","0","0","0","0","0","0","-4.06","0","0","0","23.06"
"Apr 3, 2017 3:03:27 PM PDT","6327217761","Shipping Services","113-8897311-5845020","","Shipping Label Purchased through Amazon","","","Standard Orders","","","","","","0","0","0","0","0","0","0","0","0","0","0","0","0","0","-6.05","-6.05"
"Apr 3, 2017 3:04:59 PM PDT","6327217761","Order","111-7639287-3157849","RF-LX73-TAHE","DIESEL PLUS PLUS by Diesel EDT SPRAY 2.5 OZ Masculine","1","amazon.com","Standard Orders","Seller","DORAL","FL","33198-1506","","13.56","0","0","0","0","0","0","0","0","0","0","-2.03","0","0","0","11.53"
"Apr 3, 2017 3:05:23 PM PDT","6327217761","Shipping Services","111-7639287-3157849","","Shipping Label Purchased through Amazon","","","Standard Orders","","","","","","0","0","0","0","0","0","0","0","0","0","0","0","0","0","-3.62","-3.62"
"Apr 3, 2017 3:06:08 PM PDT","6327217761","Order","111-5562636-9992255","RF-LX73-TAHE","DIESEL PLUS PLUS by Diesel EDT SPRAY 2.5 OZ Masculine","1","amazon.com","Standard Orders","Seller","WHITE PLAINS","NY","10606-1350","","13.56","0","0","0","0","0","0","0","0","0","0","-2.03","0","0","0","11.53"
"Apr 3, 2017 3:06:50 PM PDT","6327217761","Shipping Services","111-5562636-9992255","","Shipping Label Purchased through Amazon","","","Standard Orders","","","","","","0","0","0","0","0","0","0","0","0","0","0","0","0","0","-3.62","-3.62"
"Apr 3, 2017 3:08:33 PM PDT","6327217761","Order","114-9844770-6848244","VQ-3EX0-LMJP","Parfums Rivera Night Dreams Eau de Parfum Spray, 3.4 Ounce","1","amazon.com","Standard Orders","Seller","DORAL","FL","33178-2418","","14.98","0","0","0","0","0","0","0","0","0","0","-2.25","0","0","0","12.73"
"Apr 3, 2017 3:09:10 PM PDT","6327217761","Shipping Services","114-9844770-6848244","","Shipping Label Purchased through Amazon","","","Standard Orders","","","","","","0","0","0","0","0","0","0","0","0","0","0","0","0","0","-6.05","-6.05"
"Apr 3, 2017 3:11:01 PM PDT","6327217761","Order","112-7931919-4173803","JK-130P-A3PQ","Tiamo by Parfum Blaze Eau De Toilette Spray 3.4 oz","2","amazon.com","Standard Orders","Seller","UNION CITY","NJ","07087-6544","","30.56","0","0","0","0","0","0","0","0","0","0","-4.58","0","0","0","25.98"
"Apr 3, 2017 3:11:23 PM PDT","6327217761","Shipping Services","112-7931919-4173803","","Shipping Label Purchased through Amazon","","","Standard Orders","","","","","","0","0","0","0","0","0","0","0","0","0","0","0","0","0","-6.05","-6.05"
"Apr 3, 2017 3:13:50 PM PDT","6327217761","Shipping Services","103-0326602-5119407","","Shipping Label Purchased through Amazon","","","Standard Orders","","","","","","0","0","0","0","0","0","0","0","0","0","0","0","0","0","-8.86","-8.86"
"Apr 3, 2017 3:15:13 PM PDT","6327217761","Order","114-7574834-2713063","C8-0GJV-QWP1","GREY FLANNEL ~ GEOFFREY BEENE 4.0 OZ COLOGNE NEW IN BOX by Geoffrey Beene","1","amazon.com","Standard Orders","Seller","PERRIS","CA","92571-2580","","14.67","0","5.04","0","0","0","0","0","0","0","0","-2.96","0","0","0","16.75"
"Apr 3, 2017 3:15:47 PM PDT","6327217761","Shipping Services","114-7574834-2713063","","Shipping Label Purchased through Amazon","","","Standard Orders","","","","","","0","0","0","0","0","0","0","0","0","0","0","0","0","0","-3.76","-3.76"
"Apr 3, 2017 3:19:48 PM PDT","6327217761","Order","113-8215097-1422638","B1-9MKJ-ITAB","Swiss Army Mountain Water by Swiss Army, 3.4 Ounce 100ml EDT Spray","1","amazon.com","Standard Orders","Seller","CHANDLER","AZ","85286-6520","","22.87","0","5.04","0","0","0","0","0","0","0","0","-4.19","0","0","0","23.72"
"Apr 3, 2017 3:20:23 PM PDT","6327217761","Shipping Services","113-8215097-1422638","","Shipping Label Purchased through Amazon","","","Standard Orders","","","","","","0","0","0","0","0","0","0","0","0","0","0","0","0","0","-3.90","-3.90"
"Apr 3, 2017 3:22:56 PM PDT","6327217761","Order","114-6729538-0569061","UP-ZS0D-LS8X","Bvlgari Omnia Améthyste for Women 2.2 Oz Eau De Toilette Spray","1","amazon.com","Standard Orders","Seller","DORAL","FL","33198-1534","","32.45","0","5.02","0","0","0","0","0","0","0","0","-5.62","0","0","0","31.85"
"Apr 3, 2017 3:23:29 PM PDT","6327217761","Shipping Services","114-6729538-0569061","","Shipping Label Purchased through Amazon","","","Standard Orders","","","","","","0","0","0","0","0","0","0","0","0","0","0","0","0","0","-4.18","-4.18"
"Apr 3, 2017 3:24:46 PM PDT","6327217761","Order","103-0326602-5119407","01-NWH2-5YFA","Cabotine Rose By Parfums Gres For Women. Eau De Toilette Spray 3.4 Ounces","12","amazon.com","Standard Orders","Seller","FREEPORT","NY","11520-2521","","132.00","0","11.93","0","0","0","0","0","0","0","0","-21.60","0","0","0","122.33"
"Apr 3, 2017 3:28:29 PM PDT","6327217761","Order","112-2135420-3677018","C8-0GJV-QWP1","GREY FLANNEL ~ GEOFFREY BEENE 4.0 OZ COLOGNE NEW IN BOX by Geoffrey Beene","1","amazon.com","Standard Orders","Seller","SAN TAN VALLEY","AZ","85143-4616","","14.67","0","5.04","0","0","0","0","0","0","0","0","-2.96","0","0","0","16.75"
"Apr 3, 2017 3:28:56 PM PDT","6327217761","Shipping Services","112-2135420-3677018","","Shipping Label Purchased through Amazon","","","Standard Orders","","","","","","0","0","0","0","0","0","0","0","0","0","0","0","0","0","-3.76","-3.76"
"Apr 3, 2017 3:32:54 PM PDT","6327217761","Order","113-1791402-3457037","RF-LX73-TAHE","DIESEL PLUS PLUS by Diesel EDT SPRAY 2.5 OZ Masculine","1","amazon.com","Standard Orders","Seller","MIAMI","FL","33198-1534","","13.56","0","0","0","0","0","0","0","0","0","0","-2.03","0","0","0","11.53"
"Apr 3, 2017 3:33:27 PM PDT","6327217761","Shipping Services","113-1791402-3457037","","Shipping Label Purchased through Amazon","","","Standard Orders","","","","","","0","0","0","0","0","0","0","0","0","0","0","0","0","0","-3.62","-3.62"
"Apr 3, 2017 3:34:36 PM PDT","6327217761","Order","113-6564999-3433838","C8-0GJV-QWP1","GREY FLANNEL ~ GEOFFREY BEENE 4.0 OZ COLOGNE NEW IN BOX by Geoffrey Beene","1","amazon.com","Standard Orders","Seller","Reading","PA","19606","","14.67","0","5.04","0","0","0","0","0","0","0","0","-2.96","0","0","0","16.75"
"Apr 3, 2017 3:35:09 PM PDT","6327217761","Shipping Services","113-6564999-3433838","","Shipping Label Purchased through Amazon","","","Standard Orders","","","","","","0","0","0","0","0","0","0","0","0","0","0","0","0","0","-3.76","-3.76"
"Apr 3, 2017 3:38:45 PM PDT","6327217761","Order","112-8148511-3931437","JR-XXLL-R0UZ","NAUTICA BLUE by Nautica 3.4 Ounce / 100 ml Eau de Toilette Men Cologne Spray","3","amazon.com","Standard Orders","Seller","ATLANTA","GA","30326-1108","","35.70","0","4.64","0","0","0","0","0","0","0","0","-6.06","0","0","0","34.28"
"Apr 3, 2017 3:39:18 PM PDT","6327217761","Shipping Services","112-8148511-3931437","","Shipping Label Purchased through Amazon","","","Standard Orders","","","","","","0","0","0","0","0","0","0","0","0","0","0","0","0","0","-6.05","-6.05"
"Apr 3, 2017 3:45:11 PM PDT","6327217761","Order","113-0388040-1051428","8S-BF2V-JH39","Piver Pompeia Cologne 14.25 oz Splash","2","amazon.com","Standard Orders","Seller","BROCKTON","MA","02301-5219","","52.78","0","4.25","0","0","0","0","0","0","0","0","-8.56","0","0","0","48.47"
"Apr 3, 2017 3:45:11 PM PDT","6327217761","Order","113-0388040-1051428","1W-5PTN-4YN0","Piver 489564 Reve Dor by Piver Cologne Splash 14.25 oz","2","amazon.com","Standard Orders","Seller","BROCKTON","MA","02301-5219","","51.08","0","6.24","0","0","0","0","0","0","0","0","-8.60","0","0","0","48.72"
"Apr 3, 2017 3:45:46 PM PDT","6327217761","Shipping Services","113-0388040-1051428","","Shipping Label Purchased through Amazon","","","Standard Orders","","","","","","0","0","0","0","0","0","0","0","0","0","0","0","0","0","-9.08","-9.08"
"Apr 3, 2017 3:53:59 PM PDT","6327217761","Order","113-1073698-2377042","TP-JZ2P-HJSY","Daisy Eau So Fresh by Marc Jacobs Eau De Toilette Spray 4.2 oz Women's","1","amazon.com","Standard Orders","Seller","GREENFIELD CENTER","NY","12833-1014","","56.46","0","4.97","0","0","0","0","0","0","0","0","-9.21","0","0","0","52.22"
"Apr 3, 2017 3:54:36 PM PDT","6327217761","Shipping Services","113-1073698-2377042","","Shipping Label Purchased through Amazon","","","Standard Orders","","","","","","0","0","0","0","0","0","0","0","0","0","0","0","0","0","-4.61","-4.61"
"Apr 3, 2017 3:57:30 PM PDT","6327217761","Order","114-2506740-1190643","TP-JZ2P-HJSY","Daisy Eau So Fresh by Marc Jacobs Eau De Toilette Spray 4.2 oz Women's","1","amazon.com","Standard Orders","Seller","PHILADELPHIA","PA","19136-2809","","56.46","0","4.97","0","0","0","0","0","0","0","0","-9.21","0","0","0","52.22"
"Apr 3, 2017 3:58:06 PM PDT","6327217761","Shipping Services","114-2506740-1190643","","Shipping Label Purchased through Amazon","","","Standard Orders","","","","","","0","0","0","0","0","0","0","0","0","0","0","0","0","0","-4.61","-4.61"
"Apr 3, 2017 3:58:38 PM PDT","6327217761","Order","114-9223698-8686618","8S-BF2V-JH39","Piver Pompeia Cologne 14.25 oz Splash","2","amazon.com","Standard Orders","Seller","BENSENVILLE","IL","60106-1725","","52.78","0","6.49","0","0","0","0","0","0","0","0","-8.90","0","0","0","50.37"
"Apr 3, 2017 3:59:17 PM PDT","6327217761","Shipping Services","114-9223698-8686618","","Shipping Label Purchased through Amazon","","","Standard Orders","","","","","","0","0","0","0","0","0","0","0","0","0","0","0","0","0","-8.36","-8.36"
"Apr 3, 2017 4:02:10 PM PDT","6327217761","Order","111-6593499-0358631","RF-LX73-TAHE","DIESEL PLUS PLUS by Diesel EDT SPRAY 2.5 OZ Masculine","1","amazon.com","Standard Orders","Seller","AURORA","COLORADO","80018-1681","","13.56","0","0","0","0","0","0","0","0","0","0","-2.03","0","0","0","11.53"
"Apr 3, 2017 4:02:45 PM PDT","6327217761","Shipping Services","111-6593499-0358631","","Shipping Label Purchased through Amazon","","","Standard Orders","","","","","","0","0","0","0","0","0","0","0","0","0","0","0","0","0","-3.62","-3.62"
"Apr 3, 2017 4:06:42 PM PDT","6327217761","Order","113-9376756-8297824","7N-MCB6-8NX2","Joop By Joop! Gift Set -- 4.2 Oz Eau De Toilette Spray + 2.5 Oz After Shave For Men","1","amazon.com","Standard Orders","Seller","SAN FRANCISCO","CA","94105-3236","","33.85","0","10.49","0","0","0","0","0","0","0","0","-6.65","0","0","0","37.69"
"Apr 3, 2017 4:07:19 PM PDT","6327217761","Shipping Services","113-9376756-8297824","","Shipping Label Purchased through Amazon","","","Standard Orders","","","","","","0","0","0","0","0","0","0","0","0","0","0","0","0","0","-7.34","-7.34"
"Apr 3, 2017 4:34:01 PM PDT","6327217761","Order","111-4656821-7925046","1O-YSQR-VEK9","1 Million Fragrance By Paco Rabanne 3pc Travel Edition Gift Set . 3.4 Fl.Oz. Eau De Toilette Spray + 3.4 S/G Men+15ml spray Mini For Men","1","amazon.com","Standard Orders","Seller","LOS ANGELES","CA","90045-4902","","69.79","0","4.49","0","0","0","0","0","0","0","0","-11.14","0","0","0","63.14"
"Apr 3, 2017 4:34:37 PM PDT","6327217761","Shipping Services","111-4656821-7925046","","Shipping Label Purchased through Amazon","","","Standard Orders","","","","","","0","0","0","0","0","0","0","0","0","0","0","0","0","0","-7.49","-7.49"
"Apr 3, 2017 4:56:57 PM PDT","6327217761","Order","114-8739268-4362603","2L-YX0W-CS37","Johan B Merveille Eau De Parfum Spray for Women, 3.4 Ounce","1","amazon.com","Standard Orders","Seller","Covington","GA","30016","","32.99","0","0","0","0","0","0","0","0","0","0","-4.95","0","0","0","28.04"
"Apr 3, 2017 4:57:32 PM PDT","6327217761","Shipping Services","114-8739268-4362603","","Shipping Label Purchased through Amazon","","","Standard Orders","","","","","","0","0","0","0","0","0","0","0","0","0","0","0","0","0","-4.46","-4.46"
"Apr 3, 2017 5:01:23 PM PDT","6327217761","Order","114-8476093-5595408","C8-0GJV-QWP1","GREY FLANNEL ~ GEOFFREY BEENE 4.0 OZ COLOGNE NEW IN BOX by Geoffrey Beene","1","amazon.com","Standard Orders","Seller","BURBANK","IL","60459-2216","","14.67","0","5.04","0","0","0","0","0","0","0","0","-2.96","0","0","0","16.75"
"Apr 3, 2017 5:02:00 PM PDT","6327217761","Shipping Services","114-8476093-5595408","","Shipping Label Purchased through Amazon","","","Standard Orders","","","","","","0","0","0","0","0","0","0","0","0","0","0","0","0","0","-3.76","-3.76"
"Apr 3, 2017 5:04:34 PM PDT","6327217761","Order","114-9265554-4138617","JK-130P-A3PQ","Tiamo by Parfum Blaze Eau De Toilette Spray 3.4 oz","1","amazon.com","Standard Orders","Seller","COLUMBIA","MARYLAND","21044-3063","","15.25","0","6.50","0","0","0","0","0","0","0","0","-3.26","0","0","0","18.49"
"Apr 3, 2017 5:04:34 PM PDT","6327217761","Order","114-9265554-4138617","68-N1IB-CBI6","Tiamo Emotion Eau De Toilette 3.4 Fl.oz. for Men","1","amazon.com","Standard Orders","Seller","COLUMBIA","MARYLAND","21044-3063","","17.98","0","4.49","0","0","0","0","0","0","0","0","-3.37","0","0","0","19.10"
"Apr 3, 2017 5:05:09 PM PDT","6327217761","Shipping Services","114-9265554-4138617","","Shipping Label Purchased through Amazon","","","Standard Orders","","","","","","0","0","0","0","0","0","0","0","0","0","0","0","0","0","-6.05","-6.05"
"Apr 3, 2017 5:16:46 PM PDT","6327217761","Order","114-7314468-6507449","GE-DDEU-7TI5","Samba By Perfumers Workshop For Men. Eau De Toilette Spray 3.3 Ounces","1","amazon.com","Standard Orders","Seller","TUCSON","AZ","85756-6753","","15.00","0","1.67","0","0","0","0","0","0","0","0","-2.50","0","0","0","14.17"
"Apr 3, 2017 5:16:46 PM PDT","6327217761","Order","114-7314468-6507449","R9-V3EO-9GBV","Samba by Perfumer's Workshop for Women - 3.3 Ounce EDT Spray","3","amazon.com","Standard Orders","Seller","TUCSON","AZ","85756-6753","","25.80","0","5.17","0","0","0","0","0","0","0","0","-4.65","0","0","0","26.32"
"Apr 3, 2017 5:17:19 PM PDT","6327217761","Shipping Services","114-7314468-6507449","","Shipping Label Purchased through Amazon","","","Standard Orders","","","","","","0","0","0","0","0","0","0","0","0","0","0","0","0","0","-6.55","-6.55"
"Apr 3, 2017 5:20:40 PM PDT","6327217761","Order","113-9874046-8046650","H9-GQK7-NAJB","Britney Spears Believe By Britney Spears For Women. Eau De Parfum Spray , 3.4...","1","amazon.com","Standard Orders","Seller","San Juan","Puerto Rico","00921","","21.00","0","5.55","0","0","0","0","0","0","0","0","-3.98","0","0","0","22.57"
"Apr 3, 2017 5:21:12 PM PDT","6327217761","Shipping Services","113-9874046-8046650","","Shipping Label Purchased through Amazon","","","Standard Orders","","","","","","0","0","0","0","0","0","0","0","0","0","0","0","0","0","-4.46","-4.46"
"Apr 3, 2017 5:23:39 PM PDT","6327217761","Order","113-8448715-1041846","RF-LX73-TAHE","DIESEL PLUS PLUS by Diesel EDT SPRAY 2.5 OZ Masculine","1","amazon.com","Standard Orders","Seller","MIAMI","FLORIDA","33179-4266","","13.56","0","0","0","0","0","0","0","0","0","0","-2.03","0","0","0","11.53"
"Apr 3, 2017 5:24:14 PM PDT","6327217761","Shipping Services","113-8448715-1041846","","Shipping Label Purchased through Amazon","","","Standard Orders","","","","","","0","0","0","0","0","0","0","0","0","0","0","0","0","0","-3.62","-3.62"
"Apr 4, 2017 12:42:07 AM PDT","6328027241","Refund","108-1121161-3854643","HI-CVK1-9JN5","Fidji By Guy Laroche For Women. Eau De Toilette Spray 1.7 Ounces","1","amazon.com","Standard Orders","Seller","PLEASANTON","CA","94588-8075","","-31.82","0","0","0","0","0","0","0","0","0","0","3.82","0","0","0","-28.00"
"Apr 4, 2017 5:03:04 AM PDT","6328027241","Transfer","","","To your account ending in: 6276, Bank Transfer ID: 091000014686947","","","Standard Orders","","","","","","0","0","0","0","0","0","0","0","0","0","0","0","0","0","-552.69","-552.69"
"Apr 4, 2017 12:48:35 PM PDT","6328027241","Order","113-3240473-6902619","LY-UWAU-LFK6","Antonio Banderas Blue Seduction for Men Eau De Toilette Spray, 6.75 Ounce","2","amazon.com","Standard Orders","Seller","MADISON","WI","53716-3336","","58.00","0","6.69","0","0","0","0","0","0","0","0","-9.70","0","0","0","54.99"
"Apr 4, 2017 12:49:12 PM PDT","6328027241","Shipping Services","113-3240473-6902619","","Shipping Label Purchased through Amazon","","","Standard Orders","","","","","","0","0","0","0","0","0","0","0","0","0","0","0","0","0","-6.70","-6.70"
"Apr 4, 2017 12:50:27 PM PDT","6328027241","Order","111-1392306-5607406","LY-UWAU-LFK6","Antonio Banderas Blue Seduction for Men Eau De Toilette Spray, 6.75 Ounce","3","amazon.com","Standard Orders","Seller","CAPE CANAVERAL","FL","32920-4208","","87.00","0","7.79","0","0","0","0","0","0","0","0","-14.22","0","0","0","80.57"
"Apr 4, 2017 12:51:04 PM PDT","6328027241","Shipping Services","111-1392306-5607406","","Shipping Label Purchased through Amazon","","","Standard Orders","","","","","","0","0","0","0","0","0","0","0","0","0","0","0","0","0","-9.67","-9.67"
"Apr 4, 2017 12:51:41 PM PDT","6328027241","Order","111-0773662-2373003","LY-UWAU-LFK6","Antonio Banderas Blue Seduction for Men Eau De Toilette Spray, 6.75 Ounce","1","amazon.com","Standard Orders","Seller","ORLANDO","FL","32832-5693","","32.00","0","5.59","0","0","0","0","0","0","0","0","-5.64","0","0","0","31.95"
"Apr 4, 2017 12:52:17 PM PDT","6328027241","Shipping Services","111-0773662-2373003","","Shipping Label Purchased through Amazon","","","Standard Orders","","","","","","0","0","0","0","0","0","0","0","0","0","0","0","0","0","-6.55","-6.55"
"Apr 4, 2017 12:53:11 PM PDT","6328027241","Order","114-1968367-6599439","C7-YZYM-KUWG","Princess by Vera Wang Eau De Toilette Spray 1 oz (Women)","1","amazon.com","Standard Orders","Seller","Raleigh","North Carolina","27615","","40.09","0","5.49","0","0","0","0","0","0","0","0","-6.84","0","0","0","38.74"
"Apr 4, 2017 12:53:47 PM PDT","6328027241","Shipping Services","114-1968367-6599439","","Shipping Label Purchased through Amazon","","","Standard Orders","","","","","","0","0","0","0","0","0","0","0","0","0","0","0","0","0","-3.76","-3.76"
"Apr 4, 2017 12:55:54 PM PDT","6328027241","Order","112-3928713-1708255","BF-N7MD-D4X3","Perry Ellis 360 Eau de Toilette Spray Gift Set for Women, 3 Count","1","amazon.com","Standard Orders","Seller","GRAND RAPIDS","MI","49503-8116","","38.45","0","5.74","0","0","0","0","0","0","0","0","-6.63","0","0","0","37.56"
"Apr 4, 2017 12:56:30 PM PDT","6328027241","Shipping Services","112-3928713-1708255","","Shipping Label Purchased through Amazon","","","Standard Orders","","","","","","0","0","0","0","0","0","0","0","0","0","0","0","0","0","-6.05","-6.05"
"Apr 4, 2017 1:14:39 PM PDT","6328027241","Order","114-5561358-4399417","72-CU1L-SLHE","Cuba Variety By Cuba For Men. Set-4 Piece Mini Variety With Cuba Gold, Red, Blue, & Orange & All Are .17 OZ","3","amazon.com","Standard Orders","Seller","COLONIAL BEACH","VA","22443-1234","","74.67","0","4.79","0","0","0","0","0","0","0","0","-11.91","0","0","0","67.55"
"Apr 4, 2017 1:15:16 PM PDT","6328027241","Shipping Services","114-5561358-4399417","","Shipping Label Purchased through Amazon","","","Standard Orders","","","","","","0","0","0","0","0","0","0","0","0","0","0","0","0","0","-6.70","-6.70"
"Apr 4, 2017 1:36:59 PM PDT","6328027241","Order","114-6921063-8574615","1O-YSQR-VEK9","1 Million Fragrance By Paco Rabanne 3pc Travel Edition Gift Set . 3.4 Fl.Oz. Eau De Toilette Spray + 3.4 S/G Men+15ml spray Mini For Men","1","amazon.com","Standard Orders","Seller","Plantation","Florida","33317","","69.74","0","4.49","0","0","0","0","0","0","0","0","-11.13","0","0","0","63.10"
"Apr 4, 2017 1:37:37 PM PDT","6328027241","Shipping Services","114-6921063-8574615","","Shipping Label Purchased through Amazon","","","Standard Orders","","","","","","0","0","0","0","0","0","0","0","0","0","0","0","0","0","-7.11","-7.11"
"Apr 4, 2017 1:46:28 PM PDT","6328027241","Order","114-6609926-5475460","JK-130P-A3PQ","Tiamo by Parfum Blaze Eau De Toilette Spray 3.4 oz","2","amazon.com","Standard Orders","Seller","Baldwin","NY","11510-4514","","30.50","0","0","0","0","0","0","0","0","0","0","-4.58","0","0","0","25.92"
"Apr 4, 2017 1:47:05 PM PDT","6328027241","Shipping Services","114-6609926-5475460","","Shipping Label Purchased through Amazon","","","Standard Orders","","","","","","0","0","0","0","0","0","0","0","0","0","0","0","0","0","-6.05","-6.05"
"Apr 4, 2017 1:47:24 PM PDT","6328027241","Order","112-6443210-7598632","RF-LX73-TAHE","DIESEL PLUS PLUS by Diesel EDT SPRAY 2.5 OZ Masculine","1","amazon.com","Standard Orders","Seller","RIDGEWOOD","NY","11385-1991","","13.56","0","0","0","0","0","0","0","0","0","0","-2.03","0","0","0","11.53"
"Apr 4, 2017 1:48:00 PM PDT","6328027241","Shipping Services","112-6443210-7598632","","Shipping Label Purchased through Amazon","","","Standard Orders","","","","","","0","0","0","0","0","0","0","0","0","0","0","0","0","0","-3.62","-3.62"
"Apr 4, 2017 1:48:32 PM PDT","6328027241","Order","113-5338731-0578626","JV-B0NK-CR8U","360 Red by Perry Ellis for Men - 3.4 Ounce EDT Spray","1","amazon.com","Standard Orders","Seller","SOUTHAMPTON","NY","11968-1720","","19.74","0","4.98","0","0","0","0","0","0","0","0","-3.71","0","0","0","21.01"
"Apr 4, 2017 1:49:10 PM PDT","6328027241","Shipping Services","113-5338731-0578626","","Shipping Label Purchased through Amazon","","","Standard Orders","","","","","","0","0","0","0","0","0","0","0","0","0","0","0","0","0","-4.18","-4.18"
"Apr 4, 2017 1:49:43 PM PDT","6328027241","Order","112-3606566-0218650","W4-6TKK-M8MV","BRUT by Faberge Cologne Spray (Original-Glass Bottle) 3 oz","2","amazon.com","Standard Orders","Seller","HOUSTON","TX","77054-4670","","27.88","0","0","0","0","0","0","0","0","0","0","-4.18","0","0","0","23.70"
"Apr 4, 2017 1:50:20 PM PDT","6328027241","Shipping Services","112-3606566-0218650","","Shipping Label Purchased through Amazon","","","Standard Orders","","","","","","0","0","0","0","0","0","0","0","0","0","0","0","0","0","-6.05","-6.05"
"Apr 4, 2017 1:50:52 PM PDT","6328027241","Order","112-3419966-1393027","E3-KN4I-A54V","Women's Safari by Ralph Lauren Eau de Parfum Spray - 2.5 oz by RBS","1","amazon.com","Standard Orders","Seller","SAN ANTONIO","TX","78259-1702","","52.25","0","5.09","0","0","0","0","0","0","0","0","-8.60","0","0","0","48.74"
"Apr 4, 2017 1:51:30 PM PDT","6328027241","Shipping Services","112-3419966-1393027","","Shipping Label Purchased through Amazon","","","Standard Orders","","","","","","0","0","0","0","0","0","0","0","0","0","0","0","0","0","-3.91","-3.91"
"Apr 4, 2017 1:51:57 PM PDT","6328027241","Order","111-7064843-1215445","1O-YSQR-VEK9","1 Million Fragrance By Paco Rabanne 3pc Travel Edition Gift Set . 3.4 Fl.Oz. Eau De Toilette Spray + 3.4 S/G Men+15ml spray Mini For Men","1","amazon.com","Standard Orders","Seller","LAUDERHILL","FL","33313-4954","","69.79","0","8.99","0","0","0","0","0","0","0","0","-11.82","0","0","0","66.96"
"Apr 4, 2017 1:52:35 PM PDT","6328027241","Shipping Services","111-7064843-1215445","","Shipping Label Purchased through Amazon","","","Standard Orders","","","","","","0","0","0","0","0","0","0","0","0","0","0","0","0","0","-7.11","-7.11"
"Apr 4, 2017 1:53:20 PM PDT","6328027241","Order","111-2750779-6045029","VY-3LFG-DQ1A","DKNY Be Delicious By Donna Karan Eau De Parfum Spray 3.4 Oz For Women","1","amazon.com","Standard Orders","Seller","OAKLAND","CA","94603-3419","","36.01","0","5.27","0","0","0","0","0","0","0","0","-6.19","0","0","0","35.09"
"Apr 4, 2017 1:53:57 PM PDT","6328027241","Shipping Services","111-2750779-6045029","","Shipping Label Purchased through Amazon","","","Standard Orders","","","","","","0","0","0","0","0","0","0","0","0","0","0","0","0","0","-4.18","-4.18"
"Apr 4, 2017 1:54:26 PM PDT","6328027241","Order","111-1387678-9513053","1O-YSQR-VEK9","1 Million Fragrance By Paco Rabanne 3pc Travel Edition Gift Set . 3.4 Fl.Oz. Eau De Toilette Spray + 3.4 S/G Men+15ml spray Mini For Men","1","amazon.com","Standard Orders","Seller","Bronx","NY","10457","","69.79","0","4.49","0","0","0","0","0","0","0","0","-11.14","0","0","0","63.14"
"Apr 4, 2017 1:55:04 PM PDT","6328027241","Shipping Services","111-1387678-9513053","","Shipping Label Purchased through Amazon","","","Standard Orders","","","","","","0","0","0","0","0","0","0","0","0","0","0","0","0","0","-6.20","-6.20"
"Apr 4, 2017 1:55:27 PM PDT","6328027241","Order","114-6627331-6377028","S1-DW1Y-AURW","Secret Wish By Anna Sui For Women. Eau De Toilette Spray 2.5 OZ","1","amazon.com","Standard Orders","Seller","EL DORADO HILLS","CA","95762-9304","","54.88","0","5.11","0","0","0","0","0","0","0","0","-9.00","0","0","0","50.99"
"Apr 4, 2017 1:55:59 PM PDT","6328027241","Shipping Services","114-6627331-6377028","","Shipping Label Purchased through Amazon","","","Standard Orders","","","","","","0","0","0","0","0","0","0","0","0","0","0","0","0","0","-4.05","-4.05"
"Apr 4, 2017 1:56:34 PM PDT","6328027241","Order","114-1815031-1588251","2K-2PHX-0XNT","COOL WATER * Davidoff * Cologne for Men * 4.2 oz * BRAND NEW IN BOX","1","amazon.com","Standard Orders","Seller","RENO","NV","89509-0012","","23.33","0","8.99","0","0","0","0","0","0","0","0","-4.85","0","0","0","27.47"
"Apr 4, 2017 1:57:09 PM PDT","6328027241","Shipping Services","114-1815031-1588251","","Shipping Label Purchased through Amazon","","","Standard Orders","","","","","","0","0","0","0","0","0","0","0","0","0","0","0","0","0","-4.18","-4.18"
"Apr 4, 2017 1:57:32 PM PDT","6328027241","Order","114-1206814-7429003","GR-FSVC-DTZN","Karen Low X Change Cool by Karen Low for Men Eau de Toilette Spray 3.4 oz","1","amazon.com","Standard Orders","Seller","TACOMA","WA","98408-2301","","14.99","0","0","0","0","0","0","0","0","0","0","-2.25","0","0","0","12.74"
"Apr 4, 2017 1:58:09 PM PDT","6328027241","Shipping Services","114-1206814-7429003","","Shipping Label Purchased through Amazon","","","Standard Orders","","","","","","0","0","0","0","0","0","0","0","0","0","0","0","0","0","-3.90","-3.90"
"Apr 4, 2017 1:58:40 PM PDT","6328027241","Order","112-1013697-9638612","TP-JZ2P-HJSY","Daisy Eau So Fresh by Marc Jacobs Eau De Toilette Spray 4.2 oz Women's","1","amazon.com","Standard Orders","Seller","TRUJILLO ALTO","PR","00977-1028","","56.46","0","4.97","0","0","0","0","0","0","0","0","-9.21","0","0","0","52.22"
"Apr 4, 2017 1:59:16 PM PDT","6328027241","Shipping Services","112-1013697-9638612","","Shipping Label Purchased through Amazon","","","Standard Orders","","","","","","0","0","0","0","0","0","0","0","0","0","0","0","0","0","-4.61","-4.61"
"Apr 4, 2017 1:59:42 PM PDT","6328027241","Order","111-6347567-3975460","C8-0GJV-QWP1","GREY FLANNEL ~ GEOFFREY BEENE 4.0 OZ COLOGNE NEW IN BOX by Geoffrey Beene","1","amazon.com","Standard Orders","Seller","BRONX","NY","10467-6000","","14.67","0","5.04","0","0","0","0","0","0","0","0","-2.96","0","0","0","16.75"
"Apr 4, 2017 2:00:17 PM PDT","6328027241","Shipping Services","111-6347567-3975460","","Shipping Label Purchased through Amazon","","","Standard Orders","","","","","","0","0","0","0","0","0","0","0","0","0","0","0","0","0","-3.76","-3.76"
"Apr 4, 2017 2:00:46 PM PDT","6328027241","Order","111-4509498-6842625","AK-WWQR-VATS","Christian Dior Pure Poison Eau de Parfum Spray, 3.4 Ounce","1","amazon.com","Standard Orders","Seller","CHICAGO","ILLINOIS","60645-4214","","92.87","0","5.54","0","0","0","0","0","0","0","0","-14.76","0","0","0","83.65"
"Apr 4, 2017 2:01:21 PM PDT","6328027241","Shipping Services","111-4509498-6842625","","Shipping Label Purchased through Amazon","","","Standard Orders","","","","","","0","0","0","0","0","0","0","0","0","0","0","0","0","0","-6.20","-6.20"
"Apr 4, 2017 2:03:07 PM PDT","6328027241","Order","113-8856388-8112213","2S-XD4Y-TJ1K","Canali Style Eau De Toilette Spray for Men, 1.7 Ounce","1","amazon.com","Standard Orders","Seller","BOCA RATON","FL","33431-5507","","26.88","0","5.06","0","0","0","0","0","0","0","0","-4.79","0","0","0","27.15"
"Apr 4, 2017 2:03:40 PM PDT","6328027241","Shipping Services","113-8856388-8112213","","Shipping Label Purchased through Amazon","","","Standard Orders","","","","","","0","0","0","0","0","0","0","0","0","0","0","0","0","0","-4.18","-4.18"
"Apr 4, 2017 2:06:08 PM PDT","6328027241","Order","113-5035961-0802602","UZ-YL8C-YVM0","Houbigant Quelques Fleurs Original Eau de Parfum Spray for Women, 3.4 Fluid Ounce","1","amazon.com","Standard Orders","Seller","Carmel","NY","10512","","63.91","0","5.04","0","0","0","0","0","0","0","0","-10.34","0","0","0","58.61"
"Apr 4, 2017 2:06:46 PM PDT","6328027241","Shipping Services","113-5035961-0802602","","Shipping Label Purchased through Amazon","","","Standard Orders","","","","","","0","0","0","0","0","0","0","0","0","0","0","0","0","0","-4.33","-4.33"
"Apr 4, 2017 2:07:09 PM PDT","6328027241","Order","112-8869556-7981064","UZ-YL8C-YVM0","Houbigant Quelques Fleurs Original Eau de Parfum Spray for Women, 3.4 Fluid Ounce","1","amazon.com","Standard Orders","Seller","GLEN ALLEN","VA","23060-6392","","64.39","0","5.04","0","0","0","0","0","0","0","0","-10.41","0","0","0","59.02"
"Apr 4, 2017 2:07:46 PM PDT","6328027241","Shipping Services","112-8869556-7981064","","Shipping Label Purchased through Amazon","","","Standard Orders","","","","","","0","0","0","0","0","0","0","0","0","0","0","0","0","0","-4.33","-4.33"
"Apr 4, 2017 2:08:01 PM PDT","6328027241","Order","112-7195703-9888225","UZ-YL8C-YVM0","Houbigant Quelques Fleurs Original Eau de Parfum Spray for Women, 3.4 Fluid Ounce","1","amazon.com","Standard Orders","Seller","DALLAS","TX","75287-7533","","64.75","0","5.04","0","0","0","0","0","0","0","0","-10.47","0","0","0","59.32"
"Apr 4, 2017 2:08:39 PM PDT","6328027241","Shipping Services","112-7195703-9888225","","Shipping Label Purchased through Amazon","","","Standard Orders","","","","","","0","0","0","0","0","0","0","0","0","0","0","0","0","0","-4.33","-4.33"
"Apr 4, 2017 2:09:24 PM PDT","6328027241","Order","112-4816314-8905020","RF-LX73-TAHE","DIESEL PLUS PLUS by Diesel EDT SPRAY 2.5 OZ Masculine","1","amazon.com","Standard Orders","Seller","BROOKLYN","NY","11212-3341","","13.56","0","0","0","0","0","0","0","0","0","0","-2.03","0","0","0","11.53"
"Apr 4, 2017 2:09:59 PM PDT","6328027241","Shipping Services","112-4816314-8905020","","Shipping Label Purchased through Amazon","","","Standard Orders","","","","","","0","0","0","0","0","0","0","0","0","0","0","0","0","0","-3.62","-3.62"
"Apr 4, 2017 2:10:59 PM PDT","6328027241","Order","111-6105781-2226669","FY-7C7N-PWYT","Karen Low Exchange Men Eau De Toilette Spray, 3.4 Ounce","1","amazon.com","Standard Orders","Seller","HEMPSTEAD","NY","11550-1869","","9.63","0","5.19","0","0","0","0","0","0","0","0","-2.22","0","0","0","12.60"
"Apr 4, 2017 2:11:36 PM PDT","6328027241","Shipping Services","111-6105781-2226669","","Shipping Label Purchased through Amazon","","","Standard Orders","","","","","","0","0","0","0","0","0","0","0","0","0","0","0","0","0","-4.04","-4.04"
"Apr 4, 2017 2:12:30 PM PDT","6328027241","Order","111-3530135-9190627","E0-QC4G-B4FT","New Brand Forever 3.3 Oz. EDP Spray for Women","1","amazon.com","Standard Orders","Seller","SPRING LAKE PARK","MN","55432-2802","","19.47","0","4.49","0","0","0","0","0","0","0","0","-3.59","0","0","0","20.37"
"Apr 4, 2017 2:13:06 PM PDT","6328027241","Shipping Services","111-3530135-9190627","","Shipping Label Purchased through Amazon","","","Standard Orders","","","","","","0","0","0","0","0","0","0","0","0","0","0","0","0","0","-4.04","-4.04"
"Apr 4, 2017 2:22:29 PM PDT","6328027241","Order","112-5224058-6904211","2L-YX0W-CS37","Johan B Merveille Eau De Parfum Spray for Women, 3.4 Ounce","1","amazon.com","Standard Orders","Seller","AUSTIN","TX","78748","","29.97","0","0","0","0","0","0","0","0","0","0","-4.50","0","0","0","25.47"
"Apr 4, 2017 2:23:04 PM PDT","6328027241","Shipping Services","112-5224058-6904211","","Shipping Label Purchased through Amazon","","","Standard Orders","","","","","","0","0","0","0","0","0","0","0","0","0","0","0","0","0","-4.46","-4.46"
"Apr 4, 2017 2:23:20 PM PDT","6328027241","Order","113-7673194-1195442","2K-2PHX-0XNT","COOL WATER * Davidoff * Cologne for Men * 4.2 oz * BRAND NEW IN BOX","1","amazon.com","Standard Orders","Seller","KANSAS CITY","KS","66112-3110","","23.21","0","8.99","0","0","0","0","0","0","0","0","-4.83","0","0","0","27.37"
"Apr 4, 2017 2:23:54 PM PDT","6328027241","Shipping Services","113-7673194-1195442","","Shipping Label Purchased through Amazon","","","Standard Orders","","","","","","0","0","0","0","0","0","0","0","0","0","0","0","0","0","-4.18","-4.18"
"Apr 4, 2017 4:24:40 PM PDT","6328027241","Order","112-1386636-6709020","2W-HR3G-K73F","Fancy Nights By Jessica Simpson Eau De Parfum Spray for Women, 3.40-Fluid Ounce","2","amazon.com","Standard Orders","Seller","FAYETTEVILLE","NC","28305-4981","","28.14","0","6.29","0","0","0","0","0","0","0","0","-5.16","0","0","0","29.27"
"Apr 4, 2017 4:25:18 PM PDT","6328027241","Shipping Services","112-1386636-6709020","","Shipping Label Purchased through Amazon","","","Standard Orders","","","","","","0","0","0","0","0","0","0","0","0","0","0","0","0","0","-6.05","-6.05"
"Apr 4, 2017 4:25:34 PM PDT","6328027241","Order","114-8812143-2550601","1W-5PTN-4YN0","Piver 489564 Reve Dor by Piver Cologne Splash 14.25 oz","1","amazon.com","Standard Orders","Seller","COLCHESTER","CT","06415","","25.54","0","6.49","0","0","0","0","0","0","0","0","-4.80","0","0","0","27.23"
"Apr 4, 2017 4:26:11 PM PDT","6328027241","Shipping Services","114-8812143-2550601","","Shipping Label Purchased through Amazon","","","Standard Orders","","","","","","0","0","0","0","0","0","0","0","0","0","0","0","0","0","-6.05","-6.05"
"Apr 4, 2017 4:27:03 PM PDT","6328027241","Order","114-8325759-6136232","LX-TSWW-29S8","White Diamonds By Elizabeth Taylor Edt Spray 3.3 Oz for Women","1","amazon.com","Standard Orders","Seller","LEXINGTON","KY","40508-2052","","23.32","0","5.50","0","0","0","0","0","0","0","0","-4.32","0","0","0","24.50"
"Apr 4, 2017 4:27:41 PM PDT","6328027241","Shipping Services","114-8325759-6136232","","Shipping Label Purchased through Amazon","","","Standard Orders","","","","","","0","0","0","0","0","0","0","0","0","0","0","0","0","0","-4.04","-4.04"
"Apr 4, 2017 4:28:13 PM PDT","6328027241","Order","114-6888287-5651450","PY-AVNH-TGD3","SEE BY CHLOE by Chloe Gift Set for WOMEN: EAU DE PARFUM SPRAY 2.5 OZ & BODY LOTION 2.5 OZ & SHOWER GEL 2.5 OZ","1","amazon.com","Standard Orders","Seller","SAN ANTONIO","TX","78242-3237","","79.02","0","6.89","0","0","0","0","0","0","0","0","-12.89","0","0","0","73.02"
"Apr 4, 2017 4:28:51 PM PDT","6328027241","Shipping Services","114-6888287-5651450","","Shipping Label Purchased through Amazon","","","Standard Orders","","","","","","0","0","0","0","0","0","0","0","0","0","0","0","0","0","-7.16","-7.16"
"Apr 5, 2017 5:02:27 AM PDT","6328775331","Transfer","","","To your account ending in: 6276, Bank Transfer ID: 091000015064198","","","Standard Orders","","","","","","0","0","0","0","0","0","0","0","0","0","0","0","0","0","-3,016.37","-3,016.37"
"Apr 5, 2017 6:13:33 AM PDT","6328775331","Shipping Services","105-6611223-6705856","","Adjustment","","","Standard Orders","","","","","","0","0","0","0","0","0","0","0","0","0","0","0","0","0","0.10","0.10"
"Apr 5, 2017 12:24:20 PM PDT","6328775331","Order","114-9060283-5191458","F3-YTCU-QEKH","Extasia Black by New Brand, 3.3 oz Eau De Toilette Spray for men","1","amazon.com","Standard Orders","Seller","HOUSTON","TX","77081-5134","","9.19","0","0","0","0","0","0","0","0","0","0","-1.38","0","0","0","7.81"
"Apr 5, 2017 12:24:56 PM PDT","6328775331","Shipping Services","114-9060283-5191458","","Shipping Label Purchased through Amazon","","","Standard Orders","","","","","","0","0","0","0","0","0","0","0","0","0","0","0","0","0","-4.14","-4.14"
"Apr 5, 2017 12:28:02 PM PDT","6328775331","Order","114-5923350-6733062","9F-TM9C-OPMW","Black Point by YZY Perfume","1","amazon.com","Standard Orders","Seller","WINDSOR","CT","06095-2122","","5.60","0","5.49","0","0","0","0","0","0","0","0","-1.66","0","0","0","9.43"
"Apr 5, 2017 12:28:39 PM PDT","6328775331","Shipping Services","114-5923350-6733062","","Shipping Label Purchased through Amazon","","","Standard Orders","","","","","","0","0","0","0","0","0","0","0","0","0","0","0","0","0","-4.04","-4.04"
"Apr 5, 2017 1:20:34 PM PDT","6328775331","Order","113-3798010-4759423","U4-EDHU-XZ1V","Roberto Cavalli Nero Assoluto By Roberto Cavalli Eau De Parfum Spray 2.5 Oz","1","amazon.com","Standard Orders","Seller","NORTH POTOMAC","MD","20878","","36.00","0","5.20","0","0","0","0","0","0","0","0","-6.18","0","0","0","35.02"
"Apr 5, 2017 1:21:11 PM PDT","6328775331","Shipping Services","113-3798010-4759423","","Shipping Label Purchased through Amazon","","","Standard Orders","","","","","","0","0","0","0","0","0","0","0","0","0","0","0","0","0","-4.18","-4.18"
"Apr 5, 2017 1:22:22 PM PDT","6328775331","Order","114-8400360-6287400","E4-G6OD-TXK1","Plus Plus Feminine by Diesel 2.5 oz Eau de Toilette Spray New in Box (Women)","1","amazon.com","Standard Orders","Seller","DORAL","FL","33198-1534","","8.26","0","4.94","0","0","0","0","0","0","0","0","-1.98","0","0","0","11.22"
"Apr 5, 2017 1:22:59 PM PDT","6328775331","Shipping Services","114-8400360-6287400","","Shipping Label Purchased through Amazon","","","Standard Orders","","","","","","0","0","0","0","0","0","0","0","0","0","0","0","0","0","-3.62","-3.62"
"Apr 5, 2017 1:24:18 PM PDT","6328775331","Order","114-7880997-5187462","AL-WL4W-TJ4O","Magie Noire by Lancome for Women 2.5 oz Eau de Toilette Spray","2","amazon.com","Standard Orders","Seller","LAWTON","OK","73501-9056","","111.60","0","5.69","0","0","0","0","0","0","0","0","-17.60","0","0","0","99.69"
"Apr 5, 2017 1:24:54 PM PDT","6328775331","Shipping Services","114-7880997-5187462","","Shipping Label Purchased through Amazon","","","Standard Orders","","","","","","0","0","0","0","0","0","0","0","0","0","0","0","0","0","-6.65","-6.65"
"Apr 5, 2017 1:25:15 PM PDT","6328775331","Order","114-6624297-5805814","TP-JZ2P-HJSY","Daisy Eau So Fresh by Marc Jacobs Eau De Toilette Spray 4.2 oz Women's","1","amazon.com","Standard Orders","Seller","San Antonio","TEXAS","78211","","56.46","0","4.97","0","0","0","0","0","0","0","0","-9.21","0","0","0","52.22"
"Apr 5, 2017 1:25:52 PM PDT","6328775331","Shipping Services","114-6624297-5805814","","Shipping Label Purchased through Amazon","","","Standard Orders","","","","","","0","0","0","0","0","0","0","0","0","0","0","0","0","0","-4.61","-4.61"
"Apr 5, 2017 1:26:47 PM PDT","6328775331","Order","114-5558500-2768220","B1-9MKJ-ITAB","Swiss Army Mountain Water by Swiss Army, 3.4 Ounce 100ml EDT Spray","1","amazon.com","Standard Orders","Seller","DORAL","FL","33126-1508","","22.87","0","5.04","0","0","0","0","0","0","0","0","-4.19","0","0","0","23.72"
"Apr 5, 2017 1:27:19 PM PDT","6328775331","Shipping Services","114-5558500-2768220","","Shipping Label Purchased through Amazon","","","Standard Orders","","","","","","0","0","0","0","0","0","0","0","0","0","0","0","0","0","-3.90","-3.90"
"Apr 5, 2017 1:28:15 PM PDT","6328775331","Order","114-4945607-3402652","AL-WL4W-TJ4O","Magie Noire by Lancome for Women 2.5 oz Eau de Toilette Spray","1","amazon.com","Standard Orders","Seller","Meridian","MS","39305","","55.80","0","5.09","0","0","0","0","0","0","0","0","-9.13","0","0","0","51.76"
"Apr 5, 2017 1:28:53 PM PDT","6328775331","Shipping Services","114-4945607-3402652","","Shipping Label Purchased through Amazon","","","Standard Orders","","","","","","0","0","0","0","0","0","0","0","0","0","0","0","0","0","-3.91","-3.91"
"Apr 5, 2017 1:29:40 PM PDT","6328775331","Order","114-4488267-4757006","OA-PJRJ-Y9NK","OSCAR by Oscar de la Renta Eau De Toilette Spray 3.4 oz for Women","2","amazon.com","Standard Orders","Seller","ROCHESTER","NY","14626-5118","","60.00","0","0","0","0","0","0","0","0","0","0","-9.00","0","0","0","51.00"
"Apr 5, 2017 1:30:16 PM PDT","6328775331","Shipping Services","114-4488267-4757006","","Shipping Label Purchased through Amazon","","","Standard Orders","","","","","","0","0","0","0","0","0","0","0","0","0","0","0","0","0","-6.20","-6.20"
"Apr 5, 2017 1:30:56 PM PDT","6328775331","Order","114-4312911-2546654","OA-PJRJ-Y9NK","OSCAR by Oscar de la Renta Eau De Toilette Spray 3.4 oz for Women","1","amazon.com","Standard Orders","Seller","NEW YORK","NY","10028-0129","","30.00","0","0","0","0","0","0","0","0","0","0","-4.50","0","0","0","25.50"
"Apr 5, 2017 1:31:30 PM PDT","6328775331","Shipping Services","114-4312911-2546654","","Shipping Label Purchased through Amazon","","","Standard Orders","","","","","","0","0","0","0","0","0","0","0","0","0","0","0","0","0","-4.32","-4.32"
"Apr 5, 2017 1:31:58 PM PDT","6328775331","Order","114-4240958-9743417","C8-0GJV-QWP1","GREY FLANNEL ~ GEOFFREY BEENE 4.0 OZ COLOGNE NEW IN BOX by Geoffrey Beene","1","amazon.com","Standard Orders","Seller","CARROLLTON","GA","30117-4416","","14.67","0","5.04","0","0","0","0","0","0","0","0","-2.96","0","0","0","16.75"
"Apr 5, 2017 1:32:42 PM PDT","6328775331","Shipping Services","114-4240958-9743417","","Shipping Label Purchased through Amazon","","","Standard Orders","","","","","","0","0","0","0","0","0","0","0","0","0","0","0","0","0","-3.76","-3.76"
"Apr 5, 2017 1:35:07 PM PDT","6328775331","Order","114-3347463-0292268","GE-DDEU-7TI5","Samba By Perfumers Workshop For Men. Eau De Toilette Spray 3.3 Ounces","3","amazon.com","Standard Orders","Seller","WAYNESVILLE","MO","65583-2001","","45.00","0","6.14","0","0","0","0","0","0","0","0","-7.68","0","0","0","43.46"
"Apr 5, 2017 1:35:43 PM PDT","6328775331","Shipping Services","114-3347463-0292268","","Shipping Label Purchased through Amazon","","","Standard Orders","","","","","","0","0","0","0","0","0","0","0","0","0","0","0","0","0","-6.05","-6.05"
"Apr 5, 2017 1:36:23 PM PDT","6328775331","Order","114-2794906-9865800","0A-MWXB-XHZW","KOURoS Body by Yves Saint Laurent Men's Eau De Toilette Spray 3.4 oz - 100% Authentic","1","amazon.com","Standard Orders","Seller","DEKALB","IL","60115-3256","","34.48","0","5.24","0","0","0","0","0","0","0","0","-5.96","0","0","0","33.76"
"Apr 5, 2017 1:37:00 PM PDT","6328775331","Shipping Services","114-2794906-9865800","","Shipping Label Purchased through Amazon","","","Standard Orders","","","","","","0","0","0","0","0","0","0","0","0","0","0","0","0","0","-4.18","-4.18"
"Apr 5, 2017 1:37:29 PM PDT","6328775331","Order","114-0254508-9267440","JK-130P-A3PQ","Tiamo by Parfum Blaze Eau De Toilette Spray 3.4 oz","1","amazon.com","Standard Orders","Seller","CORNELIA","GA","30531-5419","","15.24","0","0","0","0","0","0","0","0","0","0","-2.29","0","0","0","12.95"
"Apr 5, 2017 1:38:05 PM PDT","6328775331","Shipping Services","114-0254508-9267440","","Shipping Label Purchased through Amazon","","","Standard Orders","","","","","","0","0","0","0","0","0","0","0","0","0","0","0","0","0","-4.46","-4.46"
"Apr 5, 2017 1:38:28 PM PDT","6328775331","Order","113-6328207-6650622","RF-LX73-TAHE","DIESEL PLUS PLUS by Diesel EDT SPRAY 2.5 OZ Masculine","1","amazon.com","Standard Orders","Seller","MIAMI","FLORIDA","33198-1522","","13.56","0","0","0","0","0","0","0","0","0","0","-2.03","0","0","0","11.53"
"Apr 5, 2017 1:39:02 PM PDT","6328775331","Shipping Services","113-6328207-6650622","","Shipping Label Purchased through Amazon","","","Standard Orders","","","","","","0","0","0","0","0","0","0","0","0","0","0","0","0","0","-3.62","-3.62"
"Apr 5, 2017 1:40:00 PM PDT","6328775331","Order","113-5068453-5537825","E4-G6OD-TXK1","Plus Plus Feminine by Diesel 2.5 oz Eau de Toilette Spray New in Box (Women)","1","amazon.com","Standard Orders","Seller","New York","New York","10128","","8.26","0","4.94","0","0","0","0","0","0","0","0","-1.98","0","0","0","11.22"
"Apr 5, 2017 1:40:38 PM PDT","6328775331","Shipping Services","113-5068453-5537825","","Shipping Label Purchased through Amazon","","","Standard Orders","","","","","","0","0","0","0","0","0","0","0","0","0","0","0","0","0","-3.62","-3.62"
"Apr 5, 2017 1:41:06 PM PDT","6328775331","Order","113-4629564-0600248","UD-QCR9-VUCF","Thiery Muglar Angel Refillable Womens Perfume 3.4 oz 100 ml EDP eau de parfum Spray","1","amazon.com","Standard Orders","Seller","nORTH MIAMI BEACH","FL","33160","","76.48","0","5.34","0","0","0","0","0","0","0","0","-12.27","0","0","0","69.55"
"Apr 5, 2017 1:41:43 PM PDT","6328775331","Shipping Services","113-4629564-0600248","","Shipping Label Purchased through Amazon","","","Standard Orders","","","","","","0","0","0","0","0","0","0","0","0","0","0","0","0","0","-4.61","-4.61"
"Apr 5, 2017 1:42:54 PM PDT","6328775331","Order","113-4033175-6461864","RF-LX73-TAHE","DIESEL PLUS PLUS by Diesel EDT SPRAY 2.5 OZ Masculine","1","amazon.com","Standard Orders","Seller","Allentown","Pa","18102","","13.56","0","0","0","0","0","0","0","0","0","0","-2.03","0","0","0","11.53"
"Apr 5, 2017 1:43:31 PM PDT","6328775331","Shipping Services","113-4033175-6461864","","Shipping Label Purchased through Amazon","","","Standard Orders","","","","","","0","0","0","0","0","0","0","0","0","0","0","0","0","0","-3.62","-3.62"
"Apr 5, 2017 1:44:18 PM PDT","6328775331","Order","113-2443972-4847441","UR-D9YP-L4RF","Curve Crush Cologne Spray 4.2 Ounce","1","amazon.com","Standard Orders","Seller","APO","AE","09316","","18.20","0","5.28","0","0","0","0","0","0","0","0","-3.52","0","0","0","19.96"
"Apr 5, 2017 1:44:55 PM PDT","6328775331","Shipping Services","113-2443972-4847441","","Shipping Label Purchased through Amazon","","","Standard Orders","","","","","","0","0","0","0","0","0","0","0","0","0","0","0","0","0","-4.32","-4.32"
"Apr 5, 2017 1:45:32 PM PDT","6328775331","Order","113-2439362-5137025","AL-WL4W-TJ4O","Magie Noire by Lancome for Women 2.5 oz Eau de Toilette Spray","1","amazon.com","Standard Orders","Seller","HOUSTON","TX","77034-1447","","55.80","0","5.09","0","0","0","0","0","0","0","0","-9.13","0","0","0","51.76"
"Apr 5, 2017 1:46:10 PM PDT","6328775331","Shipping Services","113-2439362-5137025","","Shipping Label Purchased through Amazon","","","Standard Orders","","","","","","0","0","0","0","0","0","0","0","0","0","0","0","0","0","-3.91","-3.91"
"Apr 5, 2017 1:48:41 PM PDT","6328775331","Order","113-1014611-1272250","UD-QCR9-VUCF","Thiery Muglar Angel Refillable Womens Perfume 3.4 oz 100 ml EDP eau de parfum Spray","2","amazon.com","Standard Orders","Seller","DORAL","FL","33178-2715","","152.98","0","6.19","0","0","0","0","0","0","0","0","-23.88","0","0","0","135.29"
"Apr 5, 2017 1:49:15 PM PDT","6328775331","Shipping Services","113-1014611-1272250","","Shipping Label Purchased through Amazon","","","Standard Orders","","","","","","0","0","0","0","0","0","0","0","0","0","0","0","0","0","-6.65","-6.65"
"Apr 5, 2017 1:49:46 PM PDT","6328775331","Order","112-6685118-9849864","9F-TM9C-OPMW","Black Point by YZY Perfume","1","amazon.com","Standard Orders","Seller","BROOKLYN","NY","11225-2521","","5.60","0","5.49","0","0","0","0","0","0","0","0","-1.66","0","0","0","9.43"
"Apr 5, 2017 1:50:22 PM PDT","6328775331","Shipping Services","112-6685118-9849864","","Shipping Label Purchased through Amazon","","","Standard Orders","","","","","","0","0","0","0","0","0","0","0","0","0","0","0","0","0","-4.04","-4.04"
"Apr 5, 2017 1:51:31 PM PDT","6328775331","Order","112-6026946-1767414","OA-PJRJ-Y9NK","OSCAR by Oscar de la Renta Eau De Toilette Spray 3.4 oz for Women","1","amazon.com","Standard Orders","Seller","SULPHUR SPRINGS","TX","75482-4308","","30.00","0","0","0","0","0","0","0","0","0","0","-4.50","0","0","0","25.50"
"Apr 5, 2017 1:52:09 PM PDT","6328775331","Shipping Services","112-6026946-1767414","","Shipping Label Purchased through Amazon","","","Standard Orders","","","","","","0","0","0","0","0","0","0","0","0","0","0","0","0","0","-4.32","-4.32"
"Apr 5, 2017 1:54:56 PM PDT","6328775331","Order","112-5433726-7989036","5R-2LX9-BGJ3","Jessica Mcclintock 2 Piece Gift Set for Women","1","amazon.com","Standard Orders","Seller","NEW YORK","NEW YORK","10128-5604","","56.17","0","6.19","0","0","0","0","0","0","0","0","-9.35","0","0","0","53.01"
"Apr 5, 2017 1:55:33 PM PDT","6328775331","Shipping Services","112-5433726-7989036","","Shipping Label Purchased through Amazon","","","Standard Orders","","","","","","0","0","0","0","0","0","0","0","0","0","0","0","0","0","-6.20","-6.20"
"Apr 5, 2017 1:56:09 PM PDT","6328775331","Order","112-3305735-3700233","UP-ZS0D-LS8X","Bvlgari Omnia Améthyste for Women 2.2 Oz Eau De Toilette Spray","1","amazon.com","Standard Orders","Seller","CUMMING","GA","30040-6411","","32.62","0","5.02","0","0","0","0","0","0","0","0","-5.65","0","0","0","31.99"
"Apr 5, 2017 1:56:46 PM PDT","6328775331","Shipping Services","112-3305735-3700233","","Shipping Label Purchased through Amazon","","","Standard Orders","","","","","","0","0","0","0","0","0","0","0","0","0","0","0","0","0","-4.18","-4.18"
"Apr 5, 2017 1:57:08 PM PDT","6328775331","Order","112-2156261-4084240","JQ-XP7R-N74L","212 VIP ROSE by Carolina Herrera 2.7 Ounce / 80 ml Eau de Parfum Women Perfume Spray","1","amazon.com","Standard Orders","Seller","DORAL","FL","33122-1635","","69.40","0","5.39","0","0","0","0","0","0","0","0","-11.22","0","0","0","63.57"
"Apr 5, 2017 1:57:44 PM PDT","6328775331","Shipping Services","112-2156261-4084240","","Shipping Label Purchased through Amazon","","","Standard Orders","","","","","","0","0","0","0","0","0","0","0","0","0","0","0","0","0","-4.61","-4.61"
"Apr 5, 2017 1:58:13 PM PDT","6328775331","Order","112-2107400-3157847","72-CU1L-SLHE","Cuba Variety By Cuba For Men. Set-4 Piece Mini Variety With Cuba Gold, Red, Blue, & Orange & All Are .17 OZ","1","amazon.com","Standard Orders","Seller","LEESBURG","FL","34748-8338","","24.89","0","4.59","0","0","0","0","0","0","0","0","-4.42","0","0","0","25.06"
"Apr 5, 2017 1:58:51 PM PDT","6328775331","Shipping Services","112-2107400-3157847","","Shipping Label Purchased through Amazon","","","Standard Orders","","","","","","0","0","0","0","0","0","0","0","0","0","0","0","0","0","-3.90","-3.90"
"Apr 5, 2017 1:59:20 PM PDT","6328775331","Order","111-8318560-1674641","RF-LX73-TAHE","DIESEL PLUS PLUS by Diesel EDT SPRAY 2.5 OZ Masculine","1","amazon.com","Standard Orders","Seller","DORAL","FL","33122-1530","","13.56","0","0","0","0","0","0","0","0","0","0","-2.03","0","0","0","11.53"
"Apr 5, 2017 1:59:55 PM PDT","6328775331","Shipping Services","111-8318560-1674641","","Shipping Label Purchased through Amazon","","","Standard Orders","","","","","","0","0","0","0","0","0","0","0","0","0","0","0","0","0","-3.62","-3.62"
"Apr 5, 2017 2:00:39 PM PDT","6328775331","Order","111-8309891-6323423","OA-PJRJ-Y9NK","OSCAR by Oscar de la Renta Eau De Toilette Spray 3.4 oz for Women","1","amazon.com","Standard Orders","Seller","Lauderhill","Fl","33313","","30.00","0","0","0","0","0","0","0","0","0","0","-4.50","0","0","0","25.50"
"Apr 5, 2017 2:01:16 PM PDT","6328775331","Shipping Services","111-8309891-6323423","","Shipping Label Purchased through Amazon","","","Standard Orders","","","","","","0","0","0","0","0","0","0","0","0","0","0","0","0","0","-4.32","-4.32"
"Apr 5, 2017 2:02:58 PM PDT","6328775331","Order","111-9228107-0123406","B1-9MKJ-ITAB","Swiss Army Mountain Water by Swiss Army, 3.4 Ounce 100ml EDT Spray","1","amazon.com","Standard Orders","Seller","SAN DIEGO","CA","92154-8544","","22.87","0","9.82","0","0","0","0","0","0","0","0","-4.90","0","0","0","27.79"
"Apr 5, 2017 2:03:36 PM PDT","6328775331","Shipping Services","111-9228107-0123406","","Shipping Label Purchased through Amazon","","","Standard Orders","","","","","","0","0","0","0","0","0","0","0","0","0","0","0","0","0","-3.90","-3.90"
"Apr 5, 2017 2:05:10 PM PDT","6328775331","Order","114-9409339-4263417","B0-30LP-CY8E","Jessica Simpson Fancy Love  Gift Set for Women (Eau de Parfum Spray 3.4 Ounce, Lotion 4 Ounce, Lotion 3 Ounce, Bath and Shower Cream, Eau de Parfum Sp","1","amazon.com","Standard Orders","Seller","SAINT JOSEPH","MO","64504-2578","","45.30","0","6.89","0","0","0","0","0","0","0","0","-7.83","0","0","0","44.36"
"Apr 5, 2017 2:05:53 PM PDT","6328775331","Shipping Services","114-9409339-4263417","","Shipping Label Purchased through Amazon","","","Standard Orders","","","","","","0","0","0","0","0","0","0","0","0","0","0","0","0","0","-6.96","-6.96"
"Apr 5, 2017 2:06:12 PM PDT","6328775331","Order","114-5023810-7681831","AL-3CYM-X54U","Canoe By Dana For Men. Eau De Toilette 8.0 Oz.","1","amazon.com","Standard Orders","Seller","Crystal Lake","IL","60014-7852","","16.00","0","5.94","0","0","0","0","0","0","0","0","-3.29","0","0","0","18.65"
"Apr 5, 2017 2:06:50 PM PDT","6328775331","Shipping Services","114-5023810-7681831","","Shipping Label Purchased through Amazon","","","Standard Orders","","","","","","0","0","0","0","0","0","0","0","0","0","0","0","0","0","-6.05","-6.05"
"Apr 5, 2017 2:07:51 PM PDT","6328775331","Order","114-0346086-8369844","RF-LX73-TAHE","DIESEL PLUS PLUS by Diesel EDT SPRAY 2.5 OZ Masculine","1","amazon.com","Standard Orders","Seller","DORAL","FL","33122-1059","","13.56","0","0","0","0","0","0","0","0","0","0","-2.03","0","0","0","11.53"
"Apr 5, 2017 2:08:27 PM PDT","6328775331","Shipping Services","114-0346086-8369844","","Shipping Label Purchased through Amazon","","","Standard Orders","","","","","","0","0","0","0","0","0","0","0","0","0","0","0","0","0","-3.62","-3.62"
"Apr 5, 2017 2:08:52 PM PDT","6328775331","Order","114-0209940-8524226","JQ-XP7R-N74L","212 VIP ROSE by Carolina Herrera 2.7 Ounce / 80 ml Eau de Parfum Women Perfume Spray","1","amazon.com","Standard Orders","Seller","MIAMI","FL","33191-1501","","69.40","0","5.39","0","0","0","0","0","0","0","0","-11.22","0","0","0","63.57"
"Apr 5, 2017 2:09:29 PM PDT","6328775331","Shipping Services","114-0209940-8524226","","Shipping Label Purchased through Amazon","","","Standard Orders","","","","","","0","0","0","0","0","0","0","0","0","0","0","0","0","0","-4.61","-4.61"
"Apr 5, 2017 2:09:54 PM PDT","6328775331","Order","113-9819296-0714654","JK-130P-A3PQ","Tiamo by Parfum Blaze Eau De Toilette Spray 3.4 oz","1","amazon.com","Standard Orders","Seller","COLUMBIA","SC","29207-5103","","15.24","0","0","0","0","0","0","0","0","0","0","-2.29","0","0","0","12.95"
"Apr 5, 2017 2:10:31 PM PDT","6328775331","Shipping Services","113-9819296-0714654","","Shipping Label Purchased through Amazon","","","Standard Orders","","","","","","0","0","0","0","0","0","0","0","0","0","0","0","0","0","-4.46","-4.46"
"Apr 5, 2017 2:11:16 PM PDT","6328775331","Order","112-8584649-0526655","C8-0GJV-QWP1","GREY FLANNEL ~ GEOFFREY BEENE 4.0 OZ COLOGNE NEW IN BOX by Geoffrey Beene","1","amazon.com","Standard Orders","Seller","Manchester","MO","63021-6844","","14.67","0","5.04","0","0","0","0","0","0","0","0","-2.96","0","0","0","16.75"
"Apr 5, 2017 2:11:53 PM PDT","6328775331","Shipping Services","112-8584649-0526655","","Shipping Label Purchased through Amazon","","","Standard Orders","","","","","","0","0","0","0","0","0","0","0","0","0","0","0","0","0","-3.76","-3.76"
"Apr 5, 2017 2:12:21 PM PDT","6328775331","Order","112-4817053-4237833","2L-YX0W-CS37","Johan B Merveille Eau De Parfum Spray for Women, 3.4 Ounce","1","amazon.com","Standard Orders","Seller","HOUSTON","TX","77006-6180","","29.97","0","0","0","0","0","0","0","0","0","0","-4.50","0","0","0","25.47"
"Apr 5, 2017 2:12:58 PM PDT","6328775331","Shipping Services","112-4817053-4237833","","Shipping Label Purchased through Amazon","","","Standard Orders","","","","","","0","0","0","0","0","0","0","0","0","0","0","0","0","0","-4.46","-4.46"
"Apr 5, 2017 2:13:45 PM PDT","6328775331","Order","112-2948878-3759445","E3-KN4I-A54V","Women's Safari by Ralph Lauren Eau de Parfum Spray - 2.5 oz by RBS","1","amazon.com","Standard Orders","Seller","PUNTA GORDA","FL","33982-4759","","52.78","0","5.09","0","0","0","0","0","0","0","0","-8.68","0","0","0","49.19"
"Apr 5, 2017 2:14:23 PM PDT","6328775331","Shipping Services","112-2948878-3759445","","Shipping Label Purchased through Amazon","","","Standard Orders","","","","","","0","0","0","0","0","0","0","0","0","0","0","0","0","0","-3.91","-3.91"
"Apr 5, 2017 2:14:56 PM PDT","6328775331","Order","112-3952826-3315407","PO-CX8T-9V0U","Nautica Voyage By Nautica For Men. Eau De Toilette Spray 3.4 oz","1","amazon.com","Standard Orders","Seller","Fairfield","CA","94533-5123","","20.19","0","0","0","0","0","0","0","0","0","0","-3.03","0","0","0","17.16"
"Apr 5, 2017 2:15:32 PM PDT","6328775331","Shipping Services","112-3952826-3315407","","Shipping Label Purchased through Amazon","","","Standard Orders","","","","","","0","0","0","0","0","0","0","0","0","0","0","0","0","0","-4.32","-4.32"
"Apr 5, 2017 2:15:51 PM PDT","6328775331","Order","111-8504176-3125010","OA-PJRJ-Y9NK","OSCAR by Oscar de la Renta Eau De Toilette Spray 3.4 oz for Women","1","amazon.com","Standard Orders","Seller","LEES SUMMIT","MO","64086-8430","","30.00","0","0","0","0","0","0","0","0","0","0","-4.50","0","0","0","25.50"
"Apr 5, 2017 2:16:28 PM PDT","6328775331","Shipping Services","111-8504176-3125010","","Shipping Label Purchased through Amazon","","","Standard Orders","","","","","","0","0","0","0","0","0","0","0","0","0","0","0","0","0","-4.32","-4.32"
"Apr 5, 2017 2:16:46 PM PDT","6328775331","Order","111-1598759-8431445","FY-7C7N-PWYT","Karen Low Exchange Men Eau De Toilette Spray, 3.4 Ounce","1","amazon.com","Standard Orders","Seller","JERSEY CITY","NEW JERSEY","07305-3304","","9.63","0","5.19","0","0","0","0","0","0","0","0","-2.22","0","0","0","12.60"
"Apr 5, 2017 2:17:24 PM PDT","6328775331","Shipping Services","111-1598759-8431445","","Shipping Label Purchased through Amazon","","","Standard Orders","","","","","","0","0","0","0","0","0","0","0","0","0","0","0","0","0","-4.04","-4.04"
"Apr 5, 2017 2:18:13 PM PDT","6328775331","Order","112-5394770-0814615","RF-LX73-TAHE","DIESEL PLUS PLUS by Diesel EDT SPRAY 2.5 OZ Masculine","1","amazon.com","Standard Orders","Seller","DORAL","FL","33198-1534","","13.56","0","0","0","0","0","0","0","0","0","0","-2.03","0","0","0","11.53"
"Apr 5, 2017 2:18:50 PM PDT","6328775331","Shipping Services","112-5394770-0814615","","Shipping Label Purchased through Amazon","","","Standard Orders","","","","","","0","0","0","0","0","0","0","0","0","0","0","0","0","0","-3.62","-3.62"
"Apr 5, 2017 2:20:50 PM PDT","6328775331","Order","114-1028846-4651443","HO-EI5S-QVRS","Jessica Simpson Fancy Love for Women 4 Piece Set","1","amazon.com","Standard Orders","Seller","League City","TX","77573-1835","","59.47","0","4.49","0","0","0","0","0","0","0","0","-9.59","0","0","0","54.37"
"Apr 5, 2017 2:21:26 PM PDT","6328775331","Shipping Services","114-1028846-4651443","","Shipping Label Purchased through Amazon","","","Standard Orders","","","","","","0","0","0","0","0","0","0","0","0","0","0","0","0","0","-7.11","-7.11"
"Apr 5, 2017 2:21:59 PM PDT","6328775331","Order","113-1251747-1395413","94-F1VE-NDUN","Fairy Dust By Paris Hilton Gift Set -- 3.4 Oz Eau De Parfum Spray + 3 Oz Sparkling Body Lotion + 3 Oz Bath & Shower Gel For Women","1","amazon.com","Standard Orders","Seller","MIAMI","FL","33126-6007","","23.32","0","5.49","0","0","0","0","0","0","0","0","-4.32","0","0","0","24.49"
"Apr 5, 2017 2:22:24 PM PDT","6328775331","Shipping Services","113-1251747-1395413","","Shipping Label Purchased through Amazon","","","Standard Orders","","","","","","0","0","0","0","0","0","0","0","0","0","0","0","0","0","-6.96","-6.96"
"Apr 5, 2017 2:23:38 PM PDT","6328775331","Order","111-6816484-4106606","RF-LX73-TAHE","DIESEL PLUS PLUS by Diesel EDT SPRAY 2.5 OZ Masculine","1","amazon.com","Standard Orders","Seller","Miami, FL 33192","Florida","33172-9026","","13.56","0","0","0","0","0","0","0","0","0","0","-2.03","0","0","0","11.53"
"Apr 5, 2017 2:24:13 PM PDT","6328775331","Shipping Services","111-6816484-4106606","","Shipping Label Purchased through Amazon","","","Standard Orders","","","","","","0","0","0","0","0","0","0","0","0","0","0","0","0","0","-3.62","-3.62"
"Apr 5, 2017 2:24:41 PM PDT","6328775331","Order","111-3801855-4835449","2R-XBDJ-90C7","Carolina Herrera 212 Vip Rose Eau de Parfum Spray for Women, 1.7 Ounce","1","amazon.com","Standard Orders","Seller","BRIDGEPORT","CT","06604-3433","","48.05","0","0","0","0","0","0","0","0","0","0","-7.21","0","0","0","40.84"
"Apr 5, 2017 2:25:17 PM PDT","6328775331","Shipping Services","111-3801855-4835449","","Shipping Label Purchased through Amazon","","","Standard Orders","","","","","","0","0","0","0","0","0","0","0","0","0","0","0","0","0","-4.32","-4.32"
"Apr 5, 2017 2:27:08 PM PDT","6328775331","Order","111-9619675-3227420","AY-H3R8-PBQ6","Dana Navy Eau de Toilettes Spray for Women, 2.5 Ounce","1","amazon.com","Standard Orders","Seller","SPRINGVALE","ME","04083-1705","","59.94","0","4.99","0","0","0","0","0","0","0","0","-9.74","0","0","0","55.19"
"Apr 5, 2017 2:27:35 PM PDT","6328775331","Shipping Services","111-9619675-3227420","","Shipping Label Purchased through Amazon","","","Standard Orders","","","","","","0","0","0","0","0","0","0","0","0","0","0","0","0","0","-3.77","-3.77"
"Apr 5, 2017 4:51:16 PM PDT","6328775331","Order","111-6194638-9704223","N6-T97C-HZ2W","INSURRECTION by Reyane Tradition Men's Eau De Toilette Spray 3.4 oz - 100% Authentic","2","amazon.com","Standard Orders","Seller","BRONX","NY","10456-3836","","42.94","0","0","0","0","0","0","0","0","0","0","-6.44","0","0","0","36.50"
"Apr 5, 2017 4:51:54 PM PDT","6328775331","Shipping Services","111-6194638-9704223","","Shipping Label Purchased through Amazon","","","Standard Orders","","","","","","0","0","0","0","0","0","0","0","0","0","0","0","0","0","-6.05","-6.05"
"Apr 6, 2017 5:00:33 AM PDT","6329562371","Transfer","","","To your account ending in: 6276, Bank Transfer ID: 091000013107877","","","Standard Orders","","","","","","0","0","0","0","0","0","0","0","0","0","0","0","0","0","-917.24","-917.24"
"Apr 6, 2017 1:03:27 PM PDT","6329562371","Order","111-5080298-2699459","TJ-E71K-IYKR","Paul Sebastian Cologne for Men, 8.0 Fluid Ounce","2","amazon.com","Standard Orders","Seller","READING","PENNSYLVANIA","19605-7003","","40.56","0","6.89","0","0","0","0","0","0","0","0","-7.12","0","0","0","40.33"
"Apr 6, 2017 1:04:03 PM PDT","6329562371","Shipping Services","111-5080298-2699459","","Shipping Label Purchased through Amazon","","","Standard Orders","","","","","","0","0","0","0","0","0","0","0","0","0","0","0","0","0","-6.05","-6.05"
"Apr 6, 2017 1:05:49 PM PDT","6329562371","Order","114-9337126-6585043","RF-LX73-TAHE","DIESEL PLUS PLUS by Diesel EDT SPRAY 2.5 OZ Masculine","1","amazon.com","Standard Orders","Seller","Miami","Fl","33183","","13.56","0","0","0","0","0","0","0","0","0","0","-2.03","0","0","0","11.53"
"Apr 6, 2017 1:06:26 PM PDT","6329562371","Shipping Services","114-9337126-6585043","","Shipping Label Purchased through Amazon","","","Standard Orders","","","","","","0","0","0","0","0","0","0","0","0","0","0","0","0","0","-3.62","-3.62"
"Apr 6, 2017 1:06:48 PM PDT","6329562371","Order","114-8891617-9787422","JK-130P-A3PQ","Tiamo by Parfum Blaze Eau De Toilette Spray 3.4 oz","2","amazon.com","Standard Orders","Seller","JACKSONVILLE","FL","32254-1803","","30.44","0","12.99","0","0","0","0","0","0","0","0","-6.52","0","0","0","36.91"
"Apr 6, 2017 1:07:26 PM PDT","6329562371","Shipping Services","114-8891617-9787422","","Shipping Label Purchased through Amazon","","","Standard Orders","","","","","","0","0","0","0","0","0","0","0","0","0","0","0","0","0","-6.05","-6.05"
"Apr 6, 2017 1:08:27 PM PDT","6329562371","Order","114-5640722-1875466","27-51HR-133R","Double Diamond 3.4 Eau De Perfume Spray Women by Diamond","2","amazon.com","Standard Orders","Seller","COUNTRYSIDE","ILLINOIS","60525-3530","","24.00","0","4.49","0","0","0","0","0","0","0","0","-4.28","0","0","0","24.21"
"Apr 6, 2017 1:09:04 PM PDT","6329562371","Shipping Services","114-5640722-1875466","","Shipping Label Purchased through Amazon","","","Standard Orders","","","","","","0","0","0","0","0","0","0","0","0","0","0","0","0","0","-6.05","-6.05"
"Apr 6, 2017 1:09:41 PM PDT","6329562371","Order","114-5195851-8043410","B1-9MKJ-ITAB","Swiss Army Mountain Water by Swiss Army, 3.4 Ounce 100ml EDT Spray","1","amazon.com","Standard Orders","Seller","DORAL","FL","33191-1045","","22.87","0","5.04","0","0","0","0","0","0","0","0","-4.19","0","0","0","23.72"
"Apr 6, 2017 1:10:15 PM PDT","6329562371","Shipping Services","114-5195851-8043410","","Shipping Label Purchased through Amazon","","","Standard Orders","","","","","","0","0","0","0","0","0","0","0","0","0","0","0","0","0","-3.90","-3.90"
"Apr 6, 2017 1:11:09 PM PDT","6329562371","Order","114-2903006-5453850","KF-2WDK-CCTQ","Narciso Rodriguez by Narciso Rodriguez for Him Men 3.3 oz Eau de Toilette Spray","1","amazon.com","Standard Orders","Seller","Mesa","Arizona","85210-1432","","56.69","0","10.71","0","0","0","0","0","0","0","0","-10.11","0","0","0","57.29"
"Apr 6, 2017 1:11:46 PM PDT","6329562371","Shipping Services","114-2903006-5453850","","Shipping Label Purchased through Amazon","","","Standard Orders","","","","","","0","0","0","0","0","0","0","0","0","0","0","0","0","0","-6.20","-6.20"
"Apr 6, 2017 1:12:27 PM PDT","6329562371","Order","114-2577300-5437856","JK-130P-A3PQ","Tiamo by Parfum Blaze Eau De Toilette Spray 3.4 oz","1","amazon.com","Standard Orders","Seller","BRECKENRIDGE","CO","80424-8710","","15.22","0","11.49","0","0","0","0","0","0","0","0","-4.01","0","0","0","22.70"
"Apr 6, 2017 1:13:03 PM PDT","6329562371","Shipping Services","114-2577300-5437856","","Shipping Label Purchased through Amazon","","","Standard Orders","","","","","","0","0","0","0","0","0","0","0","0","0","0","0","0","0","-6.05","-6.05"
"Apr 6, 2017 1:15:57 PM PDT","6329562371","Order","113-8815365-3704231","QX-WEGU-J8B7","Nicole Miller Frenzy Perfume Eau de Parfum Spray for Women, 3.4 Ounce","1","amazon.com","Standard Orders","Seller","INDIANTOWN","FL","34956-3635","","54.40","0","5.34","0","0","0","0","0","0","0","0","-8.96","0","0","0","50.78"
"Apr 6, 2017 1:16:34 PM PDT","6329562371","Shipping Services","113-8815365-3704231","","Shipping Label Purchased through Amazon","","","Standard Orders","","","","","","0","0","0","0","0","0","0","0","0","0","0","0","0","0","-4.61","-4.61"
"Apr 6, 2017 1:16:56 PM PDT","6329562371","Order","113-7863319-8733841","RF-LX73-TAHE","DIESEL PLUS PLUS by Diesel EDT SPRAY 2.5 OZ Masculine","2","amazon.com","Standard Orders","Seller","ARLINGTON","VA","22204-3208","","27.12","0","0","0","0","0","0","0","0","0","0","-4.06","0","0","0","23.06"
"Apr 6, 2017 1:17:34 PM PDT","6329562371","Shipping Services","113-7863319-8733841","","Shipping Label Purchased through Amazon","","","Standard Orders","","","","","","0","0","0","0","0","0","0","0","0","0","0","0","0","0","-6.05","-6.05"
"Apr 6, 2017 1:18:18 PM PDT","6329562371","Order","113-7413996-0191416","TP-JZ2P-HJSY","Daisy Eau So Fresh by Marc Jacobs Eau De Toilette Spray 4.2 oz Women's","1","amazon.com","Standard Orders","Seller","ALBANY","OR","97321-9464","","56.46","0","4.97","0","0","0","0","0","0","0","0","-9.21","0","0","0","52.22"
"Apr 6, 2017 1:18:52 PM PDT","6329562371","Shipping Services","113-7413996-0191416","","Shipping Label Purchased through Amazon","","","Standard Orders","","","","","","0","0","0","0","0","0","0","0","0","0","0","0","0","0","-4.61","-4.61"
"Apr 6, 2017 1:19:53 PM PDT","6329562371","Order","113-3714926-0225000","RF-LX73-TAHE","DIESEL PLUS PLUS by Diesel EDT SPRAY 2.5 OZ Masculine","2","amazon.com","Standard Orders","Seller","NEW BRITAIN","CT","06051-2430","","27.12","0","0","0","0","0","0","0","0","0","0","-4.06","0","0","0","23.06"
"Apr 6, 2017 1:20:27 PM PDT","6329562371","Shipping Services","113-3714926-0225000","","Shipping Label Purchased through Amazon","","","Standard Orders","","","","","","0","0","0","0","0","0","0","0","0","0","0","0","0","0","-6.05","-6.05"
"Apr 6, 2017 1:20:56 PM PDT","6329562371","Order","113-0204755-3699417","FZ-8TJD-LDEQ","Aspen by Coty 4.0 oz 118 ml for Men Eau De Cologne","2","amazon.com","Standard Orders","Seller","CAPITOL HEIGHTS","MARYLAND","20743-5937","","14.00","0","5.73","0","0","0","0","0","0","0","0","-2.96","0","0","0","16.77"
"Apr 6, 2017 1:21:32 PM PDT","6329562371","Shipping Services","113-0204755-3699417","","Shipping Label Purchased through Amazon","","","Standard Orders","","","","","","0","0","0","0","0","0","0","0","0","0","0","0","0","0","-6.05","-6.05"
"Apr 6, 2017 1:22:40 PM PDT","6329562371","Order","112-9514391-1610640","74-DRG6-NKAA","Estee Lauder Purse Beautiful Eau de Parfum Spray for Women, 6 Count","1","amazon.com","Standard Orders","Seller","MIAMI","FL","33125-3617","","65.96","0","0","0","0","0","0","0","0","0","0","-9.89","0","0","0","56.07"
"Apr 6, 2017 1:23:11 PM PDT","6329562371","Shipping Services","112-9514391-1610640","","Shipping Label Purchased through Amazon","","","Standard Orders","","","","","","0","0","0","0","0","0","0","0","0","0","0","0","0","0","-4.47","-4.47"
"Apr 6, 2017 1:23:39 PM PDT","6329562371","Order","112-9119674-9372257","RF-LX73-TAHE","DIESEL PLUS PLUS by Diesel EDT SPRAY 2.5 OZ Masculine","1","amazon.com","Standard Orders","Seller","DORAL","FL","33198-1506","","13.56","0","0","0","0","0","0","0","0","0","0","-2.03","0","0","0","11.53"
"Apr 6, 2017 1:24:16 PM PDT","6329562371","Shipping Services","112-9119674-9372257","","Shipping Label Purchased through Amazon","","","Standard Orders","","","","","","0","0","0","0","0","0","0","0","0","0","0","0","0","0","-3.62","-3.62"
"Apr 6, 2017 1:25:36 PM PDT","6329562371","Order","112-7207014-6801806","RF-LX73-TAHE","DIESEL PLUS PLUS by Diesel EDT SPRAY 2.5 OZ Masculine","6","amazon.com","Standard Orders","Seller","PLANTATION","FLORIDA","33324","","81.36","0","0","0","0","0","0","0","0","0","0","-12.18","0","0","0","69.18"
"Apr 6, 2017 1:26:13 PM PDT","6329562371","Shipping Services","112-7207014-6801806","","Shipping Label Purchased through Amazon","","","Standard Orders","","","","","","0","0","0","0","0","0","0","0","0","0","0","0","0","0","-11.91","-11.91"
"Apr 6, 2017 1:27:02 PM PDT","6329562371","Order","112-5691067-3084236","RF-LX73-TAHE","DIESEL PLUS PLUS by Diesel EDT SPRAY 2.5 OZ Masculine","1","amazon.com","Standard Orders","Seller","MANASSAS","VA","20109-7678","","13.56","0","0","0","0","0","0","0","0","0","0","-2.03","0","0","0","11.53"
"Apr 6, 2017 1:27:31 PM PDT","6329562371","Shipping Services","112-5691067-3084236","","Shipping Label Purchased through Amazon","","","Standard Orders","","","","","","0","0","0","0","0","0","0","0","0","0","0","0","0","0","-3.62","-3.62"
"Apr 6, 2017 1:28:19 PM PDT","6329562371","Order","112-5351776-3588213","RF-LX73-TAHE","DIESEL PLUS PLUS by Diesel EDT SPRAY 2.5 OZ Masculine","1","amazon.com","Standard Orders","Seller","BORDENTOWN","NEW JERSEY","08505-2122","","13.56","0","10.74","0","0","0","0","0","0","0","0","-3.65","0","0","0","20.65"
"Apr 6, 2017 1:28:42 PM PDT","6329562371","Shipping Services","112-5351776-3588213","","Shipping Label Purchased through Amazon","","","Standard Orders","","","","","","0","0","0","0","0","0","0","0","0","0","0","0","0","0","-6.05","-6.05"
"Apr 6, 2017 1:29:12 PM PDT","6329562371","Order","112-5112889-6805812","1O-YSQR-VEK9","1 Million Fragrance By Paco Rabanne 3pc Travel Edition Gift Set . 3.4 Fl.Oz. Eau De Toilette Spray + 3.4 S/G Men+15ml spray Mini For Men","1","amazon.com","Standard Orders","Seller","SUGAR LAND","TX","77478-2792","","69.65","0","4.49","0","0","0","0","0","0","0","0","-11.12","0","0","0","63.02"
"Apr 6, 2017 1:29:49 PM PDT","6329562371","Shipping Services","112-5112889-6805812","","Shipping Label Purchased through Amazon","","","Standard Orders","","","","","","0","0","0","0","0","0","0","0","0","0","0","0","0","0","-7.11","-7.11"
"Apr 6, 2017 1:30:11 PM PDT","6329562371","Order","112-3910545-0413806","9F-TM9C-OPMW","Black Point by YZY Perfume","1","amazon.com","Standard Orders","Seller","NEW YORK","NY","10004-1617","","5.60","0","5.49","0","0","0","0","0","0","0","0","-1.66","0","0","0","9.43"
"Apr 6, 2017 1:30:48 PM PDT","6329562371","Shipping Services","112-3910545-0413806","","Shipping Label Purchased through Amazon","","","Standard Orders","","","","","","0","0","0","0","0","0","0","0","0","0","0","0","0","0","-4.04","-4.04"
"Apr 6, 2017 1:31:29 PM PDT","6329562371","Order","112-3339861-9965018","9F-TM9C-OPMW","Black Point by YZY Perfume","1","amazon.com","Standard Orders","Seller","ASHEVILLE","NC","28806-5136","","5.60","0","5.49","0","0","0","0","0","0","0","0","-1.66","0","0","0","9.43"
"Apr 6, 2017 1:32:05 PM PDT","6329562371","Shipping Services","112-3339861-9965018","","Shipping Label Purchased through Amazon","","","Standard Orders","","","","","","0","0","0","0","0","0","0","0","0","0","0","0","0","0","-4.04","-4.04"
"Apr 6, 2017 1:34:36 PM PDT","6329562371","Order","112-1903584-4485840","UZ-YL8C-YVM0","Houbigant Quelques Fleurs Original Eau de Parfum Spray for Women, 3.4 Fluid Ounce","2","amazon.com","Standard Orders","Seller","NEWNAN","GA","30263-4929","","125.78","0","5.59","0","0","0","0","0","0","0","0","-19.70","0","0","0","111.67"
"Apr 6, 2017 1:35:13 PM PDT","6329562371","Shipping Services","112-1903584-4485840","","Shipping Label Purchased through Amazon","","","Standard Orders","","","","","","0","0","0","0","0","0","0","0","0","0","0","0","0","0","-6.65","-6.65"
"Apr 6, 2017 1:36:34 PM PDT","6329562371","Order","112-0799270-6353807","AS-WJLN-2GTU","Design by Paul Sebastian for Men, Cologne Spray, 3.4-Ounce","1","amazon.com","Standard Orders","Seller","BRONX","NY","10463-4703","","13.50","0","5.09","0","0","0","0","0","0","0","0","-2.79","0","0","0","15.80"
"Apr 6, 2017 1:37:11 PM PDT","6329562371","Shipping Services","112-0799270-6353807","","Shipping Label Purchased through Amazon","","","Standard Orders","","","","","","0","0","0","0","0","0","0","0","0","0","0","0","0","0","-3.90","-3.90"
"Apr 6, 2017 1:37:32 PM PDT","6329562371","Order","111-6173933-3726623","FY-7C7N-PWYT","Karen Low Exchange Men Eau De Toilette Spray, 3.4 Ounce","1","amazon.com","Standard Orders","Seller","Harsens Island","MI","48028","","9.63","0","5.19","0","0","0","0","0","0","0","0","-2.22","0","0","0","12.60"
"Apr 6, 2017 1:38:10 PM PDT","6329562371","Shipping Services","111-6173933-3726623","","Shipping Label Purchased through Amazon","","","Standard Orders","","","","","","0","0","0","0","0","0","0","0","0","0","0","0","0","0","-4.04","-4.04"
"Apr 6, 2017 1:38:45 PM PDT","6329562371","Order","111-5934139-7369061","TP-JZ2P-HJSY","Daisy Eau So Fresh by Marc Jacobs Eau De Toilette Spray 4.2 oz Women's","1","amazon.com","Standard Orders","Seller","THURMONT","MD","21788-1791","","56.46","0","4.97","0","0","0","0","0","0","0","0","-9.21","0","0","0","52.22"
"Apr 6, 2017 1:39:23 PM PDT","6329562371","Shipping Services","111-5934139-7369061","","Shipping Label Purchased through Amazon","","","Standard Orders","","","","","","0","0","0","0","0","0","0","0","0","0","0","0","0","0","-4.61","-4.61"
"Apr 6, 2017 1:40:01 PM PDT","6329562371","Order","111-5756636-8464205","RF-LX73-TAHE","DIESEL PLUS PLUS by Diesel EDT SPRAY 2.5 OZ Masculine","1","amazon.com","Standard Orders","Seller","MABLETON","GA","30126-5752","","13.56","0","0","0","0","0","0","0","0","0","0","-2.03","0","0","0","11.53"
"Apr 6, 2017 1:40:38 PM PDT","6329562371","Shipping Services","111-5756636-8464205","","Shipping Label Purchased through Amazon","","","Standard Orders","","","","","","0","0","0","0","0","0","0","0","0","0","0","0","0","0","-3.62","-3.62"
"Apr 6, 2017 1:40:57 PM PDT","6329562371","Order","111-5405921-6957064","JQ-XP7R-N74L","212 VIP ROSE by Carolina Herrera 2.7 Ounce / 80 ml Eau de Parfum Women Perfume Spray","1","amazon.com","Standard Orders","Seller","DORAL","FL","33192-2992","","69.40","0","5.39","0","0","0","0","0","0","0","0","-11.22","0","0","0","63.57"
"Apr 6, 2017 1:41:35 PM PDT","6329562371","Shipping Services","111-5405921-6957064","","Shipping Label Purchased through Amazon","","","Standard Orders","","","","","","0","0","0","0","0","0","0","0","0","0","0","0","0","0","-4.61","-4.61"
"Apr 6, 2017 1:42:35 PM PDT","6329562371","Order","111-4881022-3274622","TJ-E71K-IYKR","Paul Sebastian Cologne for Men, 8.0 Fluid Ounce","1","amazon.com","Standard Orders","Seller","LAWRENCEVILLE","NJ","08648-1591","","20.28","0","5.69","0","0","0","0","0","0","0","0","-3.90","0","0","0","22.07"
"Apr 6, 2017 1:43:12 PM PDT","6329562371","Shipping Services","111-4881022-3274622","","Shipping Label Purchased through Amazon","","","Standard Orders","","","","","","0","0","0","0","0","0","0","0","0","0","0","0","0","0","-6.05","-6.05"
"Apr 6, 2017 1:44:24 PM PDT","6329562371","Order","111-2767907-9451425","2R-XBDJ-90C7","Carolina Herrera 212 Vip Rose Eau de Parfum Spray for Women, 1.7 Ounce","1","amazon.com","Standard Orders","Seller","BROOKFIELD","WI","53005-5903","","48.05","0","0","0","0","0","0","0","0","0","0","-7.21","0","0","0","40.84"
"Apr 6, 2017 1:45:00 PM PDT","6329562371","Shipping Services","111-2767907-9451425","","Shipping Label Purchased through Amazon","","","Standard Orders","","","","","","0","0","0","0","0","0","0","0","0","0","0","0","0","0","-4.32","-4.32"
"Apr 6, 2017 1:45:25 PM PDT","6329562371","Order","111-1036502-8716245","PV-XO75-ZB6S","Bijan Nude By Bijan For Women. Eau De Toilette Spray 2.5-Ounce Bottle","1","amazon.com","Standard Orders","Seller","WHITE HALL","AR","71602-3263","","18.72","0","5.26","0","0","0","0","0","0","0","0","-3.60","0","0","0","20.38"
"Apr 6, 2017 1:46:02 PM PDT","6329562371","Shipping Services","111-1036502-8716245","","Shipping Label Purchased through Amazon","","","Standard Orders","","","","","","0","0","0","0","0","0","0","0","0","0","0","0","0","0","-4.32","-4.32"
"Apr 6, 2017 1:46:28 PM PDT","6329562371","Order","111-0694684-5697067","N6-T97C-HZ2W","INSURRECTION by Reyane Tradition Men's Eau De Toilette Spray 3.4 oz - 100% Authentic","1","amazon.com","Standard Orders","Seller","STATEN ISLAND","NY","10306-2780","","21.47","0","0","0","0","0","0","0","0","0","0","-3.22","0","0","0","18.25"
"Apr 6, 2017 1:47:04 PM PDT","6329562371","Shipping Services","111-0694684-5697067","","Shipping Label Purchased through Amazon","","","Standard Orders","","","","","","0","0","0","0","0","0","0","0","0","0","0","0","0","0","-4.46","-4.46"
"Apr 6, 2017 1:47:54 PM PDT","6329562371","Order","111-0557597-6930604","LX-TSWW-29S8","White Diamonds By Elizabeth Taylor Edt Spray 3.3 Oz for Women","1","amazon.com","Standard Orders","Seller","NORMA","ND","58746-4007","","23.32","0","5.50","0","0","0","0","0","0","0","0","-4.32","0","0","0","24.50"
"Apr 6, 2017 1:48:29 PM PDT","6329562371","Shipping Services","111-0557597-6930604","","Shipping Label Purchased through Amazon","","","Standard Orders","","","","","","0","0","0","0","0","0","0","0","0","0","0","0","0","0","-4.04","-4.04"
"Apr 6, 2017 1:49:58 PM PDT","6329562371","Order","114-1433091-5106620","RF-LX73-TAHE","DIESEL PLUS PLUS by Diesel EDT SPRAY 2.5 OZ Masculine","1","amazon.com","Standard Orders","Seller","WASHINGTON","DC","20001-1012","","13.56","0","0","0","0","0","0","0","0","0","0","-2.03","0","0","0","11.53"
"Apr 6, 2017 1:50:34 PM PDT","6329562371","Shipping Services","114-1433091-5106620","","Shipping Label Purchased through Amazon","","","Standard Orders","","","","","","0","0","0","0","0","0","0","0","0","0","0","0","0","0","-3.62","-3.62"
"Apr 6, 2017 1:50:56 PM PDT","6329562371","Order","113-8645906-8397808","RF-LX73-TAHE","DIESEL PLUS PLUS by Diesel EDT SPRAY 2.5 OZ Masculine","1","amazon.com","Standard Orders","Seller","GREENWICH","CT","06830-5211","","13.56","0","0","0","0","0","0","0","0","0","0","-2.03","0","0","0","11.53"
"Apr 6, 2017 1:51:34 PM PDT","6329562371","Shipping Services","113-8645906-8397808","","Shipping Label Purchased through Amazon","","","Standard Orders","","","","","","0","0","0","0","0","0","0","0","0","0","0","0","0","0","-3.62","-3.62"
"Apr 6, 2017 1:52:54 PM PDT","6329562371","Order","113-5979042-9523418","F3-YTCU-QEKH","Extasia Black by New Brand, 3.3 oz Eau De Toilette Spray for men","1","amazon.com","Standard Orders","Seller","DEARBORN HEIGHTS","MI","48127-1111","","9.19","0","0","0","0","0","0","0","0","0","0","-1.38","0","0","0","7.81"
"Apr 6, 2017 1:53:32 PM PDT","6329562371","Shipping Services","113-5979042-9523418","","Shipping Label Purchased through Amazon","","","Standard Orders","","","","","","0","0","0","0","0","0","0","0","0","0","0","0","0","0","-4.04","-4.04"
"Apr 6, 2017 1:54:05 PM PDT","6329562371","Order","113-5319056-6181805","1W-5PTN-4YN0","Piver 489564 Reve Dor by Piver Cologne Splash 14.25 oz","2","amazon.com","Standard Orders","Seller","WHITE MARSH","MARYLAND","21162-1716","","51.08","0","8.49","0","0","0","0","0","0","0","0","-8.94","0","0","0","50.63"
"Apr 6, 2017 1:54:35 PM PDT","6329562371","Shipping Services","113-5319056-6181805","","Shipping Label Purchased through Amazon","","","Standard Orders","","","","","","0","0","0","0","0","0","0","0","0","0","0","0","0","0","-6.78","-6.78"
"Apr 6, 2017 1:55:01 PM PDT","6329562371","Order","113-3513526-1997849","63-KCGG-MOBG","Elegant Gold FOR MEN by Johan B. Paris - 3.4 oz EDT Spray by Johan","1","amazon.com","Standard Orders","Seller","NAPLES","FL","34116-6474","","16.59","0","8.99","0","0","0","0","0","0","0","0","-3.84","0","0","0","21.74"
"Apr 6, 2017 1:55:39 PM PDT","6329562371","Shipping Services","113-3513526-1997849","","Shipping Label Purchased through Amazon","","","Standard Orders","","","","","","0","0","0","0","0","0","0","0","0","0","0","0","0","0","-6.05","-6.05"
"Apr 6, 2017 1:56:17 PM PDT","6329562371","Order","113-3354053-6676215","F3-YTCU-QEKH","Extasia Black by New Brand, 3.3 oz Eau De Toilette Spray for men","1","amazon.com","Standard Orders","Seller","UPPER MARLBORO","MD","20774-5731","","9.19","0","0","0","0","0","0","0","0","0","0","-1.38","0","0","0","7.81"
"Apr 6, 2017 1:56:46 PM PDT","6329562371","Shipping Services","113-3354053-6676215","","Shipping Label Purchased through Amazon","","","Standard Orders","","","","","","0","0","0","0","0","0","0","0","0","0","0","0","0","0","-4.04","-4.04"
"Apr 6, 2017 1:59:27 PM PDT","6329562371","Order","113-3532491-8872233","RF-LX73-TAHE","DIESEL PLUS PLUS by Diesel EDT SPRAY 2.5 OZ Masculine","1","amazon.com","Standard Orders","Seller","SYRACUSE","NY","13208-1656","","13.56","0","0","0","0","0","0","0","0","0","0","-2.03","0","0","0","11.53"
"Apr 6, 2017 2:00:04 PM PDT","6329562371","Shipping Services","113-3532491-8872233","","Shipping Label Purchased through Amazon","","","Standard Orders","","","","","","0","0","0","0","0","0","0","0","0","0","0","0","0","0","-3.62","-3.62"
"Apr 6, 2017 2:01:09 PM PDT","6329562371","Order","112-9157187-4365805","RF-LX73-TAHE","DIESEL PLUS PLUS by Diesel EDT SPRAY 2.5 OZ Masculine","1","amazon.com","Standard Orders","Seller","ORLANDO","FL","32825-6762","","13.56","0","0","0","0","0","0","0","0","0","0","-2.03","0","0","0","11.53"
"Apr 6, 2017 2:01:43 PM PDT","6329562371","Shipping Services","112-9157187-4365805","","Shipping Label Purchased through Amazon","","","Standard Orders","","","","","","0","0","0","0","0","0","0","0","0","0","0","0","0","0","-3.62","-3.62"
"Apr 6, 2017 2:02:25 PM PDT","6329562371","Order","113-1630462-6975411","5R-2LX9-BGJ3","Jessica Mcclintock 2 Piece Gift Set for Women","1","amazon.com","Standard Orders","Seller","BOWIE","MD","20716-1532","","55.50","0","6.19","0","0","0","0","0","0","0","0","-9.25","0","0","0","52.44"
"Apr 6, 2017 2:03:03 PM PDT","6329562371","Shipping Services","113-1630462-6975411","","Shipping Label Purchased through Amazon","","","Standard Orders","","","","","","0","0","0","0","0","0","0","0","0","0","0","0","0","0","-6.71","-6.71"
"Apr 6, 2017 2:03:29 PM PDT","6329562371","Order","112-4705597-6285864","RF-LX73-TAHE","DIESEL PLUS PLUS by Diesel EDT SPRAY 2.5 OZ Masculine","1","amazon.com","Standard Orders","Seller","miami","FL","33195-4007","","13.56","0","0","0","0","0","0","0","0","0","0","-2.03","0","0","0","11.53"
"Apr 6, 2017 2:04:04 PM PDT","6329562371","Shipping Services","112-4705597-6285864","","Shipping Label Purchased through Amazon","","","Standard Orders","","","","","","0","0","0","0","0","0","0","0","0","0","0","0","0","0","-3.62","-3.62"
"Apr 6, 2017 2:04:38 PM PDT","6329562371","Order","111-8636110-4817809","1O-YSQR-VEK9","1 Million Fragrance By Paco Rabanne 3pc Travel Edition Gift Set . 3.4 Fl.Oz. Eau De Toilette Spray + 3.4 S/G Men+15ml spray Mini For Men","1","amazon.com","Standard Orders","Seller","SAN YSIDRO","CA","92173-1174","","69.65","0","4.49","0","0","0","0","0","0","0","0","-11.12","0","0","0","63.02"
"Apr 6, 2017 2:05:14 PM PDT","6329562371","Shipping Services","111-8636110-4817809","","Shipping Label Purchased through Amazon","","","Standard Orders","","","","","","0","0","0","0","0","0","0","0","0","0","0","0","0","0","-7.49","-7.49"
"Apr 6, 2017 2:06:41 PM PDT","6329562371","Order","111-4458229-5473812","7S-8AZO-2OAA","Geoffrey Beene Grey Flannel for Men Eau De Toilette Spray Set, 1 Count","1","amazon.com","Standard Orders","Seller","MORRISTOWN","NJ","07960-5335","","27.99","0","5.49","0","0","0","0","0","0","0","0","-5.02","0","0","0","28.46"
"Apr 6, 2017 2:07:18 PM PDT","6329562371","Shipping Services","111-4458229-5473812","","Shipping Label Purchased through Amazon","","","Standard Orders","","","","","","0","0","0","0","0","0","0","0","0","0","0","0","0","0","-6.05","-6.05"
"Apr 6, 2017 2:07:40 PM PDT","6329562371","Order","111-1741530-2460248","JK-130P-A3PQ","Tiamo by Parfum Blaze Eau De Toilette Spray 3.4 oz","1","amazon.com","Standard Orders","Seller","DETROIT","MI","48227-2897","","15.21","0","0","0","0","0","0","0","0","0","0","-2.28","0","0","0","12.93"
"Apr 6, 2017 2:08:17 PM PDT","6329562371","Shipping Services","111-1741530-2460248","","Shipping Label Purchased through Amazon","","","Standard Orders","","","","","","0","0","0","0","0","0","0","0","0","0","0","0","0","0","-4.46","-4.46"
"Apr 6, 2017 2:11:32 PM PDT","6329562371","Shipping Services","111-1134312-3444241","","Shipping Label Purchased through Amazon","","","Standard Orders","","","","","","0","0","0","0","0","0","0","0","0","0","0","0","0","0","-3.76","-3.76"
"Apr 6, 2017 2:22:52 PM PDT","6329562371","Order","111-1134312-3444241","BW-SZHX-Y7CB","Nicole Miller By Nicole Miller For Men. Eau De Toilette Spray 2.5 OZ","1","amazon.com","Standard Orders","Seller","ACWORTH","GA","30102-7940","","14.95","0","6.49","0","0","0","0","0","0","0","0","-3.22","0","0","0","18.22"
"Apr 6, 2017 4:50:34 PM PDT","6329562371","Order","111-2318092-0698646","E4-G6OD-TXK1","Plus Plus Feminine by Diesel 2.5 oz Eau de Toilette Spray New in Box (Women)","1","amazon.com","Standard Orders","Seller","SOUTH BEND","IN","46613-1923","","8.26","0","4.94","0","0","0","0","0","0","0","0","-1.98","0","0","0","11.22"
"Apr 6, 2017 4:51:08 PM PDT","6329562371","Shipping Services","111-2318092-0698646","","Shipping Label Purchased through Amazon","","","Standard Orders","","","","","","0","0","0","0","0","0","0","0","0","0","0","0","0","0","-3.62","-3.62"
"Apr 6, 2017 4:51:35 PM PDT","6329562371","Order","112-7144630-0797047","2L-YX0W-CS37","Johan B Merveille Eau De Parfum Spray for Women, 3.4 Ounce","1","amazon.com","Standard Orders","Seller","Raymond","Mississippi","39154","","34.19","0","0","0","0","0","0","0","0","0","0","-5.13","0","0","0","29.06"
"Apr 6, 2017 4:52:13 PM PDT","6329562371","Shipping Services","112-7144630-0797047","","Shipping Label Purchased through Amazon","","","Standard Orders","","","","","","0","0","0","0","0","0","0","0","0","0","0","0","0","0","-4.46","-4.46"
"Apr 6, 2017 4:52:48 PM PDT","6329562371","Order","112-0297477-9917007","TJ-E71K-IYKR","Paul Sebastian Cologne for Men, 8.0 Fluid Ounce","2","amazon.com","Standard Orders","Seller","TAMPA","FL","33610-1438","","40.56","0","6.89","0","0","0","0","0","0","0","0","-7.12","0","0","0","40.33"
"Apr 6, 2017 4:53:26 PM PDT","6329562371","Shipping Services","112-0297477-9917007","","Shipping Label Purchased through Amazon","","","Standard Orders","","","","","","0","0","0","0","0","0","0","0","0","0","0","0","0","0","-6.05","-6.05"
"Apr 6, 2017 5:02:04 PM PDT","6329562371","Order","112-7141456-8397031","C8-0GJV-QWP1","GREY FLANNEL ~ GEOFFREY BEENE 4.0 OZ COLOGNE NEW IN BOX by Geoffrey Beene","1","amazon.com","Standard Orders","Seller","READING","PA","19601-3140","","14.67","0","5.04","0","0","0","0","0","0","0","0","-2.96","0","0","0","16.75"
"Apr 6, 2017 5:02:41 PM PDT","6329562371","Shipping Services","112-7141456-8397031","","Shipping Label Purchased through Amazon","","","Standard Orders","","","","","","0","0","0","0","0","0","0","0","0","0","0","0","0","0","-3.76","-3.76"
"Apr 7, 2017 5:04:11 AM PDT","6330315221","Transfer","","","To your account ending in: 6276, Bank Transfer ID: 091000013695292","","","Standard Orders","","","","","","0","0","0","0","0","0","0","0","0","0","0","0","0","0","-1,092.66","-1,092.66"
"Apr 7, 2017 1:26:13 PM PDT","6330315221","Order","114-9470178-5345858","FY-7C7N-PWYT","Karen Low Exchange Men Eau De Toilette Spray, 3.4 Ounce","1","amazon.com","Standard Orders","Seller","UNION","NJ","07083-3706","","9.63","0","5.19","0","0","0","0","0","0","0","0","-2.22","0","0","0","12.60"
"Apr 7, 2017 1:26:50 PM PDT","6330315221","Shipping Services","114-9470178-5345858","","Shipping Label Purchased through Amazon","","","Standard Orders","","","","","","0","0","0","0","0","0","0","0","0","0","0","0","0","0","-4.04","-4.04"
"Apr 7, 2017 1:27:29 PM PDT","6330315221","Order","114-7631846-5265024","JK-130P-A3PQ","Tiamo by Parfum Blaze Eau De Toilette Spray 3.4 oz","1","amazon.com","Standard Orders","Seller","INWOOD","NY","11096-1536","","15.20","0","0","0","0","0","0","0","0","0","0","-2.28","0","0","0","12.92"
"Apr 7, 2017 1:28:07 PM PDT","6330315221","Shipping Services","114-7631846-5265024","","Shipping Label Purchased through Amazon","","","Standard Orders","","","","","","0","0","0","0","0","0","0","0","0","0","0","0","0","0","-4.46","-4.46"
"Apr 7, 2017 1:28:51 PM PDT","6330315221","Order","114-5899785-2643444","C8-0GJV-QWP1","GREY FLANNEL ~ GEOFFREY BEENE 4.0 OZ COLOGNE NEW IN BOX by Geoffrey Beene","1","amazon.com","Standard Orders","Seller","THOMSON","GA","30824-4115","","14.67","0","5.04","0","0","0","0","0","0","0","0","-2.96","0","0","0","16.75"
"Apr 7, 2017 1:29:22 PM PDT","6330315221","Shipping Services","114-5899785-2643444","","Shipping Label Purchased through Amazon","","","Standard Orders","","","","","","0","0","0","0","0","0","0","0","0","0","0","0","0","0","-3.76","-3.76"
"Apr 7, 2017 1:29:51 PM PDT","6330315221","Order","114-5487374-8797825","RF-LX73-TAHE","DIESEL PLUS PLUS by Diesel EDT SPRAY 2.5 OZ Masculine","1","amazon.com","Standard Orders","Seller","FOLCROFT","PA","19032-2011","","13.56","0","0","0","0","0","0","0","0","0","0","-2.03","0","0","0","11.53"
"Apr 7, 2017 1:30:27 PM PDT","6330315221","Shipping Services","114-5487374-8797825","","Shipping Label Purchased through Amazon","","","Standard Orders","","","","","","0","0","0","0","0","0","0","0","0","0","0","0","0","0","-3.62","-3.62"
"Apr 7, 2017 1:31:11 PM PDT","6330315221","Order","114-5126611-7442632","IO-HZ2V-OAW9","Viktor & Rolf Flowerbomb Eau De Parfum 100ml / 3.4 Oz","1","amazon.com","Standard Orders","Seller","Delray beach","Florida","33483","","112.65","0","4.55","0","0","0","0","0","0","0","0","-17.58","0","0","0","99.62"
"Apr 7, 2017 1:31:48 PM PDT","6330315221","Shipping Services","114-5126611-7442632","","Shipping Label Purchased through Amazon","","","Standard Orders","","","","","","0","0","0","0","0","0","0","0","0","0","0","0","0","0","-7.15","-7.15"
"Apr 7, 2017 1:32:52 PM PDT","6330315221","Order","114-4534699-7736253","JQ-XP7R-N74L","212 VIP ROSE by Carolina Herrera 2.7 Ounce / 80 ml Eau de Parfum Women Perfume Spray","1","amazon.com","Standard Orders","Seller","WILKES BARRE","PA","18702-6271","","69.40","0","5.39","0","0","0","0","0","0","0","0","-11.22","0","0","0","63.57"
"Apr 7, 2017 1:33:20 PM PDT","6330315221","Shipping Services","114-4534699-7736253","","Shipping Label Purchased through Amazon","","","Standard Orders","","","","","","0","0","0","0","0","0","0","0","0","0","0","0","0","0","-4.61","-4.61"
"Apr 7, 2017 1:33:49 PM PDT","6330315221","Order","114-1547365-4889060","C8-0GJV-QWP1","GREY FLANNEL ~ GEOFFREY BEENE 4.0 OZ COLOGNE NEW IN BOX by Geoffrey Beene","2","amazon.com","Standard Orders","Seller","SUNNYVALE","CA","94087-2459","","29.34","0","5.59","0","0","0","0","0","0","0","0","-5.24","0","0","0","29.69"
"Apr 7, 2017 1:34:27 PM PDT","6330315221","Shipping Services","114-1547365-4889060","","Shipping Label Purchased through Amazon","","","Standard Orders","","","","","","0","0","0","0","0","0","0","0","0","0","0","0","0","0","-6.05","-6.05"
"Apr 7, 2017 1:35:04 PM PDT","6330315221","Order","114-0349531-8147460","E4-G6OD-TXK1","Plus Plus Feminine by Diesel 2.5 oz Eau de Toilette Spray New in Box (Women)","1","amazon.com","Standard Orders","Seller","GLEN COVE","NY","11542-1748","","8.26","0","4.94","0","0","0","0","0","0","0","0","-1.98","0","0","0","11.22"
"Apr 7, 2017 1:35:32 PM PDT","6330315221","Shipping Services","114-0349531-8147460","","Shipping Label Purchased through Amazon","","","Standard Orders","","","","","","0","0","0","0","0","0","0","0","0","0","0","0","0","0","-3.62","-3.62"
"Apr 7, 2017 1:36:12 PM PDT","6330315221","Order","113-5883829-9799459","1W-5PTN-4YN0","Piver 489564 Reve Dor by Piver Cologne Splash 14.25 oz","1","amazon.com","Standard Orders","Seller","ROCHESTER","NY","14611-1408","","25.54","0","6.49","0","0","0","0","0","0","0","0","-4.80","0","0","0","27.23"
"Apr 7, 2017 1:36:49 PM PDT","6330315221","Shipping Services","113-5883829-9799459","","Shipping Label Purchased through Amazon","","","Standard Orders","","","","","","0","0","0","0","0","0","0","0","0","0","0","0","0","0","-6.56","-6.56"
"Apr 7, 2017 1:37:18 PM PDT","6330315221","Order","113-4990485-8863453","RF-LX73-TAHE","DIESEL PLUS PLUS by Diesel EDT SPRAY 2.5 OZ Masculine","2","amazon.com","Standard Orders","Seller","MIAMI","FL","33195-5649","","27.12","0","0","0","0","0","0","0","0","0","0","-4.06","0","0","0","23.06"
"Apr 7, 2017 1:37:55 PM PDT","6330315221","Shipping Services","113-4990485-8863453","","Shipping Label Purchased through Amazon","","","Standard Orders","","","","","","0","0","0","0","0","0","0","0","0","0","0","0","0","0","-6.05","-6.05"
"Apr 7, 2017 1:41:31 PM PDT","6330315221","Order","113-2398763-8036207","GR-FSVC-DTZN","Karen Low X Change Cool by Karen Low for Men Eau de Toilette Spray 3.4 oz","4","amazon.com","Standard Orders","Seller","Lynnwood","Washington","98046","","59.96","0","0","0","0","0","0","0","0","0","0","-9.00","0","0","0","50.96"
"Apr 7, 2017 1:42:08 PM PDT","6330315221","Shipping Services","113-2398763-8036207","","Shipping Label Purchased through Amazon","","","Standard Orders","","","","","","0","0","0","0","0","0","0","0","0","0","0","0","0","0","-6.70","-6.70"
"Apr 7, 2017 1:42:24 PM PDT","6330315221","Order","112-4389082-5033014","0D-ZN8O-QQ8V","P O L O Black Fragrance for Men Luxury Perfume Spray 4.2 Oz. New with Box","1","amazon.com","Standard Orders","Seller","NORTH RICHLAND HILLS","TX","76182-3371","","54.91","0","4.49","0","0","0","0","0","0","0","0","-8.91","0","0","0","50.49"
"Apr 7, 2017 1:43:00 PM PDT","6330315221","Shipping Services","112-4389082-5033014","","Shipping Label Purchased through Amazon","","","Standard Orders","","","","","","0","0","0","0","0","0","0","0","0","0","0","0","0","0","-4.47","-4.47"
"Apr 7, 2017 1:45:22 PM PDT","6330315221","Order","113-7887921-5252243","KF-2WDK-CCTQ","Narciso Rodriguez by Narciso Rodriguez for Him Men 3.3 oz Eau de Toilette Spray","1","amazon.com","Standard Orders","Seller","MORTON GROVE","IL","60053-3704","","56.95","0","5.64","0","0","0","0","0","0","0","0","-9.39","0","0","0","53.20"
"Apr 7, 2017 1:45:49 PM PDT","6330315221","Shipping Services","113-7887921-5252243","","Shipping Label Purchased through Amazon","","","Standard Orders","","","","","","0","0","0","0","0","0","0","0","0","0","0","0","0","0","-4.61","-4.61"
"Apr 7, 2017 1:46:26 PM PDT","6330315221","Order","112-0410006-0018603","E4-G6OD-TXK1","Plus Plus Feminine by Diesel 2.5 oz Eau de Toilette Spray New in Box (Women)","1","amazon.com","Standard Orders","Seller","OPA LOCKA","FL","33054-2266","","8.26","0","4.94","0","0","0","0","0","0","0","0","-1.98","0","0","0","11.22"
"Apr 7, 2017 1:47:03 PM PDT","6330315221","Shipping Services","112-0410006-0018603","","Shipping Label Purchased through Amazon","","","Standard Orders","","","","","","0","0","0","0","0","0","0","0","0","0","0","0","0","0","-3.62","-3.62"
"Apr 7, 2017 1:47:51 PM PDT","6330315221","Order","112-0169877-3561074","RF-LX73-TAHE","DIESEL PLUS PLUS by Diesel EDT SPRAY 2.5 OZ Masculine","1","amazon.com","Standard Orders","Seller","LAGRANGE","GA","30240-5240","","13.56","0","0","0","0","0","0","0","0","0","0","-2.03","0","0","0","11.53"
"Apr 7, 2017 1:48:29 PM PDT","6330315221","Shipping Services","112-0169877-3561074","","Shipping Label Purchased through Amazon","","","Standard Orders","","","","","","0","0","0","0","0","0","0","0","0","0","0","0","0","0","-3.62","-3.62"
"Apr 7, 2017 1:49:18 PM PDT","6330315221","Order","111-8855568-1572231","RF-LX73-TAHE","DIESEL PLUS PLUS by Diesel EDT SPRAY 2.5 OZ Masculine","1","amazon.com","Standard Orders","Seller","MIAMI","FL","33142-3047","","13.56","0","6.00","0","0","0","0","0","0","0","0","-2.93","0","0","0","16.63"
"Apr 7, 2017 1:49:48 PM PDT","6330315221","Shipping Services","111-8855568-1572231","","Shipping Label Purchased through Amazon","","","Standard Orders","","","","","","0","0","0","0","0","0","0","0","0","0","0","0","0","0","-3.62","-3.62"
"Apr 7, 2017 1:52:23 PM PDT","6330315221","Order","114-9582783-8489855","FZ-7H25-DGAL","Reb'L Fleur By Rihanna Gift Set -- 3.4 Oz Eau De Parfum Spray + 3 Oz Body Lotion + 3 Oz Shower Gel + .34 Oz Mini Edp Spray Women","1","amazon.com","Standard Orders","Seller","CERES","CA","95307-4148","","30.22","0","5.49","0","0","0","0","0","0","0","0","-5.36","0","0","0","30.35"
"Apr 7, 2017 1:52:56 PM PDT","6330315221","Shipping Services","114-9582783-8489855","","Shipping Label Purchased through Amazon","","","Standard Orders","","","","","","0","0","0","0","0","0","0","0","0","0","0","0","0","0","-7.34","-7.34"
"Apr 7, 2017 1:53:35 PM PDT","6330315221","Order","114-7139901-0495406","B0-30LP-CY8E","Jessica Simpson Fancy Love  Gift Set for Women (Eau de Parfum Spray 3.4 Ounce, Lotion 4 Ounce, Lotion 3 Ounce, Bath and Shower Cream, Eau de Parfum Sp","1","amazon.com","Standard Orders","Seller","DORAL","FLORIDA","33166-6503","","44.34","0","6.89","0","0","0","0","0","0","0","0","-7.68","0","0","0","43.55"
"Apr 7, 2017 1:54:13 PM PDT","6330315221","Shipping Services","114-7139901-0495406","","Shipping Label Purchased through Amazon","","","Standard Orders","","","","","","0","0","0","0","0","0","0","0","0","0","0","0","0","0","-6.05","-6.05"
"Apr 7, 2017 1:54:43 PM PDT","6330315221","Order","114-6056894-9871447","KF-2WDK-CCTQ","Narciso Rodriguez by Narciso Rodriguez for Him Men 3.3 oz Eau de Toilette Spray","1","amazon.com","Standard Orders","Seller","EDISON","NJ","08817-4011","","56.95","0","5.64","0","0","0","0","0","0","0","0","-9.39","0","0","0","53.20"
"Apr 7, 2017 1:55:20 PM PDT","6330315221","Shipping Services","114-6056894-9871447","","Shipping Label Purchased through Amazon","","","Standard Orders","","","","","","0","0","0","0","0","0","0","0","0","0","0","0","0","0","-4.61","-4.61"
"Apr 7, 2017 1:55:51 PM PDT","6330315221","Order","114-5954533-9049049","RF-LX73-TAHE","DIESEL PLUS PLUS by Diesel EDT SPRAY 2.5 OZ Masculine","1","amazon.com","Standard Orders","Seller","MIAMI","FL","33191-1922","","13.56","0","0","0","0","0","0","0","0","0","0","-2.03","0","0","0","11.53"
"Apr 7, 2017 1:56:28 PM PDT","6330315221","Shipping Services","114-5954533-9049049","","Shipping Label Purchased through Amazon","","","Standard Orders","","","","","","0","0","0","0","0","0","0","0","0","0","0","0","0","0","-3.62","-3.62"
"Apr 7, 2017 1:57:15 PM PDT","6330315221","Order","114-3630873-9383446","8S-BF2V-JH39","Piver Pompeia Cologne 14.25 oz Splash","1","amazon.com","Standard Orders","Seller","TAMPA","FL","33647-3741","","26.52","0","5.49","0","0","0","0","0","0","0","0","-4.80","0","0","0","27.21"
"Apr 7, 2017 1:57:53 PM PDT","6330315221","Shipping Services","114-3630873-9383446","","Shipping Label Purchased through Amazon","","","Standard Orders","","","","","","0","0","0","0","0","0","0","0","0","0","0","0","0","0","-6.55","-6.55"
"Apr 7, 2017 2:00:06 PM PDT","6330315221","Order","114-4758554-3434637","5R-2LX9-BGJ3","Jessica Mcclintock 2 Piece Gift Set for Women","1","amazon.com","Standard Orders","Seller","NEW YORK","NY","10037-3604","","58.69","0","6.19","0","0","0","0","0","0","0","0","-9.73","0","0","0","55.15"
"Apr 7, 2017 2:00:43 PM PDT","6330315221","Shipping Services","114-4758554-3434637","","Shipping Label Purchased through Amazon","","","Standard Orders","","","","","","0","0","0","0","0","0","0","0","0","0","0","0","0","0","-6.20","-6.20"
"Apr 7, 2017 2:01:19 PM PDT","6330315221","Order","114-2334046-4813001","9F-TM9C-OPMW","Black Point by YZY Perfume","1","amazon.com","Standard Orders","Seller","SMYRNA","GA","30080-9285","","11.00","0","0","0","0","0","0","0","0","0","0","-1.65","0","0","0","9.35"
"Apr 7, 2017 2:01:55 PM PDT","6330315221","Shipping Services","114-2334046-4813001","","Shipping Label Purchased through Amazon","","","Standard Orders","","","","","","0","0","0","0","0","0","0","0","0","0","0","0","0","0","-4.04","-4.04"
"Apr 7, 2017 2:02:50 PM PDT","6330315221","Order","113-8136550-2358651","N6-T97C-HZ2W","INSURRECTION by Reyane Tradition Men's Eau De Toilette Spray 3.4 oz - 100% Authentic","1","amazon.com","Standard Orders","Seller","WEST BABYLON","NY","11704-2039","","21.47","0","0","0","0","0","0","0","0","0","0","-3.22","0","0","0","18.25"
"Apr 7, 2017 2:03:24 PM PDT","6330315221","Shipping Services","113-8136550-2358651","","Shipping Label Purchased through Amazon","","","Standard Orders","","","","","","0","0","0","0","0","0","0","0","0","0","0","0","0","0","-4.46","-4.46"
"Apr 7, 2017 2:05:33 PM PDT","6330315221","Order","113-7122267-4694607","C8-0GJV-QWP1","GREY FLANNEL ~ GEOFFREY BEENE 4.0 OZ COLOGNE NEW IN BOX by Geoffrey Beene","1","amazon.com","Standard Orders","Seller","EVANSTON","IL","60201-4498","","19.71","0","0","0","0","0","0","0","0","0","0","-2.96","0","0","0","16.75"
"Apr 7, 2017 2:06:09 PM PDT","6330315221","Shipping Services","113-7122267-4694607","","Shipping Label Purchased through Amazon","","","Standard Orders","","","","","","0","0","0","0","0","0","0","0","0","0","0","0","0","0","-3.76","-3.76"
"Apr 7, 2017 2:07:05 PM PDT","6330315221","Order","112-8899083-5523413","E4-G6OD-TXK1","Plus Plus Feminine by Diesel 2.5 oz Eau de Toilette Spray New in Box (Women)","1","amazon.com","Standard Orders","Seller","CHANTILLY","VA","20151-2995","","8.26","0","4.94","0","0","0","0","0","0","0","0","-1.98","0","0","0","11.22"
"Apr 7, 2017 2:07:39 PM PDT","6330315221","Shipping Services","112-8899083-5523413","","Shipping Label Purchased through Amazon","","","Standard Orders","","","","","","0","0","0","0","0","0","0","0","0","0","0","0","0","0","-3.62","-3.62"
"Apr 7, 2017 2:08:04 PM PDT","6330315221","Order","113-6363295-5049851","E4-G6OD-TXK1","Plus Plus Feminine by Diesel 2.5 oz Eau de Toilette Spray New in Box (Women)","1","amazon.com","Standard Orders","Seller","Allentown","Pa","18102","","8.26","0","4.94","0","0","0","0","0","0","0","0","-1.98","0","0","0","11.22"
"Apr 7, 2017 2:08:42 PM PDT","6330315221","Shipping Services","113-6363295-5049851","","Shipping Label Purchased through Amazon","","","Standard Orders","","","","","","0","0","0","0","0","0","0","0","0","0","0","0","0","0","-3.62","-3.62"
"Apr 7, 2017 2:09:07 PM PDT","6330315221","Order","112-8676374-1210641","RF-LX73-TAHE","DIESEL PLUS PLUS by Diesel EDT SPRAY 2.5 OZ Masculine","2","amazon.com","Standard Orders","Seller","TAMARAC","FL","33321-4832","","27.12","0","0","0","0","0","0","0","0","0","0","-4.06","0","0","0","23.06"
"Apr 7, 2017 2:09:45 PM PDT","6330315221","Shipping Services","112-8676374-1210641","","Shipping Label Purchased through Amazon","","","Standard Orders","","","","","","0","0","0","0","0","0","0","0","0","0","0","0","0","0","-6.05","-6.05"
"Apr 7, 2017 2:10:44 PM PDT","6330315221","Order","111-8498289-5145059","WJ-7IQQ-JNE1","Glow After Dark By Jennifer Lopez For Women. Eau De Toilette Spray 3.4 oz","1","amazon.com","Standard Orders","Seller","VILLALBA","PUERTO RICO","00766-1719","","29.17","0","5.20","0","0","0","0","0","0","0","0","-5.16","0","0","0","29.21"
"Apr 7, 2017 2:11:23 PM PDT","6330315221","Shipping Services","111-8498289-5145059","","Shipping Label Purchased through Amazon","","","Standard Orders","","","","","","0","0","0","0","0","0","0","0","0","0","0","0","0","0","-4.04","-4.04"
"Apr 7, 2017 2:11:59 PM PDT","6330315221","Order","111-4547408-6369827","F3-YTCU-QEKH","Extasia Black by New Brand, 3.3 oz Eau De Toilette Spray for men","1","amazon.com","Standard Orders","Seller","Belmont","California","94002","","9.19","0","0","0","0","0","0","0","0","0","0","-1.38","0","0","0","7.81"
"Apr 7, 2017 2:12:37 PM PDT","6330315221","Shipping Services","111-4547408-6369827","","Shipping Label Purchased through Amazon","","","Standard Orders","","","","","","0","0","0","0","0","0","0","0","0","0","0","0","0","0","-4.04","-4.04"
"Apr 7, 2017 2:13:14 PM PDT","6330315221","Order","112-1024289-4632268","Q6-WPSC-SKZE","Tiamo Perfume For Women By Parfum Blaze","2","amazon.com","Standard Orders","Seller","RAEFORD","NC","28376-6639","","20.00","0","6.49","0","0","0","0","0","0","0","0","-3.98","0","0","0","22.51"
"Apr 7, 2017 2:13:48 PM PDT","6330315221","Shipping Services","112-1024289-4632268","","Shipping Label Purchased through Amazon","","","Standard Orders","","","","","","0","0","0","0","0","0","0","0","0","0","0","0","0","0","-6.05","-6.05"
"Apr 7, 2017 2:16:52 PM PDT","6330315221","Order","113-3848638-3737069","DB-71DW-66S6","Jennifer Lopez My Glow Eau-de-Toilette Spray, 3.4-Ounce","1","amazon.com","Standard Orders","Seller","EVINGTON","VIRGINIA","24550-3961","","79.77","0","4.93","0","0","0","0","0","0","0","0","-12.71","0","0","0","71.99"
"Apr 7, 2017 2:17:25 PM PDT","6330315221","Shipping Services","113-3848638-3737069","","Shipping Label Purchased through Amazon","","","Standard Orders","","","","","","0","0","0","0","0","0","0","0","0","0","0","0","0","0","-6.20","-6.20"
"Apr 8, 2017 6:03:38 AM PDT","6331061421","Transfer","","","To your account ending in: 6276, Bank Transfer ID: 091000016876351","","","Standard Orders","","","","","","0","0","0","0","0","0","0","0","0","0","0","0","0","0","-1,372.74","-1,372.74"
"Apr 8, 2017 10:16:11 PM PDT","6331061421","Refund","114-0184524-9680258","JM-LA2S-3Y0J","Thé oné 3.4 Oz Eau De Toilette Spray For Men","1","amazon.com","Standard Orders","Seller","NORTH HOLLYWOOD","CA","91606","","-48.00","0","-4.49","0","0","0","0","0","0","0","0","6.30","0","0","0","-46.19"
"Apr 9, 2017 12:32:23 AM PDT","6331697631","Refund","112-6443210-7598632","RF-LX73-TAHE","DIESEL PLUS PLUS by Diesel EDT SPRAY 2.5 OZ Masculine","1","amazon.com","Standard Orders","Seller","RIDGEWOOD","NY","11385-1991","","-6.50","0","0","0","0","0","0","0","0","0","0","0.78","0","0","0","-5.72"
"Apr 9, 2017 6:04:43 AM PDT","6331697631","Transfer","","","To your account ending in: 6276, Bank Transfer ID: 091000012236140","","","Standard Orders","","","","","","0","0","0","0","0","0","0","0","0","0","0","0","0","0","-1,095.90","-1,095.90"
"Apr 9, 2017 11:37:31 AM PDT","6331697631","Adjustment","","","Non-subscription Fee Adjustment","","","Standard Orders","","","","","","0","0","0","0","0","0","0","0","0","0","0","0","0","0","44.62","44.62"
"Apr 9, 2017 5:48:31 PM PDT","6331697631","Order","114-4420534-0592234","2L-YX0W-CS37","Johan B Merveille Eau De Parfum Spray for Women, 3.4 Ounce","1","amazon.com","Standard Orders","Seller","Brooklyn","Ny","11236","","22.97","0","0","0","0","0","0","0","0","0","0","-3.45","0","0","0","19.52"
"Apr 9, 2017 5:49:09 PM PDT","6331697631","Shipping Services","114-4420534-0592234","","Shipping Label Purchased through Amazon","","","Standard Orders","","","","","","0","0","0","0","0","0","0","0","0","0","0","0","0","0","-4.46","-4.46"
"Apr 9, 2017 5:50:23 PM PDT","6331697631","Order","114-2179960-1093813","2L-YX0W-CS37","Johan B Merveille Eau De Parfum Spray for Women, 3.4 Ounce","1","amazon.com","Standard Orders","Seller","FLEMING ISLAND","FL","32003-7256","","22.97","0","0","0","0","0","0","0","0","0","0","-3.45","0","0","0","19.52"
"Apr 9, 2017 5:50:53 PM PDT","6331697631","Shipping Services","114-2179960-1093813","","Shipping Label Purchased through Amazon","","","Standard Orders","","","","","","0","0","0","0","0","0","0","0","0","0","0","0","0","0","-4.46","-4.46"
"Apr 9, 2017 5:51:26 PM PDT","6331697631","Order","113-4713858-5710634","2L-YX0W-CS37","Johan B Merveille Eau De Parfum Spray for Women, 3.4 Ounce","1","amazon.com","Standard Orders","Seller","MISHAWAKA","IN","46545-4221","","22.97","0","0","0","0","0","0","0","0","0","0","-3.45","0","0","0","19.52"
"Apr 9, 2017 5:52:02 PM PDT","6331697631","Shipping Services","113-4713858-5710634","","Shipping Label Purchased through Amazon","","","Standard Orders","","","","","","0","0","0","0","0","0","0","0","0","0","0","0","0","0","-4.46","-4.46"
"Apr 9, 2017 5:52:33 PM PDT","6331697631","Order","113-2433610-9576241","2L-YX0W-CS37","Johan B Merveille Eau De Parfum Spray for Women, 3.4 Ounce","1","amazon.com","Standard Orders","Seller","RAINBOW CITY","AL","35906-9329","","22.97","0","0","0","0","0","0","0","0","0","0","-3.45","0","0","0","19.52"
"Apr 9, 2017 5:53:10 PM PDT","6331697631","Shipping Services","113-2433610-9576241","","Shipping Label Purchased through Amazon","","","Standard Orders","","","","","","0","0","0","0","0","0","0","0","0","0","0","0","0","0","-4.46","-4.46"
"Apr 9, 2017 5:54:53 PM PDT","6331697631","Order","114-9485664-2680215","2L-YX0W-CS37","Johan B Merveille Eau De Parfum Spray for Women, 3.4 Ounce","1","amazon.com","Standard Orders","Seller","SCOTTSDALE","AZ","85258-2010","","34.19","0","0","0","0","0","0","0","0","0","0","-5.13","0","0","0","29.06"
"Apr 9, 2017 5:55:31 PM PDT","6331697631","Shipping Services","114-9485664-2680215","","Shipping Label Purchased through Amazon","","","Standard Orders","","","","","","0","0","0","0","0","0","0","0","0","0","0","0","0","0","-4.46","-4.46"
"Apr 9, 2017 5:56:44 PM PDT","6331697631","Order","114-7751640-3340227","8X-4L9P-TFCB","Sexual By Michel Germain For Men. Eau De Toilette Spray 4.2 Ounces","1","amazon.com","Standard Orders","Seller","NEWTON","MA","02459-3409","","43.00","0","5.39","0","0","0","0","0","0","0","0","-7.26","0","0","0","41.13"
"Apr 9, 2017 5:57:20 PM PDT","6331697631","Shipping Services","114-7751640-3340227","","Shipping Label Purchased through Amazon","","","Standard Orders","","","","","","0","0","0","0","0","0","0","0","0","0","0","0","0","0","-4.46","-4.46"
"Apr 9, 2017 5:57:44 PM PDT","6331697631","Order","114-6103898-2957836","8X-4L9P-TFCB","Sexual By Michel Germain For Men. Eau De Toilette Spray 4.2 Ounces","1","amazon.com","Standard Orders","Seller","LEES SUMMIT","MO","64086-5781","","43.00","0","5.39","0","0","0","0","0","0","0","0","-7.26","0","0","0","41.13"
"Apr 9, 2017 5:58:22 PM PDT","6331697631","Shipping Services","114-6103898-2957836","","Shipping Label Purchased through Amazon","","","Standard Orders","","","","","","0","0","0","0","0","0","0","0","0","0","0","0","0","0","-4.46","-4.46"
"Apr 9, 2017 6:01:26 PM PDT","6331697631","Order","114-5658241-4296266","1O-YSQR-VEK9","1 Million Fragrance By Paco Rabanne 3pc Travel Edition Gift Set . 3.4 Fl.Oz. Eau De Toilette Spray + 3.4 S/G Men+15ml spray Mini For Men","1","amazon.com","Standard Orders","Seller","HICKSVILLE","NY","11801-2850","","69.54","0","4.49","0","0","0","0","0","0","0","0","-11.10","0","0","0","62.93"
"Apr 9, 2017 6:02:04 PM PDT","6331697631","Shipping Services","114-5658241-4296266","","Shipping Label Purchased through Amazon","","","Standard Orders","","","","","","0","0","0","0","0","0","0","0","0","0","0","0","0","0","-6.20","-6.20"
"Apr 9, 2017 6:02:29 PM PDT","6331697631","Order","114-5280326-5386654","1O-YSQR-VEK9","1 Million Fragrance By Paco Rabanne 3pc Travel Edition Gift Set . 3.4 Fl.Oz. Eau De Toilette Spray + 3.4 S/G Men+15ml spray Mini For Men","1","amazon.com","Standard Orders","Seller","SOUTH HOLLAND","IL","60473-2606","","69.54","0","4.49","0","0","0","0","0","0","0","0","-11.10","0","0","0","62.93"
"Apr 9, 2017 6:03:07 PM PDT","6331697631","Shipping Services","114-5280326-5386654","","Shipping Label Purchased through Amazon","","","Standard Orders","","","","","","0","0","0","0","0","0","0","0","0","0","0","0","0","0","-6.98","-6.98"
"Apr 9, 2017 6:03:47 PM PDT","6331697631","Order","114-4835023-3373061","RF-LX73-TAHE","DIESEL PLUS PLUS by Diesel EDT SPRAY 2.5 OZ Masculine","1","amazon.com","Standard Orders","Seller","New York","N.Y.","10033","","13.56","0","0","0","0","0","0","0","0","0","0","-2.03","0","0","0","11.53"
"Apr 9, 2017 6:04:24 PM PDT","6331697631","Shipping Services","114-4835023-3373061","","Shipping Label Purchased through Amazon","","","Standard Orders","","","","","","0","0","0","0","0","0","0","0","0","0","0","0","0","0","-3.62","-3.62"
"Apr 9, 2017 6:04:35 PM PDT","6331697631","Order","114-4791425-9915449","RF-LX73-TAHE","DIESEL PLUS PLUS by Diesel EDT SPRAY 2.5 OZ Masculine","1","amazon.com","Standard Orders","Seller","BRONX","NEW YORK","10458-4602","","13.56","0","0","0","0","0","0","0","0","0","0","-2.03","0","0","0","11.53"
"Apr 9, 2017 6:05:12 PM PDT","6331697631","Shipping Services","114-4791425-9915449","","Shipping Label Purchased through Amazon","","","Standard Orders","","","","","","0","0","0","0","0","0","0","0","0","0","0","0","0","0","-3.62","-3.62"
"Apr 9, 2017 6:05:26 PM PDT","6331697631","Order","114-2034264-6275424","RF-LX73-TAHE","DIESEL PLUS PLUS by Diesel EDT SPRAY 2.5 OZ Masculine","1","amazon.com","Standard Orders","Seller","JONESBORO","GA","30236-7771","","13.56","0","0","0","0","0","0","0","0","0","0","-2.03","0","0","0","11.53"
"Apr 9, 2017 6:06:03 PM PDT","6331697631","Shipping Services","114-2034264-6275424","","Shipping Label Purchased through Amazon","","","Standard Orders","","","","","","0","0","0","0","0","0","0","0","0","0","0","0","0","0","-3.62","-3.62"
"Apr 9, 2017 6:06:24 PM PDT","6331697631","Order","114-2636347-7656252","RF-LX73-TAHE","DIESEL PLUS PLUS by Diesel EDT SPRAY 2.5 OZ Masculine","1","amazon.com","Standard Orders","Seller","CHESTER","VA","23831-7678","","13.56","0","10.74","0","0","0","0","0","0","0","0","-3.65","0","0","0","20.65"
"Apr 9, 2017 6:07:03 PM PDT","6331697631","Shipping Services","114-2636347-7656252","","Shipping Label Purchased through Amazon","","","Standard Orders","","","","","","0","0","0","0","0","0","0","0","0","0","0","0","0","0","-6.05","-6.05"
"Apr 9, 2017 6:07:29 PM PDT","6331697631","Order","113-5492177-8803414","RF-LX73-TAHE","DIESEL PLUS PLUS by Diesel EDT SPRAY 2.5 OZ Masculine","1","amazon.com","Standard Orders","Seller","BAY POINT","CA","94565-2925","","13.56","0","0","0","0","0","0","0","0","0","0","-2.03","0","0","0","11.53"
"Apr 9, 2017 6:08:06 PM PDT","6331697631","Shipping Services","113-5492177-8803414","","Shipping Label Purchased through Amazon","","","Standard Orders","","","","","","0","0","0","0","0","0","0","0","0","0","0","0","0","0","-3.62","-3.62"
"Apr 9, 2017 6:08:11 PM PDT","6331697631","Order","113-5214575-2409009","RF-LX73-TAHE","DIESEL PLUS PLUS by Diesel EDT SPRAY 2.5 OZ Masculine","1","amazon.com","Standard Orders","Seller","Oklahoma City","OK","73112","","13.56","0","0","0","0","0","0","0","0","0","0","-2.03","0","0","0","11.53"
"Apr 9, 2017 6:08:49 PM PDT","6331697631","Shipping Services","113-5214575-2409009","","Shipping Label Purchased through Amazon","","","Standard Orders","","","","","","0","0","0","0","0","0","0","0","0","0","0","0","0","0","-3.62","-3.62"
"Apr 9, 2017 6:09:03 PM PDT","6331697631","Order","113-5190566-6227446","RF-LX73-TAHE","DIESEL PLUS PLUS by Diesel EDT SPRAY 2.5 OZ Masculine","1","amazon.com","Standard Orders","Seller","AUSTIN","TX","78748-1362","","13.56","0","0","0","0","0","0","0","0","0","0","-2.03","0","0","0","11.53"
"Apr 9, 2017 6:09:35 PM PDT","6331697631","Shipping Services","113-5190566-6227446","","Shipping Label Purchased through Amazon","","","Standard Orders","","","","","","0","0","0","0","0","0","0","0","0","0","0","0","0","0","-3.62","-3.62"
"Apr 9, 2017 6:09:55 PM PDT","6331697631","Order","113-5103033-4674611","RF-LX73-TAHE","DIESEL PLUS PLUS by Diesel EDT SPRAY 2.5 OZ Masculine","1","amazon.com","Standard Orders","Seller","BROOKLYN","NEW YORK","11237-5654","","14.20","0","0","0","0","0","0","0","0","0","0","-2.13","0","0","0","12.07"
"Apr 9, 2017 6:10:27 PM PDT","6331697631","Shipping Services","113-5103033-4674611","","Shipping Label Purchased through Amazon","","","Standard Orders","","","","","","0","0","0","0","0","0","0","0","0","0","0","0","0","0","-3.62","-3.62"
"Apr 9, 2017 6:14:27 PM PDT","6331697631","Order","114-3822828-6701839","BF-N7MD-D4X3","Perry Ellis 360 Eau de Toilette Spray Gift Set for Women, 3 Count","1","amazon.com","Standard Orders","Seller","ESCONDIDO","CA","92027-2730","","38.45","0","5.74","0","0","0","0","0","0","0","0","-6.63","0","0","0","37.56"
"Apr 9, 2017 6:15:04 PM PDT","6331697631","Shipping Services","114-3822828-6701839","","Shipping Label Purchased through Amazon","","","Standard Orders","","","","","","0","0","0","0","0","0","0","0","0","0","0","0","0","0","-6.05","-6.05"
"Apr 9, 2017 6:15:43 PM PDT","6331697631","Order","114-3268332-4865828","GE-DDEU-7TI5","Samba By Perfumers Workshop For Men. Eau De Toilette Spray 3.3 Ounces","1","amazon.com","Standard Orders","Seller","ORLANDO","FL","32828-7237","","15.00","0","5.04","0","0","0","0","0","0","0","0","-3.01","0","0","0","17.03"
"Apr 9, 2017 6:16:21 PM PDT","6331697631","Shipping Services","114-3268332-4865828","","Shipping Label Purchased through Amazon","","","Standard Orders","","","","","","0","0","0","0","0","0","0","0","0","0","0","0","0","0","-3.76","-3.76"
"Apr 9, 2017 6:17:31 PM PDT","6331697631","Shipping Services","114-2687752-8213865","","Shipping Label Purchased through Amazon","","","Standard Orders","","","","","","0","0","0","0","0","0","0","0","0","0","0","0","0","0","-3.62","-3.62"
"Apr 9, 2017 6:17:57 PM PDT","6331697631","Order","113-9511936-2880234","AS-WJLN-2GTU","Design by Paul Sebastian for Men, Cologne Spray, 3.4-Ounce","1","amazon.com","Standard Orders","Seller","FREEHOLD","NJ","07728-8435","","13.50","0","5.09","0","0","0","0","0","0","0","0","-2.79","0","0","0","15.80"
"Apr 9, 2017 6:18:32 PM PDT","6331697631","Shipping Services","113-9511936-2880234","","Shipping Label Purchased through Amazon","","","Standard Orders","","","","","","0","0","0","0","0","0","0","0","0","0","0","0","0","0","-3.90","-3.90"
"Apr 9, 2017 6:19:08 PM PDT","6331697631","Order","113-9275233-7646659","W4-6TKK-M8MV","BRUT by Faberge Cologne Spray (Original-Glass Bottle) 3 oz","2","amazon.com","Standard Orders","Seller","CYPRESS","TX","77429-2233","","25.48","0","0","0","0","0","0","0","0","0","0","-3.82","0","0","0","21.66"
"Apr 9, 2017 6:19:44 PM PDT","6331697631","Shipping Services","113-9275233-7646659","","Shipping Label Purchased through Amazon","","","Standard Orders","","","","","","0","0","0","0","0","0","0","0","0","0","0","0","0","0","-6.05","-6.05"
"Apr 9, 2017 6:20:20 PM PDT","6331697631","Order","113-2098150-4057011","MH-E253-RB4H","LALIQUE by Lalique Eau De Parfum Spray (Lion) 4.2 oz for Men","1","amazon.com","Standard Orders","Seller","COLLEGE POINT","NY","11356-2533","","30.00","0","5.39","0","0","0","0","0","0","0","0","-5.31","0","0","0","30.08"
"Apr 9, 2017 6:20:56 PM PDT","6331697631","Shipping Services","113-2098150-4057011","","Shipping Label Purchased through Amazon","","","Standard Orders","","","","","","0","0","0","0","0","0","0","0","0","0","0","0","0","0","-4.46","-4.46"
"Apr 9, 2017 6:21:24 PM PDT","6331697631","Order","113-7059063-1381864","7R-3UPR-4TP8","Perry Ellis 18 Intense by Perry Ellis for Men - 3.4 Ounce EDT Spray","2","amazon.com","Standard Orders","Seller","LIMA","OHIO","45806-1611","","54.12","0","6.09","0","0","0","0","0","0","0","0","-9.04","0","0","0","51.17"
"Apr 9, 2017 6:22:02 PM PDT","6331697631","Shipping Services","113-7059063-1381864","","Shipping Label Purchased through Amazon","","","Standard Orders","","","","","","0","0","0","0","0","0","0","0","0","0","0","0","0","0","-6.20","-6.20"
"Apr 9, 2017 6:24:27 PM PDT","6331697631","Order","113-6643460-4061059","B0-30LP-CY8E","Jessica Simpson Fancy Love  Gift Set for Women (Eau de Parfum Spray 3.4 Ounce, Lotion 4 Ounce, Lotion 3 Ounce, Bath and Shower Cream, Eau de Parfum Sp","1","amazon.com","Standard Orders","Seller","HALLS","TN","38040-6968","","44.04","0","6.89","0","0","0","0","0","0","0","0","-7.64","0","0","0","43.29"
"Apr 9, 2017 6:24:37 PM PDT","6331697631","Order","114-2687752-8213865","GE-O4TJ-BHC7","Royal Copenhagen By Royal Copenhagen For Men. Cologne Spray 3.3 Ounces","1","amazon.com","Standard Orders","Seller","RUTLAND","VT","05701-2337","","14.72","0","4.99","0","0","0","0","0","0","0","0","-2.96","0","0","0","16.75"
"Apr 9, 2017 6:25:04 PM PDT","6331697631","Shipping Services","113-6643460-4061059","","Shipping Label Purchased through Amazon","","","Standard Orders","","","","","","0","0","0","0","0","0","0","0","0","0","0","0","0","0","-6.83","-6.83"
"Apr 9, 2017 6:25:07 PM PDT","6331697631","Order","113-5875142-8655407","B0-30LP-CY8E","Jessica Simpson Fancy Love  Gift Set for Women (Eau de Parfum Spray 3.4 Ounce, Lotion 4 Ounce, Lotion 3 Ounce, Bath and Shower Cream, Eau de Parfum Sp","1","amazon.com","Standard Orders","Seller","NEWINGTON","CT","06111-3101","","44.10","0","6.89","0","0","0","0","0","0","0","0","-7.65","0","0","0","43.34"
"Apr 9, 2017 6:25:44 PM PDT","6331697631","Shipping Services","113-5875142-8655407","","Shipping Label Purchased through Amazon","","","Standard Orders","","","","","","0","0","0","0","0","0","0","0","0","0","0","0","0","0","-6.05","-6.05"
"Apr 9, 2017 6:26:08 PM PDT","6331697631","Order","112-8663294-3373049","B0-30LP-CY8E","Jessica Simpson Fancy Love  Gift Set for Women (Eau de Parfum Spray 3.4 Ounce, Lotion 4 Ounce, Lotion 3 Ounce, Bath and Shower Cream, Eau de Parfum Sp","1","amazon.com","Standard Orders","Seller","DEVILS LAKE","ND","58301-1598","","44.04","0","6.89","0","0","0","0","0","0","0","0","-7.64","0","0","0","43.29"
"Apr 9, 2017 6:26:44 PM PDT","6331697631","Shipping Services","112-8663294-3373049","","Shipping Label Purchased through Amazon","","","Standard Orders","","","","","","0","0","0","0","0","0","0","0","0","0","0","0","0","0","-6.96","-6.96"
"Apr 9, 2017 6:28:19 PM PDT","6331697631","Order","111-1499332-0126650","8X-4L9P-TFCB","Sexual By Michel Germain For Men. Eau De Toilette Spray 4.2 Ounces","1","amazon.com","Standard Orders","Seller","SAN FRANCISCO","CA","94114-1515","","43.00","0","5.39","0","0","0","0","0","0","0","0","-7.26","0","0","0","41.13"
"Apr 9, 2017 6:28:56 PM PDT","6331697631","Shipping Services","111-1499332-0126650","","Shipping Label Purchased through Amazon","","","Standard Orders","","","","","","0","0","0","0","0","0","0","0","0","0","0","0","0","0","-4.46","-4.46"
"Apr 9, 2017 6:29:38 PM PDT","6331697631","Order","113-1114277-5601868","RF-LX73-TAHE","DIESEL PLUS PLUS by Diesel EDT SPRAY 2.5 OZ Masculine","1","amazon.com","Standard Orders","Seller","CHICAGO","IL","60657-2889","","13.56","0","0","0","0","0","0","0","0","0","0","-2.03","0","0","0","11.53"
"Apr 9, 2017 6:30:14 PM PDT","6331697631","Shipping Services","113-1114277-5601868","","Shipping Label Purchased through Amazon","","","Standard Orders","","","","","","0","0","0","0","0","0","0","0","0","0","0","0","0","0","-3.62","-3.62"
"Apr 9, 2017 6:30:20 PM PDT","6331697631","Order","113-3489907-1635463","RF-LX73-TAHE","DIESEL PLUS PLUS by Diesel EDT SPRAY 2.5 OZ Masculine","1","amazon.com","Standard Orders","Seller","dallas, the colony","texas","75056","","13.56","0","0","0","0","0","0","0","0","0","0","-2.03","0","0","0","11.53"
"Apr 9, 2017 6:30:56 PM PDT","6331697631","Shipping Services","113-3489907-1635463","","Shipping Label Purchased through Amazon","","","Standard Orders","","","","","","0","0","0","0","0","0","0","0","0","0","0","0","0","0","-3.62","-3.62"
"Apr 9, 2017 6:31:33 PM PDT","6331697631","Order","112-1407242-9275418","RF-LX73-TAHE","DIESEL PLUS PLUS by Diesel EDT SPRAY 2.5 OZ Masculine","4","amazon.com","Standard Orders","Seller","WINTER SPRINGS","FL","32708-6349","","56.80","0","12.99","0","0","0","0","0","0","0","0","-10.48","0","0","0","59.31"
"Apr 9, 2017 6:32:07 PM PDT","6331697631","Shipping Services","112-1407242-9275418","","Shipping Label Purchased through Amazon","","","Standard Orders","","","","","","0","0","0","0","0","0","0","0","0","0","0","0","0","0","-6.20","-6.20"
"Apr 9, 2017 6:32:20 PM PDT","6331697631","Order","112-6080930-6325855","RF-LX73-TAHE","DIESEL PLUS PLUS by Diesel EDT SPRAY 2.5 OZ Masculine","1","amazon.com","Standard Orders","Seller","WOODSIDE","NY","11377-5746","","13.56","0","0","0","0","0","0","0","0","0","0","-2.03","0","0","0","11.53"
"Apr 9, 2017 6:32:57 PM PDT","6331697631","Shipping Services","112-6080930-6325855","","Shipping Label Purchased through Amazon","","","Standard Orders","","","","","","0","0","0","0","0","0","0","0","0","0","0","0","0","0","-3.62","-3.62"
"Apr 9, 2017 6:33:04 PM PDT","6331697631","Order","112-6055674-2755425","RF-LX73-TAHE","DIESEL PLUS PLUS by Diesel EDT SPRAY 2.5 OZ Masculine","1","amazon.com","Standard Orders","Seller","WASHINGTON","IL","61571-9467","","13.56","0","0","0","0","0","0","0","0","0","0","-2.03","0","0","0","11.53"
"Apr 9, 2017 6:33:42 PM PDT","6331697631","Shipping Services","112-6055674-2755425","","Shipping Label Purchased through Amazon","","","Standard Orders","","","","","","0","0","0","0","0","0","0","0","0","0","0","0","0","0","-3.62","-3.62"
"Apr 9, 2017 6:34:26 PM PDT","6331697631","Shipping Services","112-6757481-5238654","","Shipping Label Purchased through Amazon","","","Standard Orders","","","","","","0","0","0","0","0","0","0","0","0","0","0","0","0","0","-3.62","-3.62"
"Apr 9, 2017 6:34:31 PM PDT","6331697631","Order","112-5475539-5662621","RF-LX73-TAHE","DIESEL PLUS PLUS by Diesel EDT SPRAY 2.5 OZ Masculine","1","amazon.com","Standard Orders","Seller","BALTIMORE","MD","21205-3211","","13.56","0","0","0","0","0","0","0","0","0","0","-2.03","0","0","0","11.53"
"Apr 9, 2017 6:35:06 PM PDT","6331697631","Shipping Services","112-5475539-5662621","","Shipping Label Purchased through Amazon","","","Standard Orders","","","","","","0","0","0","0","0","0","0","0","0","0","0","0","0","0","-3.62","-3.62"
"Apr 9, 2017 6:35:19 PM PDT","6331697631","Order","111-5594151-5359401","RF-LX73-TAHE","DIESEL PLUS PLUS by Diesel EDT SPRAY 2.5 OZ Masculine","1","amazon.com","Standard Orders","Seller","PROVIDENCE","RI","02907-2131","","13.56","0","0","0","0","0","0","0","0","0","0","-2.03","0","0","0","11.53"
"Apr 9, 2017 6:35:55 PM PDT","6331697631","Shipping Services","111-5594151-5359401","","Shipping Label Purchased through Amazon","","","Standard Orders","","","","","","0","0","0","0","0","0","0","0","0","0","0","0","0","0","-3.62","-3.62"
"Apr 9, 2017 6:36:04 PM PDT","6331697631","Order","111-3089805-6054625","RF-LX73-TAHE","DIESEL PLUS PLUS by Diesel EDT SPRAY 2.5 OZ Masculine","1","amazon.com","Standard Orders","Seller","SCHILLER PARK","IL","60176-2233","","13.56","0","10.74","0","0","0","0","0","0","0","0","-3.65","0","0","0","20.65"
"Apr 9, 2017 6:36:42 PM PDT","6331697631","Shipping Services","111-3089805-6054625","","Shipping Label Purchased through Amazon","","","Standard Orders","","","","","","0","0","0","0","0","0","0","0","0","0","0","0","0","0","-6.05","-6.05"
"Apr 9, 2017 6:41:18 PM PDT","6331697631","Order","111-2742263-9102668","RF-LX73-TAHE","DIESEL PLUS PLUS by Diesel EDT SPRAY 2.5 OZ Masculine","1","amazon.com","Standard Orders","Seller","SAINT LOUIS","MO","63119-1654","","13.56","0","0","0","0","0","0","0","0","0","0","-2.03","0","0","0","11.53"
"Apr 9, 2017 6:41:52 PM PDT","6331697631","Shipping Services","111-2742263-9102668","","Shipping Label Purchased through Amazon","","","Standard Orders","","","","","","0","0","0","0","0","0","0","0","0","0","0","0","0","0","-3.62","-3.62"
"Apr 9, 2017 6:42:56 PM PDT","6331697631","Order","112-6757481-5238654","RF-LX73-TAHE","DIESEL PLUS PLUS by Diesel EDT SPRAY 2.5 OZ Masculine","1","amazon.com","Standard Orders","Seller","PAINTSVILLE","KY","41240-1491","","13.56","0","0","0","0","0","0","0","0","0","0","-2.03","0","0","0","11.53"
"Apr 9, 2017 6:42:57 PM PDT","6331697631","Order","113-0999865-7901027","E4-G6OD-TXK1","Plus Plus Feminine by Diesel 2.5 oz Eau de Toilette Spray New in Box (Women)","1","amazon.com","Standard Orders","Seller","Oklahoma City","OK","73112","","13.20","0","0","0","0","0","0","0","0","0","0","-1.98","0","0","0","11.22"
"Apr 9, 2017 6:43:35 PM PDT","6331697631","Shipping Services","113-0999865-7901027","","Shipping Label Purchased through Amazon","","","Standard Orders","","","","","","0","0","0","0","0","0","0","0","0","0","0","0","0","0","-3.62","-3.62"
"Apr 9, 2017 6:44:13 PM PDT","6331697631","Order","112-0355140-1090624","E4-G6OD-TXK1","Plus Plus Feminine by Diesel 2.5 oz Eau de Toilette Spray New in Box (Women)","3","amazon.com","Standard Orders","Seller","CLAY","NY","13041-9169","","24.78","0","5.84","0","0","0","0","0","0","0","0","-4.59","0","0","0","26.03"
"Apr 9, 2017 6:44:50 PM PDT","6331697631","Shipping Services","112-0355140-1090624","","Shipping Label Purchased through Amazon","","","Standard Orders","","","","","","0","0","0","0","0","0","0","0","0","0","0","0","0","0","-6.05","-6.05"
"Apr 9, 2017 6:46:41 PM PDT","6331697631","Order","111-2372213-4255427","E4-G6OD-TXK1","Plus Plus Feminine by Diesel 2.5 oz Eau de Toilette Spray New in Box (Women)","1","amazon.com","Standard Orders","Seller","New York","NY","10036","","8.26","0","4.94","0","0","0","0","0","0","0","0","-1.98","0","0","0","11.22"
"Apr 9, 2017 6:47:19 PM PDT","6331697631","Shipping Services","111-2372213-4255427","","Shipping Label Purchased through Amazon","","","Standard Orders","","","","","","0","0","0","0","0","0","0","0","0","0","0","0","0","0","-3.62","-3.62"
"Apr 9, 2017 6:47:24 PM PDT","6331697631","Order","111-2612923-7640251","E4-G6OD-TXK1","Plus Plus Feminine by Diesel 2.5 oz Eau de Toilette Spray New in Box (Women)","1","amazon.com","Standard Orders","Seller","Winter springs","Fl","32708","","13.20","0","0","0","0","0","0","0","0","0","0","-1.98","0","0","0","11.22"
"Apr 9, 2017 6:48:00 PM PDT","6331697631","Shipping Services","111-2612923-7640251","","Shipping Label Purchased through Amazon","","","Standard Orders","","","","","","0","0","0","0","0","0","0","0","0","0","0","0","0","0","-3.62","-3.62"
"Apr 9, 2017 6:48:35 PM PDT","6331697631","Order","111-0865058-3264215","E4-G6OD-TXK1","Plus Plus Feminine by Diesel 2.5 oz Eau de Toilette Spray New in Box (Women)","3","amazon.com","Standard Orders","Seller","PROVIDENCE","RI","02907-2131","","24.78","0","5.84","0","0","0","0","0","0","0","0","-4.59","0","0","0","26.03"
"Apr 9, 2017 6:49:11 PM PDT","6331697631","Shipping Services","111-0865058-3264215","","Shipping Label Purchased through Amazon","","","Standard Orders","","","","","","0","0","0","0","0","0","0","0","0","0","0","0","0","0","-6.05","-6.05"
"Apr 9, 2017 6:51:10 PM PDT","6331697631","Order","111-6330444-2122653","RF-LX73-TAHE","DIESEL PLUS PLUS by Diesel EDT SPRAY 2.5 OZ Masculine","3","amazon.com","Standard Orders","Seller","new york","NY","11103","","40.68","0","0","0","0","0","0","0","0","0","0","-6.09","0","0","0","34.59"
"Apr 9, 2017 6:51:45 PM PDT","6331697631","Shipping Services","111-6330444-2122653","","Shipping Label Purchased through Amazon","","","Standard Orders","","","","","","0","0","0","0","0","0","0","0","0","0","0","0","0","0","-6.05","-6.05"
"Apr 9, 2017 6:53:44 PM PDT","6331697631","Order","112-0307685-9772245","RF-LX73-TAHE","DIESEL PLUS PLUS by Diesel EDT SPRAY 2.5 OZ Masculine","1","amazon.com","Standard Orders","Seller","MIAMI","FL","33192-9026","","13.56","0","0","0","0","0","0","0","0","0","0","-2.03","0","0","0","11.53"
"Apr 9, 2017 6:54:19 PM PDT","6331697631","Shipping Services","112-0307685-9772245","","Shipping Label Purchased through Amazon","","","Standard Orders","","","","","","0","0","0","0","0","0","0","0","0","0","0","0","0","0","-3.62","-3.62"
"Apr 9, 2017 6:54:22 PM PDT","6331697631","Order","111-5248050-9977854","RF-LX73-TAHE","DIESEL PLUS PLUS by Diesel EDT SPRAY 2.5 OZ Masculine","1","amazon.com","Standard Orders","Seller","AKRON","OH","44313-7002","","13.56","0","0","0","0","0","0","0","0","0","0","-2.03","0","0","0","11.53"
"Apr 9, 2017 6:54:59 PM PDT","6331697631","Shipping Services","111-5248050-9977854","","Shipping Label Purchased through Amazon","","","Standard Orders","","","","","","0","0","0","0","0","0","0","0","0","0","0","0","0","0","-3.62","-3.62"
"Apr 9, 2017 6:55:20 PM PDT","6331697631","Order","111-8242017-5166649","RF-LX73-TAHE","DIESEL PLUS PLUS by Diesel EDT SPRAY 2.5 OZ Masculine","1","amazon.com","Standard Orders","Seller","New York","NY","10033","","13.56","0","0","0","0","0","0","0","0","0","0","-2.03","0","0","0","11.53"
"Apr 9, 2017 6:55:57 PM PDT","6331697631","Shipping Services","111-8242017-5166649","","Shipping Label Purchased through Amazon","","","Standard Orders","","","","","","0","0","0","0","0","0","0","0","0","0","0","0","0","0","-3.62","-3.62"
"Apr 9, 2017 6:57:24 PM PDT","6331697631","Order","113-3495053-9037855","TP-JZ2P-HJSY","Daisy Eau So Fresh by Marc Jacobs Eau De Toilette Spray 4.2 oz Women's","1","amazon.com","Standard Orders","Seller","OWASSO","OK","74055-2588","","60.00","0","0","0","0","0","0","0","0","0","0","-9.00","0","0","0","51.00"
"Apr 9, 2017 6:58:02 PM PDT","6331697631","Shipping Services","113-3495053-9037855","","Shipping Label Purchased through Amazon","","","Standard Orders","","","","","","0","0","0","0","0","0","0","0","0","0","0","0","0","0","-4.61","-4.61"
"Apr 9, 2017 6:58:16 PM PDT","6331697631","Order","111-9177430-9867428","TP-JZ2P-HJSY","Daisy Eau So Fresh by Marc Jacobs Eau De Toilette Spray 4.2 oz Women's","1","amazon.com","Standard Orders","Seller","TARZANA","CA","91356-5518","","60.00","0","5.98","0","0","0","0","0","0","0","0","-9.90","0","0","0","56.08"
"Apr 9, 2017 6:58:52 PM PDT","6331697631","Shipping Services","111-9177430-9867428","","Shipping Label Purchased through Amazon","","","Standard Orders","","","","","","0","0","0","0","0","0","0","0","0","0","0","0","0","0","-4.61","-4.61"
"Apr 9, 2017 6:59:02 PM PDT","6331697631","Order","112-3495213-4464258","TP-JZ2P-HJSY","Daisy Eau So Fresh by Marc Jacobs Eau De Toilette Spray 4.2 oz Women's","1","amazon.com","Standard Orders","Seller","BOYNTON BEACH","FLORIDA","33436-4808","","60.00","0","0","0","0","0","0","0","0","0","0","-9.00","0","0","0","51.00"
"Apr 9, 2017 6:59:36 PM PDT","6331697631","Shipping Services","112-3495213-4464258","","Shipping Label Purchased through Amazon","","","Standard Orders","","","","","","0","0","0","0","0","0","0","0","0","0","0","0","0","0","-4.61","-4.61"
"Apr 9, 2017 6:59:49 PM PDT","6331697631","Order","111-2122148-1043466","TP-JZ2P-HJSY","Daisy Eau So Fresh by Marc Jacobs Eau De Toilette Spray 4.2 oz Women's","1","amazon.com","Standard Orders","Seller","IRVINE","CA","92614-8224","","58.43","0","0","0","0","0","0","0","0","0","0","-8.76","0","0","0","49.67"
"Apr 9, 2017 7:00:27 PM PDT","6331697631","Shipping Services","111-2122148-1043466","","Shipping Label Purchased through Amazon","","","Standard Orders","","","","","","0","0","0","0","0","0","0","0","0","0","0","0","0","0","-4.61","-4.61"
"Apr 9, 2017 7:00:32 PM PDT","6331697631","Order","111-4085168-2757835","TP-JZ2P-HJSY","Daisy Eau So Fresh by Marc Jacobs Eau De Toilette Spray 4.2 oz Women's","1","amazon.com","Standard Orders","Seller","WHITEHOUSE STATION","NJ","08889-3660","","60.00","0","0","0","0","0","0","0","0","0","0","-9.00","0","0","0","51.00"
"Apr 9, 2017 7:01:09 PM PDT","6331697631","Shipping Services","111-4085168-2757835","","Shipping Label Purchased through Amazon","","","Standard Orders","","","","","","0","0","0","0","0","0","0","0","0","0","0","0","0","0","-4.61","-4.61"
"Apr 9, 2017 7:03:16 PM PDT","6331697631","Order","113-6317314-6333826","N6-T97C-HZ2W","INSURRECTION by Reyane Tradition Men's Eau De Toilette Spray 3.4 oz - 100% Authentic","1","amazon.com","Standard Orders","Seller","WALDEN","NY","12586-3034","","21.47","0","0","0","0","0","0","0","0","0","0","-3.22","0","0","0","18.25"
"Apr 9, 2017 7:03:54 PM PDT","6331697631","Shipping Services","113-6317314-6333826","","Shipping Label Purchased through Amazon","","","Standard Orders","","","","","","0","0","0","0","0","0","0","0","0","0","0","0","0","0","-4.46","-4.46"
"Apr 9, 2017 7:04:32 PM PDT","6331697631","Order","113-5793720-1676248","GR-FSVC-DTZN","Karen Low X Change Cool by Karen Low for Men Eau de Toilette Spray 3.4 oz","1","amazon.com","Standard Orders","Seller","Issaquah","WA","98027-5666","","14.99","0","0","0","0","0","0","0","0","0","0","-2.25","0","0","0","12.74"
"Apr 9, 2017 7:05:08 PM PDT","6331697631","Shipping Services","113-5793720-1676248","","Shipping Label Purchased through Amazon","","","Standard Orders","","","","","","0","0","0","0","0","0","0","0","0","0","0","0","0","0","-3.90","-3.90"
"Apr 9, 2017 7:05:32 PM PDT","6331697631","Order","113-5145316-6320263","GE-DDEU-7TI5","Samba By Perfumers Workshop For Men. Eau De Toilette Spray 3.3 Ounces","1","amazon.com","Standard Orders","Seller","SAINT PETERSBURG","FL","33710-1621","","15.00","0","5.04","0","0","0","0","0","0","0","0","-3.01","0","0","0","17.03"
"Apr 9, 2017 7:06:10 PM PDT","6331697631","Shipping Services","113-5145316-6320263","","Shipping Label Purchased through Amazon","","","Standard Orders","","","","","","0","0","0","0","0","0","0","0","0","0","0","0","0","0","-3.76","-3.76"
"Apr 9, 2017 7:06:34 PM PDT","6331697631","Order","113-3843226-6882669","GE-O4TJ-BHC7","Royal Copenhagen By Royal Copenhagen For Men. Cologne Spray 3.3 Ounces","1","amazon.com","Standard Orders","Seller","DAVENPORT","IA","52806-5106","","14.72","0","4.99","0","0","0","0","0","0","0","0","-2.96","0","0","0","16.75"
"Apr 9, 2017 7:07:12 PM PDT","6331697631","Shipping Services","113-3843226-6882669","","Shipping Label Purchased through Amazon","","","Standard Orders","","","","","","0","0","0","0","0","0","0","0","0","0","0","0","0","0","-3.62","-3.62"
"Apr 9, 2017 7:07:49 PM PDT","6331697631","Order","113-0288571-0413869","JQ-XP7R-N74L","212 VIP ROSE by Carolina Herrera 2.7 Ounce / 80 ml Eau de Parfum Women Perfume Spray","1","amazon.com","Standard Orders","Seller","ENNIS","TX","75119-3810","","69.40","0","5.39","0","0","0","0","0","0","0","0","-11.22","0","0","0","63.57"
"Apr 9, 2017 7:08:26 PM PDT","6331697631","Shipping Services","113-0288571-0413869","","Shipping Label Purchased through Amazon","","","Standard Orders","","","","","","0","0","0","0","0","0","0","0","0","0","0","0","0","0","-4.61","-4.61"
"Apr 9, 2017 7:09:05 PM PDT","6331697631","Order","112-6784259-9030629","L1-QY5U-FPFH","X Change Unlimited by Karen Low 3.4 oz Eau De Toilette Spray Mens Cologne NIB","3","amazon.com","Standard Orders","Seller","WINOOSKI","VT","05404-1562","","28.14","0","5.99","0","0","0","0","0","0","0","0","-5.13","0","0","0","29.00"
"Apr 9, 2017 7:09:42 PM PDT","6331697631","Shipping Services","112-6784259-9030629","","Shipping Label Purchased through Amazon","","","Standard Orders","","","","","","0","0","0","0","0","0","0","0","0","0","0","0","0","0","-6.05","-6.05"
"Apr 9, 2017 7:10:41 PM PDT","6331697631","Order","112-3045066-1822645","HL-1U6T-TW0Y","Cabotine By Parfums Gres For Women. Eau De Parfum Spray 3.4 Ounces","1","amazon.com","Standard Orders","Seller","St Thomas","VI","00802-2809","","11.00","0","5.20","0","0","0","0","0","0","0","0","-2.43","0","0","0","13.77"
"Apr 9, 2017 7:11:19 PM PDT","6331697631","Shipping Services","112-3045066-1822645","","Shipping Label Purchased through Amazon","","","Standard Orders","","","","","","0","0","0","0","0","0","0","0","0","0","0","0","0","0","-3.76","-3.76"
"Apr 9, 2017 7:12:13 PM PDT","6331697631","Order","112-1446137-4509811","8X-4L9P-TFCB","Sexual By Michel Germain For Men. Eau De Toilette Spray 4.2 Ounces","1","amazon.com","Standard Orders","Seller","Fair Lawn","NJ","07410-5103","","43.00","0","5.39","0","0","0","0","0","0","0","0","-7.26","0","0","0","41.13"
"Apr 9, 2017 7:12:51 PM PDT","6331697631","Shipping Services","112-1446137-4509811","","Shipping Label Purchased through Amazon","","","Standard Orders","","","","","","0","0","0","0","0","0","0","0","0","0","0","0","0","0","-4.46","-4.46"
"Apr 9, 2017 7:13:18 PM PDT","6331697631","Order","111-7049337-3218603","5O-L8CN-X1ZE","Perry Ellis 18 Intense by Perry Ellis for Men - 3.4 Ounce EDT Spray","1","amazon.com","Standard Orders","Seller","HATTIESBURG","MS","39401-5816","","27.04","0","5.29","0","0","0","0","0","0","0","0","-4.85","0","0","0","27.48"
"Apr 9, 2017 7:13:54 PM PDT","6331697631","Shipping Services","111-7049337-3218603","","Shipping Label Purchased through Amazon","","","Standard Orders","","","","","","0","0","0","0","0","0","0","0","0","0","0","0","0","0","-4.46","-4.46"
"Apr 9, 2017 7:14:52 PM PDT","6331697631","Shipping Services","111-6306126-4699430","","Shipping Label Purchased through Amazon","","","Standard Orders","","","","","","0","0","0","0","0","0","0","0","0","0","0","0","0","0","-4.32","-4.32"
"Apr 9, 2017 7:15:19 PM PDT","6331697631","Order","111-5096244-5709869","2L-YX0W-CS37","Johan B Merveille Eau De Parfum Spray for Women, 3.4 Ounce","1","amazon.com","Standard Orders","Seller","TROTWOOD","OH","45426-1663","","24.97","0","0","0","0","0","0","0","0","0","0","-3.75","0","0","0","21.22"
"Apr 9, 2017 7:15:56 PM PDT","6331697631","Shipping Services","111-5096244-5709869","","Shipping Label Purchased through Amazon","","","Standard Orders","","","","","","0","0","0","0","0","0","0","0","0","0","0","0","0","0","-4.46","-4.46"
"Apr 9, 2017 7:16:26 PM PDT","6331697631","Order","111-7021723-2629851","FZ-7H25-DGAL","Reb'L Fleur By Rihanna Gift Set -- 3.4 Oz Eau De Parfum Spray + 3 Oz Body Lotion + 3 Oz Shower Gel + .34 Oz Mini Edp Spray Women","1","amazon.com","Standard Orders","Seller","ELMA","WA","98541-9507","","33.24","0","5.49","0","0","0","0","0","0","0","0","-5.81","0","0","0","32.92"
"Apr 9, 2017 7:17:01 PM PDT","6331697631","Shipping Services","111-7021723-2629851","","Shipping Label Purchased through Amazon","","","Standard Orders","","","","","","0","0","0","0","0","0","0","0","0","0","0","0","0","0","-7.34","-7.34"
"Apr 9, 2017 7:18:01 PM PDT","6331697631","Order","111-4422427-9229028","0D-ZN8O-QQ8V","P O L O Black Fragrance for Men Luxury Perfume Spray 4.2 Oz. New with Box","1","amazon.com","Standard Orders","Seller","NORTH STONINGTON","CT","06359-1140","","54.91","0","4.49","0","0","0","0","0","0","0","0","-8.91","0","0","0","50.49"
"Apr 9, 2017 7:18:39 PM PDT","6331697631","Shipping Services","111-4422427-9229028","","Shipping Label Purchased through Amazon","","","Standard Orders","","","","","","0","0","0","0","0","0","0","0","0","0","0","0","0","0","-4.47","-4.47"
"Apr 9, 2017 7:19:46 PM PDT","6331697631","Order","111-4252217-2083444","L1-QY5U-FPFH","X Change Unlimited by Karen Low 3.4 oz Eau De Toilette Spray Mens Cologne NIB","1","amazon.com","Standard Orders","Seller","NORWALK","CA","90650-7809","","9.81","0","4.99","0","0","0","0","0","0","0","0","-2.22","0","0","0","12.58"
"Apr 9, 2017 7:20:21 PM PDT","6331697631","Shipping Services","111-4252217-2083444","","Shipping Label Purchased through Amazon","","","Standard Orders","","","","","","0","0","0","0","0","0","0","0","0","0","0","0","0","0","-3.76","-3.76"
"Apr 9, 2017 7:20:45 PM PDT","6331697631","Order","111-3136379-5346647","2W-HR3G-K73F","Fancy Nights By Jessica Simpson Eau De Parfum Spray for Women, 3.40-Fluid Ounce","1","amazon.com","Standard Orders","Seller","Morristown","Tennessee","37815","","19.46","0","0","0","0","0","0","0","0","0","0","-2.92","0","0","0","16.54"
"Apr 9, 2017 7:21:23 PM PDT","6331697631","Shipping Services","111-3136379-5346647","","Shipping Label Purchased through Amazon","","","Standard Orders","","","","","","0","0","0","0","0","0","0","0","0","0","0","0","0","0","-4.32","-4.32"
"Apr 9, 2017 7:21:47 PM PDT","6331697631","Order","111-2861714-3749064","MH-E253-RB4H","LALIQUE by Lalique Eau De Parfum Spray (Lion) 4.2 oz for Men","2","amazon.com","Standard Orders","Seller","MILLBRAE","CA","94030-1029","","60.00","0","6.29","0","0","0","0","0","0","0","0","-9.94","0","0","0","56.35"
"Apr 9, 2017 7:22:24 PM PDT","6331697631","Shipping Services","111-2861714-3749064","","Shipping Label Purchased through Amazon","","","Standard Orders","","","","","","0","0","0","0","0","0","0","0","0","0","0","0","0","0","-6.20","-6.20"
"Apr 9, 2017 7:23:16 PM PDT","6331697631","Order","111-1968643-1726653","UY-T92D-JIMV","Dis-lui Extreme Pour Homme 3.4 Oz Eau De Parfum Spray for Men","1","amazon.com","Standard Orders","Seller","CINCINNATI","OH","45204-1837","","5.00","0","5.49","0","0","0","0","0","0","0","0","-1.57","0","0","0","8.92"
"Apr 9, 2017 7:23:53 PM PDT","6331697631","Shipping Services","111-1968643-1726653","","Shipping Label Purchased through Amazon","","","Standard Orders","","","","","","0","0","0","0","0","0","0","0","0","0","0","0","0","0","-4.04","-4.04"
"Apr 9, 2017 7:24:33 PM PDT","6331697631","Order","111-1783014-0497813","1O-M08O-A0OC","Víva La Juícy Gold by Juícy Couture Women's 3.4 Oz EDP Spray","1","amazon.com","Standard Orders","Seller","Shreveport","LA","71109","","60.47","0","4.49","0","0","0","0","0","0","0","0","-9.74","0","0","0","55.22"
"Apr 9, 2017 7:25:08 PM PDT","6331697631","Shipping Services","111-1783014-0497813","","Shipping Label Purchased through Amazon","","","Standard Orders","","","","","","0","0","0","0","0","0","0","0","0","0","0","0","0","0","-6.20","-6.20"
"Apr 9, 2017 7:25:20 PM PDT","6331697631","Order","111-6306126-4699430","CJ-JW74-TNWI","ED HARDY by Christian Audigier EAU DE PARFUM SPRAY 3.4 OZ WOMEN Christian Audigier","1","amazon.com","Standard Orders","Seller","INDEPENDENCE","KY","41051-9669","","29.99","0","0","0","0","0","0","0","0","0","0","-4.50","0","0","0","25.49"
"Apr 9, 2017 7:25:47 PM PDT","6331697631","Order","111-1685567-3869058","IJ-KEN6-GAXI","InternetFragrance] DÓLCE GÁBBANA Intenso Eau De Parfum Spray for Men, 4.2 Fluid Ounce by (InternetFragrance)","1","amazon.com","Standard Orders","Seller","CARRIZO SPRINGS","TX","78834-3517","","53.00","0","8.99","0","0","0","0","0","0","0","0","-9.30","0","0","0","52.69"
"Apr 9, 2017 7:26:24 PM PDT","6331697631","Shipping Services","111-1685567-3869058","","Shipping Label Purchased through Amazon","","","Standard Orders","","","","","","0","0","0","0","0","0","0","0","0","0","0","0","0","0","-6.20","-6.20"
"Apr 9, 2017 7:26:50 PM PDT","6331697631","Order","111-1670334-3197859","QW-VRK7-54DT","Usher Vip by Usher for Men. Eau De Toilette Spray 3.4-Ounce","1","amazon.com","Standard Orders","Seller","LOUISVILLE","KY","40208-1056","","22.98","0","5.44","0","0","0","0","0","0","0","0","-4.26","0","0","0","24.16"
"Apr 9, 2017 7:27:26 PM PDT","6331697631","Shipping Services","111-1670334-3197859","","Shipping Label Purchased through Amazon","","","Standard Orders","","","","","","0","0","0","0","0","0","0","0","0","0","0","0","0","0","-3.76","-3.76"
"Apr 9, 2017 7:28:05 PM PDT","6331697631","Order","112-4145856-6705864","FI-6L5M-3BSG","Bvlgari Men's BLV Pour Homme EDT Spray,Blue,3.4 oz","1","amazon.com","Standard Orders","Seller","OAK RIDGE","TN","37830-3824","","32.28","0","5.54","0","0","0","0","0","0","0","0","-5.67","0","0","0","32.15"
"Apr 9, 2017 7:28:38 PM PDT","6331697631","Shipping Services","112-4145856-6705864","","Shipping Label Purchased through Amazon","","","Standard Orders","","","","","","0","0","0","0","0","0","0","0","0","0","0","0","0","0","-4.46","-4.46"
"Apr 9, 2017 7:29:15 PM PDT","6331697631","Order","111-8923788-9383438","LX-TSWW-29S8","White Diamonds By Elizabeth Taylor Edt Spray 3.3 Oz for Women","1","amazon.com","Standard Orders","Seller","ROCKVILLE","MD","20850-3581","","23.32","0","5.50","0","0","0","0","0","0","0","0","-4.32","0","0","0","24.50"
"Apr 9, 2017 7:29:48 PM PDT","6331697631","Shipping Services","111-8923788-9383438","","Shipping Label Purchased through Amazon","","","Standard Orders","","","","","","0","0","0","0","0","0","0","0","0","0","0","0","0","0","-4.04","-4.04"
"Apr 9, 2017 7:30:26 PM PDT","6331697631","Order","111-0567975-5947447","0D-ZN8O-QQ8V","P O L O Black Fragrance for Men Luxury Perfume Spray 4.2 Oz. New with Box","1","amazon.com","Standard Orders","Seller","SPRINGFIELD GARDENS","NY","11413-4010","","54.91","0","4.49","0","0","0","0","0","0","0","0","-8.91","0","0","0","50.49"
"Apr 9, 2017 7:30:54 PM PDT","6331697631","Shipping Services","111-0567975-5947447","","Shipping Label Purchased through Amazon","","","Standard Orders","","","","","","0","0","0","0","0","0","0","0","0","0","0","0","0","0","-4.47","-4.47"
"Apr 9, 2017 7:33:16 PM PDT","6331697631","Order","113-1881570-3450654","DN-0G1V-G4UO","CREATION LAMIS PURE BLACK 3.3 OZ.","2","amazon.com","Standard Orders","Seller","ASTORIA","NY","11106-4902","","19.66","0","0","0","0","0","0","0","0","0","0","-2.94","0","0","0","16.72"
"Apr 9, 2017 7:33:51 PM PDT","6331697631","Shipping Services","113-1881570-3450654","","Shipping Label Purchased through Amazon","","","Standard Orders","","","","","","0","0","0","0","0","0","0","0","0","0","0","0","0","0","-4.46","-4.46"
"Apr 9, 2017 7:35:13 PM PDT","6331697631","Order","111-0772349-5033862","Y8-47ZI-IQRV","Liz Claiborne Women's Mambo 3-Piece Gift Set","1","amazon.com","Standard Orders","Seller","GASTONIA","NC","28056-8398","","31.64","0","6.14","0","0","0","0","0","0","0","0","-5.67","0","0","0","32.11"
"Apr 9, 2017 7:35:51 PM PDT","6331697631","Shipping Services","111-0772349-5033862","","Shipping Label Purchased through Amazon","","","Standard Orders","","","","","","0","0","0","0","0","0","0","0","0","0","0","0","0","0","-6.67","-6.67"
"Apr 9, 2017 7:38:55 PM PDT","6331697631","Order","113-8390639-3560203","1W-5PTN-4YN0","Piver 489564 Reve Dor by Piver Cologne Splash 14.25 oz","1","amazon.com","Standard Orders","Seller","ALEXANDRIA","LA","71301","","25.54","0","6.49","0","0","0","0","0","0","0","0","-4.80","0","0","0","27.23"
"Apr 9, 2017 7:39:31 PM PDT","6331697631","Shipping Services","113-8390639-3560203","","Shipping Label Purchased through Amazon","","","Standard Orders","","","","","","0","0","0","0","0","0","0","0","0","0","0","0","0","0","-6.05","-6.05"
"Apr 9, 2017 7:43:55 PM PDT","6331697631","Order","114-1446593-3253003","DN-0G1V-G4UO","CREATION LAMIS PURE BLACK 3.3 OZ.","4","amazon.com","Standard Orders","Seller","JAMAICA","NY","11434-5930","","18.52","0","7.33","0","0","0","0","0","0","0","0","-4.00","0","0","0","21.85"
"Apr 9, 2017 7:44:32 PM PDT","6331697631","Shipping Services","114-1446593-3253003","","Shipping Label Purchased through Amazon","","","Standard Orders","","","","","","0","0","0","0","0","0","0","0","0","0","0","0","0","0","-6.05","-6.05"
"Apr 9, 2017 7:45:18 PM PDT","6331697631","Order","113-1344309-4743433","UZ-YL8C-YVM0","Houbigant Quelques Fleurs Original Eau de Parfum Spray for Women, 3.4 Fluid Ounce","1","amazon.com","Standard Orders","Seller","MIAMI","FL","33166-2783","","62.89","0","5.04","0","0","0","0","0","0","0","0","-10.19","0","0","0","57.74"
"Apr 9, 2017 7:45:56 PM PDT","6331697631","Shipping Services","113-1344309-4743433","","Shipping Label Purchased through Amazon","","","Standard Orders","","","","","","0","0","0","0","0","0","0","0","0","0","0","0","0","0","-4.33","-4.33"
"Apr 9, 2017 7:46:00 PM PDT","6331697631","Order","114-7168346-9131418","UZ-YL8C-YVM0","Houbigant Quelques Fleurs Original Eau de Parfum Spray for Women, 3.4 Fluid Ounce","1","amazon.com","Standard Orders","Seller","ALEXANDRIA","VA","22309-1551","","62.78","0","9.82","0","0","0","0","0","0","0","0","-10.89","0","0","0","61.71"
"Apr 9, 2017 7:46:38 PM PDT","6331697631","Shipping Services","114-7168346-9131418","","Shipping Label Purchased through Amazon","","","Standard Orders","","","","","","0","0","0","0","0","0","0","0","0","0","0","0","0","0","-6.20","-6.20"
"Apr 9, 2017 7:46:49 PM PDT","6331697631","Order","113-5095464-2841833","UZ-YL8C-YVM0","Houbigant Quelques Fleurs Original Eau de Parfum Spray for Women, 3.4 Fluid Ounce","1","amazon.com","Standard Orders","Seller","NORFOLK","VA","23508-1267","","62.78","0","5.04","0","0","0","0","0","0","0","0","-10.17","0","0","0","57.65"
"Apr 9, 2017 7:47:27 PM PDT","6331697631","Shipping Services","113-5095464-2841833","","Shipping Label Purchased through Amazon","","","Standard Orders","","","","","","0","0","0","0","0","0","0","0","0","0","0","0","0","0","-4.33","-4.33"
"Apr 9, 2017 7:47:30 PM PDT","6331697631","Order","113-1484746-5933863","UZ-YL8C-YVM0","Houbigant Quelques Fleurs Original Eau de Parfum Spray for Women, 3.4 Fluid Ounce","1","amazon.com","Standard Orders","Seller","SOUTH PADRE ISLAND","TX","78597","","62.78","0","5.04","0","0","0","0","0","0","0","0","-10.17","0","0","0","57.65"
"Apr 9, 2017 7:48:05 PM PDT","6331697631","Shipping Services","113-1484746-5933863","","Shipping Label Purchased through Amazon","","","Standard Orders","","","","","","0","0","0","0","0","0","0","0","0","0","0","0","0","0","-4.33","-4.33"
"Apr 9, 2017 7:48:07 PM PDT","6331697631","Order","111-0056309-2885837","UZ-YL8C-YVM0","Houbigant Quelques Fleurs Original Eau de Parfum Spray for Women, 3.4 Fluid Ounce","1","amazon.com","Standard Orders","Seller","EL CAJON","CA","92020-1451","","62.78","0","5.04","0","0","0","0","0","0","0","0","-10.17","0","0","0","57.65"
"Apr 9, 2017 7:48:45 PM PDT","6331697631","Shipping Services","111-0056309-2885837","","Shipping Label Purchased through Amazon","","","Standard Orders","","","","","","0","0","0","0","0","0","0","0","0","0","0","0","0","0","-4.33","-4.33"
"Apr 9, 2017 7:48:51 PM PDT","6331697631","Order","112-9622730-1348227","UZ-YL8C-YVM0","Houbigant Quelques Fleurs Original Eau de Parfum Spray for Women, 3.4 Fluid Ounce","1","amazon.com","Standard Orders","Seller","OAKLAND TOWNSHIP","MI","48306-4796","","62.84","0","5.04","0","0","0","0","0","0","0","0","-10.18","0","0","0","57.70"
"Apr 9, 2017 7:49:27 PM PDT","6331697631","Shipping Services","112-9622730-1348227","","Shipping Label Purchased through Amazon","","","Standard Orders","","","","","","0","0","0","0","0","0","0","0","0","0","0","0","0","0","-4.33","-4.33"
"Apr 9, 2017 7:49:30 PM PDT","6331697631","Order","112-5124882-4486632","UZ-YL8C-YVM0","Houbigant Quelques Fleurs Original Eau de Parfum Spray for Women, 3.4 Fluid Ounce","1","amazon.com","Standard Orders","Seller","NEW YORK","NY","10013-3401","","62.78","0","5.04","0","0","0","0","0","0","0","0","-10.17","0","0","0","57.65"
"Apr 9, 2017 7:50:07 PM PDT","6331697631","Shipping Services","112-5124882-4486632","","Shipping Label Purchased through Amazon","","","Standard Orders","","","","","","0","0","0","0","0","0","0","0","0","0","0","0","0","0","-4.33","-4.33"
"Apr 9, 2017 7:50:44 PM PDT","6331697631","Shipping Services","112-3866979-0219401","","Shipping Label Purchased through Amazon","","","Standard Orders","","","","","","0","0","0","0","0","0","0","0","0","0","0","0","0","0","-4.33","-4.33"
"Apr 9, 2017 7:51:25 PM PDT","6331697631","Shipping Services","111-5096592-7150659","","Shipping Label Purchased through Amazon","","","Standard Orders","","","","","","0","0","0","0","0","0","0","0","0","0","0","0","0","0","-4.33","-4.33"
"Apr 9, 2017 7:51:29 PM PDT","6331697631","Order","111-3103367-1467439","UZ-YL8C-YVM0","Houbigant Quelques Fleurs Original Eau de Parfum Spray for Women, 3.4 Fluid Ounce","1","amazon.com","Standard Orders","Seller","LAFAYETTE","COLORADO","80026-3456","","62.81","0","5.04","0","0","0","0","0","0","0","0","-10.18","0","0","0","57.67"
"Apr 9, 2017 7:52:07 PM PDT","6331697631","Shipping Services","111-3103367-1467439","","Shipping Label Purchased through Amazon","","","Standard Orders","","","","","","0","0","0","0","0","0","0","0","0","0","0","0","0","0","-4.33","-4.33"
"Apr 9, 2017 7:52:11 PM PDT","6331697631","Order","111-2500643-8619461","UZ-YL8C-YVM0","Houbigant Quelques Fleurs Original Eau de Parfum Spray for Women, 3.4 Fluid Ounce","1","amazon.com","Standard Orders","Seller","SAMMAMISH","WA","98074-3344","","62.78","0","5.04","0","0","0","0","0","0","0","0","-10.17","0","0","0","57.65"
"Apr 9, 2017 7:52:49 PM PDT","6331697631","Shipping Services","111-2500643-8619461","","Shipping Label Purchased through Amazon","","","Standard Orders","","","","","","0","0","0","0","0","0","0","0","0","0","0","0","0","0","-4.33","-4.33"
"Apr 9, 2017 7:52:56 PM PDT","6331697631","Order","111-0145796-7887432","UZ-YL8C-YVM0","Houbigant Quelques Fleurs Original Eau de Parfum Spray for Women, 3.4 Fluid Ounce","1","amazon.com","Standard Orders","Seller","Morgantown","PA","19543-7749","","62.57","0","5.04","0","0","0","0","0","0","0","0","-10.14","0","0","0","57.47"
"Apr 9, 2017 7:53:28 PM PDT","6331697631","Shipping Services","111-0145796-7887432","","Shipping Label Purchased through Amazon","","","Standard Orders","","","","","","0","0","0","0","0","0","0","0","0","0","0","0","0","0","-4.33","-4.33"
"Apr 9, 2017 8:00:33 PM PDT","6331697631","Order","112-3866979-0219401","UZ-YL8C-YVM0","Houbigant Quelques Fleurs Original Eau de Parfum Spray for Women, 3.4 Fluid Ounce","1","amazon.com","Standard Orders","Seller","DALLAS","TX","75248-3544","","62.78","0","5.04","0","0","0","0","0","0","0","0","-10.17","0","0","0","57.65"
"Apr 9, 2017 8:01:04 PM PDT","6331697631","Order","111-5096592-7150659","UZ-YL8C-YVM0","Houbigant Quelques Fleurs Original Eau de Parfum Spray for Women, 3.4 Fluid Ounce","1","amazon.com","Standard Orders","Seller","Fort Mill","SC","29715","","62.81","0","5.04","0","0","0","0","0","0","0","0","-10.18","0","0","0","57.67"
"Apr 10, 2017 12:59:56 PM PDT","6332351131","Order","114-9875794-0615428","UZ-YL8C-YVM0","Houbigant Quelques Fleurs Original Eau de Parfum Spray for Women, 3.4 Fluid Ounce","2","amazon.com","Standard Orders","Seller","Salt Lake City","Utah","84112","","125.56","0","5.59","0","0","0","0","0","0","0","0","-19.68","0","0","0","111.47"
"Apr 10, 2017 1:00:30 PM PDT","6332351131","Shipping Services","114-9875794-0615428","","Shipping Label Purchased through Amazon","","","Standard Orders","","","","","","0","0","0","0","0","0","0","0","0","0","0","0","0","0","-6.65","-6.65"
"Apr 10, 2017 1:02:30 PM PDT","6332351131","Order","114-7201444-9270609","W4-6TKK-M8MV","BRUT by Faberge Cologne Spray (Original-Glass Bottle) 3 oz","1","amazon.com","Standard Orders","Seller","TUCSON","AZ","85711-6038","","12.74","0","0","0","0","0","0","0","0","0","0","-1.91","0","0","0","10.83"
"Apr 10, 2017 1:03:07 PM PDT","6332351131","Shipping Services","114-7201444-9270609","","Shipping Label Purchased through Amazon","","","Standard Orders","","","","","","0","0","0","0","0","0","0","0","0","0","0","0","0","0","-3.76","-3.76"
"Apr 10, 2017 1:03:43 PM PDT","6332351131","Order","114-5229249-6909053","QE-9U4J-U2YO","NEW BRAND EVA 3.3 OZ.","1","amazon.com","Standard Orders","Seller","GUTTENBERG","NJ","07093-3214","","6.68","0","5.20","0","0","0","0","0","0","0","0","-1.78","0","0","0","10.10"
"Apr 10, 2017 1:04:21 PM PDT","6332351131","Shipping Services","114-5229249-6909053","","Shipping Label Purchased through Amazon","","","Standard Orders","","","","","","0","0","0","0","0","0","0","0","0","0","0","0","0","0","-3.62","-3.62"
"Apr 10, 2017 1:04:55 PM PDT","6332351131","Order","114-3333478-5901058","XB-1ZMP-BUBX","Aramis for Men by Aramis 100ml 3.7oz EDT Spray","1","amazon.com","Standard Orders","Seller","OCEANSIDE","CA","92057-1951","","19.23","0","5.15","0","0","0","0","0","0","0","0","-3.66","0","0","0","20.72"
"Apr 10, 2017 1:05:33 PM PDT","6332351131","Shipping Services","114-3333478-5901058","","Shipping Label Purchased through Amazon","","","Standard Orders","","","","","","0","0","0","0","0","0","0","0","0","0","0","0","0","0","-3.76","-3.76"
"Apr 10, 2017 1:06:20 PM PDT","6332351131","Order","114-1496570-2986623","2E-FBF6-YZWY","Bvlgari Aqva Marine Pour Homme by Bvlgari 3.4oz 100ml EDT Spray","1","amazon.com","Standard Orders","Seller","WINFIELD","MO","63389-1158","","34.69","0","5.33","0","0","0","0","0","0","0","0","-6.00","0","0","0","34.02"
"Apr 10, 2017 1:06:56 PM PDT","6332351131","Shipping Services","114-1496570-2986623","","Shipping Label Purchased through Amazon","","","Standard Orders","","","","","","0","0","0","0","0","0","0","0","0","0","0","0","0","0","-4.32","-4.32"
"Apr 10, 2017 1:08:06 PM PDT","6332351131","Shipping Services","113-9876764-3118621","","Shipping Label Purchased through Amazon","","","Standard Orders","","","","","","0","0","0","0","0","0","0","0","0","0","0","0","0","0","-6.05","-6.05"
"Apr 10, 2017 1:10:01 PM PDT","6332351131","Order","113-8140177-9660249","DC-RX5F-IG5D","Nautica Voyage N-83 by Nautica - Eau De Toilette Spray 3.4 oz","1","amazon.com","Standard Orders","Seller","PATRIOT","OH","45658-9113","","12.00","0","5.49","0","0","0","0","0","0","0","0","-2.62","0","0","0","14.87"
"Apr 10, 2017 1:10:37 PM PDT","6332351131","Shipping Services","113-8140177-9660249","","Shipping Label Purchased through Amazon","","","Standard Orders","","","","","","0","0","0","0","0","0","0","0","0","0","0","0","0","0","-4.32","-4.32"
"Apr 10, 2017 1:11:03 PM PDT","6332351131","Order","113-3146140-0673003","Q6-WPSC-SKZE","Tiamo Perfume For Women By Parfum Blaze","2","amazon.com","Standard Orders","Seller","Baltimore","MD","21213","","20.00","0","6.49","0","0","0","0","0","0","0","0","-3.98","0","0","0","22.51"
"Apr 10, 2017 1:11:39 PM PDT","6332351131","Shipping Services","113-3146140-0673003","","Shipping Label Purchased through Amazon","","","Standard Orders","","","","","","0","0","0","0","0","0","0","0","0","0","0","0","0","0","-6.05","-6.05"
"Apr 10, 2017 1:12:18 PM PDT","6332351131","Order","113-1486663-2985823","UZ-YL8C-YVM0","Houbigant Quelques Fleurs Original Eau de Parfum Spray for Women, 3.4 Fluid Ounce","2","amazon.com","Standard Orders","Seller","Saint Louis","MO","63124-1412","","125.56","0","5.59","0","0","0","0","0","0","0","0","-19.68","0","0","0","111.47"
"Apr 10, 2017 1:12:55 PM PDT","6332351131","Shipping Services","113-1486663-2985823","","Shipping Label Purchased through Amazon","","","Standard Orders","","","","","","0","0","0","0","0","0","0","0","0","0","0","0","0","0","-6.65","-6.65"
"Apr 10, 2017 1:13:34 PM PDT","6332351131","Order","112-9628658-7845028","N6-T97C-HZ2W","INSURRECTION by Reyane Tradition Men's Eau De Toilette Spray 3.4 oz - 100% Authentic","1","amazon.com","Standard Orders","Seller","Miami","Florida","33172","","21.47","0","0","0","0","0","0","0","0","0","0","-3.22","0","0","0","18.25"
"Apr 10, 2017 1:14:09 PM PDT","6332351131","Shipping Services","112-9628658-7845028","","Shipping Label Purchased through Amazon","","","Standard Orders","","","","","","0","0","0","0","0","0","0","0","0","0","0","0","0","0","-4.46","-4.46"
"Apr 10, 2017 1:14:51 PM PDT","6332351131","Order","112-9046237-7593042","E4-G6OD-TXK1","Plus Plus Feminine by Diesel 2.5 oz Eau de Toilette Spray New in Box (Women)","1","amazon.com","Standard Orders","Seller","MAGNOLIA","NC","28453-8509","","13.20","0","0","0","0","0","0","0","0","0","0","-1.98","0","0","0","11.22"
"Apr 10, 2017 1:15:26 PM PDT","6332351131","Shipping Services","112-9046237-7593042","","Shipping Label Purchased through Amazon","","","Standard Orders","","","","","","0","0","0","0","0","0","0","0","0","0","0","0","0","0","-3.62","-3.62"
"Apr 10, 2017 1:16:41 PM PDT","6332351131","Order","112-6737129-6985061","3X-GXR2-3ML5","Lagerfeld By Karl Lagerfeld For Men. Eau De Toilette Spray 4.2 Oz","1","amazon.com","Standard Orders","Seller","SALIDA","CO","81201-9005","","20.00","0","5.29","0","0","0","0","0","0","0","0","-3.79","0","0","0","21.50"
"Apr 10, 2017 1:17:18 PM PDT","6332351131","Shipping Services","112-6737129-6985061","","Shipping Label Purchased through Amazon","","","Standard Orders","","","","","","0","0","0","0","0","0","0","0","0","0","0","0","0","0","-3.76","-3.76"
"Apr 10, 2017 1:18:01 PM PDT","6332351131","Order","112-5497556-5209044","XM-H9NV-3WLK","Paris Hilton Heiress 4 Piece Fragrance Gift Set for Women, 3.4 Ounce","1","amazon.com","Standard Orders","Seller","Brooklyn","New York","11216","","55.28","0","9.31","0","0","0","0","0","0","0","0","-9.69","0","0","0","54.90"
"Apr 10, 2017 1:18:38 PM PDT","6332351131","Shipping Services","112-5497556-5209044","","Shipping Label Purchased through Amazon","","","Standard Orders","","","","","","0","0","0","0","0","0","0","0","0","0","0","0","0","0","-6.20","-6.20"
"Apr 10, 2017 1:18:52 PM PDT","6332351131","Order","111-2542721-7418634","JK-130P-A3PQ","Tiamo by Parfum Blaze Eau De Toilette Spray 3.4 oz","1","amazon.com","Standard Orders","Seller","JOHNSONBURG","PA","15845-1057","","15.16","0","0","0","0","0","0","0","0","0","0","-2.27","0","0","0","12.89"
"Apr 10, 2017 1:19:27 PM PDT","6332351131","Shipping Services","111-2542721-7418634","","Shipping Label Purchased through Amazon","","","Standard Orders","","","","","","0","0","0","0","0","0","0","0","0","0","0","0","0","0","-4.46","-4.46"
"Apr 10, 2017 1:19:31 PM PDT","6332351131","Order","113-9876764-3118621","N6-T97C-HZ2W","INSURRECTION by Reyane Tradition Men's Eau De Toilette Spray 3.4 oz - 100% Authentic","2","amazon.com","Standard Orders","Seller","HOUSTON","TX","77073-5509","","42.94","0","0","0","0","0","0","0","0","0","0","-6.44","0","0","0","36.50"
"Apr 10, 2017 1:20:03 PM PDT","6332351131","Order","112-3157682-9033809","JK-130P-A3PQ","Tiamo by Parfum Blaze Eau De Toilette Spray 3.4 oz","1","amazon.com","Standard Orders","Seller","ASHLEY","PA","18706-2823","","15.15","0","0","0","0","0","0","0","0","0","0","-2.27","0","0","0","12.88"
"Apr 10, 2017 1:20:39 PM PDT","6332351131","Shipping Services","112-3157682-9033809","","Shipping Label Purchased through Amazon","","","Standard Orders","","","","","","0","0","0","0","0","0","0","0","0","0","0","0","0","0","-4.46","-4.46"
"Apr 10, 2017 1:21:26 PM PDT","6332351131","Order","111-1799610-4103461","E4-G6OD-TXK1","Plus Plus Feminine by Diesel 2.5 oz Eau de Toilette Spray New in Box (Women)","1","amazon.com","Standard Orders","Seller","CARROLLTON","TX","75006-4898","","13.20","0","0","0","0","0","0","0","0","0","0","-1.98","0","0","0","11.22"
"Apr 10, 2017 1:21:50 PM PDT","6332351131","Shipping Services","111-1799610-4103461","","Shipping Label Purchased through Amazon","","","Standard Orders","","","","","","0","0","0","0","0","0","0","0","0","0","0","0","0","0","-3.62","-3.62"
"Apr 10, 2017 1:22:31 PM PDT","6332351131","Order","114-5458025-1745819","UY-T92D-JIMV","Dis-lui Extreme Pour Homme 3.4 Oz Eau De Parfum Spray for Men","1","amazon.com","Standard Orders","Seller","SALEM","OH","44460-2780","","5.00","0","5.49","0","0","0","0","0","0","0","0","-1.57","0","0","0","8.92"
"Apr 10, 2017 1:23:02 PM PDT","6332351131","Shipping Services","114-5458025-1745819","","Shipping Label Purchased through Amazon","","","Standard Orders","","","","","","0","0","0","0","0","0","0","0","0","0","0","0","0","0","-3.62","-3.62"
"Apr 10, 2017 1:24:33 PM PDT","6332351131","Order","114-3073193-1943460","JK-130P-A3PQ","Tiamo by Parfum Blaze Eau De Toilette Spray 3.4 oz","1","amazon.com","Standard Orders","Seller","LOUISVILLE","KY","40258-1213","","15.16","0","0","0","0","0","0","0","0","0","0","-2.27","0","0","0","12.89"
"Apr 10, 2017 1:25:10 PM PDT","6332351131","Shipping Services","114-3073193-1943460","","Shipping Label Purchased through Amazon","","","Standard Orders","","","","","","0","0","0","0","0","0","0","0","0","0","0","0","0","0","-4.46","-4.46"
"Apr 10, 2017 1:25:36 PM PDT","6332351131","Order","113-3385667-6309044","UP-ZS0D-LS8X","Bvlgari Omnia Améthyste for Women 2.2 Oz Eau De Toilette Spray","1","amazon.com","Standard Orders","Seller","Sugar Grove","IL","60554","","32.62","0","5.02","0","0","0","0","0","0","0","0","-5.65","0","0","0","31.99"
"Apr 10, 2017 1:26:12 PM PDT","6332351131","Shipping Services","113-3385667-6309044","","Shipping Label Purchased through Amazon","","","Standard Orders","","","","","","0","0","0","0","0","0","0","0","0","0","0","0","0","0","-4.18","-4.18"
"Apr 10, 2017 1:26:48 PM PDT","6332351131","Order","114-0669766-0476215","FY-7C7N-PWYT","Karen Low Exchange Men Eau De Toilette Spray, 3.4 Ounce","1","amazon.com","Standard Orders","Seller","MIAMI","FL","33192-2177","","9.63","0","5.19","0","0","0","0","0","0","0","0","-2.22","0","0","0","12.60"
"Apr 10, 2017 1:26:48 PM PDT","6332351131","Order","114-0669766-0476215","GR-FSVC-DTZN","Karen Low X Change Cool by Karen Low for Men Eau de Toilette Spray 3.4 oz","1","amazon.com","Standard Orders","Seller","MIAMI","FL","33192-2177","","14.99","0","6.50","0","0","0","0","0","0","0","0","-3.22","0","0","0","18.27"
"Apr 10, 2017 1:27:23 PM PDT","6332351131","Shipping Services","114-0669766-0476215","","Shipping Label Purchased through Amazon","","","Standard Orders","","","","","","0","0","0","0","0","0","0","0","0","0","0","0","0","0","-6.05","-6.05"
"Apr 10, 2017 1:28:04 PM PDT","6332351131","Order","112-3400771-4079438","4Z-D5HS-SQ1X","Yellow Diamond by Versace 3 Pcs Set 3.4 Oz + Key Chain + Body Lotion","1","amazon.com","Standard Orders","Seller","The Woodlands","TX","77381","","64.19","0","4.49","0","0","0","0","0","0","0","0","-10.30","0","0","0","58.38"
"Apr 10, 2017 1:28:41 PM PDT","6332351131","Shipping Services","112-3400771-4079438","","Shipping Label Purchased through Amazon","","","Standard Orders","","","","","","0","0","0","0","0","0","0","0","0","0","0","0","0","0","-7.11","-7.11"
"Apr 10, 2017 1:29:04 PM PDT","6332351131","Order","112-0936077-6131457","ZJ-QLSI-1Q79","Rihanna Rogue for Women 3 Piece Set","1","amazon.com","Standard Orders","Seller","BROOKLYN","NY","11207-5234","","33.40","0","6.56","0","0","0","0","0","0","0","0","-5.99","0","0","0","33.97"
"Apr 10, 2017 1:29:41 PM PDT","6332351131","Shipping Services","112-0936077-6131457","","Shipping Label Purchased through Amazon","","","Standard Orders","","","","","","0","0","0","0","0","0","0","0","0","0","0","0","0","0","-6.05","-6.05"
"Apr 10, 2017 1:30:02 PM PDT","6332351131","Order","111-5114099-4981015","B1-9MKJ-ITAB","Swiss Army Mountain Water by Swiss Army, 3.4 Ounce 100ml EDT Spray","1","amazon.com","Standard Orders","Seller","Holland","MI","49424","","45.93","0","5.04","0","0","0","0","0","0","0","0","-7.65","0","0","0","43.32"
"Apr 10, 2017 1:30:40 PM PDT","6332351131","Shipping Services","111-5114099-4981015","","Shipping Label Purchased through Amazon","","","Standard Orders","","","","","","0","0","0","0","0","0","0","0","0","0","0","0","0","0","-3.90","-3.90"
"Apr 10, 2017 1:33:14 PM PDT","6332351131","Order","112-2755264-4029010","C8-0GJV-QWP1","GREY FLANNEL ~ GEOFFREY BEENE 4.0 OZ COLOGNE NEW IN BOX by Geoffrey Beene","1","amazon.com","Standard Orders","Seller","HERMITAGE","MO","65668-9735","","21.17","0","0","0","0","0","0","0","0","0","0","-3.18","0","0","0","17.99"
"Apr 10, 2017 1:33:52 PM PDT","6332351131","Shipping Services","112-2755264-4029010","","Shipping Label Purchased through Amazon","","","Standard Orders","","","","","","0","0","0","0","0","0","0","0","0","0","0","0","0","0","-3.76","-3.76"
"Apr 10, 2017 1:34:38 PM PDT","6332351131","Order","112-4340527-1891423","9F-TM9C-OPMW","Black Point by YZY Perfume","1","amazon.com","Standard Orders","Seller","Whitestone","New York","11357","","11.00","0","0","0","0","0","0","0","0","0","0","-1.65","0","0","0","9.35"
"Apr 10, 2017 1:35:14 PM PDT","6332351131","Shipping Services","112-4340527-1891423","","Shipping Label Purchased through Amazon","","","Standard Orders","","","","","","0","0","0","0","0","0","0","0","0","0","0","0","0","0","-4.04","-4.04"
"Apr 10, 2017 1:37:38 PM PDT","6332351131","Order","111-2046608-9123403","2L-YX0W-CS37","Johan B Merveille Eau De Parfum Spray for Women, 3.4 Ounce","1","amazon.com","Standard Orders","Seller","BARRE","VT","05641-3426","","24.21","0","0","0","0","0","0","0","0","0","0","-3.63","0","0","0","20.58"
"Apr 10, 2017 1:38:16 PM PDT","6332351131","Shipping Services","111-2046608-9123403","","Shipping Label Purchased through Amazon","","","Standard Orders","","","","","","0","0","0","0","0","0","0","0","0","0","0","0","0","0","-4.46","-4.46"
"Apr 10, 2017 1:50:07 PM PDT","6332351131","Order","114-2183158-4700215","5R-2LX9-BGJ3","Jessica Mcclintock 2 Piece Gift Set for Women","1","amazon.com","Standard Orders","Seller","BLOOMINGTON","CA","92316-1516","","58.69","0","6.19","0","0","0","0","0","0","0","0","-9.73","0","0","0","55.15"
"Apr 10, 2017 1:50:45 PM PDT","6332351131","Shipping Services","114-2183158-4700215","","Shipping Label Purchased through Amazon","","","Standard Orders","","","","","","0","0","0","0","0","0","0","0","0","0","0","0","0","0","-7.49","-7.49"
"Apr 10, 2017 2:00:11 PM PDT","6332351131","Order","112-6818171-5922654","1X-R9UL-A8UN","Gold By New Brand 3.4 oz. Eau De Toilette Spray Men","6","amazon.com","Standard Orders","Seller","NORWICH","CT","06360","","33.00","0","8.75","0","0","0","0","0","0","0","0","-6.24","0","0","0","35.51"
"Apr 10, 2017 2:00:48 PM PDT","6332351131","Shipping Services","112-6818171-5922654","","Shipping Label Purchased through Amazon","","","Standard Orders","","","","","","0","0","0","0","0","0","0","0","0","0","0","0","0","0","-6.71","-6.71"
"Apr 10, 2017 3:56:41 PM PDT","6332351131","Shipping Services","114-2613752-4799452","","Shipping Label Purchased through Amazon","","","Standard Orders","","","","","","0","0","0","0","0","0","0","0","0","0","0","0","0","0","-6.78","-6.78"
"Apr 10, 2017 3:57:16 PM PDT","6332351131","Order","114-1207707-8684244","0Y-13WR-ZN5E","L'homme Yves Saint Laurent By Yves Saint Laurent For Men. Eau De Toilette Spray 3.3-Ounces","2","amazon.com","Standard Orders","Seller","FRANKLIN SQUARE","NY","11010-1918","","112.00","0","6.21","0","0","0","0","0","0","0","0","-17.74","0","0","0","100.47"
"Apr 10, 2017 3:57:45 PM PDT","6332351131","Shipping Services","114-1207707-8684244","","Shipping Label Purchased through Amazon","","","Standard Orders","","","","","","0","0","0","0","0","0","0","0","0","0","0","0","0","0","-6.65","-6.65"
"Apr 10, 2017 3:59:09 PM PDT","6332351131","Order","113-3357262-1470617","9I-Z435-OO5S","WONDERSTRUCK - EDP 3.4 OZ SP L","1","amazon.com","Standard Orders","Seller","HUMBOLDT","TN","38343-1944","","21.00","0","5.37","0","0","0","0","0","0","0","0","-3.96","0","0","0","22.41"
"Apr 10, 2017 3:59:43 PM PDT","6332351131","Shipping Services","113-3357262-1470617","","Shipping Label Purchased through Amazon","","","Standard Orders","","","","","","0","0","0","0","0","0","0","0","0","0","0","0","0","0","-4.04","-4.04"
"Apr 10, 2017 4:04:53 PM PDT","6332351131","Order","113-0918781-6260226","KF-2WDK-CCTQ","Narciso Rodriguez by Narciso Rodriguez for Him Men 3.3 oz Eau de Toilette Spray","1","amazon.com","Standard Orders","Seller","NORTH ANDOVER","MA","01845-4205","","56.61","0","5.64","0","0","0","0","0","0","0","0","-9.34","0","0","0","52.91"
"Apr 10, 2017 4:05:29 PM PDT","6332351131","Shipping Services","113-0918781-6260226","","Shipping Label Purchased through Amazon","","","Standard Orders","","","","","","0","0","0","0","0","0","0","0","0","0","0","0","0","0","-4.61","-4.61"
"Apr 10, 2017 4:06:18 PM PDT","6332351131","Order","114-2613752-4799452","RF-LX73-TAHE","DIESEL PLUS PLUS by Diesel EDT SPRAY 2.5 OZ Masculine","2","amazon.com","Standard Orders","Seller","ELIZABETH","NJ","07202-1103","","27.12","0","0","0","0","0","0","0","0","0","0","-4.06","0","0","0","23.06"
"Apr 10, 2017 4:06:18 PM PDT","6332351131","Order","114-2613752-4799452","E4-G6OD-TXK1","Plus Plus Feminine by Diesel 2.5 oz Eau de Toilette Spray New in Box (Women)","2","amazon.com","Standard Orders","Seller","ELIZABETH","NJ","07202-1103","","26.40","0","0","0","0","0","0","0","0","0","0","-3.96","0","0","0","22.44"
"Apr 10, 2017 4:08:43 PM PDT","6332351131","Order","111-9780785-0087413","GE-DDEU-7TI5","Samba By Perfumers Workshop For Men. Eau De Toilette Spray 3.3 Ounces","1","amazon.com","Standard Orders","Seller","Brooklyn Heights","Ohio","44131","","15.00","0","5.04","0","0","0","0","0","0","0","0","-3.01","0","0","0","17.03"
"Apr 10, 2017 4:09:21 PM PDT","6332351131","Shipping Services","111-9780785-0087413","","Shipping Label Purchased through Amazon","","","Standard Orders","","","","","","0","0","0","0","0","0","0","0","0","0","0","0","0","0","-3.76","-3.76"
"Apr 10, 2017 4:09:32 PM PDT","6332351131","Order","111-0905734-3123407","2W-HR3G-K73F","Fancy Nights By Jessica Simpson Eau De Parfum Spray for Women, 3.40-Fluid Ounce","1","amazon.com","Standard Orders","Seller","MILLERS","MD","21102-2218","","19.40","0","0","0","0","0","0","0","0","0","0","-2.91","0","0","0","16.49"
"Apr 10, 2017 4:10:10 PM PDT","6332351131","Shipping Services","111-0905734-3123407","","Shipping Label Purchased through Amazon","","","Standard Orders","","","","","","0","0","0","0","0","0","0","0","0","0","0","0","0","0","-4.32","-4.32"
"Apr 10, 2017 4:10:40 PM PDT","6332351131","Order","114-7463272-9693857","RF-LX73-TAHE","DIESEL PLUS PLUS by Diesel EDT SPRAY 2.5 OZ Masculine","1","amazon.com","Standard Orders","Seller","MIAMI","FL","33150-3798","","13.99","0","0","0","0","0","0","0","0","0","0","-2.10","0","0","0","11.89"
"Apr 10, 2017 4:11:17 PM PDT","6332351131","Shipping Services","114-7463272-9693857","","Shipping Label Purchased through Amazon","","","Standard Orders","","","","","","0","0","0","0","0","0","0","0","0","0","0","0","0","0","-3.62","-3.62"
"Apr 10, 2017 4:11:51 PM PDT","6332351131","Order","114-2786685-7499436","2W-HR3G-K73F","Fancy Nights By Jessica Simpson Eau De Parfum Spray for Women, 3.40-Fluid Ounce","3","amazon.com","Standard Orders","Seller","NEW YORK","NY","10039-4609","","58.02","0","0","0","0","0","0","0","0","0","0","-8.70","0","0","0","49.32"
"Apr 10, 2017 4:12:26 PM PDT","6332351131","Shipping Services","114-2786685-7499436","","Shipping Label Purchased through Amazon","","","Standard Orders","","","","","","0","0","0","0","0","0","0","0","0","0","0","0","0","0","-6.20","-6.20"
"Apr 10, 2017 4:15:13 PM PDT","6332351131","Order","114-0022689-1311425","BF-2O4Q-JYRE","Paco Rabanne 1 million Cologne for Men 6.8 oz Eau De Toilette Spray","1","amazon.com","Standard Orders","Seller","MIAMI","FL","33166-2803","","78.97","0","0","0","0","0","0","0","0","0","0","-11.85","0","0","0","67.12"
"Apr 10, 2017 4:15:50 PM PDT","6332351131","Shipping Services","114-0022689-1311425","","Shipping Label Purchased through Amazon","","","Standard Orders","","","","","","0","0","0","0","0","0","0","0","0","0","0","0","0","0","-6.20","-6.20"
"Apr 10, 2017 4:16:17 PM PDT","6332351131","Order","114-2392330-9917866","RF-LX73-TAHE","DIESEL PLUS PLUS by Diesel EDT SPRAY 2.5 OZ Masculine","1","amazon.com","Standard Orders","Seller","NORTH LITTLE ROCK","AR","72118-4123","","13.99","0","0","0","0","0","0","0","0","0","0","-2.10","0","0","0","11.89"
"Apr 10, 2017 4:16:55 PM PDT","6332351131","Shipping Services","114-2392330-9917866","","Shipping Label Purchased through Amazon","","","Standard Orders","","","","","","0","0","0","0","0","0","0","0","0","0","0","0","0","0","-3.62","-3.62"
"Apr 10, 2017 4:17:20 PM PDT","6332351131","Order","113-3889562-3850611","RF-LX73-TAHE","DIESEL PLUS PLUS by Diesel EDT SPRAY 2.5 OZ Masculine","1","amazon.com","Standard Orders","Seller","DEEP GAP","NC","28618-9500","","13.99","0","0","0","0","0","0","0","0","0","0","-2.10","0","0","0","11.89"
"Apr 10, 2017 4:17:57 PM PDT","6332351131","Shipping Services","113-3889562-3850611","","Shipping Label Purchased through Amazon","","","Standard Orders","","","","","","0","0","0","0","0","0","0","0","0","0","0","0","0","0","-3.62","-3.62"
"Apr 10, 2017 4:19:48 PM PDT","6332351131","Order","112-8425500-0031433","RF-LX73-TAHE","DIESEL PLUS PLUS by Diesel EDT SPRAY 2.5 OZ Masculine","1","amazon.com","Standard Orders","Seller","Castle Rock","CO","80108-8361","","13.99","0","0","0","0","0","0","0","0","0","0","-2.10","0","0","0","11.89"
"Apr 10, 2017 4:20:25 PM PDT","6332351131","Shipping Services","112-8425500-0031433","","Shipping Label Purchased through Amazon","","","Standard Orders","","","","","","0","0","0","0","0","0","0","0","0","0","0","0","0","0","-3.62","-3.62"
"Apr 10, 2017 4:21:11 PM PDT","6332351131","Order","112-3858205-8917811","GE-DDEU-7TI5","Samba By Perfumers Workshop For Men. Eau De Toilette Spray 3.3 Ounces","1","amazon.com","Standard Orders","Seller","BRONX","NY","10455-0601","","15.00","0","5.04","0","0","0","0","0","0","0","0","-3.01","0","0","0","17.03"
"Apr 10, 2017 4:21:47 PM PDT","6332351131","Shipping Services","112-3858205-8917811","","Shipping Label Purchased through Amazon","","","Standard Orders","","","","","","0","0","0","0","0","0","0","0","0","0","0","0","0","0","-3.76","-3.76"
"Apr 10, 2017 4:26:53 PM PDT","6332351131","Order","114-5347327-9747404","2S-XD4Y-TJ1K","Canali Style Eau De Toilette Spray for Men, 1.7 Ounce","1","amazon.com","Standard Orders","Seller","oakland","tn","38060","","26.88","0","5.06","0","0","0","0","0","0","0","0","-4.79","0","0","0","27.15"
"Apr 10, 2017 4:27:30 PM PDT","6332351131","Shipping Services","114-5347327-9747404","","Shipping Label Purchased through Amazon","","","Standard Orders","","","","","","0","0","0","0","0","0","0","0","0","0","0","0","0","0","-4.18","-4.18"
"Apr 10, 2017 4:28:08 PM PDT","6332351131","Order","114-4680617-4220218","SN-PKZV-54ZF","Jil Sander Style by Jil Sander for Women Eau De Parfum Spray, 2.5 Ounce","1","amazon.com","Standard Orders","Seller","FAIRFIELD","NEW JERSEY","07004-2139","","114.93","0","5.06","0","0","0","0","0","0","0","0","-18.00","0","0","0","101.99"
"Apr 10, 2017 4:28:45 PM PDT","6332351131","Shipping Services","114-4680617-4220218","","Shipping Label Purchased through Amazon","","","Standard Orders","","","","","","0","0","0","0","0","0","0","0","0","0","0","0","0","0","-4.50","-4.50"
"Apr 11, 2017 5:00:32 AM PDT","6333248141","Transfer","","","To your account ending in: 6276, Bank Transfer ID: 091000013835770","","","Standard Orders","","","","","","0","0","0","0","0","0","0","0","0","0","0","0","0","0","-84.39","-84.39"
"Apr 11, 2017 1:16:10 PM PDT","6333248141","Order","112-8751590-6232226","8S-BF2V-JH39","Piver Pompeia Cologne 14.25 oz Splash","1","amazon.com","Standard Orders","Seller","BRONX","NY","10467-5700","","26.34","0","5.49","0","0","0","0","0","0","0","0","-4.77","0","0","0","27.06"
"Apr 11, 2017 1:16:44 PM PDT","6333248141","Shipping Services","112-8751590-6232226","","Shipping Label Purchased through Amazon","","","Standard Orders","","","","","","0","0","0","0","0","0","0","0","0","0","0","0","0","0","-6.05","-6.05"
"Apr 11, 2017 1:17:31 PM PDT","6333248141","Order","112-3954555-0618653","5R-2LX9-BGJ3","Jessica Mcclintock 2 Piece Gift Set for Women","1","amazon.com","Standard Orders","Seller","CINCINNATI","OH","45211-3314","","58.69","0","6.19","0","0","0","0","0","0","0","0","-9.73","0","0","0","55.15"
"Apr 11, 2017 1:18:08 PM PDT","6333248141","Shipping Services","112-3954555-0618653","","Shipping Label Purchased through Amazon","","","Standard Orders","","","","","","0","0","0","0","0","0","0","0","0","0","0","0","0","0","-6.82","-6.82"
"Apr 11, 2017 1:18:38 PM PDT","6333248141","Order","111-3415708-8770622","2L-YX0W-CS37","Johan B Merveille Eau De Parfum Spray for Women, 3.4 Ounce","1","amazon.com","Standard Orders","Seller","new york","new york","10036","","22.97","0","0","0","0","0","0","0","0","0","0","-3.45","0","0","0","19.52"
"Apr 11, 2017 1:19:16 PM PDT","6333248141","Shipping Services","111-3415708-8770622","","Shipping Label Purchased through Amazon","","","Standard Orders","","","","","","0","0","0","0","0","0","0","0","0","0","0","0","0","0","-4.46","-4.46"
"Apr 11, 2017 1:20:12 PM PDT","6333248141","Order","114-9510241-1397059","IJ-KEN6-GAXI","InternetFragrance] DÓLCE GÁBBANA Intenso Eau De Parfum Spray for Men, 4.2 Fluid Ounce by (InternetFragrance)","2","amazon.com","Standard Orders","Seller","GILBERT","AZ","85298-9098","","106.00","0","4.49","0","0","0","0","0","0","0","0","-16.58","0","0","0","93.91"
"Apr 11, 2017 1:20:49 PM PDT","6333248141","Shipping Services","114-9510241-1397059","","Shipping Label Purchased through Amazon","","","Standard Orders","","","","","","0","0","0","0","0","0","0","0","0","0","0","0","0","0","-6.65","-6.65"
"Apr 11, 2017 1:21:28 PM PDT","6333248141","Order","114-8642952-7557854","8P-V1G2-3C7S","Thallium 3.4 Fl. oz. Eau De Toilette Spray Men","2","amazon.com","Standard Orders","Seller","SAVANNAH","GA","31407-4835","","26.00","0","5.69","0","0","0","0","0","0","0","0","-4.76","0","0","0","26.93"
"Apr 11, 2017 1:22:04 PM PDT","6333248141","Shipping Services","114-8642952-7557854","","Shipping Label Purchased through Amazon","","","Standard Orders","","","","","","0","0","0","0","0","0","0","0","0","0","0","0","0","0","-6.05","-6.05"
"Apr 11, 2017 1:23:21 PM PDT","6333248141","Order","114-7827452-6744263","JK-130P-A3PQ","Tiamo by Parfum Blaze Eau De Toilette Spray 3.4 oz","1","amazon.com","Standard Orders","Seller","SALISBURY","NC","28144-2318","","15.07","0","0","0","0","0","0","0","0","0","0","-2.26","0","0","0","12.81"
"Apr 11, 2017 1:23:58 PM PDT","6333248141","Shipping Services","114-7827452-6744263","","Shipping Label Purchased through Amazon","","","Standard Orders","","","","","","0","0","0","0","0","0","0","0","0","0","0","0","0","0","-4.46","-4.46"
"Apr 11, 2017 1:24:35 PM PDT","6333248141","Order","114-6893216-9373855","WJ-7IQQ-JNE1","Glow After Dark By Jennifer Lopez For Women. Eau De Toilette Spray 3.4 oz","1","amazon.com","Standard Orders","Seller","MEDLEY","FL","33178-1062","","28.89","0","5.20","0","0","0","0","0","0","0","0","-5.11","0","0","0","28.98"
"Apr 11, 2017 1:25:02 PM PDT","6333248141","Shipping Services","114-6893216-9373855","","Shipping Label Purchased through Amazon","","","Standard Orders","","","","","","0","0","0","0","0","0","0","0","0","0","0","0","0","0","-4.04","-4.04"
"Apr 11, 2017 1:25:52 PM PDT","6333248141","Order","114-5995567-8940229","UR-D9YP-L4RF","Curve Crush Cologne Spray 4.2 Ounce","1","amazon.com","Standard Orders","Seller","LANCASTER","PA","17601-5851","","18.35","0","5.28","0","0","0","0","0","0","0","0","-3.54","0","0","0","20.09"
"Apr 11, 2017 1:26:29 PM PDT","6333248141","Shipping Services","114-5995567-8940229","","Shipping Label Purchased through Amazon","","","Standard Orders","","","","","","0","0","0","0","0","0","0","0","0","0","0","0","0","0","-4.32","-4.32"
"Apr 11, 2017 1:27:49 PM PDT","6333248141","Order","114-3543760-7199433","9G-KZKO-Z3GU","Bvlgari Bvlgari Omnia Amethyste EDT Perfume 25ml","1","amazon.com","Standard Orders","Seller","ANCHORAGE","AK","99504-4802","","51.47","0","13.02","0","0","0","0","0","0","0","0","-9.67","0","0","0","54.82"
"Apr 11, 2017 1:28:26 PM PDT","6333248141","Shipping Services","114-3543760-7199433","","Shipping Label Purchased through Amazon","","","Standard Orders","","","","","","0","0","0","0","0","0","0","0","0","0","0","0","0","0","-6.20","-6.20"
"Apr 11, 2017 1:28:47 PM PDT","6333248141","Order","114-2014378-9746610","E4-G6OD-TXK1","Plus Plus Feminine by Diesel 2.5 oz Eau de Toilette Spray New in Box (Women)","1","amazon.com","Standard Orders","Seller","LOS ANGELES","CA","90011-1622","","13.20","0","0","0","0","0","0","0","0","0","0","-1.98","0","0","0","11.22"
"Apr 11, 2017 1:29:24 PM PDT","6333248141","Shipping Services","114-2014378-9746610","","Shipping Label Purchased through Amazon","","","Standard Orders","","","","","","0","0","0","0","0","0","0","0","0","0","0","0","0","0","-3.62","-3.62"
"Apr 11, 2017 1:30:07 PM PDT","6333248141","Order","113-9923570-5679418","JK-130P-A3PQ","Tiamo by Parfum Blaze Eau De Toilette Spray 3.4 oz","1","amazon.com","Standard Orders","Seller","Juana Diaz","PR","00795","","15.07","0","5.49","0","0","0","0","0","0","0","0","-3.08","0","0","0","17.48"
"Apr 11, 2017 1:30:44 PM PDT","6333248141","Shipping Services","113-9923570-5679418","","Shipping Label Purchased through Amazon","","","Standard Orders","","","","","","0","0","0","0","0","0","0","0","0","0","0","0","0","0","-4.46","-4.46"
"Apr 11, 2017 1:31:12 PM PDT","6333248141","Order","113-7906332-2905053","N6-T97C-HZ2W","INSURRECTION by Reyane Tradition Men's Eau De Toilette Spray 3.4 oz - 100% Authentic","2","amazon.com","Standard Orders","Seller","Brooklyn","New York","11234","","42.94","0","0","0","0","0","0","0","0","0","0","-6.44","0","0","0","36.50"
"Apr 11, 2017 1:31:48 PM PDT","6333248141","Shipping Services","113-7906332-2905053","","Shipping Label Purchased through Amazon","","","Standard Orders","","","","","","0","0","0","0","0","0","0","0","0","0","0","0","0","0","-6.05","-6.05"
"Apr 11, 2017 1:32:16 PM PDT","6333248141","Order","113-7048055-0945850","UY-T92D-JIMV","Dis-lui Extreme Pour Homme 3.4 Oz Eau De Parfum Spray for Men","1","amazon.com","Standard Orders","Seller","YORKVILLE","IL","60560-9184","","5.00","0","5.49","0","0","0","0","0","0","0","0","-1.57","0","0","0","8.92"
"Apr 11, 2017 1:32:54 PM PDT","6333248141","Shipping Services","113-7048055-0945850","","Shipping Label Purchased through Amazon","","","Standard Orders","","","","","","0","0","0","0","0","0","0","0","0","0","0","0","0","0","-3.62","-3.62"
"Apr 11, 2017 1:33:21 PM PDT","6333248141","Order","113-5316962-5257814","E3-KN4I-A54V","Women's Safari by Ralph Lauren Eau de Parfum Spray - 2.5 oz by RBS","1","amazon.com","Standard Orders","Seller","Monroe","NJ","08831","","49.89","0","5.09","0","0","0","0","0","0","0","0","-8.25","0","0","0","46.73"
"Apr 11, 2017 1:33:55 PM PDT","6333248141","Shipping Services","113-5316962-5257814","","Shipping Label Purchased through Amazon","","","Standard Orders","","","","","","0","0","0","0","0","0","0","0","0","0","0","0","0","0","-3.76","-3.76"
"Apr 11, 2017 1:34:38 PM PDT","6333248141","Order","113-4639089-2502652","E4-G6OD-TXK1","Plus Plus Feminine by Diesel 2.5 oz Eau de Toilette Spray New in Box (Women)","1","amazon.com","Standard Orders","Seller","SAN YSIDRO","CA","92173-3118","","13.20","0","0","0","0","0","0","0","0","0","0","-1.98","0","0","0","11.22"
"Apr 11, 2017 1:35:12 PM PDT","6333248141","Shipping Services","113-4639089-2502652","","Shipping Label Purchased through Amazon","","","Standard Orders","","","","","","0","0","0","0","0","0","0","0","0","0","0","0","0","0","-3.62","-3.62"
"Apr 11, 2017 1:35:35 PM PDT","6333248141","Order","113-3450280-3442605","UY-T92D-JIMV","Dis-lui Extreme Pour Homme 3.4 Oz Eau De Parfum Spray for Men","1","amazon.com","Standard Orders","Seller","COLUMBUS","OH","43220-3191","","5.00","0","5.49","0","0","0","0","0","0","0","0","-1.57","0","0","0","8.92"
"Apr 11, 2017 1:36:12 PM PDT","6333248141","Shipping Services","113-3450280-3442605","","Shipping Label Purchased through Amazon","","","Standard Orders","","","","","","0","0","0","0","0","0","0","0","0","0","0","0","0","0","-3.62","-3.62"
"Apr 11, 2017 1:36:41 PM PDT","6333248141","Order","113-2211656-8144221","FZ-7H25-DGAL","Reb'L Fleur By Rihanna Gift Set -- 3.4 Oz Eau De Parfum Spray + 3 Oz Body Lotion + 3 Oz Shower Gel + .34 Oz Mini Edp Spray Women","1","amazon.com","Standard Orders","Seller","MIAMI","FL","33126-6056","","30.05","0","5.49","0","0","0","0","0","0","0","0","-5.33","0","0","0","30.21"
"Apr 11, 2017 1:37:19 PM PDT","6333248141","Shipping Services","113-2211656-8144221","","Shipping Label Purchased through Amazon","","","Standard Orders","","","","","","0","0","0","0","0","0","0","0","0","0","0","0","0","0","-6.96","-6.96"
"Apr 11, 2017 1:37:41 PM PDT","6333248141","Order","113-1841307-0288202","74-DRG6-NKAA","Estee Lauder Purse Beautiful Eau de Parfum Spray for Women, 6 Count","1","amazon.com","Standard Orders","Seller","STATEN ISLAND","NY","10305-2222","","65.96","0","0","0","0","0","0","0","0","0","0","-9.89","0","0","0","56.07"
"Apr 11, 2017 1:38:18 PM PDT","6333248141","Shipping Services","113-1841307-0288202","","Shipping Label Purchased through Amazon","","","Standard Orders","","","","","","0","0","0","0","0","0","0","0","0","0","0","0","0","0","-4.47","-4.47"
"Apr 11, 2017 1:38:44 PM PDT","6333248141","Order","113-1674903-8845022","HN-3DT3-QJTU","Fantasy Midnight By Britney Spears Eau De Parfum Spray 3.4 Oz Women","1","amazon.com","Standard Orders","Seller","GRAND PRAIRIE","TX","75050-8729","","21.00","0","5.24","0","0","0","0","0","0","0","0","-3.94","0","0","0","22.30"
"Apr 11, 2017 1:39:12 PM PDT","6333248141","Shipping Services","113-1674903-8845022","","Shipping Label Purchased through Amazon","","","Standard Orders","","","","","","0","0","0","0","0","0","0","0","0","0","0","0","0","0","-4.32","-4.32"
"Apr 11, 2017 1:39:48 PM PDT","6333248141","Order","113-1543313-5705859","4Z-D5HS-SQ1X","Yellow Diamond by Versace 3 Pcs Set 3.4 Oz + Key Chain + Body Lotion","1","amazon.com","Standard Orders","Seller","MESA","ARIZONA","85215-9998","","64.19","0","4.49","0","0","0","0","0","0","0","0","-10.30","0","0","0","58.38"
"Apr 11, 2017 1:40:25 PM PDT","6333248141","Shipping Services","113-1543313-5705859","","Shipping Label Purchased through Amazon","","","Standard Orders","","","","","","0","0","0","0","0","0","0","0","0","0","0","0","0","0","-7.49","-7.49"
"Apr 11, 2017 1:41:16 PM PDT","6333248141","Shipping Services","113-0215136-2081838","","Shipping Label Purchased through Amazon","","","Standard Orders","","","","","","0","0","0","0","0","0","0","0","0","0","0","0","0","0","-3.76","-3.76"
"Apr 11, 2017 1:41:42 PM PDT","6333248141","Order","112-9647942-6209011","5R-2LX9-BGJ3","Jessica Mcclintock 2 Piece Gift Set for Women","1","amazon.com","Standard Orders","Seller","VERO BEACH","FL","32963-3516","","58.69","0","6.19","0","0","0","0","0","0","0","0","-9.73","0","0","0","55.15"
"Apr 11, 2017 1:42:19 PM PDT","6333248141","Shipping Services","112-9647942-6209011","","Shipping Label Purchased through Amazon","","","Standard Orders","","","","","","0","0","0","0","0","0","0","0","0","0","0","0","0","0","-6.98","-6.98"
"Apr 11, 2017 1:43:03 PM PDT","6333248141","Order","112-8820205-8582633","27-51HR-133R","Double Diamond 3.4 Eau De Perfume Spray Women by Diamond","4","amazon.com","Standard Orders","Seller","VINEYARD HAVEN","MA","02568","","47.88","0","4.49","0","0","0","0","0","0","0","0","-7.84","0","0","0","44.53"
"Apr 11, 2017 1:43:40 PM PDT","6333248141","Shipping Services","112-8820205-8582633","","Shipping Label Purchased through Amazon","","","Standard Orders","","","","","","0","0","0","0","0","0","0","0","0","0","0","0","0","0","-6.05","-6.05"
"Apr 11, 2017 1:44:03 PM PDT","6333248141","Order","112-0082154-9076259","74-DRG6-NKAA","Estee Lauder Purse Beautiful Eau de Parfum Spray for Women, 6 Count","1","amazon.com","Standard Orders","Seller","MIAMI","FL","33172-9102","","65.96","0","0","0","0","0","0","0","0","0","0","-9.89","0","0","0","56.07"
"Apr 11, 2017 1:44:40 PM PDT","6333248141","Shipping Services","112-0082154-9076259","","Shipping Label Purchased through Amazon","","","Standard Orders","","","","","","0","0","0","0","0","0","0","0","0","0","0","0","0","0","-4.47","-4.47"
"Apr 11, 2017 1:46:49 PM PDT","6333248141","Shipping Services","111-9332867-0600259","","Shipping Label Purchased through Amazon","","","Standard Orders","","","","","","0","0","0","0","0","0","0","0","0","0","0","0","0","0","-4.04","-4.04"
"Apr 11, 2017 1:47:13 PM PDT","6333248141","Order","111-8345833-2177003","GE-DDEU-7TI5","Samba By Perfumers Workshop For Men. Eau De Toilette Spray 3.3 Ounces","1","amazon.com","Standard Orders","Seller","JACKSONVILLE","FLORIDA","32226-1879","","15.00","0","5.04","0","0","0","0","0","0","0","0","-3.01","0","0","0","17.03"
"Apr 11, 2017 1:47:50 PM PDT","6333248141","Shipping Services","111-8345833-2177003","","Shipping Label Purchased through Amazon","","","Standard Orders","","","","","","0","0","0","0","0","0","0","0","0","0","0","0","0","0","-3.76","-3.76"
"Apr 11, 2017 1:47:58 PM PDT","6333248141","Order","113-0215136-2081838","GE-DDEU-7TI5","Samba By Perfumers Workshop For Men. Eau De Toilette Spray 3.3 Ounces","1","amazon.com","Standard Orders","Seller","ORLANDO","FL","32822-7678","","15.00","0","5.04","0","0","0","0","0","0","0","0","-3.01","0","0","0","17.03"
"Apr 11, 2017 1:48:57 PM PDT","6333248141","Order","111-7866869-4815444","9F-TM9C-OPMW","Black Point by YZY Perfume","1","amazon.com","Standard Orders","Seller","holland","mi","49423","","11.00","0","0","0","0","0","0","0","0","0","0","-1.65","0","0","0","9.35"
"Apr 11, 2017 1:49:34 PM PDT","6333248141","Shipping Services","111-7866869-4815444","","Shipping Label Purchased through Amazon","","","Standard Orders","","","","","","0","0","0","0","0","0","0","0","0","0","0","0","0","0","-3.76","-3.76"
"Apr 11, 2017 1:50:02 PM PDT","6333248141","Order","111-6355633-0186623","E4-G6OD-TXK1","Plus Plus Feminine by Diesel 2.5 oz Eau de Toilette Spray New in Box (Women)","1","amazon.com","Standard Orders","Seller","SAINT CHARLES","MO","63303-3639","","13.20","0","0","0","0","0","0","0","0","0","0","-1.98","0","0","0","11.22"
"Apr 11, 2017 1:50:36 PM PDT","6333248141","Shipping Services","111-6355633-0186623","","Shipping Label Purchased through Amazon","","","Standard Orders","","","","","","0","0","0","0","0","0","0","0","0","0","0","0","0","0","-3.62","-3.62"
"Apr 11, 2017 1:51:33 PM PDT","6333248141","Shipping Services","111-3393275-8481003","","Shipping Label Purchased through Amazon","","","Standard Orders","","","","","","0","0","0","0","0","0","0","0","0","0","0","0","0","0","-4.46","-4.46"
"Apr 11, 2017 1:52:43 PM PDT","6333248141","Order","111-2196000-7967415","5S-QFBV-CZEF","Van Cleef and Arpels First Eau de Toilette Spray for Women, 3.3 Fluid Ounce","6","amazon.com","Standard Orders","Seller","WASHINGTON","DC","20007-4719","","162.00","0","8.75","0","0","0","0","0","0","0","0","-25.62","0","0","0","145.13"
"Apr 11, 2017 1:53:20 PM PDT","6333248141","Shipping Services","111-2196000-7967415","","Shipping Label Purchased through Amazon","","","Standard Orders","","","","","","0","0","0","0","0","0","0","0","0","0","0","0","0","0","-8.67","-8.67"
"Apr 11, 2017 1:53:50 PM PDT","6333248141","Order","114-8037496-5903412","B1-9MKJ-ITAB","Swiss Army Mountain Water by Swiss Army, 3.4 Ounce 100ml EDT Spray","1","amazon.com","Standard Orders","Seller","MIAMI","FL","33195-3413","","45.93","0","5.04","0","0","0","0","0","0","0","0","-7.65","0","0","0","43.32"
"Apr 11, 2017 1:54:28 PM PDT","6333248141","Shipping Services","114-8037496-5903412","","Shipping Label Purchased through Amazon","","","Standard Orders","","","","","","0","0","0","0","0","0","0","0","0","0","0","0","0","0","-3.90","-3.90"
"Apr 11, 2017 1:55:08 PM PDT","6333248141","Order","114-1791790-3734638","N6-T97C-HZ2W","INSURRECTION by Reyane Tradition Men's Eau De Toilette Spray 3.4 oz - 100% Authentic","1","amazon.com","Standard Orders","Seller","NEW CASTLE","DE","19720-2138","","21.47","0","0","0","0","0","0","0","0","0","0","-3.22","0","0","0","18.25"
"Apr 11, 2017 1:55:44 PM PDT","6333248141","Shipping Services","114-1791790-3734638","","Shipping Label Purchased through Amazon","","","Standard Orders","","","","","","0","0","0","0","0","0","0","0","0","0","0","0","0","0","-4.46","-4.46"
"Apr 11, 2017 1:56:28 PM PDT","6333248141","Order","113-3320847-5095439","DC-RX5F-IG5D","Nautica Voyage N-83 by Nautica - Eau De Toilette Spray 3.4 oz","1","amazon.com","Standard Orders","Seller","Aguadilla","Puerto Rico","00603-9620","","12.00","0","5.49","0","0","0","0","0","0","0","0","-2.62","0","0","0","14.87"
"Apr 11, 2017 1:57:04 PM PDT","6333248141","Shipping Services","113-3320847-5095439","","Shipping Label Purchased through Amazon","","","Standard Orders","","","","","","0","0","0","0","0","0","0","0","0","0","0","0","0","0","-4.32","-4.32"
"Apr 11, 2017 1:57:38 PM PDT","6333248141","Order","111-9332867-0600259","OS-I26L-G8FT","Gwen Stefani L By Gwen Stefani For Women. Eau De Parfum Spray 1.7-Ounces","1","amazon.com","Standard Orders","Seller","BAREFOOT BAY","FL","32976-2402","","23.00","0","5.15","0","0","0","0","0","0","0","0","-4.22","0","0","0","23.93"
"Apr 11, 2017 1:59:25 PM PDT","6333248141","Order","112-9514538-0297055","FZ-7H25-DGAL","Reb'L Fleur By Rihanna Gift Set -- 3.4 Oz Eau De Parfum Spray + 3 Oz Body Lotion + 3 Oz Shower Gel + .34 Oz Mini Edp Spray Women","1","amazon.com","Standard Orders","Seller","Bronx","New York","10472","","30.05","0","5.49","0","0","0","0","0","0","0","0","-5.33","0","0","0","30.21"
"Apr 11, 2017 2:00:03 PM PDT","6333248141","Shipping Services","112-9514538-0297055","","Shipping Label Purchased through Amazon","","","Standard Orders","","","","","","0","0","0","0","0","0","0","0","0","0","0","0","0","0","-6.05","-6.05"
"Apr 11, 2017 2:01:29 PM PDT","6333248141","Order","112-3238550-3964258","Q6-WPSC-SKZE","Tiamo Perfume For Women By Parfum Blaze","2","amazon.com","Standard Orders","Seller","Far rockaway","NY","11692","","20.00","0","6.49","0","0","0","0","0","0","0","0","-3.98","0","0","0","22.51"
"Apr 11, 2017 2:02:06 PM PDT","6333248141","Shipping Services","112-3238550-3964258","","Shipping Label Purchased through Amazon","","","Standard Orders","","","","","","0","0","0","0","0","0","0","0","0","0","0","0","0","0","-6.05","-6.05"
"Apr 11, 2017 2:02:08 PM PDT","6333248141","Order","111-3393275-8481003","JK-130P-A3PQ","Tiamo by Parfum Blaze Eau De Toilette Spray 3.4 oz","1","amazon.com","Standard Orders","Seller","MASPETH","NY","11378-1536","","15.07","0","0","0","0","0","0","0","0","0","0","-2.26","0","0","0","12.81"
"Apr 11, 2017 2:02:46 PM PDT","6333248141","Order","112-6621941-3221062","9F-TM9C-OPMW","Black Point by YZY Perfume","1","amazon.com","Standard Orders","Seller","Montgomery","Alabama","36117","","11.00","0","0","0","0","0","0","0","0","0","0","-1.65","0","0","0","9.35"
"Apr 11, 2017 2:03:23 PM PDT","6333248141","Shipping Services","112-6621941-3221062","","Shipping Label Purchased through Amazon","","","Standard Orders","","","","","","0","0","0","0","0","0","0","0","0","0","0","0","0","0","-3.76","-3.76"
"Apr 11, 2017 2:04:08 PM PDT","6333248141","Order","112-2132038-7836213","DN-0G1V-G4UO","CREATION LAMIS PURE BLACK 3.3 OZ.","2","amazon.com","Standard Orders","Seller","TOWNSEND","DE","19734-2839","","19.64","0","0","0","0","0","0","0","0","0","0","-2.94","0","0","0","16.70"
"Apr 11, 2017 2:04:46 PM PDT","6333248141","Shipping Services","112-2132038-7836213","","Shipping Label Purchased through Amazon","","","Standard Orders","","","","","","0","0","0","0","0","0","0","0","0","0","0","0","0","0","-4.46","-4.46"
"Apr 11, 2017 2:05:42 PM PDT","6333248141","Order","111-0149880-6443469","JK-130P-A3PQ","Tiamo by Parfum Blaze Eau De Toilette Spray 3.4 oz","2","amazon.com","Standard Orders","Seller","MERIDEN","CT","06450-5800","","30.14","0","12.99","0","0","0","0","0","0","0","0","-6.48","0","0","0","36.65"
"Apr 11, 2017 2:06:20 PM PDT","6333248141","Shipping Services","111-0149880-6443469","","Shipping Label Purchased through Amazon","","","Standard Orders","","","","","","0","0","0","0","0","0","0","0","0","0","0","0","0","0","-6.05","-6.05"
"Apr 11, 2017 2:08:17 PM PDT","6333248141","Order","112-1648953-0178626","AY-H3R8-PBQ6","Dana Navy Eau de Toilettes Spray for Women, 2.5 Ounce","2","amazon.com","Standard Orders","Seller","ELLWOOD CITY","PA","16117-2155","","119.88","0","5.49","0","0","0","0","0","0","0","0","-18.80","0","0","0","106.57"
"Apr 11, 2017 2:08:46 PM PDT","6333248141","Shipping Services","112-1648953-0178626","","Shipping Label Purchased through Amazon","","","Standard Orders","","","","","","0","0","0","0","0","0","0","0","0","0","0","0","0","0","-6.65","-6.65"
"Apr 11, 2017 2:10:26 PM PDT","6333248141","Order","114-5621050-3929821","RF-LX73-TAHE","DIESEL PLUS PLUS by Diesel EDT SPRAY 2.5 OZ Masculine","1","amazon.com","Standard Orders","Seller","ELMHURST","NY","11373-3515","","13.70","0","0","0","0","0","0","0","0","0","0","-2.06","0","0","0","11.64"
"Apr 11, 2017 2:11:03 PM PDT","6333248141","Shipping Services","114-5621050-3929821","","Shipping Label Purchased through Amazon","","","Standard Orders","","","","","","0","0","0","0","0","0","0","0","0","0","0","0","0","0","-3.62","-3.62"
"Apr 11, 2017 2:11:21 PM PDT","6333248141","Order","113-7322480-9685000","RF-LX73-TAHE","DIESEL PLUS PLUS by Diesel EDT SPRAY 2.5 OZ Masculine","1","amazon.com","Standard Orders","Seller","CAPE CORAL","FL","33993-5711","","13.99","0","0","0","0","0","0","0","0","0","0","-2.10","0","0","0","11.89"
"Apr 11, 2017 2:11:59 PM PDT","6333248141","Shipping Services","113-7322480-9685000","","Shipping Label Purchased through Amazon","","","Standard Orders","","","","","","0","0","0","0","0","0","0","0","0","0","0","0","0","0","-3.62","-3.62"
"Apr 11, 2017 2:12:27 PM PDT","6333248141","Order","114-0251304-0362628","RF-LX73-TAHE","DIESEL PLUS PLUS by Diesel EDT SPRAY 2.5 OZ Masculine","1","amazon.com","Standard Orders","Seller","NEW MILFORD","NJ","07646-1707","","13.70","0","0","0","0","0","0","0","0","0","0","-2.06","0","0","0","11.64"
"Apr 11, 2017 2:13:02 PM PDT","6333248141","Shipping Services","114-0251304-0362628","","Shipping Label Purchased through Amazon","","","Standard Orders","","","","","","0","0","0","0","0","0","0","0","0","0","0","0","0","0","-3.62","-3.62"
"Apr 11, 2017 2:14:07 PM PDT","6333248141","Order","111-5746664-4209006","RF-LX73-TAHE","DIESEL PLUS PLUS by Diesel EDT SPRAY 2.5 OZ Masculine","1","amazon.com","Standard Orders","Seller","BRANCHPORT","NY","14418-9564","","13.70","0","0","0","0","0","0","0","0","0","0","-2.06","0","0","0","11.64"
"Apr 11, 2017 2:14:45 PM PDT","6333248141","Shipping Services","111-5746664-4209006","","Shipping Label Purchased through Amazon","","","Standard Orders","","","","","","0","0","0","0","0","0","0","0","0","0","0","0","0","0","-3.62","-3.62"
"Apr 11, 2017 2:16:02 PM PDT","6333248141","Order","113-4775303-0054622","RF-LX73-TAHE","DIESEL PLUS PLUS by Diesel EDT SPRAY 2.5 OZ Masculine","2","amazon.com","Standard Orders","Seller","FERNDALE","MICHIGAN","48220-2740","","27.40","0","0","0","0","0","0","0","0","0","0","-4.12","0","0","0","23.28"
"Apr 11, 2017 2:16:37 PM PDT","6333248141","Shipping Services","113-4775303-0054622","","Shipping Label Purchased through Amazon","","","Standard Orders","","","","","","0","0","0","0","0","0","0","0","0","0","0","0","0","0","-6.05","-6.05"
"Apr 11, 2017 2:17:44 PM PDT","6333248141","Order","112-5458342-6814623","UY-T92D-JIMV","Dis-lui Extreme Pour Homme 3.4 Oz Eau De Parfum Spray for Men","5","amazon.com","Standard Orders","Seller","WALTHAM","MA","02452-6254","","25.00","0","9.49","0","0","0","0","0","0","0","0","-5.20","0","0","0","29.29"
"Apr 11, 2017 2:18:20 PM PDT","6333248141","Shipping Services","112-5458342-6814623","","Shipping Label Purchased through Amazon","","","Standard Orders","","","","","","0","0","0","0","0","0","0","0","0","0","0","0","0","0","-7.46","-7.46"
"Apr 11, 2017 2:19:28 PM PDT","6333248141","Order","112-1791532-6173035","RF-LX73-TAHE","DIESEL PLUS PLUS by Diesel EDT SPRAY 2.5 OZ Masculine","2","amazon.com","Standard Orders","Seller","INDIAN TRAIL","NC","28079-2705","","27.40","0","0","0","0","0","0","0","0","0","0","-4.12","0","0","0","23.28"
"Apr 11, 2017 2:20:04 PM PDT","6333248141","Shipping Services","112-1791532-6173035","","Shipping Label Purchased through Amazon","","","Standard Orders","","","","","","0","0","0","0","0","0","0","0","0","0","0","0","0","0","-6.05","-6.05"
"Apr 11, 2017 2:22:15 PM PDT","6333248141","Order","112-4819651-4561800","RF-LX73-TAHE","DIESEL PLUS PLUS by Diesel EDT SPRAY 2.5 OZ Masculine","4","amazon.com","Standard Orders","Seller","LIVINGSTON","CA","95334-9245","","54.80","0","0","0","0","0","0","0","0","0","0","-8.24","0","0","0","46.56"
"Apr 11, 2017 2:22:51 PM PDT","6333248141","Shipping Services","112-4819651-4561800","","Shipping Label Purchased through Amazon","","","Standard Orders","","","","","","0","0","0","0","0","0","0","0","0","0","0","0","0","0","-6.20","-6.20"
"Apr 12, 2017 5:05:05 AM PDT","6334104741","Transfer","","","To your account ending in: 6276, Bank Transfer ID: 091000016105678","","","Standard Orders","","","","","","0","0","0","0","0","0","0","0","0","0","0","0","0","0","-4,223.54","-4,223.54"
"Apr 12, 2017 10:24:27 AM PDT","6334104741","Service Fee","","","Subscription","","Amazon.com","Standard Orders","","","","","","0","0","0","0","0","0","0","0","0","0","0","0","0","0","-39.99","-39.99"
"Apr 12, 2017 1:21:27 PM PDT","6334104741","Order","112-4815709-4172262","PV-XO75-ZB6S","Bijan Nude For WoMen By Bijan Eau De Toilette Spray","1","amazon.com","Standard Orders","Seller","VIRGINIA BEACH","VA","23457-1451","","23.16","0","0","0","0","0","0","0","0","0","0","-3.47","0","0","0","19.69"
"Apr 12, 2017 1:22:02 PM PDT","6334104741","Shipping Services","112-4815709-4172262","","Shipping Label Purchased through Amazon","","","Standard Orders","","","","","","0","0","0","0","0","0","0","0","0","0","0","0","0","0","-3.62","-3.62"
"Apr 12, 2017 1:23:11 PM PDT","6334104741","Order","112-1893187-8281032","2L-YX0W-CS37","Johan B Merveille Eau De Parfum Spray for Women, 3.4 Ounce","1","amazon.com","Standard Orders","Seller","SACRAMENTO","CA","95829-6070","","22.97","0","0","0","0","0","0","0","0","0","0","-3.45","0","0","0","19.52"
"Apr 12, 2017 1:23:47 PM PDT","6334104741","Shipping Services","112-1893187-8281032","","Shipping Label Purchased through Amazon","","","Standard Orders","","","","","","0","0","0","0","0","0","0","0","0","0","0","0","0","0","-4.46","-4.46"
"Apr 12, 2017 1:24:23 PM PDT","6334104741","Order","112-0694443-0324268","DE-E6EO-HYLG","212 Sexy By: Carolina Herrera 3.4 oz EDT, Men's","1","amazon.com","Standard Orders","Seller","KANSAS CITY","MO","64123-1229","","67.89","0","4.49","0","0","0","0","0","0","0","0","-10.86","0","0","0","61.52"
"Apr 12, 2017 1:25:01 PM PDT","6334104741","Shipping Services","112-0694443-0324268","","Shipping Label Purchased through Amazon","","","Standard Orders","","","","","","0","0","0","0","0","0","0","0","0","0","0","0","0","0","-4.61","-4.61"
"Apr 12, 2017 1:25:27 PM PDT","6334104741","Order","114-8669049-7730602","C8-0GJV-QWP1","GREY FLANNEL ~ GEOFFREY BEENE 4.0 OZ COLOGNE NEW IN BOX by Geoffrey Beene","1","amazon.com","Standard Orders","Seller","BROOKLYN","NY","11217-1217","","21.17","0","0","0","0","0","0","0","0","0","0","-3.18","0","0","0","17.99"
"Apr 12, 2017 1:26:05 PM PDT","6334104741","Shipping Services","114-8669049-7730602","","Shipping Label Purchased through Amazon","","","Standard Orders","","","","","","0","0","0","0","0","0","0","0","0","0","0","0","0","0","-3.76","-3.76"
"Apr 12, 2017 1:26:32 PM PDT","6334104741","Order","114-8209138-3163461","1U-QLAB-JWZ4","Karen Low Pure Blue Eau de Toilette Spray for Men, 3.4 Ounce","1","amazon.com","Standard Orders","Seller","MALTA","NY","12020-6001","","12.00","0","4.99","0","0","0","0","0","0","0","0","-2.55","0","0","0","14.44"
"Apr 12, 2017 1:27:08 PM PDT","6334104741","Shipping Services","114-8209138-3163461","","Shipping Label Purchased through Amazon","","","Standard Orders","","","","","","0","0","0","0","0","0","0","0","0","0","0","0","0","0","-3.62","-3.62"
"Apr 12, 2017 1:27:46 PM PDT","6334104741","Order","114-3026924-6133842","E4-G6OD-TXK1","Plus Plus Feminine by Diesel 2.5 oz Eau de Toilette Spray New in Box (Women)","1","amazon.com","Standard Orders","Seller","HIALEAH","FL","33015-3433","","13.20","0","10.67","0","0","0","0","0","0","0","0","-3.58","0","0","0","20.29"
"Apr 12, 2017 1:28:23 PM PDT","6334104741","Shipping Services","114-3026924-6133842","","Shipping Label Purchased through Amazon","","","Standard Orders","","","","","","0","0","0","0","0","0","0","0","0","0","0","0","0","0","-6.05","-6.05"
"Apr 12, 2017 1:28:37 PM PDT","6334104741","Order","114-1198930-1490612","FI-6L5M-3BSG","Bvlgari Men's BLV Pour Homme EDT Spray,Blue,3.4 oz","1","amazon.com","Standard Orders","Seller","CHICAGO","IL","60601-7969","","32.20","0","5.54","0","0","0","0","0","0","0","0","-5.66","0","0","0","32.08"
"Apr 12, 2017 1:29:14 PM PDT","6334104741","Shipping Services","114-1198930-1490612","","Shipping Label Purchased through Amazon","","","Standard Orders","","","","","","0","0","0","0","0","0","0","0","0","0","0","0","0","0","-4.46","-4.46"
"Apr 12, 2017 1:29:37 PM PDT","6334104741","Order","113-8865675-6524248","JB-8JAJ-YTCM","Carolina Herrera Good Girl Eau de Parfum 1.7oz (50ml) Spray","1","amazon.com","Standard Orders","Seller","RIDGEFIELD","NJ","07657-2140","","88.12","0","5.81","0","0","0","0","0","0","0","0","-14.09","0","0","0","79.84"
"Apr 12, 2017 1:30:13 PM PDT","6334104741","Shipping Services","113-8865675-6524248","","Shipping Label Purchased through Amazon","","","Standard Orders","","","","","","0","0","0","0","0","0","0","0","0","0","0","0","0","0","-4.19","-4.19"
"Apr 12, 2017 1:30:58 PM PDT","6334104741","Order","113-4013122-8598609","TP-JZ2P-HJSY","Daisy Eau So Fresh by Marc Jacobs Eau De Toilette Spray 4.2 oz Women's","2","amazon.com","Standard Orders","Seller","GURNEE","IL","60031-2652","","118.00","0","0","0","0","0","0","0","0","0","0","-17.70","0","0","0","100.30"
"Apr 12, 2017 1:31:36 PM PDT","6334104741","Shipping Services","113-4013122-8598609","","Shipping Label Purchased through Amazon","","","Standard Orders","","","","","","0","0","0","0","0","0","0","0","0","0","0","0","0","0","-7.43","-7.43"
"Apr 12, 2017 1:31:40 PM PDT","6334104741","Order","113-1739799-0843415","TP-JZ2P-HJSY","Daisy Eau So Fresh by Marc Jacobs Eau De Toilette Spray 4.2 oz Women's","1","amazon.com","Standard Orders","Seller","GURNEE","IL","60031-2652","","59.00","0","0","0","0","0","0","0","0","0","0","-8.85","0","0","0","50.15"
"Apr 12, 2017 1:32:18 PM PDT","6334104741","Shipping Services","113-1739799-0843415","","Shipping Label Purchased through Amazon","","","Standard Orders","","","","","","0","0","0","0","0","0","0","0","0","0","0","0","0","0","-4.61","-4.61"
"Apr 12, 2017 1:33:16 PM PDT","6334104741","Shipping Services","112-9777801-5069820","","Shipping Label Purchased through Amazon","","","Standard Orders","","","","","","0","0","0","0","0","0","0","0","0","0","0","0","0","0","-3.62","-3.62"
"Apr 12, 2017 1:33:36 PM PDT","6334104741","Order","113-8279178-2039417","RF-LX73-TAHE","DIESEL PLUS PLUS by Diesel EDT SPRAY 2.5 OZ Masculine","1","amazon.com","Standard Orders","Seller","TORNILLO","TX","79853-0241","","13.70","0","0","0","0","0","0","0","0","0","0","-2.06","0","0","0","11.64"
"Apr 12, 2017 1:34:14 PM PDT","6334104741","Shipping Services","113-8279178-2039417","","Shipping Label Purchased through Amazon","","","Standard Orders","","","","","","0","0","0","0","0","0","0","0","0","0","0","0","0","0","-3.62","-3.62"
"Apr 12, 2017 1:34:37 PM PDT","6334104741","Order","112-8602423-0353026","AI-5NSQ-TD01","DIESEL ZERO PLUS by Diesel EDT SPRAY for MEN 2.5 OZ","1","amazon.com","Standard Orders","Seller","STATEN ISLAND","NY","10306-2909","","12.56","0","5.19","0","0","0","0","0","0","0","0","-2.66","0","0","0","15.09"
"Apr 12, 2017 1:35:13 PM PDT","6334104741","Shipping Services","112-8602423-0353026","","Shipping Label Purchased through Amazon","","","Standard Orders","","","","","","0","0","0","0","0","0","0","0","0","0","0","0","0","0","-3.76","-3.76"
"Apr 12, 2017 1:35:28 PM PDT","6334104741","Order","112-7557352-5347449","UY-T92D-JIMV","Dis-lui Extreme Pour Homme 3.4 Oz Eau De Parfum Spray for Men","2","amazon.com","Standard Orders","Seller","Killeen","TX","76549","","10.00","0","6.49","0","0","0","0","0","0","0","0","-2.48","0","0","0","14.01"
"Apr 12, 2017 1:36:04 PM PDT","6334104741","Shipping Services","112-7557352-5347449","","Shipping Label Purchased through Amazon","","","Standard Orders","","","","","","0","0","0","0","0","0","0","0","0","0","0","0","0","0","-4.46","-4.46"
"Apr 12, 2017 1:36:32 PM PDT","6334104741","Order","112-2028344-7951443","RF-LX73-TAHE","DIESEL PLUS PLUS by Diesel EDT SPRAY 2.5 OZ Masculine","1","amazon.com","Standard Orders","Seller","SANTA ANA","CA","92706-1088","","13.70","0","0","0","0","0","0","0","0","0","0","-2.06","0","0","0","11.64"
"Apr 12, 2017 1:37:09 PM PDT","6334104741","Shipping Services","112-2028344-7951443","","Shipping Label Purchased through Amazon","","","Standard Orders","","","","","","0","0","0","0","0","0","0","0","0","0","0","0","0","0","-3.62","-3.62"
"Apr 12, 2017 1:37:36 PM PDT","6334104741","Order","112-0150998-5264227","DN-0G1V-G4UO","CREATION LAMIS PURE BLACK 3.3 OZ.","1","amazon.com","Standard Orders","Seller","NEWBURY PARK","CALIFORNIA","91320-2321","","9.82","0","0","0","0","0","0","0","0","0","0","-1.47","0","0","0","8.35"
"Apr 12, 2017 1:38:14 PM PDT","6334104741","Shipping Services","112-0150998-5264227","","Shipping Label Purchased through Amazon","","","Standard Orders","","","","","","0","0","0","0","0","0","0","0","0","0","0","0","0","0","-3.62","-3.62"
"Apr 12, 2017 1:39:14 PM PDT","6334104741","Order","111-9603652-5581015","JK-130P-A3PQ","Tiamo by Parfum Blaze Eau De Toilette Spray 3.4 oz","1","amazon.com","Standard Orders","Seller","FORT LAUDERDALE","FL","33304-3314","","15.04","0","0","0","0","0","0","0","0","0","0","-2.26","0","0","0","12.78"
"Apr 12, 2017 1:39:50 PM PDT","6334104741","Shipping Services","111-9603652-5581015","","Shipping Label Purchased through Amazon","","","Standard Orders","","","","","","0","0","0","0","0","0","0","0","0","0","0","0","0","0","-4.46","-4.46"
"Apr 12, 2017 1:40:23 PM PDT","6334104741","Order","111-6673384-1332214","JK-130P-A3PQ","Tiamo by Parfum Blaze Eau De Toilette Spray 3.4 oz","1","amazon.com","Standard Orders","Seller","PLYMOUTH","MI","48170-2587","","15.05","0","0","0","0","0","0","0","0","0","0","-2.26","0","0","0","12.79"
"Apr 12, 2017 1:40:56 PM PDT","6334104741","Shipping Services","111-6673384-1332214","","Shipping Label Purchased through Amazon","","","Standard Orders","","","","","","0","0","0","0","0","0","0","0","0","0","0","0","0","0","-4.46","-4.46"
"Apr 12, 2017 1:41:33 PM PDT","6334104741","Order","111-1628001-3793852","RF-LX73-TAHE","DIESEL PLUS PLUS by Diesel EDT SPRAY 2.5 OZ Masculine","2","amazon.com","Standard Orders","Seller","San Francisco","CA","94129","","27.40","0","11.49","0","0","0","0","0","0","0","0","-5.84","0","0","0","33.05"
"Apr 12, 2017 1:42:10 PM PDT","6334104741","Shipping Services","111-1628001-3793852","","Shipping Label Purchased through Amazon","","","Standard Orders","","","","","","0","0","0","0","0","0","0","0","0","0","0","0","0","0","-6.05","-6.05"
"Apr 12, 2017 1:42:44 PM PDT","6334104741","Order","111-0752094-2479441","RF-LX73-TAHE","DIESEL PLUS PLUS by Diesel EDT SPRAY 2.5 OZ Masculine","1","amazon.com","Standard Orders","Seller","MIAMI BEACH","FL","33139-3301","","13.70","0","0","0","0","0","0","0","0","0","0","-2.06","0","0","0","11.64"
"Apr 12, 2017 1:43:15 PM PDT","6334104741","Shipping Services","111-0752094-2479441","","Shipping Label Purchased through Amazon","","","Standard Orders","","","","","","0","0","0","0","0","0","0","0","0","0","0","0","0","0","-3.62","-3.62"
"Apr 12, 2017 1:43:55 PM PDT","6334104741","Order","112-9777801-5069820","RF-LX73-TAHE","DIESEL PLUS PLUS by Diesel EDT SPRAY 2.5 OZ Masculine","1","amazon.com","Standard Orders","Seller","CLIFFSIDE PARK","NJ","07010-3240","","13.70","0","0","0","0","0","0","0","0","0","0","-2.06","0","0","0","11.64"
"Apr 12, 2017 1:44:17 PM PDT","6334104741","Shipping Services","111-0507977-4980231","","Shipping Label Purchased through Amazon","","","Standard Orders","","","","","","0","0","0","0","0","0","0","0","0","0","0","0","0","0","-7.34","-7.34"
"Apr 12, 2017 1:44:27 PM PDT","6334104741","Order","114-8615847-3081064","FY-7C7N-PWYT","Karen Low Exchange Men Eau De Toilette Spray, 3.4 Ounce","1","amazon.com","Standard Orders","Seller","MEMPHIS","TN","38125","","9.63","0","5.19","0","0","0","0","0","0","0","0","-2.22","0","0","0","12.60"
"Apr 12, 2017 1:45:03 PM PDT","6334104741","Shipping Services","114-8615847-3081064","","Shipping Label Purchased through Amazon","","","Standard Orders","","","","","","0","0","0","0","0","0","0","0","0","0","0","0","0","0","-4.04","-4.04"
"Apr 12, 2017 1:45:31 PM PDT","6334104741","Order","113-9570470-7710629","E4-G6OD-TXK1","Plus Plus Feminine by Diesel 2.5 oz Eau de Toilette Spray New in Box (Women)","1","amazon.com","Standard Orders","Seller","BROOKLYN","NY","11237-6010","","13.20","0","0","0","0","0","0","0","0","0","0","-1.98","0","0","0","11.22"
"Apr 12, 2017 1:46:09 PM PDT","6334104741","Shipping Services","113-9570470-7710629","","Shipping Label Purchased through Amazon","","","Standard Orders","","","","","","0","0","0","0","0","0","0","0","0","0","0","0","0","0","-3.62","-3.62"
"Apr 12, 2017 1:46:32 PM PDT","6334104741","Order","113-8432030-5268264","LX-0E0E-XHTB","Tresor Eau De Parfum Spray 100ml/3.3oz","1","amazon.com","Standard Orders","Seller","Los Angeles","CA","90049","","72.00","0","5.24","0","0","0","0","0","0","0","0","-11.59","0","0","0","65.65"
"Apr 12, 2017 1:47:10 PM PDT","6334104741","Shipping Services","113-8432030-5268264","","Shipping Label Purchased through Amazon","","","Standard Orders","","","","","","0","0","0","0","0","0","0","0","0","0","0","0","0","0","-4.47","-4.47"
"Apr 12, 2017 1:47:39 PM PDT","6334104741","Order","113-6099322-3652247","N7-F7FS-Z4NK","Blue Seduction by Antonio Banderas for Men. Eau De Toilette Spray 3.4-Ounces","1","amazon.com","Standard Orders","Seller","DORAL","FL","33195-4007","","19.00","0","0","0","0","0","0","0","0","0","0","-2.85","0","0","0","16.15"
"Apr 12, 2017 1:48:17 PM PDT","6334104741","Shipping Services","113-6099322-3652247","","Shipping Label Purchased through Amazon","","","Standard Orders","","","","","","0","0","0","0","0","0","0","0","0","0","0","0","0","0","-3.76","-3.76"
"Apr 12, 2017 1:48:58 PM PDT","6334104741","Order","113-3576093-1717851","W4-6TKK-M8MV","BRUT by Faberge Cologne Spray (Original-Glass Bottle) 3 oz","1","amazon.com","Standard Orders","Seller","LOVELAND","CO","80538-4866","","12.74","0","0","0","0","0","0","0","0","0","0","-1.91","0","0","0","10.83"
"Apr 12, 2017 1:49:36 PM PDT","6334104741","Shipping Services","113-3576093-1717851","","Shipping Label Purchased through Amazon","","","Standard Orders","","","","","","0","0","0","0","0","0","0","0","0","0","0","0","0","0","-3.76","-3.76"
"Apr 12, 2017 1:50:29 PM PDT","6334104741","Order","112-5576928-9779438","DE-E6EO-HYLG","212 Sexy By: Carolina Herrera 3.4 oz EDT, Men's","1","amazon.com","Standard Orders","Seller","NORTH MIAMI BEACH","FLORIDA","33181-1819","","67.89","0","8.99","0","0","0","0","0","0","0","0","-11.53","0","0","0","65.35"
"Apr 12, 2017 1:51:07 PM PDT","6334104741","Shipping Services","112-5576928-9779438","","Shipping Label Purchased through Amazon","","","Standard Orders","","","","","","0","0","0","0","0","0","0","0","0","0","0","0","0","0","-6.20","-6.20"
"Apr 12, 2017 1:51:36 PM PDT","6334104741","Order","112-2538513-5557808","B0-30LP-CY8E","Jessica Simpson Fancy Love  Gift Set for Women (Eau de Parfum Spray 3.4 Ounce, Lotion 4 Ounce, Lotion 3 Ounce, Bath and Shower Cream, Eau de Parfum Sp","1","amazon.com","Standard Orders","Seller","MILWAUKEE","WI","53216-1603","","43.20","0","6.89","0","0","0","0","0","0","0","0","-7.51","0","0","0","42.58"
"Apr 12, 2017 1:52:07 PM PDT","6334104741","Shipping Services","112-2538513-5557808","","Shipping Label Purchased through Amazon","","","Standard Orders","","","","","","0","0","0","0","0","0","0","0","0","0","0","0","0","0","-6.83","-6.83"
"Apr 12, 2017 1:52:08 PM PDT","6334104741","Order","111-0507977-4980231","B0-30LP-CY8E","Jessica Simpson Fancy Love  Gift Set for Women (Eau de Parfum Spray 3.4 Ounce, Lotion 4 Ounce, Lotion 3 Ounce, Bath and Shower Cream, Eau de Parfum Sp","1","amazon.com","Standard Orders","Seller","SAN JACINTO","CA","92583-4886","","43.32","0","12.59","0","0","0","0","0","0","0","0","-8.39","0","0","0","47.52"
"Apr 12, 2017 1:52:36 PM PDT","6334104741","Order","112-0546554-3160232","LX-0E0E-XHTB","Tresor Eau De Parfum Spray 100ml/3.3oz","1","amazon.com","Standard Orders","Seller","BRAZORIA","TX","77422-7081","","72.00","0","5.24","0","0","0","0","0","0","0","0","-11.59","0","0","0","65.65"
"Apr 12, 2017 1:53:12 PM PDT","6334104741","Shipping Services","112-0546554-3160232","","Shipping Label Purchased through Amazon","","","Standard Orders","","","","","","0","0","0","0","0","0","0","0","0","0","0","0","0","0","-4.47","-4.47"
"Apr 12, 2017 1:53:37 PM PDT","6334104741","Order","111-9436748-5297055","UZ-YL8C-YVM0","Houbigant Quelques Fleurs Original Eau de Parfum Spray for Women, 3.4 Fluid Ounce","1","amazon.com","Standard Orders","Seller","HOUSTON","TX","77042-2055","","62.00","0","5.04","0","0","0","0","0","0","0","0","-10.06","0","0","0","56.98"
"Apr 12, 2017 1:54:14 PM PDT","6334104741","Shipping Services","111-9436748-5297055","","Shipping Label Purchased through Amazon","","","Standard Orders","","","","","","0","0","0","0","0","0","0","0","0","0","0","0","0","0","-4.33","-4.33"
"Apr 12, 2017 1:54:34 PM PDT","6334104741","Order","111-8269654-5517045","BF-2O4Q-JYRE","Paco Rabanne 1 million Cologne for Men 6.8 oz Eau De Toilette Spray","1","amazon.com","Standard Orders","Seller","MCKINNEY","TX","75070-2949","","78.97","0","0","0","0","0","0","0","0","0","0","-11.85","0","0","0","67.12"
"Apr 12, 2017 1:55:09 PM PDT","6334104741","Shipping Services","111-8269654-5517045","","Shipping Label Purchased through Amazon","","","Standard Orders","","","","","","0","0","0","0","0","0","0","0","0","0","0","0","0","0","-6.20","-6.20"
"Apr 12, 2017 1:55:55 PM PDT","6334104741","Order","111-6166003-4956232","RF-LX73-TAHE","DIESEL PLUS PLUS by Diesel EDT SPRAY 2.5 OZ Masculine","1","amazon.com","Standard Orders","Seller","MIAMI","FL","33130-1639","","13.70","0","0","0","0","0","0","0","0","0","0","-2.06","0","0","0","11.64"
"Apr 12, 2017 1:56:38 PM PDT","6334104741","Shipping Services","111-6166003-4956232","","Shipping Label Purchased through Amazon","","","Standard Orders","","","","","","0","0","0","0","0","0","0","0","0","0","0","0","0","0","-3.62","-3.62"
"Apr 12, 2017 1:57:01 PM PDT","6334104741","Order","111-2440940-1584243","E4-G6OD-TXK1","Plus Plus Feminine by Diesel 2.5 oz Eau de Toilette Spray New in Box (Women)","1","amazon.com","Standard Orders","Seller","BRONX","NY","10452-5119","","13.20","0","0","0","0","0","0","0","0","0","0","-1.98","0","0","0","11.22"
"Apr 12, 2017 1:57:38 PM PDT","6334104741","Shipping Services","111-2440940-1584243","","Shipping Label Purchased through Amazon","","","Standard Orders","","","","","","0","0","0","0","0","0","0","0","0","0","0","0","0","0","-3.62","-3.62"
"Apr 12, 2017 2:05:45 PM PDT","6334104741","Order","112-0399875-7873837","IN-VVX2-VZIG","Moschino Forever Eau De Toilette Spray for Men, 3.4 Ounce","1","amazon.com","Standard Orders","Seller","DORAL","FL","33122-1530","","29.30","0","5.06","0","0","0","0","0","0","0","0","-5.15","0","0","0","29.21"
"Apr 12, 2017 2:06:22 PM PDT","6334104741","Shipping Services","112-0399875-7873837","","Shipping Label Purchased through Amazon","","","Standard Orders","","","","","","0","0","0","0","0","0","0","0","0","0","0","0","0","0","-3.76","-3.76"
"Apr 12, 2017 2:11:10 PM PDT","6334104741","Order","114-1979602-1023433","5R-2LX9-BGJ3","Jessica Mcclintock 2 Piece Gift Set for Women","1","amazon.com","Standard Orders","Seller","ROMNEY","WV","26757-6386","","40.94","0","6.19","0","0","0","0","0","0","0","0","-7.07","0","0","0","40.06"
"Apr 12, 2017 2:11:45 PM PDT","6334104741","Shipping Services","114-1979602-1023433","","Shipping Label Purchased through Amazon","","","Standard Orders","","","","","","0","0","0","0","0","0","0","0","0","0","0","0","0","0","-6.56","-6.56"
"Apr 12, 2017 2:12:40 PM PDT","6334104741","Order","113-2025639-5301840","AI-5NSQ-TD01","DIESEL ZERO PLUS by Diesel EDT SPRAY for MEN 2.5 OZ","1","amazon.com","Standard Orders","Seller","DANBURY","CT","06810-5949","","12.56","0","5.19","0","0","0","0","0","0","0","0","-2.66","0","0","0","15.09"
"Apr 12, 2017 2:12:40 PM PDT","6334104741","Order","113-2025639-5301840","RF-LX73-TAHE","DIESEL PLUS PLUS by Diesel EDT SPRAY 2.5 OZ Masculine","1","amazon.com","Standard Orders","Seller","DANBURY","CT","06810-5949","","13.70","0","3.25","0","0","0","0","0","0","0","0","-2.54","0","0","0","14.41"
"Apr 12, 2017 2:12:40 PM PDT","6334104741","Order","113-2025639-5301840","E4-G6OD-TXK1","Plus Plus Feminine by Diesel 2.5 oz Eau de Toilette Spray New in Box (Women)","1","amazon.com","Standard Orders","Seller","DANBURY","CT","06810-5949","","13.20","0","3.20","0","0","0","0","0","0","0","0","-2.46","0","0","0","13.94"
"Apr 12, 2017 2:13:07 PM PDT","6334104741","Shipping Services","113-2025639-5301840","","Shipping Label Purchased through Amazon","","","Standard Orders","","","","","","0","0","0","0","0","0","0","0","0","0","0","0","0","0","-6.05","-6.05"
"Apr 12, 2017 2:14:03 PM PDT","6334104741","Order","113-4601798-4391449","VQ-3EX0-LMJP","Parfums Rivera Night Dreams Eau de Parfum Spray, 3.4 Ounce","2","amazon.com","Standard Orders","Seller","FREDERIKSTED","VI","00840","","29.96","0","7.39","0","0","0","0","0","0","0","0","-5.60","0","0","0","31.75"
"Apr 12, 2017 2:14:40 PM PDT","6334104741","Shipping Services","113-4601798-4391449","","Shipping Label Purchased through Amazon","","","Standard Orders","","","","","","0","0","0","0","0","0","0","0","0","0","0","0","0","0","-6.05","-6.05"
"Apr 12, 2017 2:15:08 PM PDT","6334104741","Order","111-9382353-7989048","QX-WEGU-J8B7","Nicole Miller Frenzy Perfume Eau de Parfum Spray for Women, 3.4 Ounce","1","amazon.com","Standard Orders","Seller","ROOTSTOWN","OH","44272-9783","","54.38","0","5.34","0","0","0","0","0","0","0","0","-8.96","0","0","0","50.76"
"Apr 12, 2017 2:15:45 PM PDT","6334104741","Shipping Services","111-9382353-7989048","","Shipping Label Purchased through Amazon","","","Standard Orders","","","","","","0","0","0","0","0","0","0","0","0","0","0","0","0","0","-4.61","-4.61"
"Apr 12, 2017 2:17:01 PM PDT","6334104741","Order","112-1389650-4747413","90-NY9Z-7K8J","Aura By Jacomo For Women. Eau De Toilette Spray 2.4 Ounces","1","amazon.com","Standard Orders","Seller","PALMETTO BAY","FL","33157-4428","","11.67","0","5.14","0","0","0","0","0","0","0","0","-2.52","0","0","0","14.29"
"Apr 12, 2017 2:17:30 PM PDT","6334104741","Shipping Services","112-1389650-4747413","","Shipping Label Purchased through Amazon","","","Standard Orders","","","","","","0","0","0","0","0","0","0","0","0","0","0","0","0","0","-3.76","-3.76"
"Apr 13, 2017 5:03:25 AM PDT","6334104741","Transfer","","","To your account ending in: 6276, Bank Transfer ID: 091000014653748","","","Standard Orders","","","","","","0","0","0","0","0","0","0","0","0","0","0","0","0","0","-187.42","-187.42"
"Apr 13, 2017 1:36:54 PM PDT","6335268901","Order","114-9496229-0913805","2W-HR3G-K73F","Fancy Nights By Jessica Simpson Eau De Parfum Spray for Women, 3.40-Fluid Ounce","1","amazon.com","Standard Orders","Seller","EASLEY","SC","29640-3304","","19.34","0","0","0","0","0","0","0","0","0","0","-2.90","0","0","0","16.44"
"Apr 13, 2017 1:37:30 PM PDT","6335268901","Shipping Services","114-9496229-0913805","","Shipping Label Purchased through Amazon","","","Standard Orders","","","","","","0","0","0","0","0","0","0","0","0","0","0","0","0","0","-4.32","-4.32"
"Apr 13, 2017 1:37:57 PM PDT","6335268901","Order","114-8762070-3016265","GE-DDEU-7TI5","Samba By Perfumers Workshop For Men. Eau De Toilette Spray 3.3 Ounces","1","amazon.com","Standard Orders","Seller","ARLINGTON","WA","98223-3749","","15.00","0","5.04","0","0","0","0","0","0","0","0","-3.01","0","0","0","17.03"
"Apr 13, 2017 1:38:35 PM PDT","6335268901","Shipping Services","114-8762070-3016265","","Shipping Label Purchased through Amazon","","","Standard Orders","","","","","","0","0","0","0","0","0","0","0","0","0","0","0","0","0","-3.76","-3.76"
"Apr 13, 2017 1:38:44 PM PDT","6335268901","Order","113-7090838-1500255","GE-DDEU-7TI5","Samba By Perfumers Workshop For Men. Eau De Toilette Spray 3.3 Ounces","1","amazon.com","Standard Orders","Seller","MIAMI LAKES","FL","33014-6634","","15.00","0","5.04","0","0","0","0","0","0","0","0","-3.01","0","0","0","17.03"
"Apr 13, 2017 1:39:23 PM PDT","6335268901","Shipping Services","113-7090838-1500255","","Shipping Label Purchased through Amazon","","","Standard Orders","","","","","","0","0","0","0","0","0","0","0","0","0","0","0","0","0","-3.76","-3.76"
"Apr 13, 2017 1:39:40 PM PDT","6335268901","Order","112-3939963-4012217","2W-HR3G-K73F","Fancy Nights By Jessica Simpson Eau De Parfum Spray for Women, 3.40-Fluid Ounce","1","amazon.com","Standard Orders","Seller","LAS VEGAS","NV","89166-6030","","19.34","0","0","0","0","0","0","0","0","0","0","-2.90","0","0","0","16.44"
"Apr 13, 2017 1:40:15 PM PDT","6335268901","Shipping Services","112-3939963-4012217","","Shipping Label Purchased through Amazon","","","Standard Orders","","","","","","0","0","0","0","0","0","0","0","0","0","0","0","0","0","-4.32","-4.32"
"Apr 13, 2017 1:40:30 PM PDT","6335268901","Order","111-6322427-8330626","2L-YX0W-CS37","Johan B Merveille Eau De Parfum Spray for Women, 3.4 Ounce","1","amazon.com","Standard Orders","Seller","HIGH POINT","NC","27260-4359","","22.97","0","0","0","0","0","0","0","0","0","0","-3.45","0","0","0","19.52"
"Apr 13, 2017 1:41:02 PM PDT","6335268901","Shipping Services","111-6322427-8330626","","Shipping Label Purchased through Amazon","","","Standard Orders","","","","","","0","0","0","0","0","0","0","0","0","0","0","0","0","0","-4.46","-4.46"
"Apr 13, 2017 1:41:28 PM PDT","6335268901","Order","111-3474486-3626634","VQ-3EX0-LMJP","Parfums Rivera Night Dreams Eau de Parfum Spray, 3.4 Ounce","1","amazon.com","Standard Orders","Seller","ORLANDO","FL","32807-2713","","14.98","0","0","0","0","0","0","0","0","0","0","-2.25","0","0","0","12.73"
"Apr 13, 2017 1:42:04 PM PDT","6335268901","Shipping Services","111-3474486-3626634","","Shipping Label Purchased through Amazon","","","Standard Orders","","","","","","0","0","0","0","0","0","0","0","0","0","0","0","0","0","-6.05","-6.05"
"Apr 13, 2017 1:44:34 PM PDT","6335268901","Order","114-9774051-3511418","B0-30LP-CY8E","Jessica Simpson Fancy Love  Gift Set for Women (Eau de Parfum Spray 3.4 Ounce, Lotion 4 Ounce, Lotion 3 Ounce, Bath and Shower Cream, Eau de Parfum Sp","1","amazon.com","Standard Orders","Seller","MIDLAND","TX","79706-6484","","42.96","0","6.89","0","0","0","0","0","0","0","0","-7.48","0","0","0","42.37"
"Apr 13, 2017 1:45:11 PM PDT","6335268901","Shipping Services","114-9774051-3511418","","Shipping Label Purchased through Amazon","","","Standard Orders","","","","","","0","0","0","0","0","0","0","0","0","0","0","0","0","0","-7.17","-7.17"
"Apr 13, 2017 1:47:43 PM PDT","6335268901","Order","114-9536151-7885035","FI-6L5M-3BSG","Bvlgari Men's BLV Pour Homme EDT Spray,Blue,3.4 oz","1","amazon.com","Standard Orders","Seller","RIVERDALE","GA","30296-2342","","32.19","0","5.54","0","0","0","0","0","0","0","0","-5.66","0","0","0","32.07"
"Apr 13, 2017 1:48:20 PM PDT","6335268901","Shipping Services","114-9536151-7885035","","Shipping Label Purchased through Amazon","","","Standard Orders","","","","","","0","0","0","0","0","0","0","0","0","0","0","0","0","0","-4.46","-4.46"
"Apr 13, 2017 1:50:04 PM PDT","6335268901","Order","114-9361891-9857808","RF-LX73-TAHE","DIESEL PLUS PLUS by Diesel EDT SPRAY 2.5 OZ Masculine","1","amazon.com","Standard Orders","Seller","SUNRISE","FL","33323-2690","","13.70","0","0","0","0","0","0","0","0","0","0","-2.06","0","0","0","11.64"
"Apr 13, 2017 1:50:38 PM PDT","6335268901","Shipping Services","114-9361891-9857808","","Shipping Label Purchased through Amazon","","","Standard Orders","","","","","","0","0","0","0","0","0","0","0","0","0","0","0","0","0","-3.62","-3.62"
"Apr 13, 2017 1:51:06 PM PDT","6335268901","Order","114-9289174-7681854","B0-8U65-TUBO","Mercedes-Benz Mercedes Benz Club Extreme Eau De Toilette for men 3.4 oz","2","amazon.com","Standard Orders","Seller","PORTLAND","OR","97203-6629","","66.00","0","5.99","0","0","0","0","0","0","0","0","-10.80","0","0","0","61.19"
"Apr 13, 2017 1:51:44 PM PDT","6335268901","Shipping Services","114-9289174-7681854","","Shipping Label Purchased through Amazon","","","Standard Orders","","","","","","0","0","0","0","0","0","0","0","0","0","0","0","0","0","-6.20","-6.20"
"Apr 13, 2017 1:53:01 PM PDT","6335268901","Order","114-8483000-0687467","74-DRG6-NKAA","Estee Lauder Purse Beautiful Eau de Parfum Spray for Women, 6 Count","1","amazon.com","Standard Orders","Seller","TUCSON","AZ","85712-1273","","64.48","0","0","0","0","0","0","0","0","0","0","-9.67","0","0","0","54.81"
"Apr 13, 2017 1:53:31 PM PDT","6335268901","Shipping Services","114-8483000-0687467","","Shipping Label Purchased through Amazon","","","Standard Orders","","","","","","0","0","0","0","0","0","0","0","0","0","0","0","0","0","-4.47","-4.47"
"Apr 13, 2017 1:54:25 PM PDT","6335268901","Order","114-8010068-4985012","RF-LX73-TAHE","DIESEL PLUS PLUS by Diesel EDT SPRAY 2.5 OZ Masculine","2","amazon.com","Standard Orders","Seller","DORAL","FL","33198-1506","","27.40","0","0","0","0","0","0","0","0","0","0","-4.12","0","0","0","23.28"
"Apr 13, 2017 1:55:01 PM PDT","6335268901","Shipping Services","114-8010068-4985012","","Shipping Label Purchased through Amazon","","","Standard Orders","","","","","","0","0","0","0","0","0","0","0","0","0","0","0","0","0","-6.05","-6.05"
"Apr 13, 2017 1:55:30 PM PDT","6335268901","Order","114-7078537-0271459","C8-0GJV-QWP1","GREY FLANNEL ~ GEOFFREY BEENE 4.0 OZ COLOGNE NEW IN BOX by Geoffrey Beene","1","amazon.com","Standard Orders","Seller","MIAMI","FL","33192-2147","","20.71","0","0","0","0","0","0","0","0","0","0","-3.11","0","0","0","17.60"
"Apr 13, 2017 1:56:05 PM PDT","6335268901","Shipping Services","114-7078537-0271459","","Shipping Label Purchased through Amazon","","","Standard Orders","","","","","","0","0","0","0","0","0","0","0","0","0","0","0","0","0","-3.76","-3.76"
"Apr 13, 2017 1:56:40 PM PDT","6335268901","Order","114-5849763-9877848","5R-2LX9-BGJ3","Jessica Mcclintock 2 Piece Gift Set for Women","1","amazon.com","Standard Orders","Seller","Santa Fe","NM","87506-7978","","40.84","0","11.54","0","0","0","0","0","0","0","0","-7.86","0","0","0","44.52"
"Apr 13, 2017 1:57:17 PM PDT","6335268901","Shipping Services","114-5849763-9877848","","Shipping Label Purchased through Amazon","","","Standard Orders","","","","","","0","0","0","0","0","0","0","0","0","0","0","0","0","0","-7.01","-7.01"
"Apr 13, 2017 1:57:27 PM PDT","6335268901","Order","114-4530437-9135416","W4-6TKK-M8MV","BRUT by Faberge Cologne Spray (Original-Glass Bottle) 3 oz","1","amazon.com","Standard Orders","Seller","TULARE","CA","93274-6510","","12.74","0","0","0","0","0","0","0","0","0","0","-1.91","0","0","0","10.83"
"Apr 13, 2017 1:57:58 PM PDT","6335268901","Shipping Services","114-4530437-9135416","","Shipping Label Purchased through Amazon","","","Standard Orders","","","","","","0","0","0","0","0","0","0","0","0","0","0","0","0","0","-3.76","-3.76"
"Apr 13, 2017 1:59:11 PM PDT","6335268901","Order","114-2474166-4598653","HL-1U6T-TW0Y","Cabotine By Parfums Gres For Women. Eau De Parfum Spray 3.4 Ounces","2","amazon.com","Standard Orders","Seller","REDMOND","OREGON","97756-1061","","31.26","0","0","0","0","0","0","0","0","0","0","-4.68","0","0","0","26.58"
"Apr 13, 2017 1:59:48 PM PDT","6335268901","Shipping Services","114-2474166-4598653","","Shipping Label Purchased through Amazon","","","Standard Orders","","","","","","0","0","0","0","0","0","0","0","0","0","0","0","0","0","-6.05","-6.05"
"Apr 13, 2017 2:01:08 PM PDT","6335268901","Order","113-9220071-8303443","N7-F7FS-Z4NK","Blue Seduction by Antonio Banderas for Men. Eau De Toilette Spray 3.4-Ounces","6","amazon.com","Standard Orders","Seller","HONOLULU","HI","96817-5198","","90.00","0","19.74","0","0","0","0","0","0","0","0","-16.44","0","0","0","93.30"
"Apr 13, 2017 2:01:45 PM PDT","6335268901","Shipping Services","113-9220071-8303443","","Shipping Label Purchased through Amazon","","","Standard Orders","","","","","","0","0","0","0","0","0","0","0","0","0","0","0","0","0","-10.42","-10.42"
"Apr 13, 2017 2:02:11 PM PDT","6335268901","Order","113-8796723-0823461","AS-WJLN-2GTU","Design by Paul Sebastian for Men, Cologne Spray, 3.4-Ounce","1","amazon.com","Standard Orders","Seller","Chariton","Iowa","50049","","13.65","0","5.09","0","0","0","0","0","0","0","0","-2.81","0","0","0","15.93"
"Apr 13, 2017 2:02:48 PM PDT","6335268901","Shipping Services","113-8796723-0823461","","Shipping Label Purchased through Amazon","","","Standard Orders","","","","","","0","0","0","0","0","0","0","0","0","0","0","0","0","0","-3.90","-3.90"
"Apr 13, 2017 2:03:46 PM PDT","6335268901","Order","113-8286644-4069005","4Z-D5HS-SQ1X","Yellow Diamond by Versace 3 Pcs Set 3.4 Oz + Key Chain + Body Lotion","1","amazon.com","Standard Orders","Seller","BALTIMORE","MD","21215-1920","","64.19","0","4.49","0","0","0","0","0","0","0","0","-10.30","0","0","0","58.38"
"Apr 13, 2017 2:04:23 PM PDT","6335268901","Shipping Services","113-8286644-4069005","","Shipping Label Purchased through Amazon","","","Standard Orders","","","","","","0","0","0","0","0","0","0","0","0","0","0","0","0","0","-6.20","-6.20"
"Apr 13, 2017 2:04:33 PM PDT","6335268901","Order","113-3573191-0613867","KF-2WDK-CCTQ","Narciso Rodriguez by Narciso Rodriguez for Him Men 3.3 oz Eau de Toilette Spray","1","amazon.com","Standard Orders","Seller","Philadelphia","PA","19148","","56.03","0","5.64","0","0","0","0","0","0","0","0","-9.25","0","0","0","52.42"
"Apr 13, 2017 2:05:10 PM PDT","6335268901","Shipping Services","113-3573191-0613867","","Shipping Label Purchased through Amazon","","","Standard Orders","","","","","","0","0","0","0","0","0","0","0","0","0","0","0","0","0","-4.61","-4.61"
"Apr 13, 2017 2:05:45 PM PDT","6335268901","Order","113-2012860-4542623","AI-5NSQ-TD01","DIESEL ZERO PLUS by Diesel EDT SPRAY for MEN 2.5 OZ","2","amazon.com","Standard Orders","Seller","PEMBROKE PINES","FL","33029-3909","","25.12","0","5.89","0","0","0","0","0","0","0","0","-4.66","0","0","0","26.35"
"Apr 13, 2017 2:06:20 PM PDT","6335268901","Shipping Services","113-2012860-4542623","","Shipping Label Purchased through Amazon","","","Standard Orders","","","","","","0","0","0","0","0","0","0","0","0","0","0","0","0","0","-6.05","-6.05"
"Apr 13, 2017 2:06:27 PM PDT","6335268901","Order","112-6051866-0344240","Q6-WPSC-SKZE","Tiamo Perfume For Women By Parfum Blaze","1","amazon.com","Standard Orders","Seller","LUTZ","FL","33559-7359","","10.00","0","5.49","0","0","0","0","0","0","0","0","-2.32","0","0","0","13.17"
"Apr 13, 2017 2:07:04 PM PDT","6335268901","Shipping Services","112-6051866-0344240","","Shipping Label Purchased through Amazon","","","Standard Orders","","","","","","0","0","0","0","0","0","0","0","0","0","0","0","0","0","-4.32","-4.32"
"Apr 13, 2017 2:07:27 PM PDT","6335268901","Order","112-3766771-4431408","HN-3DT3-QJTU","Fantasy Midnight By Britney Spears Eau De Parfum Spray 3.4 Oz Women","1","amazon.com","Standard Orders","Seller","DOVER","PA","17315-3712","","21.00","0","5.24","0","0","0","0","0","0","0","0","-3.94","0","0","0","22.30"
"Apr 13, 2017 2:08:04 PM PDT","6335268901","Shipping Services","112-3766771-4431408","","Shipping Label Purchased through Amazon","","","Standard Orders","","","","","","0","0","0","0","0","0","0","0","0","0","0","0","0","0","-4.32","-4.32"
"Apr 13, 2017 2:08:25 PM PDT","6335268901","Order","112-1657447-0568223","P9-W3C7-TTAN","Reb'L Fleur by Rihanna, 3.3 Ounce, Eau De Parfum Spray","1","amazon.com","Standard Orders","Seller","Ogden","UT","84414","","23.00","0","5.55","0","0","0","0","0","0","0","0","-4.28","0","0","0","24.27"
"Apr 13, 2017 2:09:01 PM PDT","6335268901","Shipping Services","112-1657447-0568223","","Shipping Label Purchased through Amazon","","","Standard Orders","","","","","","0","0","0","0","0","0","0","0","0","0","0","0","0","0","-4.46","-4.46"
"Apr 13, 2017 2:09:29 PM PDT","6335268901","Order","112-1536840-5896257","1W-5PTN-4YN0","Piver 489564 Reve Dor by Piver Cologne Splash 14.25 oz","2","amazon.com","Standard Orders","Seller","BETHESDA","MD","20814-4241","","51.08","0","8.49","0","0","0","0","0","0","0","0","-8.94","0","0","0","50.63"
"Apr 13, 2017 2:10:06 PM PDT","6335268901","Shipping Services","112-1536840-5896257","","Shipping Label Purchased through Amazon","","","Standard Orders","","","","","","0","0","0","0","0","0","0","0","0","0","0","0","0","0","-6.85","-6.85"
"Apr 13, 2017 2:10:10 PM PDT","6335268901","Order","111-9457543-6406629","LX-TSWW-29S8","White Diamonds By Elizabeth Taylor Edt Spray 3.3 Oz for Women","1","amazon.com","Standard Orders","Seller","CHAPEL HILL","NC","27516-4308","","23.32","0","5.50","0","0","0","0","0","0","0","0","-4.32","0","0","0","24.50"
"Apr 13, 2017 2:10:47 PM PDT","6335268901","Shipping Services","111-9457543-6406629","","Shipping Label Purchased through Amazon","","","Standard Orders","","","","","","0","0","0","0","0","0","0","0","0","0","0","0","0","0","-4.04","-4.04"
"Apr 13, 2017 2:10:54 PM PDT","6335268901","Order","111-8815469-1146610","1O-YSQR-VEK9","1 Million Fragrance By Paco Rabanne 3pc Travel Edition Gift Set . 3.4 Fl.Oz. Eau De Toilette Spray + 3.4 S/G Men+15ml spray Mini For Men","1","amazon.com","Standard Orders","Seller","SEATTLE","WA","98104-2519","","67.13","0","4.49","0","0","0","0","0","0","0","0","-10.74","0","0","0","60.88"
"Apr 13, 2017 2:11:31 PM PDT","6335268901","Shipping Services","111-8815469-1146610","","Shipping Label Purchased through Amazon","","","Standard Orders","","","","","","0","0","0","0","0","0","0","0","0","0","0","0","0","0","-7.49","-7.49"
"Apr 13, 2017 2:12:55 PM PDT","6335268901","Order","111-8023516-2815456","M3-3VWU-4RL2","Jean Paul Gaultier Le Male By Jean Paul Gaultier For Men. Eau De Toilette Spray 4.2 Oz.","2","amazon.com","Standard Orders","Seller","Charlotte Amalie ST.Thomas Virgin Islands","VI","00802","","100.00","0","6.51","0","0","0","0","0","0","0","0","-15.98","0","0","0","90.53"
"Apr 13, 2017 2:13:32 PM PDT","6335268901","Shipping Services","111-8023516-2815456","","Shipping Label Purchased through Amazon","","","Standard Orders","","","","","","0","0","0","0","0","0","0","0","0","0","0","0","0","0","-6.70","-6.70"
"Apr 13, 2017 2:13:40 PM PDT","6335268901","Order","111-7643595-9439403","LX-TSWW-29S8","White Diamonds By Elizabeth Taylor Edt Spray 3.3 Oz for Women","1","amazon.com","Standard Orders","Seller","HACKENSACK","NJ","07601-1828","","23.32","0","5.50","0","0","0","0","0","0","0","0","-4.32","0","0","0","24.50"
"Apr 13, 2017 2:14:16 PM PDT","6335268901","Shipping Services","111-7643595-9439403","","Shipping Label Purchased through Amazon","","","Standard Orders","","","","","","0","0","0","0","0","0","0","0","0","0","0","0","0","0","-4.04","-4.04"
"Apr 13, 2017 2:14:17 PM PDT","6335268901","Order","111-6836264-0686638","DE-E6EO-HYLG","212 Sexy By: Carolina Herrera 3.4 oz EDT, Men's","1","amazon.com","Standard Orders","Seller","HERRIMAN","UT","84096-5662","","67.89","0","4.49","0","0","0","0","0","0","0","0","-10.86","0","0","0","61.52"
"Apr 13, 2017 2:14:55 PM PDT","6335268901","Shipping Services","111-6836264-0686638","","Shipping Label Purchased through Amazon","","","Standard Orders","","","","","","0","0","0","0","0","0","0","0","0","0","0","0","0","0","-4.61","-4.61"
"Apr 13, 2017 2:15:03 PM PDT","6335268901","Order","111-6678439-3569857","5S-QFBV-CZEF","Van Cleef and Arpels First Eau de Toilette Spray for Women, 3.3 Fluid Ounce","1","amazon.com","Standard Orders","Seller","WINCHESTER","MA","01890-3546","","27.00","0","5.20","0","0","0","0","0","0","0","0","-4.83","0","0","0","27.37"
"Apr 13, 2017 2:15:39 PM PDT","6335268901","Shipping Services","111-6678439-3569857","","Shipping Label Purchased through Amazon","","","Standard Orders","","","","","","0","0","0","0","0","0","0","0","0","0","0","0","0","0","-4.18","-4.18"
"Apr 13, 2017 2:15:44 PM PDT","6335268901","Order","111-5481157-5161802","UY-T92D-JIMV","Dis-lui Extreme Pour Homme 3.4 Oz Eau De Parfum Spray for Men","2","amazon.com","Standard Orders","Seller","SIOUX FALLS","SD","57110-3174","","10.00","0","6.49","0","0","0","0","0","0","0","0","-2.48","0","0","0","14.01"
"Apr 13, 2017 2:16:21 PM PDT","6335268901","Shipping Services","111-5481157-5161802","","Shipping Label Purchased through Amazon","","","Standard Orders","","","","","","0","0","0","0","0","0","0","0","0","0","0","0","0","0","-4.46","-4.46"
"Apr 13, 2017 2:16:26 PM PDT","6335268901","Order","111-3751991-8625844","BF-N7MD-D4X3","Perry Ellis 360 Eau de Toilette Spray Gift Set for Women, 3 Count","1","amazon.com","Standard Orders","Seller","Fleetwood","PA","19522","","38.45","0","5.74","0","0","0","0","0","0","0","0","-6.63","0","0","0","37.56"
"Apr 13, 2017 2:17:04 PM PDT","6335268901","Shipping Services","111-3751991-8625844","","Shipping Label Purchased through Amazon","","","Standard Orders","","","","","","0","0","0","0","0","0","0","0","0","0","0","0","0","0","-6.05","-6.05"
"Apr 13, 2017 2:17:08 PM PDT","6335268901","Order","111-2809463-3202607","E4-G6OD-TXK1","Plus Plus Feminine by Diesel 2.5 oz Eau de Toilette Spray New in Box (Women)","1","amazon.com","Standard Orders","Seller","WARREN","OH","44483-1864","","13.17","0","0","0","0","0","0","0","0","0","0","-1.98","0","0","0","11.19"
"Apr 13, 2017 2:17:43 PM PDT","6335268901","Order","111-2508121-8970654","IJ-KEN6-GAXI","InternetFragrance] DÓLCE GÁBBANA Intenso Eau De Parfum Spray for Men, 4.2 Fluid Ounce by (InternetFragrance)","1","amazon.com","Standard Orders","Seller","Woodhaven","NY","11421","","69.79","0","4.49","0","0","0","0","0","0","0","0","-11.14","0","0","0","63.14"
"Apr 13, 2017 2:17:44 PM PDT","6335268901","Shipping Services","111-2809463-3202607","","Shipping Label Purchased through Amazon","","","Standard Orders","","","","","","0","0","0","0","0","0","0","0","0","0","0","0","0","0","-3.62","-3.62"
"Apr 13, 2017 2:18:19 PM PDT","6335268901","Shipping Services","111-2508121-8970654","","Shipping Label Purchased through Amazon","","","Standard Orders","","","","","","0","0","0","0","0","0","0","0","0","0","0","0","0","0","-4.61","-4.61"
"Apr 13, 2017 2:18:35 PM PDT","6335268901","Order","111-2146669-2083433","E4-G6OD-TXK1","Plus Plus Feminine by Diesel 2.5 oz Eau de Toilette Spray New in Box (Women)","1","amazon.com","Standard Orders","Seller","CARROLLTON","TX","75006-4898","","13.17","0","0","0","0","0","0","0","0","0","0","-1.98","0","0","0","11.19"
"Apr 13, 2017 2:19:12 PM PDT","6335268901","Shipping Services","111-2146669-2083433","","Shipping Label Purchased through Amazon","","","Standard Orders","","","","","","0","0","0","0","0","0","0","0","0","0","0","0","0","0","-3.62","-3.62"
"Apr 13, 2017 2:19:19 PM PDT","6335268901","Order","111-2075149-3789860","L1-QY5U-FPFH","X Change Unlimited by Karen Low 3.4 oz Eau De Toilette Spray Mens Cologne NIB","2","amazon.com","Standard Orders","Seller","Fairfax","VA","22030","","18.38","0","5.49","0","0","0","0","0","0","0","0","-3.58","0","0","0","20.29"
"Apr 13, 2017 2:19:54 PM PDT","6335268901","Shipping Services","111-2075149-3789860","","Shipping Label Purchased through Amazon","","","Standard Orders","","","","","","0","0","0","0","0","0","0","0","0","0","0","0","0","0","-6.05","-6.05"
"Apr 13, 2017 2:20:00 PM PDT","6335268901","Order","111-1665058-0515407","RF-LX73-TAHE","DIESEL PLUS PLUS by Diesel EDT SPRAY 2.5 OZ Masculine","1","amazon.com","Standard Orders","Seller","THE WOODLANDS","TX","77380-2707","","13.70","0","0","0","0","0","0","0","0","0","0","-2.06","0","0","0","11.64"
"Apr 13, 2017 2:20:33 PM PDT","6335268901","Shipping Services","111-1665058-0515407","","Shipping Label Purchased through Amazon","","","Standard Orders","","","","","","0","0","0","0","0","0","0","0","0","0","0","0","0","0","-3.62","-3.62"
"Apr 13, 2017 2:20:43 PM PDT","6335268901","Order","111-1404060-0166613","HN-3DT3-QJTU","Fantasy Midnight By Britney Spears Eau De Parfum Spray 3.4 Oz Women","1","amazon.com","Standard Orders","Seller","DIAMOND BAR","CA","91765-4414","","21.00","0","5.24","0","0","0","0","0","0","0","0","-3.94","0","0","0","22.30"
"Apr 13, 2017 2:21:11 PM PDT","6335268901","Shipping Services","111-1404060-0166613","","Shipping Label Purchased through Amazon","","","Standard Orders","","","","","","0","0","0","0","0","0","0","0","0","0","0","0","0","0","-4.32","-4.32"
"Apr 13, 2017 2:21:21 PM PDT","6335268901","Order","111-1036209-5748208","2W-HR3G-K73F","Fancy Nights By Jessica Simpson Eau De Parfum Spray for Women, 3.40-Fluid Ounce","1","amazon.com","Standard Orders","Seller","RIDGEWOOD","NJ","07450-5130","","19.34","0","0","0","0","0","0","0","0","0","0","-2.90","0","0","0","16.44"
"Apr 13, 2017 2:21:58 PM PDT","6335268901","Shipping Services","111-1036209-5748208","","Shipping Label Purchased through Amazon","","","Standard Orders","","","","","","0","0","0","0","0","0","0","0","0","0","0","0","0","0","-4.32","-4.32"
"Apr 13, 2017 2:22:05 PM PDT","6335268901","Order","114-5359633-5497007","RF-LX73-TAHE","DIESEL PLUS PLUS by Diesel EDT SPRAY 2.5 OZ Masculine","1","amazon.com","Standard Orders","Seller","PHILADELPHIA","PA","19120-3322","","13.70","0","0","0","0","0","0","0","0","0","0","-2.06","0","0","0","11.64"
"Apr 13, 2017 2:22:42 PM PDT","6335268901","Shipping Services","114-5359633-5497007","","Shipping Label Purchased through Amazon","","","Standard Orders","","","","","","0","0","0","0","0","0","0","0","0","0","0","0","0","0","-3.62","-3.62"
"Apr 13, 2017 2:22:51 PM PDT","6335268901","Order","114-2606698-5298610","JB-8JAJ-YTCM","Carolina Herrera Good Girl Eau de Parfum 1.7oz (50ml) Spray","2","amazon.com","Standard Orders","Seller","ROSEMONT","IL","60018-5185","","176.24","0","7.13","0","0","0","0","0","0","0","0","-27.50","0","0","0","155.87"
"Apr 13, 2017 2:23:29 PM PDT","6335268901","Shipping Services","114-2606698-5298610","","Shipping Label Purchased through Amazon","","","Standard Orders","","","","","","0","0","0","0","0","0","0","0","0","0","0","0","0","0","-6.65","-6.65"
"Apr 13, 2017 2:23:39 PM PDT","6335268901","Order","113-7052235-7821810","M3-3VWU-4RL2","Jean Paul Gaultier Le Male By Jean Paul Gaultier For Men. Eau De Toilette Spray 4.2 Oz.","1","amazon.com","Standard Orders","Seller","MIAMI","FL","33166-2349","","50.00","0","5.50","0","0","0","0","0","0","0","0","-8.33","0","0","0","47.17"
"Apr 13, 2017 2:24:16 PM PDT","6335268901","Shipping Services","113-7052235-7821810","","Shipping Label Purchased through Amazon","","","Standard Orders","","","","","","0","0","0","0","0","0","0","0","0","0","0","0","0","0","-4.46","-4.46"
"Apr 13, 2017 2:25:29 PM PDT","6335268901","Order","113-6036844-3586602","O2-PYS4-B1KI","Yves Saint Laurent L'Homme La Nuit De L'Homme Eau de Toilette Spray for Men, 2.0 Ounce","1","amazon.com","Standard Orders","Seller","SAN FRANCISCO","CA","94116-1517","","48.00","0","5.14","0","0","0","0","0","0","0","0","-7.97","0","0","0","45.17"
"Apr 13, 2017 2:26:04 PM PDT","6335268901","Shipping Services","113-6036844-3586602","","Shipping Label Purchased through Amazon","","","Standard Orders","","","","","","0","0","0","0","0","0","0","0","0","0","0","0","0","0","-3.76","-3.76"
"Apr 13, 2017 2:27:11 PM PDT","6335268901","Order","113-3032448-6873052","E4-G6OD-TXK1","Plus Plus Feminine by Diesel 2.5 oz Eau de Toilette Spray New in Box (Women)","1","amazon.com","Standard Orders","Seller","POUGHKEEPSIE","NY","12601-2924","","13.17","0","10.67","0","0","0","0","0","0","0","0","-3.58","0","0","0","20.26"
"Apr 13, 2017 2:27:44 PM PDT","6335268901","Shipping Services","113-3032448-6873052","","Shipping Label Purchased through Amazon","","","Standard Orders","","","","","","0","0","0","0","0","0","0","0","0","0","0","0","0","0","-3.62","-3.62"
"Apr 13, 2017 2:28:19 PM PDT","6335268901","Order","112-5215371-9303420","JB-8JAJ-YTCM","Carolina Herrera Good Girl Eau de Parfum 1.7oz (50ml) Spray","1","amazon.com","Standard Orders","Seller","SMYRNA","GA","30080-6323","","87.78","0","5.81","0","0","0","0","0","0","0","0","-14.04","0","0","0","79.55"
"Apr 13, 2017 2:28:57 PM PDT","6335268901","Shipping Services","112-5215371-9303420","","Shipping Label Purchased through Amazon","","","Standard Orders","","","","","","0","0","0","0","0","0","0","0","0","0","0","0","0","0","-4.19","-4.19"
"Apr 13, 2017 2:30:20 PM PDT","6335268901","Order","112-9063252-4645035","UY-T92D-JIMV","Dis-lui Extreme Pour Homme 3.4 Oz Eau De Parfum Spray for Men","1","amazon.com","Standard Orders","Seller","DORAL","FL","33126-1050","","5.00","0","5.49","0","0","0","0","0","0","0","0","-1.57","0","0","0","8.92"
"Apr 13, 2017 2:31:01 PM PDT","6335268901","Shipping Services","112-9063252-4645035","","Shipping Label Purchased through Amazon","","","Standard Orders","","","","","","0","0","0","0","0","0","0","0","0","0","0","0","0","0","-3.62","-3.62"
"Apr 13, 2017 2:32:05 PM PDT","6335268901","Order","112-2511512-8723436","N6-T97C-HZ2W","INSURRECTION by Reyane Tradition Men's Eau De Toilette Spray 3.4 oz - 100% Authentic","1","amazon.com","Standard Orders","Seller","APO","AE","09356","","21.47","0","5.49","0","0","0","0","0","0","0","0","-4.04","0","0","0","22.92"
"Apr 13, 2017 2:32:43 PM PDT","6335268901","Shipping Services","112-2511512-8723436","","Shipping Label Purchased through Amazon","","","Standard Orders","","","","","","0","0","0","0","0","0","0","0","0","0","0","0","0","0","-4.46","-4.46"
"Apr 13, 2017 2:34:57 PM PDT","6335268901","Order","113-0899718-5781828","RF-LX73-TAHE","DIESEL PLUS PLUS by Diesel EDT SPRAY 2.5 OZ Masculine","1","amazon.com","Standard Orders","Seller","LAKEWOOD","WA","98498-2530","","13.70","0","0","0","0","0","0","0","0","0","0","-2.06","0","0","0","11.64"
"Apr 13, 2017 2:35:37 PM PDT","6335268901","Shipping Services","113-0899718-5781828","","Shipping Label Purchased through Amazon","","","Standard Orders","","","","","","0","0","0","0","0","0","0","0","0","0","0","0","0","0","-3.62","-3.62"
"Apr 13, 2017 2:37:12 PM PDT","6335268901","Order","114-0392123-6888248","E4-G6OD-TXK1","Plus Plus Feminine by Diesel 2.5 oz Eau de Toilette Spray New in Box (Women)","2","amazon.com","Standard Orders","Seller","Tampa","FL","33615","","26.34","0","0","0","0","0","0","0","0","0","0","-3.96","0","0","0","22.38"
"Apr 13, 2017 2:37:50 PM PDT","6335268901","Shipping Services","114-0392123-6888248","","Shipping Label Purchased through Amazon","","","Standard Orders","","","","","","0","0","0","0","0","0","0","0","0","0","0","0","0","0","-6.05","-6.05"
"Apr 13, 2017 4:18:18 PM PDT","6335268901","Order","114-4854503-6021812","O0-MYX1-BO3A","Pure Poison by Christian Dior 3.4 oz EDP Spray","1","amazon.com","Standard Orders","Seller","APO","AP","96266","","86.00","0","5.19","0","0","0","0","0","0","0","0","-13.68","0","0","0","77.51"
"Apr 13, 2017 4:18:52 PM PDT","6335268901","Shipping Services","114-4854503-6021812","","Shipping Label Purchased through Amazon","","","Standard Orders","","","","","","0","0","0","0","0","0","0","0","0","0","0","0","0","0","-4.33","-4.33"
"Apr 13, 2017 4:19:46 PM PDT","6335268901","Order","113-9661688-6912262","TP-JZ2P-HJSY","Daisy Eau So Fresh by Marc Jacobs Eau De Toilette Spray 4.2 oz Women's","1","amazon.com","Standard Orders","Seller","PORTAGE","WISCONSIN","53901-1942","","59.00","0","0","0","0","0","0","0","0","0","0","-8.85","0","0","0","50.15"
"Apr 13, 2017 4:20:24 PM PDT","6335268901","Shipping Services","113-9661688-6912262","","Shipping Label Purchased through Amazon","","","Standard Orders","","","","","","0","0","0","0","0","0","0","0","0","0","0","0","0","0","-4.61","-4.61"
"Apr 13, 2017 4:21:39 PM PDT","6335268901","Order","113-5424695-1378666","AK-WWQR-VATS","Christian Dior Pure Poison Eau de Parfum Spray, 3.4 Ounce","1","amazon.com","Standard Orders","Seller","REISTERSTOWN","MARYLAND","21136-1997","","92.40","0","5.54","0","0","0","0","0","0","0","0","-14.69","0","0","0","83.25"
"Apr 13, 2017 4:22:17 PM PDT","6335268901","Shipping Services","113-5424695-1378666","","Shipping Label Purchased through Amazon","","","Standard Orders","","","","","","0","0","0","0","0","0","0","0","0","0","0","0","0","0","-4.33","-4.33"
"Apr 13, 2017 4:23:00 PM PDT","6335268901","Order","112-5642746-9493865","JP-EA9F-MS6I","Bora Bora Liz Claiborne Cologne for Men 3.4 Oz New in Box","2","amazon.com","Standard Orders","Seller","JAMAICA","NY","11434-4235","","36.00","0","4.49","0","0","0","0","0","0","0","0","-6.08","0","0","0","34.41"
"Apr 13, 2017 4:23:25 PM PDT","6335268901","Shipping Services","112-5642746-9493865","","Shipping Label Purchased through Amazon","","","Standard Orders","","","","","","0","0","0","0","0","0","0","0","0","0","0","0","0","0","-6.05","-6.05"
"Apr 13, 2017 4:24:38 PM PDT","6335268901","Order","112-2047220-0701046","TP-JZ2P-HJSY","Daisy Eau So Fresh by Marc Jacobs Eau De Toilette Spray 4.2 oz Women's","1","amazon.com","Standard Orders","Seller","LOS ANGELES","CA","90063-4129","","59.00","0","0","0","0","0","0","0","0","0","0","-8.85","0","0","0","50.15"
"Apr 13, 2017 4:25:16 PM PDT","6335268901","Shipping Services","112-2047220-0701046","","Shipping Label Purchased through Amazon","","","Standard Orders","","","","","","0","0","0","0","0","0","0","0","0","0","0","0","0","0","-4.61","-4.61"
"Apr 13, 2017 4:25:39 PM PDT","6335268901","Order","114-6006982-1127460","RF-LX73-TAHE","DIESEL PLUS PLUS by Diesel EDT SPRAY 2.5 OZ Masculine","1","amazon.com","Standard Orders","Seller","MONTGOMERY","AL","36105-2502","","13.70","0","0","0","0","0","0","0","0","0","0","-2.06","0","0","0","11.64"
"Apr 13, 2017 4:26:28 PM PDT","6335268901","Shipping Services","114-6006982-1127460","","Shipping Label Purchased through Amazon","","","Standard Orders","","","","","","0","0","0","0","0","0","0","0","0","0","0","0","0","0","-3.62","-3.62"
"Apr 13, 2017 4:27:54 PM PDT","6335268901","Order","114-3678933-1465809","5R-2LX9-BGJ3","Jessica Mcclintock 2 Piece Gift Set for Women","1","amazon.com","Standard Orders","Seller","East Bridgewater","MA","02333","","37.74","0","6.19","0","0","0","0","0","0","0","0","-6.59","0","0","0","37.34"
"Apr 13, 2017 4:28:44 PM PDT","6335268901","Shipping Services","114-3678933-1465809","","Shipping Label Purchased through Amazon","","","Standard Orders","","","","","","0","0","0","0","0","0","0","0","0","0","0","0","0","0","-6.56","-6.56"
"Apr 13, 2017 4:28:58 PM PDT","6335268901","Order","113-7663636-7368215","TP-JZ2P-HJSY","Daisy Eau So Fresh by Marc Jacobs Eau De Toilette Spray 4.2 oz Women's","1","amazon.com","Standard Orders","Seller","BOYNTON BEACH","FL","33426-2984","","59.00","0","0","0","0","0","0","0","0","0","0","-8.85","0","0","0","50.15"
"Apr 13, 2017 4:29:36 PM PDT","6335268901","Shipping Services","113-7663636-7368215","","Shipping Label Purchased through Amazon","","","Standard Orders","","","","","","0","0","0","0","0","0","0","0","0","0","0","0","0","0","-4.61","-4.61"
"Apr 13, 2017 4:30:46 PM PDT","6335268901","Order","113-6282042-6581800","RF-LX73-TAHE","DIESEL PLUS PLUS by Diesel EDT SPRAY 2.5 OZ Masculine","2","amazon.com","Standard Orders","Seller","MIAMI","FL","33162-3821","","27.40","0","6.50","0","0","0","0","0","0","0","0","-5.08","0","0","0","28.82"
"Apr 13, 2017 4:30:46 PM PDT","6335268901","Order","113-6282042-6581800","AI-5NSQ-TD01","DIESEL ZERO PLUS by Diesel EDT SPRAY for MEN 2.5 OZ","2","amazon.com","Standard Orders","Seller","MIAMI","FL","33162-3821","","25.12","0","5.89","0","0","0","0","0","0","0","0","-4.66","0","0","0","26.35"
"Apr 13, 2017 4:31:19 PM PDT","6335268901","Shipping Services","113-6282042-6581800","","Shipping Label Purchased through Amazon","","","Standard Orders","","","","","","0","0","0","0","0","0","0","0","0","0","0","0","0","0","-7.11","-7.11"
"Apr 13, 2017 4:31:46 PM PDT","6335268901","Order","113-2746228-4629826","TP-JZ2P-HJSY","Daisy Eau So Fresh by Marc Jacobs Eau De Toilette Spray 4.2 oz Women's","1","amazon.com","Standard Orders","Seller","LAWRENCEVILLE","GA","30045-2313","","59.00","0","0","0","0","0","0","0","0","0","0","-8.85","0","0","0","50.15"
"Apr 13, 2017 4:32:25 PM PDT","6335268901","Shipping Services","113-2746228-4629826","","Shipping Label Purchased through Amazon","","","Standard Orders","","","","","","0","0","0","0","0","0","0","0","0","0","0","0","0","0","-4.61","-4.61"
"Apr 13, 2017 4:32:55 PM PDT","6335268901","Order","113-2313261-0733066","TP-JZ2P-HJSY","Daisy Eau So Fresh by Marc Jacobs Eau De Toilette Spray 4.2 oz Women's","1","amazon.com","Standard Orders","Seller","chickasha","ok","73018","","59.00","0","0","0","0","0","0","0","0","0","0","-8.85","0","0","0","50.15"
"Apr 13, 2017 4:33:31 PM PDT","6335268901","Shipping Services","113-2313261-0733066","","Shipping Label Purchased through Amazon","","","Standard Orders","","","","","","0","0","0","0","0","0","0","0","0","0","0","0","0","0","-4.61","-4.61"
"Apr 13, 2017 4:34:06 PM PDT","6335268901","Order","112-9270960-5457015","F3-YTCU-QEKH","Extasia Black by New Brand, 3.3 oz Eau De Toilette Spray for men","1","amazon.com","Standard Orders","Seller","DUNEDIN","FL","34698-5544","","9.19","0","11.49","0","0","0","0","0","0","0","0","-3.10","0","0","0","17.58"
"Apr 13, 2017 4:34:43 PM PDT","6335268901","Shipping Services","112-9270960-5457015","","Shipping Label Purchased through Amazon","","","Standard Orders","","","","","","0","0","0","0","0","0","0","0","0","0","0","0","0","0","-6.05","-6.05"
"Apr 13, 2017 4:35:07 PM PDT","6335268901","Order","112-6334966-1691439","E4-G6OD-TXK1","Plus Plus Feminine by Diesel 2.5 oz Eau de Toilette Spray New in Box (Women)","1","amazon.com","Standard Orders","Seller","POMONA","NY","10970-2943","","13.17","0","0","0","0","0","0","0","0","0","0","-1.98","0","0","0","11.19"
"Apr 13, 2017 4:35:07 PM PDT","6335268901","Order","112-6334966-1691439","E4-G6OD-TXK1","Plus Plus Feminine by Diesel 2.5 oz Eau de Toilette Spray New in Box (Women)","1","amazon.com","Standard Orders","Seller","POMONA","NY","10970-2943","","13.17","0","0","0","0","0","0","0","0","0","0","-1.98","0","0","0","11.19"
"Apr 13, 2017 4:35:43 PM PDT","6335268901","Shipping Services","112-6334966-1691439","","Shipping Label Purchased through Amazon","","","Standard Orders","","","","","","0","0","0","0","0","0","0","0","0","0","0","0","0","0","-6.05","-6.05"
"Apr 13, 2017 4:36:29 PM PDT","6335268901","Order","112-2195592-1785830","TP-JZ2P-HJSY","Daisy Eau So Fresh by Marc Jacobs Eau De Toilette Spray 4.2 oz Women's","1","amazon.com","Standard Orders","Seller","Traverse City","MI","49696","","59.00","0","0","0","0","0","0","0","0","0","0","-8.85","0","0","0","50.15"
"Apr 13, 2017 4:37:06 PM PDT","6335268901","Shipping Services","112-2195592-1785830","","Shipping Label Purchased through Amazon","","","Standard Orders","","","","","","0","0","0","0","0","0","0","0","0","0","0","0","0","0","-4.61","-4.61"
"Apr 13, 2017 4:37:43 PM PDT","6335268901","Order","111-8044817-0097816","QL-M9SG-0YT6","New Brand awgoldnb34s 3.3 Oz. Gold Eau De Parfum Spray For Women","2","amazon.com","Standard Orders","Seller","MANASSAS","VA","20109-2932","","12.00","0","5.19","0","0","0","0","0","0","0","0","-2.58","0","0","0","14.61"
"Apr 13, 2017 4:38:21 PM PDT","6335268901","Shipping Services","111-8044817-0097816","","Shipping Label Purchased through Amazon","","","Standard Orders","","","","","","0","0","0","0","0","0","0","0","0","0","0","0","0","0","-4.46","-4.46"
"Apr 13, 2017 4:38:57 PM PDT","6335268901","Order","111-3463122-2019437","AI-5NSQ-TD01","DIESEL ZERO PLUS by Diesel EDT SPRAY for MEN 2.5 OZ","1","amazon.com","Standard Orders","Seller","CLARENDON HILLS","IL","60514-1705","","12.56","0","5.19","0","0","0","0","0","0","0","0","-2.66","0","0","0","15.09"
"Apr 13, 2017 4:39:35 PM PDT","6335268901","Shipping Services","111-3463122-2019437","","Shipping Label Purchased through Amazon","","","Standard Orders","","","","","","0","0","0","0","0","0","0","0","0","0","0","0","0","0","-3.76","-3.76"
"Apr 13, 2017 4:40:02 PM PDT","6335268901","Order","111-2160859-1649800","AI-5NSQ-TD01","DIESEL ZERO PLUS by Diesel EDT SPRAY for MEN 2.5 OZ","1","amazon.com","Standard Orders","Seller","MIAMI","FL","33195-6407","","12.56","0","5.19","0","0","0","0","0","0","0","0","-2.66","0","0","0","15.09"
"Apr 13, 2017 4:40:39 PM PDT","6335268901","Shipping Services","111-2160859-1649800","","Shipping Label Purchased through Amazon","","","Standard Orders","","","","","","0","0","0","0","0","0","0","0","0","0","0","0","0","0","-3.76","-3.76"
"Apr 14, 2017 1:33:31 PM PDT","6335268901","Order","113-4033664-9709825","2L-YX0W-CS37","Johan B Merveille Eau De Parfum Spray for Women, 3.4 Ounce","1","amazon.com","Standard Orders","Seller","Beaumont","Texas","77705","","19.90","0","0","0","0","0","0","0","0","0","0","-2.99","0","0","0","16.91"
"Apr 14, 2017 1:34:02 PM PDT","6335268901","Shipping Services","113-4033664-9709825","","Shipping Label Purchased through Amazon","","","Standard Orders","","","","","","0","0","0","0","0","0","0","0","0","0","0","0","0","0","-4.46","-4.46"
"Apr 14, 2017 1:34:26 PM PDT","6335268901","Order","113-1185970-8894620","QP-JWSC-K8FU","Unforgivable by Sean John for Men - 2.5 Ounce EDT Spray","1","amazon.com","Standard Orders","Seller","MERCED","CA","95341-5121","","24.65","0","5.15","0","0","0","0","0","0","0","0","-4.47","0","0","0","25.33"
"Apr 14, 2017 1:35:02 PM PDT","6335268901","Shipping Services","113-1185970-8894620","","Shipping Label Purchased through Amazon","","","Standard Orders","","","","","","0","0","0","0","0","0","0","0","0","0","0","0","0","0","-3.76","-3.76"
"Apr 14, 2017 1:35:06 PM PDT","6335268901","Order","111-5043532-5309040","IN-VVX2-VZIG","Moschino Forever Eau De Toilette Spray for Men, 3.4 Ounce","1","amazon.com","Standard Orders","Seller","MIAMI","FLORIDA","33166-6559","","29.30","0","5.06","0","0","0","0","0","0","0","0","-5.15","0","0","0","29.21"
"Apr 14, 2017 1:35:43 PM PDT","6335268901","Shipping Services","111-5043532-5309040","","Shipping Label Purchased through Amazon","","","Standard Orders","","","","","","0","0","0","0","0","0","0","0","0","0","0","0","0","0","-3.76","-3.76"
"Apr 14, 2017 1:35:48 PM PDT","6335268901","Order","114-8878373-4236225","8X-4L9P-TFCB","Sexual By Michel Germain For Men. Eau De Toilette Spray 4.2 Ounces","1","amazon.com","Standard Orders","Seller","WESTON","FL","33327-2458","","43.00","0","5.39","0","0","0","0","0","0","0","0","-7.26","0","0","0","41.13"
"Apr 14, 2017 1:36:23 PM PDT","6335268901","Shipping Services","114-8878373-4236225","","Shipping Label Purchased through Amazon","","","Standard Orders","","","","","","0","0","0","0","0","0","0","0","0","0","0","0","0","0","-4.46","-4.46"
"Apr 14, 2017 1:36:36 PM PDT","6335268901","Order","114-8094934-7918664","GE-DDEU-7TI5","Samba By Perfumers Workshop For Men. Eau De Toilette Spray 3.3 Ounces","1","amazon.com","Standard Orders","Seller","Wahiawa","HI","96786","","15.00","0","13.82","0","0","0","0","0","0","0","0","-4.32","0","0","0","24.50"
"Apr 14, 2017 1:37:09 PM PDT","6335268901","Shipping Services","114-8094934-7918664","","Shipping Label Purchased through Amazon","","","Standard Orders","","","","","","0","0","0","0","0","0","0","0","0","0","0","0","0","0","-6.05","-6.05"
"Apr 14, 2017 1:37:43 PM PDT","6335268901","Order","114-7278144-5622627","TP-JZ2P-HJSY","Daisy Eau So Fresh by Marc Jacobs Eau De Toilette Spray 4.2 oz Women's","1","amazon.com","Standard Orders","Seller","PUYALLUP","WA","98374-9222","","59.00","0","0","0","0","0","0","0","0","0","0","-8.85","0","0","0","50.15"
"Apr 14, 2017 1:38:19 PM PDT","6335268901","Shipping Services","114-7278144-5622627","","Shipping Label Purchased through Amazon","","","Standard Orders","","","","","","0","0","0","0","0","0","0","0","0","0","0","0","0","0","-4.61","-4.61"
"Apr 14, 2017 1:38:34 PM PDT","6335268901","Order","114-3665996-7089066","5R-2LX9-BGJ3","Jessica Mcclintock 2 Piece Gift Set for Women","1","amazon.com","Standard Orders","Seller","INKSTER","MI","48141-2839","","37.74","0","6.19","0","0","0","0","0","0","0","0","-6.59","0","0","0","37.34"
"Apr 14, 2017 1:39:12 PM PDT","6335268901","Shipping Services","114-3665996-7089066","","Shipping Label Purchased through Amazon","","","Standard Orders","","","","","","0","0","0","0","0","0","0","0","0","0","0","0","0","0","-6.67","-6.67"
"Apr 14, 2017 1:39:54 PM PDT","6335268901","Order","114-3306641-1805851","TP-JZ2P-HJSY","Daisy Eau So Fresh by Marc Jacobs Eau De Toilette Spray 4.2 oz Women's","1","amazon.com","Standard Orders","Seller","SPARTA","TN","38583-2502","","59.00","0","5.98","0","0","0","0","0","0","0","0","-9.75","0","0","0","55.23"
"Apr 14, 2017 1:40:35 PM PDT","6335268901","Order","114-2371373-3709811","Z1-8Z96-GEUN","Restriction Deluxe 3.3oz. EDT Men Spray by Creation Lamis","1","amazon.com","Standard Orders","Seller","NORFOLK","VA","23513-1948","","19.98","0","4.49","0","0","0","0","0","0","0","0","-3.67","0","0","0","20.80"
"Apr 14, 2017 1:41:10 PM PDT","6335268901","Shipping Services","114-2371373-3709811","","Shipping Label Purchased through Amazon","","","Standard Orders","","","","","","0","0","0","0","0","0","0","0","0","0","0","0","0","0","-4.04","-4.04"
"Apr 14, 2017 1:41:22 PM PDT","6335268901","Shipping Services","114-3306641-1805851","","Shipping Label Purchased through Amazon","","","Standard Orders","","","","","","0","0","0","0","0","0","0","0","0","0","0","0","0","0","-4.61","-4.61"
"Apr 14, 2017 1:41:57 PM PDT","6335268901","Shipping Services","114-0657160-3817057","","Shipping Label Purchased through Amazon","","","Standard Orders","","","","","","0","0","0","0","0","0","0","0","0","0","0","0","0","0","-3.62","-3.62"
"Apr 14, 2017 1:42:05 PM PDT","6335268901","Order","114-0335370-1921040","UR-D9YP-L4RF","Curve Crush Cologne Spray 4.2 Ounce","1","amazon.com","Standard Orders","Seller","SAN ANTONIO","TEXAS","78250-3314","","18.35","0","5.28","0","0","0","0","0","0","0","0","-3.54","0","0","0","20.09"
"Apr 14, 2017 1:42:42 PM PDT","6335268901","Shipping Services","114-0335370-1921040","","Shipping Label Purchased through Amazon","","","Standard Orders","","","","","","0","0","0","0","0","0","0","0","0","0","0","0","0","0","-3.76","-3.76"
"Apr 14, 2017 1:42:46 PM PDT","6335268901","Order","113-3468678-4433820","JK-130P-A3PQ","Tiamo by Parfum Blaze Eau De Toilette Spray 3.4 oz","2","amazon.com","Standard Orders","Seller","Louisville","Ky","40258","","34.54","0","0","0","0","0","0","0","0","0","0","-5.18","0","0","0","29.36"
"Apr 14, 2017 1:43:23 PM PDT","6335268901","Shipping Services","113-3468678-4433820","","Shipping Label Purchased through Amazon","","","Standard Orders","","","","","","0","0","0","0","0","0","0","0","0","0","0","0","0","0","-6.05","-6.05"
"Apr 14, 2017 1:43:29 PM PDT","6335268901","Order","113-3295645-8259423","RF-LX73-TAHE","DIESEL PLUS PLUS by Diesel EDT SPRAY 2.5 OZ Masculine","1","amazon.com","Standard Orders","Seller","MIAMI","FL","33192-2417","","13.70","0","0","0","0","0","0","0","0","0","0","-2.06","0","0","0","11.64"
"Apr 14, 2017 1:44:04 PM PDT","6335268901","Shipping Services","113-3295645-8259423","","Shipping Label Purchased through Amazon","","","Standard Orders","","","","","","0","0","0","0","0","0","0","0","0","0","0","0","0","0","-3.62","-3.62"
"Apr 14, 2017 1:44:55 PM PDT","6335268901","Order","113-1743466-3981058","21-NWUH-FKC6","Liz Claiborne Curve Men Gift Set (Spray, Skin Soother, Hair and Body Wash)","1","amazon.com","Standard Orders","Seller","COLTON","CA","92324-1638","","34.34","0","6.64","0","0","0","0","0","0","0","0","-6.15","0","0","0","34.83"
"Apr 14, 2017 1:44:58 PM PDT","6335268901","Shipping Services","113-1743466-3981058","","Shipping Label Purchased through Amazon","","","Standard Orders","","","","","","0","0","0","0","0","0","0","0","0","0","0","0","0","0","-7.34","-7.34"
"Apr 14, 2017 1:45:06 PM PDT","6335268901","Order","112-8243996-8710641","RF-LX73-TAHE","DIESEL PLUS PLUS by Diesel EDT SPRAY 2.5 OZ Masculine","1","amazon.com","Standard Orders","Seller","SAN BERNARDINO","CA","92405-3919","","13.70","0","0","0","0","0","0","0","0","0","0","-2.06","0","0","0","11.64"
"Apr 14, 2017 1:45:41 PM PDT","6335268901","Shipping Services","112-8243996-8710641","","Shipping Label Purchased through Amazon","","","Standard Orders","","","","","","0","0","0","0","0","0","0","0","0","0","0","0","0","0","-3.62","-3.62"
"Apr 14, 2017 1:45:54 PM PDT","6335268901","Order","112-0016155-9647433","F3-YTCU-QEKH","Extasia Black by New Brand, 3.3 oz Eau De Toilette Spray for men","1","amazon.com","Standard Orders","Seller","MARY ESTHER","FL","32569-1843","","9.19","0","0","0","0","0","0","0","0","0","0","-1.38","0","0","0","7.81"
"Apr 14, 2017 1:46:27 PM PDT","6335268901","Shipping Services","112-0016155-9647433","","Shipping Label Purchased through Amazon","","","Standard Orders","","","","","","0","0","0","0","0","0","0","0","0","0","0","0","0","0","-4.04","-4.04"
"Apr 14, 2017 1:47:19 PM PDT","6335268901","Order","111-9313522-2349061","BF-N7MD-D4X3","Perry Ellis 360 Eau de Toilette Spray Gift Set for Women, 3 Count","1","amazon.com","Standard Orders","Seller","SOUTHAVEN","MS","38671-9100","","38.45","0","5.74","0","0","0","0","0","0","0","0","-6.63","0","0","0","37.56"
"Apr 14, 2017 1:47:55 PM PDT","6335268901","Shipping Services","111-9313522-2349061","","Shipping Label Purchased through Amazon","","","Standard Orders","","","","","","0","0","0","0","0","0","0","0","0","0","0","0","0","0","-6.05","-6.05"
"Apr 14, 2017 1:47:59 PM PDT","6335268901","Order","111-8807583-6446653","TP-JZ2P-HJSY","Daisy Eau So Fresh by Marc Jacobs Eau De Toilette Spray 4.2 oz Women's","1","amazon.com","Standard Orders","Seller","WHITEHOUSE","OH","43571-9253","","59.00","0","0","0","0","0","0","0","0","0","0","-8.85","0","0","0","50.15"
"Apr 14, 2017 1:48:35 PM PDT","6335268901","Shipping Services","111-8807583-6446653","","Shipping Label Purchased through Amazon","","","Standard Orders","","","","","","0","0","0","0","0","0","0","0","0","0","0","0","0","0","-4.61","-4.61"
"Apr 14, 2017 1:49:01 PM PDT","6335268901","Order","111-7234887-1435468","9S-1ZNQ-KX50","Thierry Mugler Alien Non Refillable Stones Eau De Parfum Spray for Women, 2 Ounce","1","amazon.com","Standard Orders","Seller","AVA","NEW YORK","13303-2313","","52.00","0","5.09","0","0","0","0","0","0","0","0","-8.56","0","0","0","48.53"
"Apr 14, 2017 1:49:13 PM PDT","6335268901","Order","114-0657160-3817057","RF-LX73-TAHE","DIESEL PLUS PLUS by Diesel EDT SPRAY 2.5 OZ Masculine","1","amazon.com","Standard Orders","Seller","BRONX","NY","10468-6299","","13.70","0","0","0","0","0","0","0","0","0","0","-2.06","0","0","0","11.64"
"Apr 14, 2017 1:49:37 PM PDT","6335268901","Shipping Services","111-7234887-1435468","","Shipping Label Purchased through Amazon","","","Standard Orders","","","","","","0","0","0","0","0","0","0","0","0","0","0","0","0","0","-3.91","-3.91"
"Apr 14, 2017 1:50:03 PM PDT","6335268901","Order","111-6634326-1285014","RF-LX73-TAHE","DIESEL PLUS PLUS by Diesel EDT SPRAY 2.5 OZ Masculine","1","amazon.com","Standard Orders","Seller","BELLEVILLE","MI","48111-2869","","13.70","0","5.74","0","0","0","0","0","0","0","0","-2.92","0","0","0","16.52"
"Apr 14, 2017 1:50:03 PM PDT","6335268901","Order","111-6634326-1285014","AI-5NSQ-TD01","DIESEL ZERO PLUS by Diesel EDT SPRAY for MEN 2.5 OZ","1","amazon.com","Standard Orders","Seller","BELLEVILLE","MI","48111-2869","","12.56","0","6.05","0","0","0","0","0","0","0","0","-2.79","0","0","0","15.82"
"Apr 14, 2017 1:50:36 PM PDT","6335268901","Shipping Services","111-6634326-1285014","","Shipping Label Purchased through Amazon","","","Standard Orders","","","","","","0","0","0","0","0","0","0","0","0","0","0","0","0","0","-6.05","-6.05"
"Apr 14, 2017 1:51:10 PM PDT","6335268901","Order","111-3804618-6089813","RF-LX73-TAHE","DIESEL PLUS PLUS by Diesel EDT SPRAY 2.5 OZ Masculine","1","amazon.com","Standard Orders","Seller","DAVIE","FL","33324-4210","","13.70","0","0","0","0","0","0","0","0","0","0","-2.06","0","0","0","11.64"
"Apr 14, 2017 1:51:44 PM PDT","6335268901","Shipping Services","111-3804618-6089813","","Shipping Label Purchased through Amazon","","","Standard Orders","","","","","","0","0","0","0","0","0","0","0","0","0","0","0","0","0","-3.62","-3.62"
"Apr 14, 2017 1:51:58 PM PDT","6335268901","Order","114-8859886-8867435","TP-JZ2P-HJSY","Daisy Eau So Fresh by Marc Jacobs Eau De Toilette Spray 4.2 oz Women's","1","amazon.com","Standard Orders","Seller","Woodland","CA","95695","","59.00","0","0","0","0","0","0","0","0","0","0","-8.85","0","0","0","50.15"
"Apr 14, 2017 1:52:33 PM PDT","6335268901","Shipping Services","114-8859886-8867435","","Shipping Label Purchased through Amazon","","","Standard Orders","","","","","","0","0","0","0","0","0","0","0","0","0","0","0","0","0","-4.61","-4.61"
"Apr 14, 2017 1:52:56 PM PDT","6335268901","Order","114-7809240-9365811","KJ-DNMQ-8FTI","Versace Versus Eau De Toilette Natural Spray, 3.40 Ounce","1","amazon.com","Standard Orders","Seller","OKLAHOMA CITY","OK","73129-3611","","38.00","0","5.28","0","0","0","0","0","0","0","0","-6.49","0","0","0","36.79"
"Apr 14, 2017 1:53:32 PM PDT","6335268901","Shipping Services","114-7809240-9365811","","Shipping Label Purchased through Amazon","","","Standard Orders","","","","","","0","0","0","0","0","0","0","0","0","0","0","0","0","0","-3.76","-3.76"
"Apr 14, 2017 1:53:43 PM PDT","6335268901","Order","114-5376866-6921821","RF-LX73-TAHE","DIESEL PLUS PLUS by Diesel EDT SPRAY 2.5 OZ Masculine","1","amazon.com","Standard Orders","Seller","MIAMI","FL","33166-2627","","13.70","0","0","0","0","0","0","0","0","0","0","-2.06","0","0","0","11.64"
"Apr 14, 2017 1:54:21 PM PDT","6335268901","Shipping Services","114-5376866-6921821","","Shipping Label Purchased through Amazon","","","Standard Orders","","","","","","0","0","0","0","0","0","0","0","0","0","0","0","0","0","-3.62","-3.62"
"Apr 14, 2017 1:55:37 PM PDT","6335268901","Order","114-5233790-6829802","TP-JZ2P-HJSY","Daisy Eau So Fresh by Marc Jacobs Eau De Toilette Spray 4.2 oz Women's","1","amazon.com","Standard Orders","Seller","Harrisburg","Pa","17110","","59.00","0","0","0","0","0","0","0","0","0","0","-8.85","0","0","0","50.15"
"Apr 14, 2017 1:56:14 PM PDT","6335268901","Shipping Services","114-5233790-6829802","","Shipping Label Purchased through Amazon","","","Standard Orders","","","","","","0","0","0","0","0","0","0","0","0","0","0","0","0","0","-4.61","-4.61"
"Apr 14, 2017 1:56:26 PM PDT","6335268901","Order","114-3220609-3150602","LX-TSWW-29S8","White Diamonds By Elizabeth Taylor Edt Spray 3.3 Oz for Women","1","amazon.com","Standard Orders","Seller","SAN FRANCISCO","CA","94115-4884","","23.32","0","5.50","0","0","0","0","0","0","0","0","-4.32","0","0","0","24.50"
"Apr 14, 2017 1:57:02 PM PDT","6335268901","Shipping Services","114-3220609-3150602","","Shipping Label Purchased through Amazon","","","Standard Orders","","","","","","0","0","0","0","0","0","0","0","0","0","0","0","0","0","-3.76","-3.76"
"Apr 14, 2017 1:57:17 PM PDT","6335268901","Order","114-2394715-3619439","Y8-47ZI-IQRV","Liz Claiborne Women's Mambo 3-Piece Gift Set","1","amazon.com","Standard Orders","Seller","Kings Mountain","NC","28086","","31.64","0","6.14","0","0","0","0","0","0","0","0","-5.67","0","0","0","32.11"
"Apr 14, 2017 1:57:54 PM PDT","6335268901","Shipping Services","114-2394715-3619439","","Shipping Label Purchased through Amazon","","","Standard Orders","","","","","","0","0","0","0","0","0","0","0","0","0","0","0","0","0","-6.67","-6.67"
"Apr 14, 2017 1:58:03 PM PDT","6335268901","Order","114-0712116-6231456","AI-5NSQ-TD01","DIESEL ZERO PLUS by Diesel EDT SPRAY for MEN 2.5 OZ","1","amazon.com","Standard Orders","Seller","WHEATLEY HEIGHTS","NY","11798-1042","","12.56","0","5.19","0","0","0","0","0","0","0","0","-2.66","0","0","0","15.09"
"Apr 14, 2017 1:58:38 PM PDT","6335268901","Shipping Services","114-0712116-6231456","","Shipping Label Purchased through Amazon","","","Standard Orders","","","","","","0","0","0","0","0","0","0","0","0","0","0","0","0","0","-3.76","-3.76"
"Apr 14, 2017 1:58:45 PM PDT","6335268901","Order","113-9598402-0774607","9F-TM9C-OPMW","Black Point by YZY Perfume","1","amazon.com","Standard Orders","Seller","Breckenridge","Texas","76424","","11.00","0","0","0","0","0","0","0","0","0","0","-1.65","0","0","0","9.35"
"Apr 14, 2017 1:59:22 PM PDT","6335268901","Shipping Services","113-9598402-0774607","","Shipping Label Purchased through Amazon","","","Standard Orders","","","","","","0","0","0","0","0","0","0","0","0","0","0","0","0","0","-3.76","-3.76"
"Apr 14, 2017 1:59:34 PM PDT","6335268901","Order","113-7214728-2845032","F4-4LCY-YF3N","Mercedes-Benz Intense EDT Spray for Men - 4 oz","1","amazon.com","Standard Orders","Seller","Grand Prairie","TX","75051","","32.00","0","5.64","0","0","0","0","0","0","0","0","-5.65","0","0","0","31.99"
"Apr 14, 2017 2:00:12 PM PDT","6335268901","Shipping Services","113-7214728-2845032","","Shipping Label Purchased through Amazon","","","Standard Orders","","","","","","0","0","0","0","0","0","0","0","0","0","0","0","0","0","-4.32","-4.32"
"Apr 14, 2017 2:01:05 PM PDT","6335268901","Order","113-5824216-9986642","UY-ZSE7-Y1L9","Magic Dreams Women Eau De Parfume Spray by Parfums Rivera, 3.4 Ounce","1","amazon.com","Standard Orders","Seller","VINTON","LA","70668-6301","","8.67","0","5.69","0","0","0","0","0","0","0","0","-2.15","0","0","0","12.21"
"Apr 14, 2017 2:01:40 PM PDT","6335268901","Shipping Services","113-5824216-9986642","","Shipping Label Purchased through Amazon","","","Standard Orders","","","","","","0","0","0","0","0","0","0","0","0","0","0","0","0","0","-6.05","-6.05"
"Apr 14, 2017 2:01:49 PM PDT","6335268901","Order","113-3151725-7179452","9P-B204-W98I","Oleg Cassini Eau de Toilette Spray for Men, 3.4 Fluid Ounce","2","amazon.com","Standard Orders","Seller","ANNAPOLIS","MD","21403-1625","","46.34","0","5.59","0","0","0","0","0","0","0","0","-7.80","0","0","0","44.13"
"Apr 14, 2017 2:02:26 PM PDT","6335268901","Shipping Services","113-3151725-7179452","","Shipping Label Purchased through Amazon","","","Standard Orders","","","","","","0","0","0","0","0","0","0","0","0","0","0","0","0","0","-6.05","-6.05"
"Apr 14, 2017 2:02:34 PM PDT","6335268901","Order","112-9878852-3732212","RF-LX73-TAHE","DIESEL PLUS PLUS by Diesel EDT SPRAY 2.5 OZ Masculine","1","amazon.com","Standard Orders","Seller","Miami","Florida","33166","","13.70","0","0","0","0","0","0","0","0","0","0","-2.06","0","0","0","11.64"
"Apr 14, 2017 2:03:11 PM PDT","6335268901","Shipping Services","112-9878852-3732212","","Shipping Label Purchased through Amazon","","","Standard Orders","","","","","","0","0","0","0","0","0","0","0","0","0","0","0","0","0","-3.62","-3.62"
"Apr 14, 2017 2:03:11 PM PDT","6335268901","Order","112-8835782-3473063","GE-DDEU-7TI5","Samba By Perfumers Workshop For Men. Eau De Toilette Spray 3.3 Ounces","1","amazon.com","Standard Orders","Seller","Union City","New Jersey","07087","","15.00","0","5.04","0","0","0","0","0","0","0","0","-3.01","0","0","0","17.03"
"Apr 14, 2017 2:03:48 PM PDT","6335268901","Shipping Services","112-8835782-3473063","","Shipping Label Purchased through Amazon","","","Standard Orders","","","","","","0","0","0","0","0","0","0","0","0","0","0","0","0","0","-3.76","-3.76"
"Apr 14, 2017 2:04:07 PM PDT","6335268901","Order","112-7811768-4089065","TP-JZ2P-HJSY","Daisy Eau So Fresh by Marc Jacobs Eau De Toilette Spray 4.2 oz Women's","1","amazon.com","Standard Orders","Seller","CLARKSBURG","MD","20871-4350","","59.00","0","0","0","0","0","0","0","0","0","0","-8.85","0","0","0","50.15"
"Apr 14, 2017 2:04:44 PM PDT","6335268901","Shipping Services","112-7811768-4089065","","Shipping Label Purchased through Amazon","","","Standard Orders","","","","","","0","0","0","0","0","0","0","0","0","0","0","0","0","0","-4.61","-4.61"
"Apr 14, 2017 2:04:49 PM PDT","6335268901","Order","112-7006627-0073840","IV-RL8L-D8TV","Arsenal Grey FOR MEN by Gilles Cantuel - 3.4 oz EDP Spray (Wood Box)","1","amazon.com","Standard Orders","Seller","SEVERN","MD","21144-6815","","23.44","0","4.49","0","0","0","0","0","0","0","0","-4.19","0","0","0","23.74"
"Apr 14, 2017 2:05:26 PM PDT","6335268901","Shipping Services","112-7006627-0073840","","Shipping Label Purchased through Amazon","","","Standard Orders","","","","","","0","0","0","0","0","0","0","0","0","0","0","0","0","0","-4.46","-4.46"
"Apr 14, 2017 2:05:32 PM PDT","6335268901","Order","112-5814672-8901022","AI-5NSQ-TD01","DIESEL ZERO PLUS by Diesel EDT SPRAY for MEN 2.5 OZ","1","amazon.com","Standard Orders","Seller","Okeechobee","FL","34974-0000","","12.56","0","5.19","0","0","0","0","0","0","0","0","-2.66","0","0","0","15.09"
"Apr 14, 2017 2:06:09 PM PDT","6335268901","Shipping Services","112-5814672-8901022","","Shipping Label Purchased through Amazon","","","Standard Orders","","","","","","0","0","0","0","0","0","0","0","0","0","0","0","0","0","-3.76","-3.76"
"Apr 14, 2017 2:06:11 PM PDT","6335268901","Order","112-4824130-5613850","W4-6TKK-M8MV","BRUT by Faberge Cologne Spray (Original-Glass Bottle) 3 oz","1","amazon.com","Standard Orders","Seller","Penns Grove","N.J.","08069","","12.74","0","0","0","0","0","0","0","0","0","0","-1.91","0","0","0","10.83"
"Apr 14, 2017 2:06:47 PM PDT","6335268901","Shipping Services","112-4824130-5613850","","Shipping Label Purchased through Amazon","","","Standard Orders","","","","","","0","0","0","0","0","0","0","0","0","0","0","0","0","0","-3.76","-3.76"
"Apr 14, 2017 2:07:07 PM PDT","6335268901","Order","111-2834807-5701069","JQ-XP7R-N74L","212 VIP ROSE by Carolina Herrera 2.7 Ounce / 80 ml Eau de Parfum Women Perfume Spray","1","amazon.com","Standard Orders","Seller","MILPITAS","CALIFORNIA","95035-5226","","69.30","0","10.34","0","0","0","0","0","0","0","0","-11.95","0","0","0","67.69"
"Apr 14, 2017 2:07:44 PM PDT","6335268901","Shipping Services","111-2834807-5701069","","Shipping Label Purchased through Amazon","","","Standard Orders","","","","","","0","0","0","0","0","0","0","0","0","0","0","0","0","0","-6.20","-6.20"
"Apr 14, 2017 4:02:44 PM PDT","6336226421","Transfer","","","To your account ending in: 6276, Bank Transfer ID: 091000010272081","","","Standard Orders","","","","","","0","0","0","0","0","0","0","0","0","0","0","0","0","0","-264.09","-264.09"
"Apr 14, 2017 11:39:31 PM PDT","6336226421","Refund","102-0394434-5755427","DT-GQQP-NJQJ","Thé Oné 3.4oz Eau De Parfum Sprày MéN by Dolcé ànd Gàbbànà","1","amazon.com","Standard Orders","Seller","PHILADELPHIA","PA","19130-1812","","-59.48","0","0","0","0","0","0","0","0","0","0","7.14","0","0","0","-52.34"
"Apr 16, 2017 7:05:19 AM PDT","6336884581","Transfer","","","To your account ending in: 6276, Bank Transfer ID: 091000013022890","","","Standard Orders","","","","","","0","0","0","0","0","0","0","0","0","0","0","0","0","0","-745.86","-745.86"
"Apr 16, 2017 4:40:01 PM PDT","6336884581","Order","111-3318988-0715441","XD-X7FW-SZVH","DIESEL ZERO PLUS by Diesel EDT SPRAY for MEN 2.5 OZ","1","amazon.com","Standard Orders","Seller","CLEARWATER","FL","33760-2617","","13.49","0","0","0","0","0","0","0","0","0","0","-2.02","0","0","0","11.47"
"Apr 16, 2017 4:40:36 PM PDT","6336884581","Shipping Services","111-3318988-0715441","","Shipping Label Purchased through Amazon","","","Standard Orders","","","","","","0","0","0","0","0","0","0","0","0","0","0","0","0","0","-3.76","-3.76"
"Apr 16, 2017 4:41:09 PM PDT","6336884581","Order","112-6318165-7837856","2L-YX0W-CS37","Johan B Merveille Eau De Parfum Spray for Women, 3.4 Ounce","1","amazon.com","Standard Orders","Seller","MILLSBORO","DE","19966-4605","","19.90","0","0","0","0","0","0","0","0","0","0","-2.99","0","0","0","16.91"
"Apr 16, 2017 4:41:42 PM PDT","6336884581","Shipping Services","112-6318165-7837856","","Shipping Label Purchased through Amazon","","","Standard Orders","","","","","","0","0","0","0","0","0","0","0","0","0","0","0","0","0","-4.46","-4.46"
"Apr 16, 2017 4:41:58 PM PDT","6336884581","Order","114-9691671-6323439","TP-JZ2P-HJSY","Daisy Eau So Fresh by Marc Jacobs Eau De Toilette Spray 4.2 oz Women's","1","amazon.com","Standard Orders","Seller","NAVARRE","FLORIDA","32566-2200","","59.00","0","0","0","0","0","0","0","0","0","0","-8.85","0","0","0","50.15"
"Apr 16, 2017 4:42:35 PM PDT","6336884581","Shipping Services","114-9691671-6323439","","Shipping Label Purchased through Amazon","","","Standard Orders","","","","","","0","0","0","0","0","0","0","0","0","0","0","0","0","0","-4.61","-4.61"
"Apr 16, 2017 4:43:02 PM PDT","6336884581","Order","114-8323649-0222639","3X-GXR2-3ML5","Lagerfeld By Karl Lagerfeld For Men. Eau De Toilette Spray 4.2 Oz","1","amazon.com","Standard Orders","Seller","AIKEN","SC","29803-7863","","21.67","0","5.29","0","0","0","0","0","0","0","0","-4.04","0","0","0","22.92"
"Apr 16, 2017 4:43:40 PM PDT","6336884581","Shipping Services","114-8323649-0222639","","Shipping Label Purchased through Amazon","","","Standard Orders","","","","","","0","0","0","0","0","0","0","0","0","0","0","0","0","0","-3.76","-3.76"
"Apr 16, 2017 4:43:48 PM PDT","6336884581","Order","114-7905450-4693002","UR-D9YP-L4RF","Curve Crush Cologne Spray 4.2 Ounce","1","amazon.com","Standard Orders","Seller","San Bernardino","CA","92405","","18.34","0","5.28","0","0","0","0","0","0","0","0","-3.54","0","0","0","20.08"
"Apr 16, 2017 4:44:24 PM PDT","6336884581","Shipping Services","114-7905450-4693002","","Shipping Label Purchased through Amazon","","","Standard Orders","","","","","","0","0","0","0","0","0","0","0","0","0","0","0","0","0","-3.76","-3.76"
"Apr 16, 2017 4:45:02 PM PDT","6336884581","Order","114-7392332-9049865","XD-X7FW-SZVH","DIESEL ZERO PLUS by Diesel EDT SPRAY for MEN 2.5 OZ","1","amazon.com","Standard Orders","Seller","BROOKLYN","NY","11208-2832","","13.49","0","0","0","0","0","0","0","0","0","0","-2.02","0","0","0","11.47"
"Apr 16, 2017 4:45:33 PM PDT","6336884581","Shipping Services","114-7392332-9049865","","Shipping Label Purchased through Amazon","","","Standard Orders","","","","","","0","0","0","0","0","0","0","0","0","0","0","0","0","0","-3.76","-3.76"
"Apr 16, 2017 4:45:38 PM PDT","6336884581","Order","114-6732946-3171462","W4-6TKK-M8MV","BRUT by Faberge Cologne Spray (Original-Glass Bottle) 3 oz","1","amazon.com","Standard Orders","Seller","NORMAN","OK","73071-7410","","12.74","0","0","0","0","0","0","0","0","0","0","-1.91","0","0","0","10.83"
"Apr 16, 2017 4:46:15 PM PDT","6336884581","Shipping Services","114-6732946-3171462","","Shipping Label Purchased through Amazon","","","Standard Orders","","","","","","0","0","0","0","0","0","0","0","0","0","0","0","0","0","-3.76","-3.76"
"Apr 16, 2017 4:46:29 PM PDT","6336884581","Order","114-5150795-9764218","2G-X7RR-O0HL","Shi by Alfred Sung for Women, Eau De Parfum Spray, 3.4-Ounce","3","amazon.com","Standard Orders","Seller","LINCOLN","CA","95648-7616","","51.87","0","6.89","0","0","0","0","0","0","0","0","-8.82","0","0","0","49.94"
"Apr 16, 2017 4:47:06 PM PDT","6336884581","Shipping Services","114-5150795-9764218","","Shipping Label Purchased through Amazon","","","Standard Orders","","","","","","0","0","0","0","0","0","0","0","0","0","0","0","0","0","-6.20","-6.20"
"Apr 16, 2017 4:48:10 PM PDT","6336884581","Order","114-4312544-2094642","RF-LX73-TAHE","DIESEL PLUS PLUS by Diesel EDT SPRAY 2.5 OZ Masculine","1","amazon.com","Standard Orders","Seller","HOUSTON","TX","77036-2615","","13.70","0","0","0","0","0","0","0","0","0","0","-2.06","0","0","0","11.64"
"Apr 16, 2017 4:48:44 PM PDT","6336884581","Shipping Services","114-4312544-2094642","","Shipping Label Purchased through Amazon","","","Standard Orders","","","","","","0","0","0","0","0","0","0","0","0","0","0","0","0","0","-3.62","-3.62"
"Apr 16, 2017 4:49:02 PM PDT","6336884581","Order","114-1492174-3665839","RF-LX73-TAHE","DIESEL PLUS PLUS by Diesel EDT SPRAY 2.5 OZ Masculine","1","amazon.com","Standard Orders","Seller","NEW YORK","NY","10024-1324","","13.49","0","0","0","0","0","0","0","0","0","0","-2.02","0","0","0","11.47"
"Apr 16, 2017 4:49:40 PM PDT","6336884581","Shipping Services","114-1492174-3665839","","Shipping Label Purchased through Amazon","","","Standard Orders","","","","","","0","0","0","0","0","0","0","0","0","0","0","0","0","0","-3.62","-3.62"
"Apr 16, 2017 4:50:00 PM PDT","6336884581","Order","114-1117633-4649825","XD-X7FW-SZVH","DIESEL ZERO PLUS by Diesel EDT SPRAY for MEN 2.5 OZ","1","amazon.com","Standard Orders","Seller","BALTIMORE","Maryland","21220","","13.49","0","0","0","0","0","0","0","0","0","0","-2.02","0","0","0","11.47"
"Apr 16, 2017 4:50:38 PM PDT","6336884581","Shipping Services","114-1117633-4649825","","Shipping Label Purchased through Amazon","","","Standard Orders","","","","","","0","0","0","0","0","0","0","0","0","0","0","0","0","0","-3.76","-3.76"
"Apr 16, 2017 4:50:41 PM PDT","6336884581","Order","114-2374783-9653040","9I-Z435-OO5S","WONDERSTRUCK - EDP 3.4 OZ SP L","1","amazon.com","Standard Orders","Seller","POUGHKEEPSIE","NY","12601-1354","","21.00","0","5.37","0","0","0","0","0","0","0","0","-3.96","0","0","0","22.41"
"Apr 16, 2017 4:51:19 PM PDT","6336884581","Shipping Services","114-2374783-9653040","","Shipping Label Purchased through Amazon","","","Standard Orders","","","","","","0","0","0","0","0","0","0","0","0","0","0","0","0","0","-4.04","-4.04"
"Apr 16, 2017 4:51:38 PM PDT","6336884581","Order","114-3036020-3705835","UY-T92D-JIMV","Dis-lui Extreme Pour Homme 3.4 Oz Eau De Parfum Spray for Men","1","amazon.com","Standard Orders","Seller","APO","AE","09355","","5.00","0","5.49","0","0","0","0","0","0","0","0","-1.57","0","0","0","8.92"
"Apr 16, 2017 4:52:13 PM PDT","6336884581","Shipping Services","114-3036020-3705835","","Shipping Label Purchased through Amazon","","","Standard Orders","","","","","","0","0","0","0","0","0","0","0","0","0","0","0","0","0","-3.62","-3.62"
"Apr 16, 2017 4:52:18 PM PDT","6336884581","Order","114-0461072-2705016","UY-T92D-JIMV","Dis-lui Extreme Pour Homme 3.4 Oz Eau De Parfum Spray for Men","1","amazon.com","Standard Orders","Seller","MALDEN","MA","02148-5611","","5.00","0","5.49","0","0","0","0","0","0","0","0","-1.57","0","0","0","8.92"
"Apr 16, 2017 4:52:55 PM PDT","6336884581","Shipping Services","114-0461072-2705016","","Shipping Label Purchased through Amazon","","","Standard Orders","","","","","","0","0","0","0","0","0","0","0","0","0","0","0","0","0","-3.62","-3.62"
"Apr 16, 2017 4:56:11 PM PDT","6336884581","Order","113-9464729-5661825","XD-X7FW-SZVH","DIESEL ZERO PLUS by Diesel EDT SPRAY for MEN 2.5 OZ","1","amazon.com","Standard Orders","Seller","NEW YORK","NY","10034-5707","","13.49","0","6.20","0","0","0","0","0","0","0","0","-2.95","0","0","0","16.74"
"Apr 16, 2017 4:56:49 PM PDT","6336884581","Shipping Services","113-9464729-5661825","","Shipping Label Purchased through Amazon","","","Standard Orders","","","","","","0","0","0","0","0","0","0","0","0","0","0","0","0","0","-3.76","-3.76"
"Apr 16, 2017 4:56:56 PM PDT","6336884581","Order","113-8057267-3389803","N6-T97C-HZ2W","INSURRECTION by Reyane Tradition Men's Eau De Toilette Spray 3.4 oz - 100% Authentic","1","amazon.com","Standard Orders","Seller","Orland Park","il","60462","","21.47","0","0","0","0","0","0","0","0","0","0","-3.22","0","0","0","18.25"
"Apr 16, 2017 4:57:33 PM PDT","6336884581","Shipping Services","113-8057267-3389803","","Shipping Label Purchased through Amazon","","","Standard Orders","","","","","","0","0","0","0","0","0","0","0","0","0","0","0","0","0","-4.46","-4.46"
"Apr 16, 2017 4:58:45 PM PDT","6336884581","Order","113-9602267-7934636","Y8-47ZI-IQRV","Liz Claiborne Women's Mambo 3-Piece Gift Set","1","amazon.com","Standard Orders","Seller","COPIAGUE","NY","11726-0001","","31.64","0","6.14","0","0","0","0","0","0","0","0","-5.67","0","0","0","32.11"
"Apr 16, 2017 4:59:23 PM PDT","6336884581","Shipping Services","113-9602267-7934636","","Shipping Label Purchased through Amazon","","","Standard Orders","","","","","","0","0","0","0","0","0","0","0","0","0","0","0","0","0","-6.63","-6.63"
"Apr 16, 2017 5:03:06 PM PDT","6336884581","Order","113-6895532-4979452","RL-Z1OR-5MCR","Elizabeth Taylor White Diamonds 4-Piece Gift Set","1","amazon.com","Standard Orders","Seller","BRONX","NY","10469-6122","","38.55","0","6.44","0","0","0","0","0","0","0","0","-6.75","0","0","0","38.24"
"Apr 16, 2017 5:03:47 PM PDT","6336884581","Shipping Services","113-6895532-4979452","","Shipping Label Purchased through Amazon","","","Standard Orders","","","","","","0","0","0","0","0","0","0","0","0","0","0","0","0","0","-6.63","-6.63"
"Apr 16, 2017 5:04:59 PM PDT","6336884581","Order","113-6866435-1139449","RF-LX73-TAHE","DIESEL PLUS PLUS by Diesel EDT SPRAY 2.5 OZ Masculine","1","amazon.com","Standard Orders","Seller","ROCHESTER","NY","14607-2429","","13.49","0","0","0","0","0","0","0","0","0","0","-2.02","0","0","0","11.47"
"Apr 16, 2017 5:05:36 PM PDT","6336884581","Shipping Services","113-6866435-1139449","","Shipping Label Purchased through Amazon","","","Standard Orders","","","","","","0","0","0","0","0","0","0","0","0","0","0","0","0","0","-3.62","-3.62"
"Apr 16, 2017 5:06:03 PM PDT","6336884581","Order","113-5489178-4873018","RF-LX73-TAHE","DIESEL PLUS PLUS by Diesel EDT SPRAY 2.5 OZ Masculine","1","amazon.com","Standard Orders","Seller","BROOKLYN","NY","11237-6010","","13.70","0","0","0","0","0","0","0","0","0","0","-2.06","0","0","0","11.64"
"Apr 16, 2017 5:06:41 PM PDT","6336884581","Shipping Services","113-5489178-4873018","","Shipping Label Purchased through Amazon","","","Standard Orders","","","","","","0","0","0","0","0","0","0","0","0","0","0","0","0","0","-3.62","-3.62"
"Apr 16, 2017 5:07:43 PM PDT","6336884581","Order","113-5196529-1602660","E4-G6OD-TXK1","Plus Plus Feminine by Diesel 2.5 oz Eau de Toilette Spray New in Box (Women)","1","amazon.com","Standard Orders","Seller","VALLEY STREAM","NY","11580-5812","","12.49","0","0","0","0","0","0","0","0","0","0","-1.87","0","0","0","10.62"
"Apr 16, 2017 5:08:14 PM PDT","6336884581","Shipping Services","113-5196529-1602660","","Shipping Label Purchased through Amazon","","","Standard Orders","","","","","","0","0","0","0","0","0","0","0","0","0","0","0","0","0","-3.62","-3.62"
"Apr 16, 2017 5:09:04 PM PDT","6336884581","Order","113-4696824-2697817","UY-ZSE7-Y1L9","Magic Dreams Women Eau De Parfume Spray by Parfums Rivera, 3.4 Ounce","1","amazon.com","Standard Orders","Seller","Bowie","MD","20715","","8.67","0","5.69","0","0","0","0","0","0","0","0","-2.15","0","0","0","12.21"
"Apr 16, 2017 5:09:33 PM PDT","6336884581","Shipping Services","113-4696824-2697817","","Shipping Label Purchased through Amazon","","","Standard Orders","","","","","","0","0","0","0","0","0","0","0","0","0","0","0","0","0","-6.05","-6.05"
"Apr 16, 2017 5:10:06 PM PDT","6336884581","Order","113-4185158-1921039","JP-EA9F-MS6I","Bora Bora Liz Claiborne Cologne for Men 3.4 Oz New in Box","2","amazon.com","Standard Orders","Seller","PRAIRIE GROVE","AR","72753-8309","","36.00","0","4.49","0","0","0","0","0","0","0","0","-6.08","0","0","0","34.41"
"Apr 16, 2017 5:10:43 PM PDT","6336884581","Shipping Services","113-4185158-1921039","","Shipping Label Purchased through Amazon","","","Standard Orders","","","","","","0","0","0","0","0","0","0","0","0","0","0","0","0","0","-6.05","-6.05"
"Apr 16, 2017 5:12:01 PM PDT","6336884581","Order","113-3566361-8623403","TJ-E71K-IYKR","Paul Sebastian Cologne for Men, 8.0 Fluid Ounce","1","amazon.com","Standard Orders","Seller","elizbeth","new jersey","07202","","20.28","0","5.69","0","0","0","0","0","0","0","0","-3.90","0","0","0","22.07"
"Apr 16, 2017 5:12:37 PM PDT","6336884581","Shipping Services","113-3566361-8623403","","Shipping Label Purchased through Amazon","","","Standard Orders","","","","","","0","0","0","0","0","0","0","0","0","0","0","0","0","0","-4.46","-4.46"
"Apr 16, 2017 5:12:52 PM PDT","6336884581","Order","113-2378463-3473824","F4-4LCY-YF3N","Mercedes-Benz Intense EDT Spray for Men - 4 oz","1","amazon.com","Standard Orders","Seller","tampa","florida","33604","","32.00","0","5.64","0","0","0","0","0","0","0","0","-5.65","0","0","0","31.99"
"Apr 16, 2017 5:13:26 PM PDT","6336884581","Shipping Services","113-2378463-3473824","","Shipping Label Purchased through Amazon","","","Standard Orders","","","","","","0","0","0","0","0","0","0","0","0","0","0","0","0","0","-4.32","-4.32"
"Apr 16, 2017 5:14:16 PM PDT","6336884581","Order","113-1730309-9550648","XD-X7FW-SZVH","DIESEL ZERO PLUS by Diesel EDT SPRAY for MEN 2.5 OZ","1","amazon.com","Standard Orders","Seller","ORLANDO","FL","32812-6064","","13.49","0","0","0","0","0","0","0","0","0","0","-2.02","0","0","0","11.47"
"Apr 16, 2017 5:14:52 PM PDT","6336884581","Shipping Services","113-1730309-9550648","","Shipping Label Purchased through Amazon","","","Standard Orders","","","","","","0","0","0","0","0","0","0","0","0","0","0","0","0","0","-3.76","-3.76"
"Apr 16, 2017 5:15:01 PM PDT","6336884581","Order","113-1624200-0629869","RF-LX73-TAHE","DIESEL PLUS PLUS by Diesel EDT SPRAY 2.5 OZ Masculine","1","amazon.com","Standard Orders","Seller","WINCHESTER","VA","22601-6040","","13.49","0","0","0","0","0","0","0","0","0","0","-2.02","0","0","0","11.47"
"Apr 16, 2017 5:15:38 PM PDT","6336884581","Shipping Services","113-1624200-0629869","","Shipping Label Purchased through Amazon","","","Standard Orders","","","","","","0","0","0","0","0","0","0","0","0","0","0","0","0","0","-3.62","-3.62"
"Apr 16, 2017 5:15:47 PM PDT","6336884581","Order","112-4339551-5969057","UY-T92D-JIMV","Dis-lui Extreme Pour Homme 3.4 Oz Eau De Parfum Spray for Men","1","amazon.com","Standard Orders","Seller","Elmont","NY","11003-5010","","5.00","0","5.49","0","0","0","0","0","0","0","0","-1.57","0","0","0","8.92"
"Apr 16, 2017 5:16:23 PM PDT","6336884581","Shipping Services","112-4339551-5969057","","Shipping Label Purchased through Amazon","","","Standard Orders","","","","","","0","0","0","0","0","0","0","0","0","0","0","0","0","0","-3.62","-3.62"
"Apr 16, 2017 5:16:49 PM PDT","6336884581","Order","113-1178205-4129022","2K-2PHX-0XNT","COOL WATER * Davidoff * Cologne for Men * 4.2 oz * BRAND NEW IN BOX","2","amazon.com","Standard Orders","Seller","GRANGER","INDIANA","46530-7202","","46.00","0","4.49","0","0","0","0","0","0","0","0","-7.58","0","0","0","42.91"
"Apr 16, 2017 5:17:28 PM PDT","6336884581","Shipping Services","113-1178205-4129022","","Shipping Label Purchased through Amazon","","","Standard Orders","","","","","","0","0","0","0","0","0","0","0","0","0","0","0","0","0","-6.05","-6.05"
"Apr 16, 2017 5:18:00 PM PDT","6336884581","Order","112-9809537-7880228","FR-2TPC-0RSZ","Narciso Rodriguez Women's Eau de Parfum Spray, 3 Fluid Ounce","1","amazon.com","Standard Orders","Seller","BROOKLYN","NY","11209-5825","","63.00","0","5.59","0","0","0","0","0","0","0","0","-10.29","0","0","0","58.30"
"Apr 16, 2017 5:18:30 PM PDT","6336884581","Shipping Services","112-9809537-7880228","","Shipping Label Purchased through Amazon","","","Standard Orders","","","","","","0","0","0","0","0","0","0","0","0","0","0","0","0","0","-4.61","-4.61"
"Apr 16, 2017 5:18:53 PM PDT","6336884581","Order","112-8394898-1945002","GE-DDEU-7TI5","Samba By Perfumers Workshop For Men. Eau De Toilette Spray 3.3 Ounces","1","amazon.com","Standard Orders","Seller","SAN ANTONIO","TX","78207-2445","","15.00","0","5.04","0","0","0","0","0","0","0","0","-3.01","0","0","0","17.03"
"Apr 16, 2017 5:19:30 PM PDT","6336884581","Shipping Services","112-8394898-1945002","","Shipping Label Purchased through Amazon","","","Standard Orders","","","","","","0","0","0","0","0","0","0","0","0","0","0","0","0","0","-3.76","-3.76"
"Apr 16, 2017 5:19:55 PM PDT","6336884581","Order","112-7932326-3262612","UY-T92D-JIMV","Dis-lui Extreme Pour Homme 3.4 Oz Eau De Parfum Spray for Men","2","amazon.com","Standard Orders","Seller","NORTH DINWIDDIE","VA","23803-6567","","10.00","0","6.49","0","0","0","0","0","0","0","0","-2.48","0","0","0","14.01"
"Apr 16, 2017 5:20:30 PM PDT","6336884581","Shipping Services","112-7932326-3262612","","Shipping Label Purchased through Amazon","","","Standard Orders","","","","","","0","0","0","0","0","0","0","0","0","0","0","0","0","0","-4.46","-4.46"
"Apr 16, 2017 5:21:42 PM PDT","6336884581","Order","112-6047531-0469816","GE-DDEU-7TI5","Samba By Perfumers Workshop For Men. Eau De Toilette Spray 3.3 Ounces","1","amazon.com","Standard Orders","Seller","PHILADELPHIA","PA","19133-2726","","15.00","0","5.04","0","0","0","0","0","0","0","0","-3.01","0","0","0","17.03"
"Apr 16, 2017 5:22:17 PM PDT","6336884581","Shipping Services","112-6047531-0469816","","Shipping Label Purchased through Amazon","","","Standard Orders","","","","","","0","0","0","0","0","0","0","0","0","0","0","0","0","0","-3.76","-3.76"
"Apr 16, 2017 5:22:28 PM PDT","6336884581","Order","112-6017740-0065059","Q6-WPSC-SKZE","Tiamo Perfume For Women By Parfum Blaze","1","amazon.com","Standard Orders","Seller","BLACK JACK","MO","63033-7319","","9.19","0","5.49","0","0","0","0","0","0","0","0","-2.20","0","0","0","12.48"
"Apr 16, 2017 5:23:03 PM PDT","6336884581","Shipping Services","112-6017740-0065059","","Shipping Label Purchased through Amazon","","","Standard Orders","","","","","","0","0","0","0","0","0","0","0","0","0","0","0","0","0","-4.32","-4.32"
"Apr 16, 2017 5:23:51 PM PDT","6336884581","Order","112-5258524-1596260","2K-2PHX-0XNT","COOL WATER * Davidoff * Cologne for Men * 4.2 oz * BRAND NEW IN BOX","2","amazon.com","Standard Orders","Seller","New York","NY","10016-2812","","46.00","0","4.49","0","0","0","0","0","0","0","0","-7.58","0","0","0","42.91"
"Apr 16, 2017 5:24:27 PM PDT","6336884581","Shipping Services","112-5258524-1596260","","Shipping Label Purchased through Amazon","","","Standard Orders","","","","","","0","0","0","0","0","0","0","0","0","0","0","0","0","0","-6.05","-6.05"
"Apr 16, 2017 5:25:16 PM PDT","6336884581","Order","112-4928178-4762655","9F-TM9C-OPMW","Black Point by YZY Perfume","2","amazon.com","Standard Orders","Seller","PHOENIX","AZ","85008-6767","","22.00","0","0","0","0","0","0","0","0","0","0","-3.30","0","0","0","18.70"
"Apr 16, 2017 5:25:58 PM PDT","6336884581","Shipping Services","112-4928178-4762655","","Shipping Label Purchased through Amazon","","","Standard Orders","","","","","","0","0","0","0","0","0","0","0","0","0","0","0","0","0","-6.05","-6.05"
"Apr 16, 2017 5:26:00 PM PDT","6336884581","Order","112-3892702-2284232","TJ-E71K-IYKR","Paul Sebastian Cologne for Men, 8.0 Fluid Ounce","2","amazon.com","Standard Orders","Seller","ROSEVILLE","CA","95678-6049","","40.56","0","6.89","0","0","0","0","0","0","0","0","-7.12","0","0","0","40.33"
"Apr 16, 2017 5:26:36 PM PDT","6336884581","Shipping Services","112-3892702-2284232","","Shipping Label Purchased through Amazon","","","Standard Orders","","","","","","0","0","0","0","0","0","0","0","0","0","0","0","0","0","-6.05","-6.05"
"Apr 16, 2017 5:26:49 PM PDT","6336884581","Order","112-2977309-0265055","TL-4GU3-TXLR","GREEN 6.7 Fl. Oz. Eau De Toilette Spray Men","1","amazon.com","Standard Orders","Seller","STAMFORD","CT","06902-3480","","55.94","0","0","0","0","0","0","0","0","0","0","-8.39","0","0","0","47.55"
"Apr 16, 2017 5:27:27 PM PDT","6336884581","Shipping Services","112-2977309-0265055","","Shipping Label Purchased through Amazon","","","Standard Orders","","","","","","0","0","0","0","0","0","0","0","0","0","0","0","0","0","-6.20","-6.20"
"Apr 16, 2017 5:27:43 PM PDT","6336884581","Order","112-2808634-4295402","3X-GXR2-3ML5","Lagerfeld By Karl Lagerfeld For Men. Eau De Toilette Spray 4.2 Oz","1","amazon.com","Standard Orders","Seller","COLLEGE PARK","GA","30349-4743","","19.69","0","5.29","0","0","0","0","0","0","0","0","-3.75","0","0","0","21.23"
"Apr 16, 2017 5:28:19 PM PDT","6336884581","Shipping Services","112-2808634-4295402","","Shipping Label Purchased through Amazon","","","Standard Orders","","","","","","0","0","0","0","0","0","0","0","0","0","0","0","0","0","-3.76","-3.76"
"Apr 16, 2017 5:28:21 PM PDT","6336884581","Order","112-2636612-8147417","3X-GXR2-3ML5","Lagerfeld By Karl Lagerfeld For Men. Eau De Toilette Spray 4.2 Oz","1","amazon.com","Standard Orders","Seller","Ronkonkoma","NY","11779","","19.69","0","5.29","0","0","0","0","0","0","0","0","-3.75","0","0","0","21.23"
"Apr 16, 2017 5:28:59 PM PDT","6336884581","Shipping Services","112-2636612-8147417","","Shipping Label Purchased through Amazon","","","Standard Orders","","","","","","0","0","0","0","0","0","0","0","0","0","0","0","0","0","-3.76","-3.76"
"Apr 16, 2017 5:29:07 PM PDT","6336884581","Order","112-1588480-6552252","NC-AZ3I-JJGE","PINK SUGAR by Aquolina EDT SPRAY 3.4 OZ PINK SUGAR by Aquolina EDT SPRAY 3.4 OZ","1","amazon.com","Standard Orders","Seller","San Diego","Ca","92124","","15.20","0","5.19","0","0","0","0","0","0","0","0","-3.06","0","0","0","17.33"
"Apr 16, 2017 5:29:46 PM PDT","6336884581","Shipping Services","112-1588480-6552252","","Shipping Label Purchased through Amazon","","","Standard Orders","","","","","","0","0","0","0","0","0","0","0","0","0","0","0","0","0","-3.76","-3.76"
"Apr 16, 2017 5:30:05 PM PDT","6336884581","Order","112-1063887-7673013","N7-F7FS-Z4NK","Blue Seduction by Antonio Banderas for Men. Eau De Toilette Spray 3.4-Ounces","1","amazon.com","Standard Orders","Seller","MIAMI","FL","33195-9157","","19.00","0","0","0","0","0","0","0","0","0","0","-2.85","0","0","0","16.15"
"Apr 16, 2017 5:30:42 PM PDT","6336884581","Shipping Services","112-1063887-7673013","","Shipping Label Purchased through Amazon","","","Standard Orders","","","","","","0","0","0","0","0","0","0","0","0","0","0","0","0","0","-3.76","-3.76"
"Apr 16, 2017 5:30:50 PM PDT","6336884581","Order","112-0629088-3908219","DN-0G1V-G4UO","CREATION LAMIS PURE BLACK 3.3 OZ.","1","amazon.com","Standard Orders","Seller","WESTMINSTER","CA","92683-2617","","9.82","0","0","0","0","0","0","0","0","0","0","-1.47","0","0","0","8.35"
"Apr 16, 2017 5:31:28 PM PDT","6336884581","Shipping Services","112-0629088-3908219","","Shipping Label Purchased through Amazon","","","Standard Orders","","","","","","0","0","0","0","0","0","0","0","0","0","0","0","0","0","-3.62","-3.62"
"Apr 16, 2017 5:31:33 PM PDT","6336884581","Order","112-0589957-5514668","QE-9U4J-U2YO","NEW BRAND EVA 3.3 OZ.","1","amazon.com","Standard Orders","Seller","BALTIMORE","MD","21213-2468","","6.62","0","5.20","0","0","0","0","0","0","0","0","-1.77","0","0","0","10.05"
"Apr 16, 2017 5:32:10 PM PDT","6336884581","Shipping Services","112-0589957-5514668","","Shipping Label Purchased through Amazon","","","Standard Orders","","","","","","0","0","0","0","0","0","0","0","0","0","0","0","0","0","-3.62","-3.62"
"Apr 16, 2017 5:32:23 PM PDT","6336884581","Order","112-0051569-1794613","XD-X7FW-SZVH","DIESEL ZERO PLUS by Diesel EDT SPRAY for MEN 2.5 OZ","1","amazon.com","Standard Orders","Seller","PITTSBURG","CA","94565-1317","","13.49","0","0","0","0","0","0","0","0","0","0","-2.02","0","0","0","11.47"
"Apr 16, 2017 5:33:00 PM PDT","6336884581","Shipping Services","112-0051569-1794613","","Shipping Label Purchased through Amazon","","","Standard Orders","","","","","","0","0","0","0","0","0","0","0","0","0","0","0","0","0","-3.76","-3.76"
"Apr 16, 2017 5:33:12 PM PDT","6336884581","Order","111-9397482-6944245","RF-LX73-TAHE","DIESEL PLUS PLUS by Diesel EDT SPRAY 2.5 OZ Masculine","1","amazon.com","Standard Orders","Seller","STAMFORD","CT","06902-4827","","13.70","0","0","0","0","0","0","0","0","0","0","-2.06","0","0","0","11.64"
"Apr 16, 2017 5:33:50 PM PDT","6336884581","Shipping Services","111-9397482-6944245","","Shipping Label Purchased through Amazon","","","Standard Orders","","","","","","0","0","0","0","0","0","0","0","0","0","0","0","0","0","-3.62","-3.62"
"Apr 16, 2017 5:34:08 PM PDT","6336884581","Order","111-9314770-9623443","CJ-JW74-TNWI","ED HARDY by Christian Audigier EAU DE PARFUM SPRAY 3.4 OZ WOMEN Christian Audigier","1","amazon.com","Standard Orders","Seller","APO","AP","96266-0036","","29.99","0","4.59","0","0","0","0","0","0","0","0","-5.19","0","0","0","29.39"
"Apr 16, 2017 5:34:45 PM PDT","6336884581","Shipping Services","111-9314770-9623443","","Shipping Label Purchased through Amazon","","","Standard Orders","","","","","","0","0","0","0","0","0","0","0","0","0","0","0","0","0","-4.32","-4.32"
"Apr 16, 2017 5:35:08 PM PDT","6336884581","Order","111-8928664-0170640","C8-0GJV-QWP1","GREY FLANNEL ~ GEOFFREY BEENE 4.0 OZ COLOGNE NEW IN BOX by Geoffrey Beene","1","amazon.com","Standard Orders","Seller","VERNAL","UT","84078-9204","","20.71","0","0","0","0","0","0","0","0","0","0","-3.11","0","0","0","17.60"
"Apr 16, 2017 5:35:46 PM PDT","6336884581","Shipping Services","111-8928664-0170640","","Shipping Label Purchased through Amazon","","","Standard Orders","","","","","","0","0","0","0","0","0","0","0","0","0","0","0","0","0","-3.76","-3.76"
"Apr 16, 2017 5:36:37 PM PDT","6336884581","Order","111-8545546-3911431","S9-VEN5-EV6V","Marmol & Son Batman Eau De Toilette Spray for Kids, 3.4 Ounce","1","amazon.com","Standard Orders","Seller","Guaynabo","Puerto Rico","00966","","8.00","0","4.74","0","0","0","0","0","0","0","0","-1.91","0","0","0","10.83"
"Apr 16, 2017 5:36:46 PM PDT","6336884581","Shipping Services","111-8545546-3911431","","Shipping Label Purchased through Amazon","","","Standard Orders","","","","","","0","0","0","0","0","0","0","0","0","0","0","0","0","0","-3.62","-3.62"
"Apr 16, 2017 5:36:52 PM PDT","6336884581","Order","111-1023077-2597000","W4-6TKK-M8MV","BRUT by Faberge Cologne Spray (Original-Glass Bottle) 3 oz","1","amazon.com","Standard Orders","Seller","MARSHALL","NC","28753-5844","","12.74","0","0","0","0","0","0","0","0","0","0","-1.91","0","0","0","10.83"
"Apr 16, 2017 5:37:30 PM PDT","6336884581","Shipping Services","111-1023077-2597000","","Shipping Label Purchased through Amazon","","","Standard Orders","","","","","","0","0","0","0","0","0","0","0","0","0","0","0","0","0","-3.76","-3.76"
"Apr 16, 2017 5:37:44 PM PDT","6336884581","Order","111-3171652-2225801","UR-D9YP-L4RF","Curve Crush Cologne Spray 4.2 Ounce","1","amazon.com","Standard Orders","Seller","CARTERSVILLE","Georgia","30121","","18.34","0","5.28","0","0","0","0","0","0","0","0","-3.54","0","0","0","20.08"
"Apr 16, 2017 5:38:21 PM PDT","6336884581","Shipping Services","111-3171652-2225801","","Shipping Label Purchased through Amazon","","","Standard Orders","","","","","","0","0","0","0","0","0","0","0","0","0","0","0","0","0","-3.76","-3.76"
"Apr 16, 2017 5:38:31 PM PDT","6336884581","Order","111-8657646-4402603","RF-LX73-TAHE","DIESEL PLUS PLUS by Diesel EDT SPRAY 2.5 OZ Masculine","2","amazon.com","Standard Orders","Seller","NEW YORK","NY","10040-1431","","28.50","0","0","0","0","0","0","0","0","0","0","-4.28","0","0","0","24.22"
"Apr 16, 2017 5:39:07 PM PDT","6336884581","Shipping Services","111-8657646-4402603","","Shipping Label Purchased through Amazon","","","Standard Orders","","","","","","0","0","0","0","0","0","0","0","0","0","0","0","0","0","-6.05","-6.05"
"Apr 16, 2017 5:39:35 PM PDT","6336884581","Order","111-8396161-7164258","N6-T97C-HZ2W","INSURRECTION by Reyane Tradition Men's Eau De Toilette Spray 3.4 oz - 100% Authentic","1","amazon.com","Standard Orders","Seller","NEWARK","NJ","07108-2401","","21.47","0","0","0","0","0","0","0","0","0","0","-3.22","0","0","0","18.25"
"Apr 16, 2017 5:40:13 PM PDT","6336884581","Shipping Services","111-8396161-7164258","","Shipping Label Purchased through Amazon","","","Standard Orders","","","","","","0","0","0","0","0","0","0","0","0","0","0","0","0","0","-4.46","-4.46"
"Apr 16, 2017 5:41:06 PM PDT","6336884581","Order","111-7284987-1261062","RF-LX73-TAHE","DIESEL PLUS PLUS by Diesel EDT SPRAY 2.5 OZ Masculine","1","amazon.com","Standard Orders","Seller","MIDDLE VILLAGE","NY","11379-1028","","13.70","0","0","0","0","0","0","0","0","0","0","-2.06","0","0","0","11.64"
"Apr 16, 2017 5:41:42 PM PDT","6336884581","Shipping Services","111-7284987-1261062","","Shipping Label Purchased through Amazon","","","Standard Orders","","","","","","0","0","0","0","0","0","0","0","0","0","0","0","0","0","-3.62","-3.62"
"Apr 16, 2017 5:42:44 PM PDT","6336884581","Order","111-5233979-4507420","BF-N7MD-D4X3","Perry Ellis 360 Eau de Toilette Spray Gift Set for Women, 3 Count","1","amazon.com","Standard Orders","Seller","BRIDGEPORT","CT","06605-3415","","38.45","0","5.74","0","0","0","0","0","0","0","0","-6.63","0","0","0","37.56"
"Apr 16, 2017 5:42:45 PM PDT","6336884581","Shipping Services","111-5233979-4507420","","Shipping Label Purchased through Amazon","","","Standard Orders","","","","","","0","0","0","0","0","0","0","0","0","0","0","0","0","0","-6.05","-6.05"
"Apr 16, 2017 5:42:56 PM PDT","6336884581","Order","111-4973189-2944265","NC-AZ3I-JJGE","PINK SUGAR by Aquolina EDT SPRAY 3.4 OZ PINK SUGAR by Aquolina EDT SPRAY 3.4 OZ","1","amazon.com","Standard Orders","Seller","GARDNER","KS","66030-1499","","15.20","0","5.19","0","0","0","0","0","0","0","0","-3.06","0","0","0","17.33"
"Apr 16, 2017 5:43:33 PM PDT","6336884581","Shipping Services","111-4973189-2944265","","Shipping Label Purchased through Amazon","","","Standard Orders","","","","","","0","0","0","0","0","0","0","0","0","0","0","0","0","0","-3.76","-3.76"
"Apr 16, 2017 5:43:55 PM PDT","6336884581","Order","111-4468484-5592236","XD-X7FW-SZVH","DIESEL ZERO PLUS by Diesel EDT SPRAY for MEN 2.5 OZ","1","amazon.com","Standard Orders","Seller","NORTH READING","MASSACHUSETTS","01864-1115","","13.49","0","11.04","0","0","0","0","0","0","0","0","-3.68","0","0","0","20.85"
"Apr 16, 2017 5:44:33 PM PDT","6336884581","Shipping Services","111-4468484-5592236","","Shipping Label Purchased through Amazon","","","Standard Orders","","","","","","0","0","0","0","0","0","0","0","0","0","0","0","0","0","-6.05","-6.05"
"Apr 16, 2017 5:44:50 PM PDT","6336884581","Order","111-4573107-3100252","KG-EP0K-7LTJ","Jus De Amour for Women","2","amazon.com","Standard Orders","Seller","BROOKLYN","NY","11203-4042","","24.26","0","0","0","0","0","0","0","0","0","0","-3.64","0","0","0","20.62"
"Apr 16, 2017 5:45:27 PM PDT","6336884581","Shipping Services","111-4573107-3100252","","Shipping Label Purchased through Amazon","","","Standard Orders","","","","","","0","0","0","0","0","0","0","0","0","0","0","0","0","0","-6.05","-6.05"
"Apr 16, 2017 5:47:04 PM PDT","6336884581","Shipping Services","111-1820126-3110665","","Shipping Label Purchased through Amazon","","","Standard Orders","","","","","","0","0","0","0","0","0","0","0","0","0","0","0","0","0","-6.05","-6.05"
"Apr 16, 2017 5:47:24 PM PDT","6336884581","Order","111-1940784-0203465","GE-DDEU-7TI5","Samba By Perfumers Workshop For Men. Eau De Toilette Spray 3.3 Ounces","1","amazon.com","Standard Orders","Seller","MARICOPA","AZ","85138-8587","","15.00","0","5.04","0","0","0","0","0","0","0","0","-3.01","0","0","0","17.03"
"Apr 16, 2017 5:48:02 PM PDT","6336884581","Shipping Services","111-1940784-0203465","","Shipping Label Purchased through Amazon","","","Standard Orders","","","","","","0","0","0","0","0","0","0","0","0","0","0","0","0","0","-3.76","-3.76"
"Apr 16, 2017 5:57:12 PM PDT","6336884581","Order","111-1820126-3110665","40-MJEV-M4A4","Diesel Plus Plus Masculine 2.5 oz edt spray (Silver)","1","amazon.com","Standard Orders","Seller","WOODHAVEN","NY","11421-2623","","17.44","0","10.07","0","0","0","0","0","0","0","0","-4.13","0","0","0","23.38"
"Apr 17, 2017 1:14:25 PM PDT","6337466771","Order","114-8891286-1612202","PT-Y3FU-J091","AZZARO Azzaro Chrome Mens Cologne 6.7 oz 200 ml EDT eau de toilette Spray","1","amazon.com","Standard Orders","Seller","CLARKSTON","GA","30021-2015","","38.00","0","0","0","0","0","0","0","0","0","0","-5.70","0","0","0","32.30"
"Apr 17, 2017 1:14:59 PM PDT","6337466771","Shipping Services","114-8891286-1612202","","Shipping Label Purchased through Amazon","","","Standard Orders","","","","","","0","0","0","0","0","0","0","0","0","0","0","0","0","0","-6.05","-6.05"
"Apr 17, 2017 1:16:38 PM PDT","6337466771","Order","114-8141844-7214645","RF-LX73-TAHE","DIESEL PLUS PLUS by Diesel EDT SPRAY 2.5 OZ Masculine","1","amazon.com","Standard Orders","Seller","BOCA RATON","FL","33433","","14.25","0","0","0","0","0","0","0","0","0","0","-2.14","0","0","0","12.11"
"Apr 17, 2017 1:17:10 PM PDT","6337466771","Shipping Services","114-8141844-7214645","","Shipping Label Purchased through Amazon","","","Standard Orders","","","","","","0","0","0","0","0","0","0","0","0","0","0","0","0","0","-3.62","-3.62"
"Apr 17, 2017 1:17:36 PM PDT","6337466771","Order","114-3150043-5402607","CR-OBSA-9V00","Usher By Usher For Men, Eau De Toilette Spray, 3.4-Ounce","1","amazon.com","Standard Orders","Seller","BOCA RATON","FL","33432-5705","","27.00","0","6.34","0","0","0","0","0","0","0","0","-5.00","0","0","0","28.34"
"Apr 17, 2017 1:18:12 PM PDT","6337466771","Shipping Services","114-3150043-5402607","","Shipping Label Purchased through Amazon","","","Standard Orders","","","","","","0","0","0","0","0","0","0","0","0","0","0","0","0","0","-3.76","-3.76"
"Apr 17, 2017 1:18:44 PM PDT","6337466771","Order","112-7852545-1633847","JK-130P-A3PQ","Tiamo by Parfum Blaze Eau De Toilette Spray 3.4 oz","2","amazon.com","Standard Orders","Seller","Upper Marlboro","Md","20774","","29.92","0","0","0","0","0","0","0","0","0","0","-4.48","0","0","0","25.44"
"Apr 17, 2017 1:19:20 PM PDT","6337466771","Shipping Services","112-7852545-1633847","","Shipping Label Purchased through Amazon","","","Standard Orders","","","","","","0","0","0","0","0","0","0","0","0","0","0","0","0","0","-6.05","-6.05"
"Apr 17, 2017 1:20:11 PM PDT","6337466771","Order","112-4778291-1954668","5O-31IO-QBG8","Bvlgari Aqva Eau de Toilette Spray for Men, New In Box, 3.4 Fluid Ounce","1","amazon.com","Standard Orders","Seller","NEW YORK","NY","10036-1540","","33.37","0","10.27","0","0","0","0","0","0","0","0","-6.55","0","0","0","37.09"
"Apr 17, 2017 1:20:45 PM PDT","6337466771","Shipping Services","112-4778291-1954668","","Shipping Label Purchased through Amazon","","","Standard Orders","","","","","","0","0","0","0","0","0","0","0","0","0","0","0","0","0","-4.46","-4.46"
"Apr 17, 2017 1:21:43 PM PDT","6337466771","Order","113-3368344-1969865","21-NWUH-FKC6","Liz Claiborne Curve Men Gift Set (Spray, Skin Soother, Hair and Body Wash)","1","amazon.com","Standard Orders","Seller","HOLLYWOOD","SC","29449-6045","","34.34","0","6.64","0","0","0","0","0","0","0","0","-6.15","0","0","0","34.83"
"Apr 17, 2017 1:22:07 PM PDT","6337466771","Shipping Services","113-3368344-1969865","","Shipping Label Purchased through Amazon","","","Standard Orders","","","","","","0","0","0","0","0","0","0","0","0","0","0","0","0","0","-6.83","-6.83"
"Apr 17, 2017 1:22:29 PM PDT","6337466771","Order","113-1322941-4028235","63-KCGG-MOBG","Elegant Gold FOR MEN by Johan B. Paris - 3.4 oz EDT Spray by Johan","1","amazon.com","Standard Orders","Seller","MIAMI","FL","33178-2831","","15.69","0","4.49","0","0","0","0","0","0","0","0","-3.03","0","0","0","17.15"
"Apr 17, 2017 1:23:11 PM PDT","6337466771","Shipping Services","113-1322941-4028235","","Shipping Label Purchased through Amazon","","","Standard Orders","","","","","","0","0","0","0","0","0","0","0","0","0","0","0","0","0","-4.46","-4.46"
"Apr 17, 2017 1:23:51 PM PDT","6337466771","Order","112-9870155-7810665","RF-LX73-TAHE","DIESEL PLUS PLUS by Diesel EDT SPRAY 2.5 OZ Masculine","1","amazon.com","Standard Orders","Seller","EL CAJON","CALIFORNIA","92019-2300","","14.25","0","0","0","0","0","0","0","0","0","0","-2.14","0","0","0","12.11"
"Apr 17, 2017 1:24:26 PM PDT","6337466771","Shipping Services","112-9870155-7810665","","Shipping Label Purchased through Amazon","","","Standard Orders","","","","","","0","0","0","0","0","0","0","0","0","0","0","0","0","0","-3.62","-3.62"
"Apr 17, 2017 1:24:55 PM PDT","6337466771","Order","112-2634581-7999405","FZ-7H25-DGAL","Reb'L Fleur By Rihanna Gift Set -- 3.4 Oz Eau De Parfum Spray + 3 Oz Body Lotion + 3 Oz Shower Gel + .34 Oz Mini Edp Spray Women","1","amazon.com","Standard Orders","Seller","STAMFORD","CT","06902-1418","","30.10","0","5.49","0","0","0","0","0","0","0","0","-5.34","0","0","0","30.25"
"Apr 17, 2017 1:25:30 PM PDT","6337466771","Shipping Services","112-2634581-7999405","","Shipping Label Purchased through Amazon","","","Standard Orders","","","","","","0","0","0","0","0","0","0","0","0","0","0","0","0","0","-6.63","-6.63"
"Apr 17, 2017 1:26:20 PM PDT","6337466771","Order","112-4058771-4940246","B0-30LP-CY8E","Jessica Simpson Fancy Love  Gift Set for Women (Eau de Parfum Spray 3.4 Ounce, Lotion 4 Ounce, Lotion 3 Ounce, Bath and Shower Cream, Eau de Parfum Sp","1","amazon.com","Standard Orders","Seller","INGLEWOOD","CA","90301-6397","","41.94","0","6.89","0","0","0","0","0","0","0","0","-7.32","0","0","0","41.51"
"Apr 17, 2017 1:26:47 PM PDT","6337466771","Shipping Services","112-4058771-4940246","","Shipping Label Purchased through Amazon","","","Standard Orders","","","","","","0","0","0","0","0","0","0","0","0","0","0","0","0","0","-10.27","-10.27"
"Apr 17, 2017 1:32:40 PM PDT","6337466771","Order","112-3739150-5272228","JQ-XP7R-N74L","212 VIP ROSE by Carolina Herrera 2.7 Ounce / 80 ml Eau de Parfum Women Perfume Spray","1","amazon.com","Standard Orders","Seller","BERGENFIELD","NJ","07621-4589","","69.30","0","5.39","0","0","0","0","0","0","0","0","-11.20","0","0","0","63.49"
"Apr 17, 2017 1:33:15 PM PDT","6337466771","Shipping Services","112-3739150-5272228","","Shipping Label Purchased through Amazon","","","Standard Orders","","","","","","0","0","0","0","0","0","0","0","0","0","0","0","0","0","-4.61","-4.61"
"Apr 17, 2017 1:33:55 PM PDT","6337466771","Order","114-3163087-3519466","OS-I26L-G8FT","Gwen Stefani L By Gwen Stefani For Women. Eau De Parfum Spray 1.7-Ounces","1","amazon.com","Standard Orders","Seller","Greensburg","PA","15601-4402","","25.72","0","5.15","0","0","0","0","0","0","0","0","-4.63","0","0","0","26.24"
"Apr 17, 2017 1:34:30 PM PDT","6337466771","Shipping Services","114-3163087-3519466","","Shipping Label Purchased through Amazon","","","Standard Orders","","","","","","0","0","0","0","0","0","0","0","0","0","0","0","0","0","-3.76","-3.76"
"Apr 17, 2017 1:35:35 PM PDT","6337466771","Order","114-6089524-5775414","OS-I26L-G8FT","Gwen Stefani L By Gwen Stefani For Women. Eau De Parfum Spray 1.7-Ounces","1","amazon.com","Standard Orders","Seller","SANDPOINT","IDAHO","83864-2005","","25.72","0","5.15","0","0","0","0","0","0","0","0","-4.63","0","0","0","26.24"
"Apr 17, 2017 1:36:10 PM PDT","6337466771","Shipping Services","114-6089524-5775414","","Shipping Label Purchased through Amazon","","","Standard Orders","","","","","","0","0","0","0","0","0","0","0","0","0","0","0","0","0","-3.76","-3.76"
"Apr 17, 2017 1:37:08 PM PDT","6337466771","Order","113-7916978-0156268","L6-GAOS-EGXZ","Nicki Minaj Pink Friday for women 3.4 oz Eau De Parfum EDP Spray","1","amazon.com","Standard Orders","Seller","LAKE WALES","FL","33898-7948","","22.00","0","5.79","0","0","0","0","0","0","0","0","-4.17","0","0","0","23.62"
"Apr 17, 2017 1:37:45 PM PDT","6337466771","Shipping Services","113-7916978-0156268","","Shipping Label Purchased through Amazon","","","Standard Orders","","","","","","0","0","0","0","0","0","0","0","0","0","0","0","0","0","-4.46","-4.46"
"Apr 17, 2017 1:38:44 PM PDT","6337466771","Order","114-6646212-9363403","L6-GAOS-EGXZ","Nicki Minaj Pink Friday for women 3.4 oz Eau De Parfum EDP Spray","1","amazon.com","Standard Orders","Seller","ALBUQUERQUE","NM","87121-2554","","22.00","0","5.79","0","0","0","0","0","0","0","0","-4.17","0","0","0","23.62"
"Apr 17, 2017 1:39:21 PM PDT","6337466771","Shipping Services","114-6646212-9363403","","Shipping Label Purchased through Amazon","","","Standard Orders","","","","","","0","0","0","0","0","0","0","0","0","0","0","0","0","0","-4.46","-4.46"
"Apr 17, 2017 1:39:40 PM PDT","6337466771","Order","112-3103335-6264240","CR-OBSA-9V00","Usher By Usher For Men, Eau De Toilette Spray, 3.4-Ounce","1","amazon.com","Standard Orders","Seller","GEORGETOWN","KY","40324-9067","","27.00","0","0","0","0","0","0","0","0","0","0","-4.05","0","0","0","22.95"
"Apr 17, 2017 1:40:17 PM PDT","6337466771","Shipping Services","112-3103335-6264240","","Shipping Label Purchased through Amazon","","","Standard Orders","","","","","","0","0","0","0","0","0","0","0","0","0","0","0","0","0","-3.76","-3.76"
"Apr 17, 2017 1:40:34 PM PDT","6337466771","Order","112-9172391-1477833","CR-OBSA-9V00","Usher By Usher For Men, Eau De Toilette Spray, 3.4-Ounce","1","amazon.com","Standard Orders","Seller","JUPITER","FL","33458-8998","","27.00","0","0","0","0","0","0","0","0","0","0","-4.05","0","0","0","22.95"
"Apr 17, 2017 1:41:08 PM PDT","6337466771","Shipping Services","112-9172391-1477833","","Shipping Label Purchased through Amazon","","","Standard Orders","","","","","","0","0","0","0","0","0","0","0","0","0","0","0","0","0","-3.76","-3.76"
"Apr 17, 2017 1:41:33 PM PDT","6337466771","Order","111-7176393-9140229","NC-AZ3I-JJGE","PINK SUGAR by Aquolina EDT SPRAY 3.4 OZ PINK SUGAR by Aquolina EDT SPRAY 3.4 OZ","1","amazon.com","Standard Orders","Seller","CLEVELAND","TN","37311-4565","","15.20","0","5.19","0","0","0","0","0","0","0","0","-3.06","0","0","0","17.33"
"Apr 17, 2017 1:42:08 PM PDT","6337466771","Shipping Services","111-7176393-9140229","","Shipping Label Purchased through Amazon","","","Standard Orders","","","","","","0","0","0","0","0","0","0","0","0","0","0","0","0","0","-3.76","-3.76"
"Apr 17, 2017 1:42:30 PM PDT","6337466771","Order","114-8035762-4534652","LX-0E0E-XHTB","Tresor Eau De Parfum Spray 100ml/3.3oz","1","amazon.com","Standard Orders","Seller","MIAMI","FL","33122-1727","","79.95","0","0","0","0","0","0","0","0","0","0","-11.99","0","0","0","67.96"
"Apr 17, 2017 1:42:58 PM PDT","6337466771","Shipping Services","114-8035762-4534652","","Shipping Label Purchased through Amazon","","","Standard Orders","","","","","","0","0","0","0","0","0","0","0","0","0","0","0","0","0","-4.47","-4.47"
"Apr 17, 2017 1:44:14 PM PDT","6337466771","Order","111-9247644-0889015","B1-9MKJ-ITAB","Swiss Army Mountain Water by Swiss Army, 3.4 Ounce 100ml EDT Spray","1","amazon.com","Standard Orders","Seller","San Francisco","CA","94103","","28.89","0","9.82","0","0","0","0","0","0","0","0","-5.81","0","0","0","32.90"
"Apr 17, 2017 1:44:50 PM PDT","6337466771","Shipping Services","111-9247644-0889015","","Shipping Label Purchased through Amazon","","","Standard Orders","","","","","","0","0","0","0","0","0","0","0","0","0","0","0","0","0","-6.05","-6.05"
"Apr 17, 2017 1:45:08 PM PDT","6337466771","Order","111-5466246-5712238","TL-4GU3-TXLR","GREEN 6.7 Fl. Oz. Eau De Toilette Spray Men","1","amazon.com","Standard Orders","Seller","RIPON","CA","95366-9403","","57.80","0","0","0","0","0","0","0","0","0","0","-8.67","0","0","0","49.13"
"Apr 17, 2017 1:45:44 PM PDT","6337466771","Shipping Services","111-5466246-5712238","","Shipping Label Purchased through Amazon","","","Standard Orders","","","","","","0","0","0","0","0","0","0","0","0","0","0","0","0","0","-6.20","-6.20"
"Apr 17, 2017 1:46:01 PM PDT","6337466771","Order","114-2362045-6537017","CR-OBSA-9V00","Usher By Usher For Men, Eau De Toilette Spray, 3.4-Ounce","1","amazon.com","Standard Orders","Seller","WARRENTON","MO","63383-4447","","27.00","0","0","0","0","0","0","0","0","0","0","-4.05","0","0","0","22.95"
"Apr 17, 2017 1:46:37 PM PDT","6337466771","Shipping Services","114-2362045-6537017","","Shipping Label Purchased through Amazon","","","Standard Orders","","","","","","0","0","0","0","0","0","0","0","0","0","0","0","0","0","-3.76","-3.76"
"Apr 17, 2017 1:46:45 PM PDT","6337466771","Order","111-5654879-4142635","DN-0G1V-G4UO","CREATION LAMIS PURE BLACK 3.3 OZ.","1","amazon.com","Standard Orders","Seller","COLUMBUS","OH","43227-3693","","9.82","0","0","0","0","0","0","0","0","0","0","-1.47","0","0","0","8.35"
"Apr 17, 2017 1:47:23 PM PDT","6337466771","Shipping Services","111-5654879-4142635","","Shipping Label Purchased through Amazon","","","Standard Orders","","","","","","0","0","0","0","0","0","0","0","0","0","0","0","0","0","-3.62","-3.62"
"Apr 17, 2017 1:47:44 PM PDT","6337466771","Order","112-0137805-0377051","C2-QMD3-7JY4","Lady Million by Paco Rabanne Women's Eau De Parfum Spray 2.7 oz - 100% Authentic","1","amazon.com","Standard Orders","Seller","HONOLULU","HI","96813-4926","","63.79","0","21.49","0","0","0","0","0","0","0","0","-12.79","0","0","0","72.49"
"Apr 17, 2017 1:48:19 PM PDT","6337466771","Shipping Services","112-0137805-0377051","","Shipping Label Purchased through Amazon","","","Standard Orders","","","","","","0","0","0","0","0","0","0","0","0","0","0","0","0","0","-6.20","-6.20"
"Apr 17, 2017 1:48:33 PM PDT","6337466771","Order","114-7289778-0980223","68-N1IB-CBI6","Tiamo Emotion Eau De Toilette 3.4 Fl.oz. for Men","1","amazon.com","Standard Orders","Seller","MIAMI","FLORIDA","33172-2191","","17.98","0","4.49","0","0","0","0","0","0","0","0","-3.37","0","0","0","19.10"
"Apr 17, 2017 1:49:09 PM PDT","6337466771","Shipping Services","114-7289778-0980223","","Shipping Label Purchased through Amazon","","","Standard Orders","","","","","","0","0","0","0","0","0","0","0","0","0","0","0","0","0","-4.46","-4.46"
"Apr 17, 2017 1:49:30 PM PDT","6337466771","Order","114-7730633-3765812","TJ-E71K-IYKR","Paul Sebastian Cologne for Men, 8.0 Fluid Ounce","2","amazon.com","Standard Orders","Seller","DUMFRIES","VIRGINIA","22025-3609","","40.56","0","6.89","0","0","0","0","0","0","0","0","-7.12","0","0","0","40.33"
"Apr 17, 2017 1:50:02 PM PDT","6337466771","Shipping Services","114-7730633-3765812","","Shipping Label Purchased through Amazon","","","Standard Orders","","","","","","0","0","0","0","0","0","0","0","0","0","0","0","0","0","-6.05","-6.05"
"Apr 17, 2017 1:50:36 PM PDT","6337466771","Order","113-6174388-6901861","FY-7C7N-PWYT","Karen Low Exchange Men Eau De Toilette Spray, 3.4 Ounce","2","amazon.com","Standard Orders","Seller","ADELPHI","MD","20783-1637","","19.26","0","5.89","0","0","0","0","0","0","0","0","-3.78","0","0","0","21.37"
"Apr 17, 2017 1:51:12 PM PDT","6337466771","Shipping Services","113-6174388-6901861","","Shipping Label Purchased through Amazon","","","Standard Orders","","","","","","0","0","0","0","0","0","0","0","0","0","0","0","0","0","-6.05","-6.05"
"Apr 17, 2017 1:51:53 PM PDT","6337466771","Order","113-6404332-5218635","B0-30LP-CY8E","Jessica Simpson Fancy Love  Gift Set for Women (Eau de Parfum Spray 3.4 Ounce, Lotion 4 Ounce, Lotion 3 Ounce, Bath and Shower Cream, Eau de Parfum Sp","1","amazon.com","Standard Orders","Seller","PASADENA","TX","77505-5479","","41.94","0","6.89","0","0","0","0","0","0","0","0","-7.32","0","0","0","41.51"
"Apr 17, 2017 1:52:28 PM PDT","6337466771","Shipping Services","113-6404332-5218635","","Shipping Label Purchased through Amazon","","","Standard Orders","","","","","","0","0","0","0","0","0","0","0","0","0","0","0","0","0","-9.21","-9.21"
"Apr 17, 2017 1:57:10 PM PDT","6337466771","Order","113-3371074-5060244","TP-JZ2P-HJSY","Daisy Eau So Fresh by Marc Jacobs Eau De Toilette Spray 4.2 oz Women's","1","amazon.com","Standard Orders","Seller","PASCO","WA","99301-6018","","59.00","0","0","0","0","0","0","0","0","0","0","-8.85","0","0","0","50.15"
"Apr 17, 2017 1:57:36 PM PDT","6337466771","Shipping Services","113-3371074-5060244","","Shipping Label Purchased through Amazon","","","Standard Orders","","","","","","0","0","0","0","0","0","0","0","0","0","0","0","0","0","-4.61","-4.61"
"Apr 17, 2017 1:57:41 PM PDT","6337466771","Order","113-8979350-7716212","TP-JZ2P-HJSY","Daisy Eau So Fresh by Marc Jacobs Eau De Toilette Spray 4.2 oz Women's","1","amazon.com","Standard Orders","Seller","SOUTHAMPTON","PA","18966","","59.00","0","0","0","0","0","0","0","0","0","0","-8.85","0","0","0","50.15"
"Apr 17, 2017 1:58:18 PM PDT","6337466771","Shipping Services","113-8979350-7716212","","Shipping Label Purchased through Amazon","","","Standard Orders","","","","","","0","0","0","0","0","0","0","0","0","0","0","0","0","0","-4.61","-4.61"
"Apr 17, 2017 1:58:32 PM PDT","6337466771","Order","112-3172913-4203403","TP-JZ2P-HJSY","Daisy Eau So Fresh by Marc Jacobs Eau De Toilette Spray 4.2 oz Women's","1","amazon.com","Standard Orders","Seller","Tampa","Florida","33615","","63.00","0","0","0","0","0","0","0","0","0","0","-9.45","0","0","0","53.55"
"Apr 17, 2017 1:59:09 PM PDT","6337466771","Shipping Services","112-3172913-4203403","","Shipping Label Purchased through Amazon","","","Standard Orders","","","","","","0","0","0","0","0","0","0","0","0","0","0","0","0","0","-4.61","-4.61"
"Apr 17, 2017 1:59:22 PM PDT","6337466771","Order","111-3317579-9519412","TP-JZ2P-HJSY","Daisy Eau So Fresh by Marc Jacobs Eau De Toilette Spray 4.2 oz Women's","1","amazon.com","Standard Orders","Seller","HAMILTON","TX","76531","","59.00","0","0","0","0","0","0","0","0","0","0","-8.85","0","0","0","50.15"
"Apr 17, 2017 1:59:59 PM PDT","6337466771","Shipping Services","111-3317579-9519412","","Shipping Label Purchased through Amazon","","","Standard Orders","","","","","","0","0","0","0","0","0","0","0","0","0","0","0","0","0","-4.61","-4.61"
"Apr 17, 2017 2:01:20 PM PDT","6337466771","Order","114-4726530-4339449","TP-JZ2P-HJSY","Daisy Eau So Fresh by Marc Jacobs Eau De Toilette Spray 4.2 oz Women's","1","amazon.com","Standard Orders","Seller","GREENSBURG","PA","15601-7903","","63.00","0","0","0","0","0","0","0","0","0","0","-9.45","0","0","0","53.55"
"Apr 17, 2017 2:01:56 PM PDT","6337466771","Shipping Services","114-4726530-4339449","","Shipping Label Purchased through Amazon","","","Standard Orders","","","","","","0","0","0","0","0","0","0","0","0","0","0","0","0","0","-4.61","-4.61"
"Apr 17, 2017 2:10:19 PM PDT","6337466771","Shipping Services","112-7848777-9965033","","Shipping Label Purchased through Amazon","","","Standard Orders","","","","","","0","0","0","0","0","0","0","0","0","0","0","0","0","0","-4.61","-4.61"
"Apr 17, 2017 2:10:24 PM PDT","6337466771","Order","112-7848777-9965033","FR-2TPC-0RSZ","Narciso Rodriguez Women's Eau de Parfum Spray, 3 Fluid Ounce","1","amazon.com","Standard Orders","Seller","ADKINS","TX","78101-2408","","63.00","0","5.59","0","0","0","0","0","0","0","0","-10.29","0","0","0","58.30"
"Apr 17, 2017 2:12:10 PM PDT","6337466771","Order","113-9053355-9178609","JB-8JAJ-YTCM","Carolina Herrera Good Girl Eau de Parfum 1.7oz (50ml) Spray","1","amazon.com","Standard Orders","Seller","WILKES BARRE","PA","18701-1711","","86.88","0","5.81","0","0","0","0","0","0","0","0","-13.90","0","0","0","78.79"
"Apr 17, 2017 2:12:43 PM PDT","6337466771","Shipping Services","113-9053355-9178609","","Shipping Label Purchased through Amazon","","","Standard Orders","","","","","","0","0","0","0","0","0","0","0","0","0","0","0","0","0","-4.19","-4.19"
"Apr 17, 2017 2:13:48 PM PDT","6337466771","Order","113-5928978-7469858","JB-8JAJ-YTCM","Carolina Herrera Good Girl Eau de Parfum 1.7oz (50ml) Spray","1","amazon.com","Standard Orders","Seller","BRONX","NY","10459-3686","","87.08","0","5.81","0","0","0","0","0","0","0","0","-13.93","0","0","0","78.96"
"Apr 17, 2017 2:14:23 PM PDT","6337466771","Shipping Services","113-5928978-7469858","","Shipping Label Purchased through Amazon","","","Standard Orders","","","","","","0","0","0","0","0","0","0","0","0","0","0","0","0","0","-4.19","-4.19"
"Apr 17, 2017 2:14:45 PM PDT","6337466771","Order","112-8620527-1829800","JB-8JAJ-YTCM","Carolina Herrera Good Girl Eau de Parfum 1.7oz (50ml) Spray","1","amazon.com","Standard Orders","Seller","FOWLER","CA","93625-2401","","87.13","0","5.81","0","0","0","0","0","0","0","0","-13.94","0","0","0","79.00"
"Apr 17, 2017 2:15:19 PM PDT","6337466771","Shipping Services","112-8620527-1829800","","Shipping Label Purchased through Amazon","","","Standard Orders","","","","","","0","0","0","0","0","0","0","0","0","0","0","0","0","0","-4.19","-4.19"
"Apr 17, 2017 2:17:07 PM PDT","6337466771","Order","112-7957551-5517811","TP-JZ2P-HJSY","Daisy Eau So Fresh by Marc Jacobs Eau De Toilette Spray 4.2 oz Women's","1","amazon.com","Standard Orders","Seller","ADAIRSVILLE","GA","30103-5388","","63.00","0","0","0","0","0","0","0","0","0","0","-9.45","0","0","0","53.55"
"Apr 17, 2017 2:17:41 PM PDT","6337466771","Shipping Services","112-7957551-5517811","","Shipping Label Purchased through Amazon","","","Standard Orders","","","","","","0","0","0","0","0","0","0","0","0","0","0","0","0","0","-4.61","-4.61"
"Apr 17, 2017 2:19:46 PM PDT","6337466771","Order","113-2188982-6707421","JQ-XP7R-N74L","212 VIP ROSE by Carolina Herrera 2.7 Ounce / 80 ml Eau de Parfum Women Perfume Spray","1","amazon.com","Standard Orders","Seller","AURORA","OH","44202-8002","","69.30","0","3.15","0","0","0","0","0","0","0","0","-10.87","0","0","0","61.58"
"Apr 17, 2017 2:19:46 PM PDT","6337466771","Order","113-2188982-6707421","JQ-XP7R-N74L","212 VIP ROSE by Carolina Herrera 2.7 Ounce / 80 ml Eau de Parfum Women Perfume Spray","1","amazon.com","Standard Orders","Seller","AURORA","OH","44202-8002","","69.30","0","3.14","0","0","0","0","0","0","0","0","-10.87","0","0","0","61.57"
"Apr 17, 2017 2:20:11 PM PDT","6337466771","Shipping Services","113-2188982-6707421","","Shipping Label Purchased through Amazon","","","Standard Orders","","","","","","0","0","0","0","0","0","0","0","0","0","0","0","0","0","-6.65","-6.65"
"Apr 17, 2017 2:21:05 PM PDT","6337466771","Order","111-1878657-2813857","BL-T5K9-7G6S","Diesel Plus Plus 2.5oz 3pc Gift Set for Man","1","amazon.com","Standard Orders","Seller","POMPANO BEACH","FLORIDA","33069","","21.51","0","6.47","0","0","0","0","0","0","0","0","-4.20","0","0","0","23.78"
"Apr 17, 2017 2:21:30 PM PDT","6337466771","Shipping Services","111-1878657-2813857","","Shipping Label Purchased through Amazon","","","Standard Orders","","","","","","0","0","0","0","0","0","0","0","0","0","0","0","0","0","-6.96","-6.96"
"Apr 17, 2017 3:41:36 PM PDT","6337466771","Shipping Services","114-3251772-8925800","","Shipping Label Purchased through Amazon","","","Standard Orders","","","","","","0","0","0","0","0","0","0","0","0","0","0","0","0","0","-3.76","-3.76"
"Apr 17, 2017 3:47:51 PM PDT","6337466771","Order","114-0645870-9032231","XD-X7FW-SZVH","DIESEL ZERO PLUS by Diesel EDT SPRAY for MEN 2.5 OZ","1","amazon.com","Standard Orders","Seller","Mustang","OK","73064-6322","","13.49","0","0","0","0","0","0","0","0","0","0","-2.02","0","0","0","11.47"
"Apr 17, 2017 3:47:51 PM PDT","6337466771","Order","114-0645870-9032231","RF-LX73-TAHE","DIESEL PLUS PLUS by Diesel EDT SPRAY 2.5 OZ Masculine","1","amazon.com","Standard Orders","Seller","Mustang","OK","73064-6322","","14.25","0","0","0","0","0","0","0","0","0","0","-2.14","0","0","0","12.11"
"Apr 17, 2017 3:48:24 PM PDT","6337466771","Shipping Services","114-0645870-9032231","","Shipping Label Purchased through Amazon","","","Standard Orders","","","","","","0","0","0","0","0","0","0","0","0","0","0","0","0","0","-6.05","-6.05"
"Apr 17, 2017 3:49:03 PM PDT","6337466771","Order","113-9182693-0150636","9I-Z435-OO5S","WONDERSTRUCK - EDP 3.4 OZ SP L","1","amazon.com","Standard Orders","Seller","BILOXI","MS","39532-7320","","21.00","0","5.37","0","0","0","0","0","0","0","0","-3.96","0","0","0","22.41"
"Apr 17, 2017 3:49:09 PM PDT","6337466771","Order","114-3251772-8925800","DA-5HJ7-UNJY","Amor Pour Homme By Cacharel For Men. Eau De Toilette Spray 2.5-Ounces","1","amazon.com","Standard Orders","Seller","WALDORF","MD","20602-6103","","49.05","0","4.93","0","0","0","0","0","0","0","0","-8.10","0","0","0","45.88"
"Apr 17, 2017 3:49:39 PM PDT","6337466771","Shipping Services","113-9182693-0150636","","Shipping Label Purchased through Amazon","","","Standard Orders","","","","","","0","0","0","0","0","0","0","0","0","0","0","0","0","0","-4.04","-4.04"
"Apr 17, 2017 3:50:06 PM PDT","6337466771","Order","113-8962047-1933018","XD-X7FW-SZVH","DIESEL ZERO PLUS by Diesel EDT SPRAY for MEN 2.5 OZ","1","amazon.com","Standard Orders","Seller","NOVATO","CALIFORNIA","94945-2316","","13.49","0","0","0","0","0","0","0","0","0","0","-2.02","0","0","0","11.47"
"Apr 17, 2017 3:50:42 PM PDT","6337466771","Shipping Services","113-8962047-1933018","","Shipping Label Purchased through Amazon","","","Standard Orders","","","","","","0","0","0","0","0","0","0","0","0","0","0","0","0","0","-3.76","-3.76"
"Apr 17, 2017 3:51:05 PM PDT","6337466771","Order","113-7560127-3481802","9I-Z435-OO5S","WONDERSTRUCK - EDP 3.4 OZ SP L","1","amazon.com","Standard Orders","Seller","ALBANY","MN","56307-9463","","21.00","0","5.37","0","0","0","0","0","0","0","0","-3.96","0","0","0","22.41"
"Apr 17, 2017 3:51:41 PM PDT","6337466771","Shipping Services","113-7560127-3481802","","Shipping Label Purchased through Amazon","","","Standard Orders","","","","","","0","0","0","0","0","0","0","0","0","0","0","0","0","0","-4.04","-4.04"
"Apr 17, 2017 3:52:25 PM PDT","6337466771","Order","113-7358358-9617827","IN-VVX2-VZIG","Moschino Forever Eau De Toilette Spray for Men, 3.4 Ounce","1","amazon.com","Standard Orders","Seller","ORLANDO","FL","32821-5483","","29.30","0","5.06","0","0","0","0","0","0","0","0","-5.15","0","0","0","29.21"
"Apr 17, 2017 3:53:01 PM PDT","6337466771","Shipping Services","113-7358358-9617827","","Shipping Label Purchased through Amazon","","","Standard Orders","","","","","","0","0","0","0","0","0","0","0","0","0","0","0","0","0","-3.76","-3.76"
"Apr 17, 2017 3:54:03 PM PDT","6337466771","Order","113-5876985-7505003","9I-Z435-OO5S","WONDERSTRUCK - EDP 3.4 OZ SP L","1","amazon.com","Standard Orders","Seller","DECATUR","IL","62521-9495","","21.00","0","5.37","0","0","0","0","0","0","0","0","-3.96","0","0","0","22.41"
"Apr 17, 2017 3:54:36 PM PDT","6337466771","Shipping Services","113-5876985-7505003","","Shipping Label Purchased through Amazon","","","Standard Orders","","","","","","0","0","0","0","0","0","0","0","0","0","0","0","0","0","-4.04","-4.04"
"Apr 17, 2017 3:55:12 PM PDT","6337466771","Order","113-0417401-0206656","XD-X7FW-SZVH","DIESEL ZERO PLUS by Diesel EDT SPRAY for MEN 2.5 OZ","1","amazon.com","Standard Orders","Seller","Elizabeth","Nj","07201","","13.49","0","0","0","0","0","0","0","0","0","0","-2.02","0","0","0","11.47"
"Apr 17, 2017 3:55:12 PM PDT","6337466771","Order","113-0417401-0206656","RF-LX73-TAHE","DIESEL PLUS PLUS by Diesel EDT SPRAY 2.5 OZ Masculine","1","amazon.com","Standard Orders","Seller","Elizabeth","Nj","07201","","14.25","0","0","0","0","0","0","0","0","0","0","-2.14","0","0","0","12.11"
"Apr 17, 2017 3:55:40 PM PDT","6337466771","Shipping Services","113-0417401-0206656","","Shipping Label Purchased through Amazon","","","Standard Orders","","","","","","0","0","0","0","0","0","0","0","0","0","0","0","0","0","-6.05","-6.05"
"Apr 17, 2017 3:56:25 PM PDT","6337466771","Order","113-0292896-7660203","XD-X7FW-SZVH","DIESEL ZERO PLUS by Diesel EDT SPRAY for MEN 2.5 OZ","1","amazon.com","Standard Orders","Seller","HUMBLE","TX","77338-7712","","13.49","0","0","0","0","0","0","0","0","0","0","-2.02","0","0","0","11.47"
"Apr 17, 2017 3:56:47 PM PDT","6337466771","Shipping Services","113-0292896-7660203","","Shipping Label Purchased through Amazon","","","Standard Orders","","","","","","0","0","0","0","0","0","0","0","0","0","0","0","0","0","-3.76","-3.76"
"Apr 17, 2017 3:57:25 PM PDT","6337466771","Order","113-0088779-8242679","1W-5PTN-4YN0","Piver 489564 Reve Dor by Piver Cologne Splash 14.25 oz","2","amazon.com","Standard Orders","Seller","OXON HILL","MD","20745-3458","","51.08","0","8.49","0","0","0","0","0","0","0","0","-8.94","0","0","0","50.63"
"Apr 17, 2017 3:57:57 PM PDT","6337466771","Shipping Services","113-0088779-8242679","","Shipping Label Purchased through Amazon","","","Standard Orders","","","","","","0","0","0","0","0","0","0","0","0","0","0","0","0","0","-6.85","-6.85"
"Apr 17, 2017 3:58:21 PM PDT","6337466771","Order","112-5282548-9457020","UY-T92D-JIMV","Dis-lui Extreme Pour Homme 3.4 Oz Eau De Parfum Spray for Men","1","amazon.com","Standard Orders","Seller","HERNANDO","FL","34442-4576","","5.00","0","5.49","0","0","0","0","0","0","0","0","-1.57","0","0","0","8.92"
"Apr 17, 2017 3:58:56 PM PDT","6337466771","Shipping Services","112-5282548-9457020","","Shipping Label Purchased through Amazon","","","Standard Orders","","","","","","0","0","0","0","0","0","0","0","0","0","0","0","0","0","-3.62","-3.62"
"Apr 17, 2017 3:59:29 PM PDT","6337466771","Order","112-4199247-0049066","XK-MWJL-O85K","VOLUPTE by Oscar de la Renta EDT SPRAY 3.3 OZ for WOMEN","2","amazon.com","Standard Orders","Seller","SHINGLE SPRINGS","CA","95682-7234","","40.00","0","5.73","0","0","0","0","0","0","0","0","-6.86","0","0","0","38.87"
"Apr 17, 2017 4:00:06 PM PDT","6337466771","Shipping Services","112-4199247-0049066","","Shipping Label Purchased through Amazon","","","Standard Orders","","","","","","0","0","0","0","0","0","0","0","0","0","0","0","0","0","-6.05","-6.05"
"Apr 17, 2017 4:02:31 PM PDT","6337466771","Shipping Services","112-3700464-9793822","","Shipping Label Purchased through Amazon","","","Standard Orders","","","","","","0","0","0","0","0","0","0","0","0","0","0","0","0","0","-3.62","-3.62"
"Apr 17, 2017 4:03:14 PM PDT","6337466771","Order","112-0699020-9682628","RF-LX73-TAHE","DIESEL PLUS PLUS by Diesel EDT SPRAY 2.5 OZ Masculine","1","amazon.com","Standard Orders","Seller","MASPETH","NY","11378-1735","","14.25","0","0","0","0","0","0","0","0","0","0","-2.14","0","0","0","12.11"
"Apr 17, 2017 4:03:40 PM PDT","6337466771","Shipping Services","112-0699020-9682628","","Shipping Label Purchased through Amazon","","","Standard Orders","","","","","","0","0","0","0","0","0","0","0","0","0","0","0","0","0","-3.62","-3.62"
"Apr 17, 2017 4:04:44 PM PDT","6337466771","Order","111-9159502-4086642","L6-GAOS-EGXZ","Nicki Minaj Pink Friday for women 3.4 oz Eau De Parfum EDP Spray","1","amazon.com","Standard Orders","Seller","BROOKLYN","NY","11235-3015","","22.00","0","5.79","0","0","0","0","0","0","0","0","-4.17","0","0","0","23.62"
"Apr 17, 2017 4:05:14 PM PDT","6337466771","Shipping Services","111-9159502-4086642","","Shipping Label Purchased through Amazon","","","Standard Orders","","","","","","0","0","0","0","0","0","0","0","0","0","0","0","0","0","-4.46","-4.46"
"Apr 17, 2017 4:06:11 PM PDT","6337466771","Shipping Services","111-8624562-5402626","","Shipping Label Purchased through Amazon","","","Standard Orders","","","","","","0","0","0","0","0","0","0","0","0","0","0","0","0","0","-3.62","-3.62"
"Apr 17, 2017 4:06:48 PM PDT","6337466771","Order","111-8062841-0015409","R9-V3EO-9GBV","Samba by Perfumer's Workshop for Women - 3.3 Ounce EDT Spray","1","amazon.com","Standard Orders","Seller","BROOKLYN","NY","11210-2165","","14.24","0","0","0","0","0","0","0","0","0","0","-2.14","0","0","0","12.10"
"Apr 17, 2017 4:07:22 PM PDT","6337466771","Shipping Services","111-8062841-0015409","","Shipping Label Purchased through Amazon","","","Standard Orders","","","","","","0","0","0","0","0","0","0","0","0","0","0","0","0","0","-3.76","-3.76"
"Apr 17, 2017 4:07:40 PM PDT","6337466771","Order","111-1942272-0009050","XD-X7FW-SZVH","DIESEL ZERO PLUS by Diesel EDT SPRAY for MEN 2.5 OZ","1","amazon.com","Standard Orders","Seller","HYATTSVILLE","MD","20783-4531","","13.49","0","0","0","0","0","0","0","0","0","0","-2.02","0","0","0","11.47"
"Apr 17, 2017 4:08:17 PM PDT","6337466771","Shipping Services","111-1942272-0009050","","Shipping Label Purchased through Amazon","","","Standard Orders","","","","","","0","0","0","0","0","0","0","0","0","0","0","0","0","0","-3.76","-3.76"
"Apr 17, 2017 4:08:40 PM PDT","6337466771","Order","111-5885549-8805847","3X-GXR2-3ML5","Lagerfeld By Karl Lagerfeld For Men. Eau De Toilette Spray 4.2 Oz","1","amazon.com","Standard Orders","Seller","GILROY","CALIFORNIA","95020-3063","","20.20","0","5.29","0","0","0","0","0","0","0","0","-3.82","0","0","0","21.67"
"Apr 17, 2017 4:09:17 PM PDT","6337466771","Shipping Services","111-5885549-8805847","","Shipping Label Purchased through Amazon","","","Standard Orders","","","","","","0","0","0","0","0","0","0","0","0","0","0","0","0","0","-3.76","-3.76"
"Apr 17, 2017 4:09:58 PM PDT","6337466771","Order","111-0360004-2870655","L6-GAOS-EGXZ","Nicki Minaj Pink Friday for women 3.4 oz Eau De Parfum EDP Spray","1","amazon.com","Standard Orders","Seller","ALBUQUERQUE","NM","87121-8882","","22.00","0","5.79","0","0","0","0","0","0","0","0","-4.17","0","0","0","23.62"
"Apr 17, 2017 4:10:34 PM PDT","6337466771","Shipping Services","111-0360004-2870655","","Shipping Label Purchased through Amazon","","","Standard Orders","","","","","","0","0","0","0","0","0","0","0","0","0","0","0","0","0","-4.46","-4.46"
"Apr 17, 2017 4:11:01 PM PDT","6337466771","Order","111-3308829-3039449","XD-X7FW-SZVH","DIESEL ZERO PLUS by Diesel EDT SPRAY for MEN 2.5 OZ","1","amazon.com","Standard Orders","Seller","SIOUX FALLS","SD","57108-6241","","13.49","0","0","0","0","0","0","0","0","0","0","-2.02","0","0","0","11.47"
"Apr 17, 2017 4:11:37 PM PDT","6337466771","Shipping Services","111-3308829-3039449","","Shipping Label Purchased through Amazon","","","Standard Orders","","","","","","0","0","0","0","0","0","0","0","0","0","0","0","0","0","-3.76","-3.76"
"Apr 17, 2017 4:12:35 PM PDT","6337466771","Order","114-8265496-6717857","UY-T92D-JIMV","Dis-lui Extreme Pour Homme 3.4 Oz Eau De Parfum Spray for Men","2","amazon.com","Standard Orders","Seller","NEW YORK","NY","10019-5905","","21.00","0","0","0","0","0","0","0","0","0","0","-3.16","0","0","0","17.84"
"Apr 17, 2017 4:13:11 PM PDT","6337466771","Shipping Services","114-8265496-6717857","","Shipping Label Purchased through Amazon","","","Standard Orders","","","","","","0","0","0","0","0","0","0","0","0","0","0","0","0","0","-4.46","-4.46"
"Apr 17, 2017 4:13:14 PM PDT","6337466771","Order","112-3700464-9793822","RF-LX73-TAHE","DIESEL PLUS PLUS by Diesel EDT SPRAY 2.5 OZ Masculine","1","amazon.com","Standard Orders","Seller","HOLLYWOOD","FL","33021-2044","","14.25","0","0","0","0","0","0","0","0","0","0","-2.14","0","0","0","12.11"
"Apr 17, 2017 4:14:32 PM PDT","6337466771","Order","114-6272686-1352232","CR-OBSA-9V00","Usher By Usher For Men, Eau De Toilette Spray, 3.4-Ounce","1","amazon.com","Standard Orders","Seller","Debary","FL","32713-4531","","27.00","0","0","0","0","0","0","0","0","0","0","-4.05","0","0","0","22.95"
"Apr 17, 2017 4:14:59 PM PDT","6337466771","Shipping Services","114-6272686-1352232","","Shipping Label Purchased through Amazon","","","Standard Orders","","","","","","0","0","0","0","0","0","0","0","0","0","0","0","0","0","-3.76","-3.76"
"Apr 17, 2017 4:15:46 PM PDT","6337466771","Order","114-2557327-3781805","2R-XBDJ-90C7","Carolina Herrera 212 Vip Rose Eau de Parfum Spray for Women, 1.7 Ounce","1","amazon.com","Standard Orders","Seller","NEW BRUNSWICK","NJ","08901-4813","","47.15","0","0","0","0","0","0","0","0","0","0","-7.07","0","0","0","40.08"
"Apr 17, 2017 4:16:04 PM PDT","6337466771","Order","111-8624562-5402626","UY-T92D-JIMV","Dis-lui Extreme Pour Homme 3.4 Oz Eau De Parfum Spray for Men","1","amazon.com","Standard Orders","Seller","NORTH MIAMI BEACH","FL","33162-5903","","5.00","0","5.49","0","0","0","0","0","0","0","0","-1.57","0","0","0","8.92"
"Apr 17, 2017 4:16:21 PM PDT","6337466771","Shipping Services","114-2557327-3781805","","Shipping Label Purchased through Amazon","","","Standard Orders","","","","","","0","0","0","0","0","0","0","0","0","0","0","0","0","0","-4.32","-4.32"
"Apr 17, 2017 4:16:49 PM PDT","6337466771","Order","114-2313597-2429043","XD-X7FW-SZVH","DIESEL ZERO PLUS by Diesel EDT SPRAY for MEN 2.5 OZ","1","amazon.com","Standard Orders","Seller","EL PASO","TX","79925-3607","","13.49","0","0","0","0","0","0","0","0","0","0","-2.02","0","0","0","11.47"
"Apr 17, 2017 4:17:27 PM PDT","6337466771","Shipping Services","114-2313597-2429043","","Shipping Label Purchased through Amazon","","","Standard Orders","","","","","","0","0","0","0","0","0","0","0","0","0","0","0","0","0","-3.76","-3.76"
"Apr 17, 2017 4:19:10 PM PDT","6337466771","Order","114-1958163-9240226","40-MJEV-M4A4","Diesel Plus Plus Masculine 2.5 oz edt spray (Silver)","2","amazon.com","Standard Orders","Seller","Tampa","FL","33615","","33.68","0","10.14","0","0","0","0","0","0","0","0","-6.58","0","0","0","37.24"
"Apr 17, 2017 4:19:47 PM PDT","6337466771","Shipping Services","114-1958163-9240226","","Shipping Label Purchased through Amazon","","","Standard Orders","","","","","","0","0","0","0","0","0","0","0","0","0","0","0","0","0","-6.05","-6.05"
"Apr 17, 2017 4:20:18 PM PDT","6337466771","Order","113-9982678-1897016","FR-2TPC-0RSZ","Narciso Rodriguez Women's Eau de Parfum Spray, 3 Fluid Ounce","1","amazon.com","Standard Orders","Seller","PORT ORANGE","FL","32128-4093","","63.00","0","5.59","0","0","0","0","0","0","0","0","-10.29","0","0","0","58.30"
"Apr 17, 2017 4:20:50 PM PDT","6337466771","Shipping Services","113-9982678-1897016","","Shipping Label Purchased through Amazon","","","Standard Orders","","","","","","0","0","0","0","0","0","0","0","0","0","0","0","0","0","-4.61","-4.61"
"Apr 17, 2017 4:21:25 PM PDT","6337466771","Order","113-2880766-9884246","TJ-E71K-IYKR","Paul Sebastian Cologne for Men, 8.0 Fluid Ounce","2","amazon.com","Standard Orders","Seller","PHILA","PA","19147","","40.56","0","6.89","0","0","0","0","0","0","0","0","-7.12","0","0","0","40.33"
"Apr 17, 2017 4:22:00 PM PDT","6337466771","Shipping Services","113-2880766-9884246","","Shipping Label Purchased through Amazon","","","Standard Orders","","","","","","0","0","0","0","0","0","0","0","0","0","0","0","0","0","-6.05","-6.05"
"Apr 17, 2017 4:22:46 PM PDT","6337466771","Order","112-9841301-1517833","RF-LX73-TAHE","DIESEL PLUS PLUS by Diesel EDT SPRAY 2.5 OZ Masculine","1","amazon.com","Standard Orders","Seller","MONROE TOWNSHIP","NJ","08831-1981","","14.25","0","0","0","0","0","0","0","0","0","0","-2.14","0","0","0","12.11"
"Apr 17, 2017 4:23:23 PM PDT","6337466771","Shipping Services","112-9841301-1517833","","Shipping Label Purchased through Amazon","","","Standard Orders","","","","","","0","0","0","0","0","0","0","0","0","0","0","0","0","0","-3.62","-3.62"
"Apr 17, 2017 4:24:20 PM PDT","6337466771","Order","112-5138980-7203443","EX-MBLT-PJ0H","Hanae Mori by Hanae Mori for Women 1.7 oz Eau de Parfum Spray (Blue Butterfly)","3","amazon.com","Standard Orders","Seller","BUFFALO GROVE","IL","60089-7735","","78.00","0","5.84","0","0","0","0","0","0","0","0","-12.57","0","0","0","71.27"
"Apr 17, 2017 4:24:49 PM PDT","6337466771","Shipping Services","112-5138980-7203443","","Shipping Label Purchased through Amazon","","","Standard Orders","","","","","","0","0","0","0","0","0","0","0","0","0","0","0","0","0","-6.20","-6.20"
"Apr 17, 2017 4:25:05 PM PDT","6337466771","Order","111-9630961-3057810","3X-GXR2-3ML5","Lagerfeld By Karl Lagerfeld For Men. Eau De Toilette Spray 4.2 Oz","1","amazon.com","Standard Orders","Seller","SOUTHPORT","NC","28461-9298","","19.69","0","5.29","0","0","0","0","0","0","0","0","-3.75","0","0","0","21.23"
"Apr 17, 2017 4:25:41 PM PDT","6337466771","Shipping Services","111-9630961-3057810","","Shipping Label Purchased through Amazon","","","Standard Orders","","","","","","0","0","0","0","0","0","0","0","0","0","0","0","0","0","-3.76","-3.76"
"Apr 17, 2017 4:26:18 PM PDT","6337466771","Order","111-8697738-5229020","RM-CVF7-6ODX","Peace by Kenzo for Women 3.4 oz Eau de Toilette Spray Limited Edition","1","amazon.com","Standard Orders","Seller","CORAL GABLES","FLORIDA","33156","","164.85","0","5.14","0","0","0","0","0","0","0","0","-25.50","0","0","0","144.49"
"Apr 17, 2017 4:26:54 PM PDT","6337466771","Shipping Services","111-8697738-5229020","","Shipping Label Purchased through Amazon","","","Standard Orders","","","","","","0","0","0","0","0","0","0","0","0","0","0","0","0","0","-6.65","-6.65"
"Apr 17, 2017 4:27:29 PM PDT","6337466771","Order","111-6417706-9370608","3X-GXR2-3ML5","Lagerfeld By Karl Lagerfeld For Men. Eau De Toilette Spray 4.2 Oz","1","amazon.com","Standard Orders","Seller","Hurst","TX","76054","","19.69","0","5.29","0","0","0","0","0","0","0","0","-3.75","0","0","0","21.23"
"Apr 17, 2017 4:28:03 PM PDT","6337466771","Shipping Services","111-6417706-9370608","","Shipping Label Purchased through Amazon","","","Standard Orders","","","","","","0","0","0","0","0","0","0","0","0","0","0","0","0","0","-3.76","-3.76"
"Apr 17, 2017 4:28:32 PM PDT","6337466771","Order","111-8592908-4579459","Z3-7LE1-6NK1","Romeo Gigli Man by Romeo Gigli 3.4oz 100ml EDT Spray","1","amazon.com","Standard Orders","Seller","Baltimore","MD","21230-3931","","68.46","0","4.51","0","0","0","0","0","0","0","0","-10.95","0","0","0","62.02"
"Apr 17, 2017 4:29:08 PM PDT","6337466771","Shipping Services","111-8592908-4579459","","Shipping Label Purchased through Amazon","","","Standard Orders","","","","","","0","0","0","0","0","0","0","0","0","0","0","0","0","0","-3.91","-3.91"
"Apr 17, 2017 4:32:20 PM PDT","6337466771","Order","111-5026409-5263404","3X-GXR2-3ML5","Lagerfeld By Karl Lagerfeld For Men. Eau De Toilette Spray 4.2 Oz","5","amazon.com","Standard Orders","Seller","Indianapolis","IN","46240-2542","","98.45","0","8.49","0","0","0","0","0","0","0","0","-16.05","0","0","0","90.89"
"Apr 17, 2017 4:32:56 PM PDT","6337466771","Shipping Services","111-5026409-5263404","","Shipping Label Purchased through Amazon","","","Standard Orders","","","","","","0","0","0","0","0","0","0","0","0","0","0","0","0","0","-9.67","-9.67"
"Apr 17, 2017 4:37:53 PM PDT","6337466771","Order","113-0192152-2567425","XK-4TVT-EHKJ","Perry Ellis 360 By PERRY ELLIS For Women Gift Set - 3.4 oz Eau De Toilette Spray + 3 oz Shower Gel + 3 oz Body Lotion + .25 oz Mini EDT Spray","1","amazon.com","Standard Orders","Seller","SEABROOK ISLAND","SOUTH CAROLINA","29455-6008","","30.00","0","5.12","0","0","0","0","0","0","0","0","-5.27","0","0","0","29.85"
"Apr 17, 2017 4:38:29 PM PDT","6337466771","Shipping Services","113-0192152-2567425","","Shipping Label Purchased through Amazon","","","Standard Orders","","","","","","0","0","0","0","0","0","0","0","0","0","0","0","0","0","-8.21","-8.21"
"Apr 17, 2017 4:40:36 PM PDT","6337466771","Order","112-5623099-6899406","CJ-JW74-TNWI","ED HARDY by Christian Audigier EAU DE PARFUM SPRAY 3.4 OZ WOMEN Christian Audigier","1","amazon.com","Standard Orders","Seller","EYOTA","MN","55934-6509","","29.99","0","0","0","0","0","0","0","0","0","0","-4.50","0","0","0","25.49"
"Apr 17, 2017 4:41:12 PM PDT","6337466771","Shipping Services","112-5623099-6899406","","Shipping Label Purchased through Amazon","","","Standard Orders","","","","","","0","0","0","0","0","0","0","0","0","0","0","0","0","0","-4.32","-4.32"
"Apr 17, 2017 4:41:56 PM PDT","6337466771","Order","111-8766739-1341849","UY-T92D-JIMV","Dis-lui Extreme Pour Homme 3.4 Oz Eau De Parfum Spray for Men","1","amazon.com","Standard Orders","Seller","BROOKLYN","NY","11235-6614","","10.50","0","0","0","0","0","0","0","0","0","0","-1.58","0","0","0","8.92"
"Apr 17, 2017 4:42:33 PM PDT","6337466771","Shipping Services","111-8766739-1341849","","Shipping Label Purchased through Amazon","","","Standard Orders","","","","","","0","0","0","0","0","0","0","0","0","0","0","0","0","0","-3.62","-3.62"
"Apr 17, 2017 4:42:59 PM PDT","6337466771","Order","111-0167639-0786650","RF-LX73-TAHE","DIESEL PLUS PLUS by Diesel EDT SPRAY 2.5 OZ Masculine","1","amazon.com","Standard Orders","Seller","BROOKLYN","NY","11215-4804","","14.25","0","0","0","0","0","0","0","0","0","0","-2.14","0","0","0","12.11"
"Apr 17, 2017 4:43:34 PM PDT","6337466771","Shipping Services","111-0167639-0786650","","Shipping Label Purchased through Amazon","","","Standard Orders","","","","","","0","0","0","0","0","0","0","0","0","0","0","0","0","0","-3.62","-3.62"
"Apr 17, 2017 8:35:40 PM PDT","6338277721","Refund","111-0507977-4980231","B0-30LP-CY8E","Jessica Simpson Fancy Love  Gift Set for Women (Eau de Parfum Spray 3.4 Ounce, Lotion 4 Ounce, Lotion 3 Ounce, Bath and Shower Cream, Eau de Parfum Sp","1","amazon.com","Standard Orders","Seller","SAN JACINTO","CA","92583-4886","","0","0","-5.25","0","0","0","0","0","0","0","0","0.63","0","0","0","-4.62"
"Apr 18, 2017 5:00:28 AM PDT","6338277721","Transfer","","","To your account ending in: 6276, Bank Transfer ID: 091000013620188","","","Standard Orders","","","","","","0","0","0","0","0","0","0","0","0","0","0","0","0","0","-750.81","-750.81"
"Apr 18, 2017 1:42:05 PM PDT","6338277721","Order","114-3743338-8530600","74-DRG6-NKAA","Estee Lauder Purse Beautiful Eau de Parfum Spray for Women, 6 Count","1","amazon.com","Standard Orders","Seller","Lincoln","NE","68504","","65.96","0","6.10","0","0","0","0","0","0","0","0","-10.81","0","0","0","61.25"
"Apr 18, 2017 1:42:45 PM PDT","6338277721","Shipping Services","114-3743338-8530600","","Shipping Label Purchased through Amazon","","","Standard Orders","","","","","","0","0","0","0","0","0","0","0","0","0","0","0","0","0","-4.47","-4.47"
"Apr 18, 2017 1:42:53 PM PDT","6338277721","Order","114-3367033-3613840","KF-2WDK-CCTQ","Narciso Rodriguez by Narciso Rodriguez for Him Men 3.3 oz Eau de Toilette Spray","1","amazon.com","Standard Orders","Seller","WASHINGTON","DC","20013-5501","","56.66","0","5.64","0","0","0","0","0","0","0","0","-9.35","0","0","0","52.95"
"Apr 18, 2017 1:43:23 PM PDT","6338277721","Shipping Services","114-3367033-3613840","","Shipping Label Purchased through Amazon","","","Standard Orders","","","","","","0","0","0","0","0","0","0","0","0","0","0","0","0","0","-4.61","-4.61"
"Apr 18, 2017 1:45:05 PM PDT","6338277721","Order","113-5946558-8975460","2W-HR3G-K73F","Fancy Nights By Jessica Simpson Eau De Parfum Spray for Women, 3.40-Fluid Ounce","2","amazon.com","Standard Orders","Seller","MARY ESTHER","FL","32569-1569","","38.02","0","0","0","0","0","0","0","0","0","0","-5.70","0","0","0","32.32"
"Apr 18, 2017 1:45:40 PM PDT","6338277721","Shipping Services","113-5946558-8975460","","Shipping Label Purchased through Amazon","","","Standard Orders","","","","","","0","0","0","0","0","0","0","0","0","0","0","0","0","0","-6.05","-6.05"
"Apr 18, 2017 1:46:01 PM PDT","6338277721","Order","111-2766453-7741061","OS-SM51-RJ7T","Beyonce Heat By Beyonce Eau De Parfum Spray 3.4 Oz (mrs. Carter Limited Edition)","2","amazon.com","Standard Orders","Seller","JACKSONVILLE","FL","32210-0433","","27.98","0","11.24","0","0","0","0","0","0","0","0","-5.88","0","0","0","33.34"
"Apr 18, 2017 1:46:36 PM PDT","6338277721","Order","114-7567249-2313841","TP-JZ2P-HJSY","Daisy Eau So Fresh by Marc Jacobs Eau De Toilette Spray 4.2 oz Women's","1","amazon.com","Standard Orders","Seller","Beverly Hills","CA","90210","","63.00","0","5.98","0","0","0","0","0","0","0","0","-10.35","0","0","0","58.63"
"Apr 18, 2017 1:46:37 PM PDT","6338277721","Shipping Services","111-2766453-7741061","","Shipping Label Purchased through Amazon","","","Standard Orders","","","","","","0","0","0","0","0","0","0","0","0","0","0","0","0","0","-6.05","-6.05"
"Apr 18, 2017 1:47:13 PM PDT","6338277721","Shipping Services","114-7567249-2313841","","Shipping Label Purchased through Amazon","","","Standard Orders","","","","","","0","0","0","0","0","0","0","0","0","0","0","0","0","0","-4.61","-4.61"
"Apr 18, 2017 1:47:23 PM PDT","6338277721","Order","114-7346459-8477829","GE-DDEU-7TI5","Samba By Perfumers Workshop For Men. Eau De Toilette Spray 3.3 Ounces","2","amazon.com","Standard Orders","Seller","BRANDON","MS","39042-9109","","33.42","0","8.31","0","0","0","0","0","0","0","0","-6.26","0","0","0","35.47"
"Apr 18, 2017 1:47:23 PM PDT","6338277721","Order","114-7346459-8477829","CR-OBSA-9V00","Usher By Usher For Men, Eau De Toilette Spray, 3.4-Ounce","1","amazon.com","Standard Orders","Seller","BRANDON","MS","39042-9109","","27.00","0","4.59","0","0","0","0","0","0","0","0","-4.74","0","0","0","26.85"
"Apr 18, 2017 1:47:57 PM PDT","6338277721","Shipping Services","114-7346459-8477829","","Shipping Label Purchased through Amazon","","","Standard Orders","","","","","","0","0","0","0","0","0","0","0","0","0","0","0","0","0","-6.20","-6.20"
"Apr 18, 2017 1:48:17 PM PDT","6338277721","Order","114-7270760-7083450","2W-HR3G-K73F","Fancy Nights By Jessica Simpson Eau De Parfum Spray for Women, 3.40-Fluid Ounce","1","amazon.com","Standard Orders","Seller","HURST","TX","76054-2917","","19.00","0","0","0","0","0","0","0","0","0","0","-2.85","0","0","0","16.15"
"Apr 18, 2017 1:48:49 PM PDT","6338277721","Shipping Services","114-7270760-7083450","","Shipping Label Purchased through Amazon","","","Standard Orders","","","","","","0","0","0","0","0","0","0","0","0","0","0","0","0","0","-4.32","-4.32"
"Apr 18, 2017 1:49:09 PM PDT","6338277721","Order","112-4914816-2473804","BH-619U-VLIT","4711 by Muelhens for Unisex - 10 Ounce EDC Splash","1","amazon.com","Standard Orders","Seller","Springfield Gardens","NY","11413","","18.00","0","5.79","0","0","0","0","0","0","0","0","-3.57","0","0","0","20.22"
"Apr 18, 2017 1:49:47 PM PDT","6338277721","Shipping Services","112-4914816-2473804","","Shipping Label Purchased through Amazon","","","Standard Orders","","","","","","0","0","0","0","0","0","0","0","0","0","0","0","0","0","-6.05","-6.05"
"Apr 18, 2017 1:50:40 PM PDT","6338277721","Order","114-6705843-8920218","LX-TSWW-29S8","White Diamonds By Elizabeth Taylor Edt Spray 3.3 Oz for Women","1","amazon.com","Standard Orders","Seller","LEHIGH ACRES","FL","33936-6628","","23.32","0","5.50","0","0","0","0","0","0","0","0","-4.32","0","0","0","24.50"
"Apr 18, 2017 1:51:15 PM PDT","6338277721","Shipping Services","114-6705843-8920218","","Shipping Label Purchased through Amazon","","","Standard Orders","","","","","","0","0","0","0","0","0","0","0","0","0","0","0","0","0","-3.76","-3.76"
"Apr 18, 2017 1:51:51 PM PDT","6338277721","Order","114-6683960-0785034","KF-2WDK-CCTQ","Narciso Rodriguez by Narciso Rodriguez for Him Men 3.3 oz Eau de Toilette Spray","1","amazon.com","Standard Orders","Seller","HIALEAH","FL","33014-4142","","56.66","0","5.64","0","0","0","0","0","0","0","0","-9.35","0","0","0","52.95"
"Apr 18, 2017 1:52:27 PM PDT","6338277721","Shipping Services","114-6683960-0785034","","Shipping Label Purchased through Amazon","","","Standard Orders","","","","","","0","0","0","0","0","0","0","0","0","0","0","0","0","0","-4.61","-4.61"
"Apr 18, 2017 1:52:45 PM PDT","6338277721","Order","114-4231558-6401847","TP-JZ2P-HJSY","Daisy Eau So Fresh by Marc Jacobs Eau De Toilette Spray 4.2 oz Women's","1","amazon.com","Standard Orders","Seller","AVONDALE ESTATES","GA","30002-1716","","63.00","0","0","0","0","0","0","0","0","0","0","-9.45","0","0","0","53.55"
"Apr 18, 2017 1:53:20 PM PDT","6338277721","Shipping Services","114-4231558-6401847","","Shipping Label Purchased through Amazon","","","Standard Orders","","","","","","0","0","0","0","0","0","0","0","0","0","0","0","0","0","-4.61","-4.61"
"Apr 18, 2017 1:53:25 PM PDT","6338277721","Order","114-3883405-6152245","KF-2WDK-CCTQ","Narciso Rodriguez by Narciso Rodriguez for Him Men 3.3 oz Eau de Toilette Spray","1","amazon.com","Standard Orders","Seller","NORTH HOLLYWOOD","CA","91605-2108","","56.66","0","5.64","0","0","0","0","0","0","0","0","-9.35","0","0","0","52.95"
"Apr 18, 2017 1:54:01 PM PDT","6338277721","Shipping Services","114-3883405-6152245","","Shipping Label Purchased through Amazon","","","Standard Orders","","","","","","0","0","0","0","0","0","0","0","0","0","0","0","0","0","-4.61","-4.61"
"Apr 18, 2017 1:54:23 PM PDT","6338277721","Order","114-2760494-0265037","CR-OBSA-9V00","Usher By Usher For Men, Eau De Toilette Spray, 3.4-Ounce","2","amazon.com","Standard Orders","Seller","MILFORD","CT","06460-3157","","54.00","0","0","0","0","0","0","0","0","0","0","-8.10","0","0","0","45.90"
"Apr 18, 2017 1:55:00 PM PDT","6338277721","Shipping Services","114-2760494-0265037","","Shipping Label Purchased through Amazon","","","Standard Orders","","","","","","0","0","0","0","0","0","0","0","0","0","0","0","0","0","-6.20","-6.20"
"Apr 18, 2017 1:55:13 PM PDT","6338277721","Order","114-1259262-6107411","U4-EDHU-XZ1V","Roberto Cavalli Nero Assoluto By Roberto Cavalli Eau De Parfum Spray 2.5 Oz","1","amazon.com","Standard Orders","Seller","SARASOTA","FL","34249-2602","","36.00","0","5.20","0","0","0","0","0","0","0","0","-6.18","0","0","0","35.02"
"Apr 18, 2017 1:55:46 PM PDT","6338277721","Shipping Services","114-1259262-6107411","","Shipping Label Purchased through Amazon","","","Standard Orders","","","","","","0","0","0","0","0","0","0","0","0","0","0","0","0","0","-4.18","-4.18"
"Apr 18, 2017 1:56:52 PM PDT","6338277721","Order","114-0224102-8312266","XD-X7FW-SZVH","DIESEL ZERO PLUS by Diesel EDT SPRAY for MEN 2.5 OZ","1","amazon.com","Standard Orders","Seller","DORAL","FL","33178-4842","","13.49","0","0","0","0","0","0","0","0","0","0","-2.02","0","0","0","11.47"
"Apr 18, 2017 1:57:23 PM PDT","6338277721","Shipping Services","114-0224102-8312266","","Shipping Label Purchased through Amazon","","","Standard Orders","","","","","","0","0","0","0","0","0","0","0","0","0","0","0","0","0","-3.76","-3.76"
"Apr 18, 2017 1:57:27 PM PDT","6338277721","Order","113-8795545-3695446","UY-T92D-JIMV","Dis-lui Extreme Pour Homme 3.4 Oz Eau De Parfum Spray for Men","2","amazon.com","Standard Orders","Seller","WASHINGTON","DC","20007-4408","","21.00","0","0","0","0","0","0","0","0","0","0","-3.16","0","0","0","17.84"
"Apr 18, 2017 1:58:03 PM PDT","6338277721","Shipping Services","113-8795545-3695446","","Shipping Label Purchased through Amazon","","","Standard Orders","","","","","","0","0","0","0","0","0","0","0","0","0","0","0","0","0","-4.46","-4.46"
"Apr 18, 2017 1:58:09 PM PDT","6338277721","Order","113-8303283-0594624","XD-X7FW-SZVH","DIESEL ZERO PLUS by Diesel EDT SPRAY for MEN 2.5 OZ","1","amazon.com","Standard Orders","Seller","LOUISVILLE","KY","40208-2703","","13.49","0","0","0","0","0","0","0","0","0","0","-2.02","0","0","0","11.47"
"Apr 18, 2017 1:58:47 PM PDT","6338277721","Shipping Services","113-8303283-0594624","","Shipping Label Purchased through Amazon","","","Standard Orders","","","","","","0","0","0","0","0","0","0","0","0","0","0","0","0","0","-3.76","-3.76"
"Apr 18, 2017 1:58:51 PM PDT","6338277721","Order","113-4254468-2801842","F3-YTCU-QEKH","Extasia Black by New Brand, 3.3 oz Eau De Toilette Spray for men","1","amazon.com","Standard Orders","Seller","Sturgis","Michigan","49091","","9.19","0","0","0","0","0","0","0","0","0","0","-1.38","0","0","0","7.81"
"Apr 18, 2017 1:59:28 PM PDT","6338277721","Shipping Services","113-4254468-2801842","","Shipping Label Purchased through Amazon","","","Standard Orders","","","","","","0","0","0","0","0","0","0","0","0","0","0","0","0","0","-4.04","-4.04"
"Apr 18, 2017 2:00:13 PM PDT","6338277721","Order","113-3981769-0973822","RF-LX73-TAHE","DIESEL PLUS PLUS by Diesel EDT SPRAY 2.5 OZ Masculine","2","amazon.com","Standard Orders","Seller","NEWBURY PARK","CA","91320-2419","","28.50","0","11.49","0","0","0","0","0","0","0","0","-6.00","0","0","0","33.99"
"Apr 18, 2017 2:00:46 PM PDT","6338277721","Shipping Services","113-3981769-0973822","","Shipping Label Purchased through Amazon","","","Standard Orders","","","","","","0","0","0","0","0","0","0","0","0","0","0","0","0","0","-6.05","-6.05"
"Apr 18, 2017 2:00:51 PM PDT","6338277721","Order","113-3480094-9469013","W4-6TKK-M8MV","BRUT by Faberge Cologne Spray (Original-Glass Bottle) 3 oz","1","amazon.com","Standard Orders","Seller","HUNTSVILLE","TEXAS","77340-7252","","12.74","0","0","0","0","0","0","0","0","0","0","-1.91","0","0","0","10.83"
"Apr 18, 2017 2:01:22 PM PDT","6338277721","Shipping Services","113-3480094-9469013","","Shipping Label Purchased through Amazon","","","Standard Orders","","","","","","0","0","0","0","0","0","0","0","0","0","0","0","0","0","-3.76","-3.76"
"Apr 18, 2017 2:01:30 PM PDT","6338277721","Order","113-0513671-1319451","TP-JZ2P-HJSY","Daisy Eau So Fresh by Marc Jacobs Eau De Toilette Spray 4.2 oz Women's","1","amazon.com","Standard Orders","Seller","REDONDO BEACH","CA","90277-2133","","63.00","0","10.71","0","0","0","0","0","0","0","0","-11.06","0","0","0","62.65"
"Apr 18, 2017 2:02:04 PM PDT","6338277721","Shipping Services","113-0513671-1319451","","Shipping Label Purchased through Amazon","","","Standard Orders","","","","","","0","0","0","0","0","0","0","0","0","0","0","0","0","0","-6.20","-6.20"
"Apr 18, 2017 2:02:11 PM PDT","6338277721","Order","112-9568020-9104254","O2-PYS4-B1KI","Yves Saint Laurent L'Homme La Nuit De L'Homme Eau de Toilette Spray for Men, 2.0 Ounce","1","amazon.com","Standard Orders","Seller","Austin","Texas","78704","","48.84","0","5.14","0","0","0","0","0","0","0","0","-8.10","0","0","0","45.88"
"Apr 18, 2017 2:02:47 PM PDT","6338277721","Shipping Services","112-9568020-9104254","","Shipping Label Purchased through Amazon","","","Standard Orders","","","","","","0","0","0","0","0","0","0","0","0","0","0","0","0","0","-3.76","-3.76"
"Apr 18, 2017 2:02:55 PM PDT","6338277721","Order","112-6684482-7228260","CR-OBSA-9V00","Usher By Usher For Men, Eau De Toilette Spray, 3.4-Ounce","1","amazon.com","Standard Orders","Seller","COEUR D ALENE","ID","83814-5635","","27.00","0","0","0","0","0","0","0","0","0","0","-4.05","0","0","0","22.95"
"Apr 18, 2017 2:03:31 PM PDT","6338277721","Shipping Services","112-6684482-7228260","","Shipping Label Purchased through Amazon","","","Standard Orders","","","","","","0","0","0","0","0","0","0","0","0","0","0","0","0","0","-3.76","-3.76"
"Apr 18, 2017 2:06:44 PM PDT","6338277721","Order","112-5738038-2275463","O2-PYS4-B1KI","Yves Saint Laurent L'Homme La Nuit De L'Homme Eau de Toilette Spray for Men, 2.0 Ounce","1","amazon.com","Standard Orders","Seller","PALM BEACH SHORES","FL","33404-6218","","48.84","0","5.14","0","0","0","0","0","0","0","0","-8.10","0","0","0","45.88"
"Apr 18, 2017 2:07:20 PM PDT","6338277721","Shipping Services","112-5738038-2275463","","Shipping Label Purchased through Amazon","","","Standard Orders","","","","","","0","0","0","0","0","0","0","0","0","0","0","0","0","0","-3.76","-3.76"
"Apr 18, 2017 2:07:23 PM PDT","6338277721","Order","112-5317654-8813836","DN-0G1V-G4UO","CREATION LAMIS PURE BLACK 3.3 OZ.","4","amazon.com","Standard Orders","Seller","MIAMI","FL","33195-2843","","39.28","0","0","0","0","0","0","0","0","0","0","-5.88","0","0","0","33.40"
"Apr 18, 2017 2:08:00 PM PDT","6338277721","Shipping Services","112-5317654-8813836","","Shipping Label Purchased through Amazon","","","Standard Orders","","","","","","0","0","0","0","0","0","0","0","0","0","0","0","0","0","-6.05","-6.05"
"Apr 18, 2017 2:08:24 PM PDT","6338277721","Order","112-3795139-8805858","3X-GXR2-3ML5","Lagerfeld By Karl Lagerfeld For Men. Eau De Toilette Spray 4.2 Oz","2","amazon.com","Standard Orders","Seller","CEDARBURG","WI","53012-9604","","41.74","0","6.09","0","0","0","0","0","0","0","0","-7.18","0","0","0","40.65"
"Apr 18, 2017 2:08:59 PM PDT","6338277721","Shipping Services","112-3795139-8805858","","Shipping Label Purchased through Amazon","","","Standard Orders","","","","","","0","0","0","0","0","0","0","0","0","0","0","0","0","0","-6.05","-6.05"
"Apr 18, 2017 2:09:13 PM PDT","6338277721","Order","112-3450503-0781055","CR-OBSA-9V00","Usher By Usher For Men, Eau De Toilette Spray, 3.4-Ounce","1","amazon.com","Standard Orders","Seller","GEORGETOWN","TX","78628-8822","","27.00","0","0","0","0","0","0","0","0","0","0","-4.05","0","0","0","22.95"
"Apr 18, 2017 2:09:49 PM PDT","6338277721","Shipping Services","112-3450503-0781055","","Shipping Label Purchased through Amazon","","","Standard Orders","","","","","","0","0","0","0","0","0","0","0","0","0","0","0","0","0","-3.76","-3.76"
"Apr 18, 2017 2:10:20 PM PDT","6338277721","Order","112-2700564-2673808","RF-LX73-TAHE","DIESEL PLUS PLUS by Diesel EDT SPRAY 2.5 OZ Masculine","1","amazon.com","Standard Orders","Seller","OPA LOCKA","FLORIDA","33054-4403","","14.25","0","0","0","0","0","0","0","0","0","0","-2.14","0","0","0","12.11"
"Apr 18, 2017 2:10:55 PM PDT","6338277721","Shipping Services","112-2700564-2673808","","Shipping Label Purchased through Amazon","","","Standard Orders","","","","","","0","0","0","0","0","0","0","0","0","0","0","0","0","0","-3.62","-3.62"
"Apr 18, 2017 2:10:58 PM PDT","6338277721","Order","112-2149181-3648255","DE-E6EO-HYLG","212 Sexy By: Carolina Herrera 3.4 oz EDT, Men's","1","amazon.com","Standard Orders","Seller","KANSAS CITY","MO","64123-1229","","67.89","0","4.49","0","0","0","0","0","0","0","0","-10.86","0","0","0","61.52"
"Apr 18, 2017 2:11:36 PM PDT","6338277721","Shipping Services","112-2149181-3648255","","Shipping Label Purchased through Amazon","","","Standard Orders","","","","","","0","0","0","0","0","0","0","0","0","0","0","0","0","0","-4.61","-4.61"
"Apr 18, 2017 2:11:45 PM PDT","6338277721","Order","111-9473034-8060258","XD-X7FW-SZVH","DIESEL ZERO PLUS by Diesel EDT SPRAY for MEN 2.5 OZ","1","amazon.com","Standard Orders","Seller","NEWINGTON","CT","06111-3727","","13.49","0","0","0","0","0","0","0","0","0","0","-2.02","0","0","0","11.47"
"Apr 18, 2017 2:12:19 PM PDT","6338277721","Shipping Services","111-9473034-8060258","","Shipping Label Purchased through Amazon","","","Standard Orders","","","","","","0","0","0","0","0","0","0","0","0","0","0","0","0","0","-3.76","-3.76"
"Apr 18, 2017 2:12:59 PM PDT","6338277721","Order","111-8589582-3537819","TP-JZ2P-HJSY","Daisy Eau So Fresh by Marc Jacobs Eau De Toilette Spray 4.2 oz Women's","1","amazon.com","Standard Orders","Seller","SOUTH ELGIN","IL","60177-1429","","63.00","0","0","0","0","0","0","0","0","0","0","-9.45","0","0","0","53.55"
"Apr 18, 2017 2:13:36 PM PDT","6338277721","Shipping Services","111-8589582-3537819","","Shipping Label Purchased through Amazon","","","Standard Orders","","","","","","0","0","0","0","0","0","0","0","0","0","0","0","0","0","-4.61","-4.61"
"Apr 18, 2017 2:13:42 PM PDT","6338277721","Order","111-1063221-1734621","RF-LX73-TAHE","DIESEL PLUS PLUS by Diesel EDT SPRAY 2.5 OZ Masculine","1","amazon.com","Standard Orders","Seller","MIAMI","FLORIDA","33195-4875","","14.25","0","0","0","0","0","0","0","0","0","0","-2.14","0","0","0","12.11"
"Apr 18, 2017 2:14:16 PM PDT","6338277721","Shipping Services","111-1063221-1734621","","Shipping Label Purchased through Amazon","","","Standard Orders","","","","","","0","0","0","0","0","0","0","0","0","0","0","0","0","0","-3.62","-3.62"
"Apr 18, 2017 2:14:20 PM PDT","6338277721","Order","114-9135241-7417033","74-DRG6-NKAA","Estee Lauder Purse Beautiful Eau de Parfum Spray for Women, 6 Count","1","amazon.com","Standard Orders","Seller","EDINA","MN","55439-1148","","65.96","0","0","0","0","0","0","0","0","0","0","-9.89","0","0","0","56.07"
"Apr 18, 2017 2:14:55 PM PDT","6338277721","Shipping Services","114-9135241-7417033","","Shipping Label Purchased through Amazon","","","Standard Orders","","","","","","0","0","0","0","0","0","0","0","0","0","0","0","0","0","-4.47","-4.47"
"Apr 18, 2017 2:15:04 PM PDT","6338277721","Order","111-0376605-4686613","CR-OBSA-9V00","Usher By Usher For Men, Eau De Toilette Spray, 3.4-Ounce","1","amazon.com","Standard Orders","Seller","IRVING","TX","75063-7265","","27.00","0","11.25","0","0","0","0","0","0","0","0","-5.74","0","0","0","32.51"
"Apr 18, 2017 2:15:38 PM PDT","6338277721","Shipping Services","111-0376605-4686613","","Shipping Label Purchased through Amazon","","","Standard Orders","","","","","","0","0","0","0","0","0","0","0","0","0","0","0","0","0","-6.05","-6.05"
"Apr 18, 2017 2:15:47 PM PDT","6338277721","Order","114-6489323-1884225","CR-OBSA-9V00","Usher By Usher For Men, Eau De Toilette Spray, 3.4-Ounce","1","amazon.com","Standard Orders","Seller","Rock Hill","SC","29730","","27.00","0","11.25","0","0","0","0","0","0","0","0","-5.74","0","0","0","32.51"
"Apr 18, 2017 2:16:19 PM PDT","6338277721","Shipping Services","114-6489323-1884225","","Shipping Label Purchased through Amazon","","","Standard Orders","","","","","","0","0","0","0","0","0","0","0","0","0","0","0","0","0","-3.76","-3.76"
"Apr 18, 2017 2:17:31 PM PDT","6338277721","Order","114-0324086-1302615","CR-OBSA-9V00","Usher By Usher For Men, Eau De Toilette Spray, 3.4-Ounce","1","amazon.com","Standard Orders","Seller","VANCOUVER","WA","98662-1702","","27.00","0","0","0","0","0","0","0","0","0","0","-4.05","0","0","0","22.95"
"Apr 18, 2017 2:18:08 PM PDT","6338277721","Shipping Services","114-0324086-1302615","","Shipping Label Purchased through Amazon","","","Standard Orders","","","","","","0","0","0","0","0","0","0","0","0","0","0","0","0","0","-3.76","-3.76"
"Apr 18, 2017 2:18:17 PM PDT","6338277721","Order","114-0260453-6368213","TP-JZ2P-HJSY","Daisy Eau So Fresh by Marc Jacobs Eau De Toilette Spray 4.2 oz Women's","1","amazon.com","Standard Orders","Seller","GOSHEN","NY","10924-1201","","63.00","0","0","0","0","0","0","0","0","0","0","-9.45","0","0","0","53.55"
"Apr 18, 2017 2:18:51 PM PDT","6338277721","Shipping Services","114-0260453-6368213","","Shipping Label Purchased through Amazon","","","Standard Orders","","","","","","0","0","0","0","0","0","0","0","0","0","0","0","0","0","-4.61","-4.61"
"Apr 18, 2017 2:19:12 PM PDT","6338277721","Order","113-6920529-4133859","3X-GXR2-3ML5","Lagerfeld By Karl Lagerfeld For Men. Eau De Toilette Spray 4.2 Oz","1","amazon.com","Standard Orders","Seller","ALEXANDRIA","VA","22309-1562","","19.69","0","5.29","0","0","0","0","0","0","0","0","-3.75","0","0","0","21.23"
"Apr 18, 2017 2:19:46 PM PDT","6338277721","Shipping Services","113-6920529-4133859","","Shipping Label Purchased through Amazon","","","Standard Orders","","","","","","0","0","0","0","0","0","0","0","0","0","0","0","0","0","-3.76","-3.76"
"Apr 18, 2017 2:19:57 PM PDT","6338277721","Order","113-6566086-7543439","XD-X7FW-SZVH","DIESEL ZERO PLUS by Diesel EDT SPRAY for MEN 2.5 OZ","3","amazon.com","Standard Orders","Seller","DORAL","FL","33122-1310","","40.47","0","0","0","0","0","0","0","0","0","0","-6.06","0","0","0","34.41"
"Apr 18, 2017 2:20:32 PM PDT","6338277721","Shipping Services","113-6566086-7543439","","Shipping Label Purchased through Amazon","","","Standard Orders","","","","","","0","0","0","0","0","0","0","0","0","0","0","0","0","0","-6.05","-6.05"
"Apr 18, 2017 2:20:45 PM PDT","6338277721","Order","113-8306758-8747458","RF-LX73-TAHE","DIESEL PLUS PLUS by Diesel EDT SPRAY 2.5 OZ Masculine","1","amazon.com","Standard Orders","Seller","FRAMINGHAM","MA","01701-3042","","14.25","0","0","0","0","0","0","0","0","0","0","-2.14","0","0","0","12.11"
"Apr 18, 2017 2:21:20 PM PDT","6338277721","Shipping Services","113-8306758-8747458","","Shipping Label Purchased through Amazon","","","Standard Orders","","","","","","0","0","0","0","0","0","0","0","0","0","0","0","0","0","-3.62","-3.62"
"Apr 18, 2017 2:22:05 PM PDT","6338277721","Order","113-5344835-9749815","DN-0G1V-G4UO","CREATION LAMIS PURE BLACK 3.3 OZ.","2","amazon.com","Standard Orders","Seller","kearns","utah","84118","","19.64","0","12.12","0","0","0","0","0","0","0","0","-4.76","0","0","0","27.00"
"Apr 18, 2017 2:22:40 PM PDT","6338277721","Shipping Services","113-5344835-9749815","","Shipping Label Purchased through Amazon","","","Standard Orders","","","","","","0","0","0","0","0","0","0","0","0","0","0","0","0","0","-6.05","-6.05"
"Apr 18, 2017 2:22:55 PM PDT","6338277721","Order","113-6424621-7536224","E4-G6OD-TXK1","Plus Plus Feminine by Diesel 2.5 oz Eau de Toilette Spray New in Box (Women)","1","amazon.com","Standard Orders","Seller","LAS VEGAS","NV","89123-3489","","12.29","0","0","0","0","0","0","0","0","0","0","-1.84","0","0","0","10.45"
"Apr 18, 2017 2:23:29 PM PDT","6338277721","Shipping Services","113-6424621-7536224","","Shipping Label Purchased through Amazon","","","Standard Orders","","","","","","0","0","0","0","0","0","0","0","0","0","0","0","0","0","-3.62","-3.62"
"Apr 18, 2017 2:23:51 PM PDT","6338277721","Order","111-9057273-6990626","HL-1U6T-TW0Y","Cabotine By Parfums Gres For Women. Eau De Parfum Spray 3.4 Ounces","3","amazon.com","Standard Orders","Seller","BOCA RATON","FL","33432-1576","","45.00","0","0","0","0","0","0","0","0","0","0","-6.75","0","0","0","38.25"
"Apr 18, 2017 2:24:25 PM PDT","6338277721","Shipping Services","111-9057273-6990626","","Shipping Label Purchased through Amazon","","","Standard Orders","","","","","","0","0","0","0","0","0","0","0","0","0","0","0","0","0","-6.05","-6.05"
"Apr 18, 2017 2:24:57 PM PDT","6338277721","Order","113-0367048-4057878","TJ-E71K-IYKR","Paul Sebastian Cologne for Men, 8.0 Fluid Ounce","1","amazon.com","Standard Orders","Seller","ATLANTA","GA","30331-1524","","20.28","0","5.69","0","0","0","0","0","0","0","0","-3.90","0","0","0","22.07"
"Apr 18, 2017 2:25:29 PM PDT","6338277721","Shipping Services","113-0367048-4057878","","Shipping Label Purchased through Amazon","","","Standard Orders","","","","","","0","0","0","0","0","0","0","0","0","0","0","0","0","0","-4.46","-4.46"
"Apr 18, 2017 2:26:34 PM PDT","6338277721","Order","111-0309564-1111413","W4-6TKK-M8MV","BRUT by Faberge Cologne Spray (Original-Glass Bottle) 3 oz","1","amazon.com","Standard Orders","Seller","LOWELL","MA","01854-1065","","12.74","0","0","0","0","0","0","0","0","0","0","-1.91","0","0","0","10.83"
"Apr 18, 2017 2:27:08 PM PDT","6338277721","Shipping Services","111-0309564-1111413","","Shipping Label Purchased through Amazon","","","Standard Orders","","","","","","0","0","0","0","0","0","0","0","0","0","0","0","0","0","-3.76","-3.76"
"Apr 18, 2017 2:28:04 PM PDT","6338277721","Order","112-7850885-0919434","CR-OBSA-9V00","Usher By Usher For Men, Eau De Toilette Spray, 3.4-Ounce","1","amazon.com","Standard Orders","Seller","ROSSFORD","OH","43460-1043","","27.00","0","0","0","0","0","0","0","0","0","0","-4.05","0","0","0","22.95"
"Apr 18, 2017 2:28:37 PM PDT","6338277721","Shipping Services","112-7850885-0919434","","Shipping Label Purchased through Amazon","","","Standard Orders","","","","","","0","0","0","0","0","0","0","0","0","0","0","0","0","0","-3.76","-3.76"
"Apr 18, 2017 2:37:36 PM PDT","6338277721","Order","111-8080679-5954618","CR-OBSA-9V00","Usher By Usher For Men, Eau De Toilette Spray, 3.4-Ounce","1","amazon.com","Standard Orders","Seller","WESTVILLE","IN","46391-9606","","27.00","0","0","0","0","0","0","0","0","0","0","-4.05","0","0","0","22.95"
"Apr 18, 2017 2:38:12 PM PDT","6338277721","Shipping Services","111-8080679-5954618","","Shipping Label Purchased through Amazon","","","Standard Orders","","","","","","0","0","0","0","0","0","0","0","0","0","0","0","0","0","-3.76","-3.76"
"Apr 18, 2017 2:38:47 PM PDT","6338277721","Order","111-3699132-5001046","CR-OBSA-9V00","Usher By Usher For Men, Eau De Toilette Spray, 3.4-Ounce","1","amazon.com","Standard Orders","Seller","UNION","NJ","07083-8403","","27.00","0","0","0","0","0","0","0","0","0","0","-4.05","0","0","0","22.95"
"Apr 18, 2017 2:39:12 PM PDT","6338277721","Shipping Services","111-3699132-5001046","","Shipping Label Purchased through Amazon","","","Standard Orders","","","","","","0","0","0","0","0","0","0","0","0","0","0","0","0","0","-3.76","-3.76"
"Apr 18, 2017 2:40:26 PM PDT","6338277721","Order","112-0213863-6083409","RF-LX73-TAHE","DIESEL PLUS PLUS by Diesel EDT SPRAY 2.5 OZ Masculine","1","amazon.com","Standard Orders","Seller","WARWICK","RI","02889","","14.25","0","0","0","0","0","0","0","0","0","0","-2.14","0","0","0","12.11"
"Apr 18, 2017 2:41:02 PM PDT","6338277721","Shipping Services","112-0213863-6083409","","Shipping Label Purchased through Amazon","","","Standard Orders","","","","","","0","0","0","0","0","0","0","0","0","0","0","0","0","0","-3.62","-3.62"
"Apr 18, 2017 4:00:01 PM PDT","6338277721","Order","112-3954054-2667434","Y9-1YIN-CGA7","Royal Copenhagen By Royal Copenhagen For Men. Cologne Splash 8.0 Oz","2","amazon.com","Standard Orders","Seller","GRAND BAY","AL","36541-4227","","38.98","0","7.09","0","0","0","0","0","0","0","0","-6.92","0","0","0","39.15"
"Apr 18, 2017 4:00:33 PM PDT","6338277721","Shipping Services","112-3954054-2667434","","Shipping Label Purchased through Amazon","","","Standard Orders","","","","","","0","0","0","0","0","0","0","0","0","0","0","0","0","0","-6.05","-6.05"
"Apr 18, 2017 4:01:06 PM PDT","6338277721","Order","112-1116216-0530655","OS-SM51-RJ7T","Beyonce Heat By Beyonce Eau De Parfum Spray 3.4 Oz (mrs. Carter Limited Edition)","1","amazon.com","Standard Orders","Seller","MACON","MO","63552-1420","","13.99","0","5.24","0","0","0","0","0","0","0","0","-2.88","0","0","0","16.35"
"Apr 18, 2017 4:01:39 PM PDT","6338277721","Shipping Services","112-1116216-0530655","","Shipping Label Purchased through Amazon","","","Standard Orders","","","","","","0","0","0","0","0","0","0","0","0","0","0","0","0","0","-4.32","-4.32"
"Apr 18, 2017 4:02:49 PM PDT","6338277721","Order","111-9519518-7437028","OS-SM51-RJ7T","Beyonce Heat By Beyonce Eau De Parfum Spray 3.4 Oz (mrs. Carter Limited Edition)","2","amazon.com","Standard Orders","Seller","Missouri City","TX","77459","","27.98","0","5.99","0","0","0","0","0","0","0","0","-5.10","0","0","0","28.87"
"Apr 18, 2017 4:03:24 PM PDT","6338277721","Shipping Services","111-9519518-7437028","","Shipping Label Purchased through Amazon","","","Standard Orders","","","","","","0","0","0","0","0","0","0","0","0","0","0","0","0","0","-4.32","-4.32"
"Apr 18, 2017 4:26:36 PM PDT","6338277721","Order","111-7894882-4842640","N2-AGOU-M6YS","Ed Hardy Born Wild for Women, Eau de Parfum Spray, 3.4 Ounce","1","amazon.com","Standard Orders","Seller","SAN ANTONIO","TX","78259-3665","","69.95","0","10.12","0","0","0","0","0","0","0","0","-12.01","0","0","0","68.06"
"Apr 18, 2017 4:27:12 PM PDT","6338277721","Shipping Services","111-7894882-4842640","","Shipping Label Purchased through Amazon","","","Standard Orders","","","","","","0","0","0","0","0","0","0","0","0","0","0","0","0","0","-10.14","-10.14"
"Apr 18, 2017 4:27:35 PM PDT","6338277721","Order","111-0219917-0725020","UR-D9YP-L4RF","Curve Crush Cologne Spray 4.2 Ounce","1","amazon.com","Standard Orders","Seller","LYNN","MA","01905-2611","","18.20","0","5.28","0","0","0","0","0","0","0","0","-3.52","0","0","0","19.96"
"Apr 18, 2017 4:28:08 PM PDT","6338277721","Shipping Services","111-0219917-0725020","","Shipping Label Purchased through Amazon","","","Standard Orders","","","","","","0","0","0","0","0","0","0","0","0","0","0","0","0","0","-3.76","-3.76"
"Apr 18, 2017 4:28:51 PM PDT","6338277721","Order","114-0829458-9537057","UR-D9YP-L4RF","Curve Crush Cologne Spray 4.2 Ounce","1","amazon.com","Standard Orders","Seller","CORONA","CA","92880-9116","","18.19","0","5.28","0","0","0","0","0","0","0","0","-3.52","0","0","0","19.95"
"Apr 18, 2017 4:29:27 PM PDT","6338277721","Shipping Services","114-0829458-9537057","","Shipping Label Purchased through Amazon","","","Standard Orders","","","","","","0","0","0","0","0","0","0","0","0","0","0","0","0","0","-3.76","-3.76"
"Apr 18, 2017 4:30:42 PM PDT","6338277721","Order","114-0637835-8438656","RF-LX73-TAHE","DIESEL PLUS PLUS by Diesel EDT SPRAY 2.5 OZ Masculine","6","amazon.com","Standard Orders","Seller","FORT LAUDERDALE","FL","33317-5602","","85.50","0","14.49","0","0","0","0","0","0","0","0","-15.00","0","0","0","84.99"
"Apr 18, 2017 4:31:02 PM PDT","6338277721","Shipping Services","114-0637835-8438656","","Shipping Label Purchased through Amazon","","","Standard Orders","","","","","","0","0","0","0","0","0","0","0","0","0","0","0","0","0","-11.91","-11.91"
"Apr 18, 2017 4:31:35 PM PDT","6338277721","Order","113-7303012-8125004","KG-EP0K-7LTJ","Jus De Amour for Women","1","amazon.com","Standard Orders","Seller","OAKLAND","CA","94618-2313","","12.04","0","0","0","0","0","0","0","0","0","0","-1.81","0","0","0","10.23"
"Apr 18, 2017 4:32:09 PM PDT","6338277721","Shipping Services","113-7303012-8125004","","Shipping Label Purchased through Amazon","","","Standard Orders","","","","","","0","0","0","0","0","0","0","0","0","0","0","0","0","0","-4.46","-4.46"
"Apr 18, 2017 4:53:25 PM PDT","6338277721","Order","113-4925927-2169854","RF-LX73-TAHE","DIESEL PLUS PLUS by Diesel EDT SPRAY 2.5 OZ Masculine","2","amazon.com","Standard Orders","Seller","LEWISVILLE","TX","75056-5595","","28.50","0","0","0","0","0","0","0","0","0","0","-4.28","0","0","0","24.22"
"Apr 18, 2017 4:54:03 PM PDT","6338277721","Shipping Services","113-4925927-2169854","","Shipping Label Purchased through Amazon","","","Standard Orders","","","","","","0","0","0","0","0","0","0","0","0","0","0","0","0","0","-6.05","-6.05"
"Apr 18, 2017 4:54:48 PM PDT","6338277721","Order","113-3577926-4431424","RF-LX73-TAHE","DIESEL PLUS PLUS by Diesel EDT SPRAY 2.5 OZ Masculine","1","amazon.com","Standard Orders","Seller","BROOKLYN","NY","11236-4704","","14.25","0","0","0","0","0","0","0","0","0","0","-2.14","0","0","0","12.11"
"Apr 18, 2017 4:55:12 PM PDT","6338277721","Shipping Services","113-3577926-4431424","","Shipping Label Purchased through Amazon","","","Standard Orders","","","","","","0","0","0","0","0","0","0","0","0","0","0","0","0","0","-3.62","-3.62"
"Apr 18, 2017 4:56:00 PM PDT","6338277721","Order","113-0695533-6162628","DN-0G1V-G4UO","CREATION LAMIS PURE BLACK 3.3 OZ.","1","amazon.com","Standard Orders","Seller","DORAL","FL","33191-1622","","9.82","0","0","0","0","0","0","0","0","0","0","-1.47","0","0","0","8.35"
"Apr 18, 2017 4:56:36 PM PDT","6338277721","Shipping Services","113-0695533-6162628","","Shipping Label Purchased through Amazon","","","Standard Orders","","","","","","0","0","0","0","0","0","0","0","0","0","0","0","0","0","-3.62","-3.62"
"Apr 18, 2017 4:57:53 PM PDT","6338277721","Order","111-3200907-1440204","RF-LX73-TAHE","DIESEL PLUS PLUS by Diesel EDT SPRAY 2.5 OZ Masculine","1","amazon.com","Standard Orders","Seller","EL PASO","TEXAS","79938-2019","","14.25","0","0","0","0","0","0","0","0","0","0","-2.14","0","0","0","12.11"
"Apr 18, 2017 4:58:26 PM PDT","6338277721","Shipping Services","111-3200907-1440204","","Shipping Label Purchased through Amazon","","","Standard Orders","","","","","","0","0","0","0","0","0","0","0","0","0","0","0","0","0","-3.62","-3.62"
"Apr 18, 2017 4:58:52 PM PDT","6338277721","Order","113-1327890-1769043","Z1-8Z96-GEUN","Restriction Deluxe 3.3oz. EDT Men Spray by Creation Lamis","2","amazon.com","Standard Orders","Seller","Utuado","P.R.","00641","","39.96","0","4.49","0","0","0","0","0","0","0","0","-6.66","0","0","0","37.79"
"Apr 18, 2017 4:59:30 PM PDT","6338277721","Shipping Services","113-1327890-1769043","","Shipping Label Purchased through Amazon","","","Standard Orders","","","","","","0","0","0","0","0","0","0","0","0","0","0","0","0","0","-6.05","-6.05"
"Apr 18, 2017 5:03:57 PM PDT","6338277721","Order","112-0965627-3037857","40-MJEV-M4A4","Diesel Plus Plus Masculine 2.5 oz edt spray (Silver)","1","amazon.com","Standard Orders","Seller","ORANGE","NJ","07050-1240","","16.59","0","0","0","0","0","0","0","0","0","0","-2.49","0","0","0","14.10"
"Apr 18, 2017 5:04:33 PM PDT","6338277721","Shipping Services","112-0965627-3037857","","Shipping Label Purchased through Amazon","","","Standard Orders","","","","","","0","0","0","0","0","0","0","0","0","0","0","0","0","0","-3.76","-3.76"
"Apr 18, 2017 5:05:39 PM PDT","6338277721","Shipping Services","111-6145743-5219467","","Shipping Label Purchased through Amazon","","","Standard Orders","","","","","","0","0","0","0","0","0","0","0","0","0","0","0","0","0","-3.62","-3.62"
"Apr 18, 2017 5:17:08 PM PDT","6338277721","Order","111-6145743-5219467","UY-T92D-JIMV","Dis-lui Extreme Pour Homme 3.4 Oz Eau De Parfum Spray for Men","1","amazon.com","Standard Orders","Seller","NEW YORK","NY","10010-2629","","10.50","0","0","0","0","0","0","0","0","0","0","-1.58","0","0","0","8.92"
"Apr 19, 2017 2:54:11 AM PDT","6339098411","Refund","102-2581789-1013009","IL-IROW-9WPF","Cuba Gold by Cuba 20 x 1.17 oz Eau de Toilette Spray ( 1 Box )","2","amazon.com","Standard Orders","Seller","SAN RAMON","CA","94582-4611","","-110.00","0","0","0","0","0","0","0","0","0","0","13.20","0","0","0","-96.80"
"Apr 19, 2017 5:00:47 AM PDT","6339098411","Transfer","","","To your account ending in: 6276, Bank Transfer ID: 091000015058498","","","Standard Orders","","","","","","0","0","0","0","0","0","0","0","0","0","0","0","0","0","-4,552.74","-4,552.74"
"Apr 19, 2017 1:52:48 PM PDT","6339098411","Order","114-1180299-2603466","TP-JZ2P-HJSY","Daisy Eau So Fresh by Marc Jacobs Eau De Toilette Spray 4.2 oz Women's","1","amazon.com","Standard Orders","Seller","BEAVERTON","OR","97008-8431","","63.00","0","0","0","0","0","0","0","0","0","0","-9.45","0","0","0","53.55"
"Apr 19, 2017 1:53:26 PM PDT","6339098411","Shipping Services","114-1180299-2603466","","Shipping Label Purchased through Amazon","","","Standard Orders","","","","","","0","0","0","0","0","0","0","0","0","0","0","0","0","0","-4.61","-4.61"
"Apr 19, 2017 1:54:11 PM PDT","6339098411","Order","114-0789009-4677044","FR-2TPC-0RSZ","Narciso for Woman By Narciso Rodriguez Eau de Parfum Spray, 3 Fluid Ounce","1","amazon.com","Standard Orders","Seller","JUPITER","FLORIDA","33477-9016","","63.18","0","5.59","0","0","0","0","0","0","0","0","-10.32","0","0","0","58.45"
"Apr 19, 2017 1:54:29 PM PDT","6339098411","Shipping Services","114-0789009-4677044","","Shipping Label Purchased through Amazon","","","Standard Orders","","","","","","0","0","0","0","0","0","0","0","0","0","0","0","0","0","-4.61","-4.61"
"Apr 19, 2017 1:58:08 PM PDT","6339098411","Order","113-3387235-5536228","1W-5PTN-4YN0","Piver 489564 Reve Dor by Piver Cologne Splash 14.25 oz","1","amazon.com","Standard Orders","Seller","CUTLER BAY","FL","33157-7113","","25.54","0","6.49","0","0","0","0","0","0","0","0","-4.80","0","0","0","27.23"
"Apr 19, 2017 1:58:44 PM PDT","6339098411","Shipping Services","113-3387235-5536228","","Shipping Label Purchased through Amazon","","","Standard Orders","","","","","","0","0","0","0","0","0","0","0","0","0","0","0","0","0","-6.05","-6.05"
"Apr 19, 2017 2:00:03 PM PDT","6339098411","Order","114-0015477-9439448","UR-D9YP-L4RF","Curve Crush Cologne Spray 4.2 Ounce","1","amazon.com","Standard Orders","Seller","BROOKLYN","NEW YORK","11236-4117","","18.19","0","5.28","0","0","0","0","0","0","0","0","-3.52","0","0","0","19.95"
"Apr 19, 2017 2:00:37 PM PDT","6339098411","Shipping Services","114-0015477-9439448","","Shipping Label Purchased through Amazon","","","Standard Orders","","","","","","0","0","0","0","0","0","0","0","0","0","0","0","0","0","-3.76","-3.76"
"Apr 19, 2017 2:01:06 PM PDT","6339098411","Order","113-9326925-0004255","E4-G6OD-TXK1","Plus Plus Feminine by Diesel 2.5 oz Eau de Toilette Spray New in Box (Women)","1","amazon.com","Standard Orders","Seller","BLANCHARD","OK","73010-4818","","12.29","0","0","0","0","0","0","0","0","0","0","-1.84","0","0","0","10.45"
"Apr 19, 2017 2:01:43 PM PDT","6339098411","Shipping Services","113-9326925-0004255","","Shipping Label Purchased through Amazon","","","Standard Orders","","","","","","0","0","0","0","0","0","0","0","0","0","0","0","0","0","-3.62","-3.62"
"Apr 19, 2017 2:03:05 PM PDT","6339098411","Order","113-8756975-0054656","B0-30LP-CY8E","Jessica Simpson Fancy Love  Gift Set for Women (Eau de Parfum Spray 3.4 Ounce, Lotion 4 Ounce, Lotion 3 Ounce, Bath and Shower Cream, Eau de Parfum Sp","1","amazon.com","Standard Orders","Seller","HILLIARD","OH","43026-3028","","41.22","0","6.89","0","0","0","0","0","0","0","0","-7.22","0","0","0","40.89"
"Apr 19, 2017 2:03:43 PM PDT","6339098411","Shipping Services","113-8756975-0054656","","Shipping Label Purchased through Amazon","","","Standard Orders","","","","","","0","0","0","0","0","0","0","0","0","0","0","0","0","0","-6.05","-6.05"
"Apr 19, 2017 2:04:45 PM PDT","6339098411","Order","113-8014566-7760223","B1-Q4A6-943D","Anna Sui Secret Wish Eau de Toilette Spray for Women, 2.5 Ounce","1","amazon.com","Standard Orders","Seller","OXFORD","OH","45056-2192","","59.98","0","0","0","0","0","0","0","0","0","0","-9.00","0","0","0","50.98"
"Apr 19, 2017 2:05:23 PM PDT","6339098411","Shipping Services","113-8014566-7760223","","Shipping Label Purchased through Amazon","","","Standard Orders","","","","","","0","0","0","0","0","0","0","0","0","0","0","0","0","0","-4.33","-4.33"
"Apr 19, 2017 2:06:23 PM PDT","6339098411","Shipping Services","113-6951432-8754608","","Shipping Label Purchased through Amazon","","","Standard Orders","","","","","","0","0","0","0","0","0","0","0","0","0","0","0","0","0","-6.20","-6.20"
"Apr 19, 2017 2:07:18 PM PDT","6339098411","Order","113-5424412-3152212","FZ-7H25-DGAL","Reb'L Fleur By Rihanna Gift Set -- 3.4 Oz Eau De Parfum Spray + 3 Oz Body Lotion + 3 Oz Shower Gel + .34 Oz Mini Edp Spray Women","1","amazon.com","Standard Orders","Seller","METAIRIE","LA","70005-1889","","30.10","0","5.49","0","0","0","0","0","0","0","0","-5.34","0","0","0","30.25"
"Apr 19, 2017 2:07:48 PM PDT","6339098411","Shipping Services","113-5424412-3152212","","Shipping Label Purchased through Amazon","","","Standard Orders","","","","","","0","0","0","0","0","0","0","0","0","0","0","0","0","0","-6.96","-6.96"
"Apr 19, 2017 2:07:53 PM PDT","6339098411","Order","113-5313309-4340225","R9-V3EO-9GBV","Samba by Perfumer's Workshop for Women - 3.3 Ounce EDT Spray","1","amazon.com","Standard Orders","Seller","RIPON","CA","95366-2208","","15.97","0","0","0","0","0","0","0","0","0","0","-2.40","0","0","0","13.57"
"Apr 19, 2017 2:08:30 PM PDT","6339098411","Shipping Services","113-5313309-4340225","","Shipping Label Purchased through Amazon","","","Standard Orders","","","","","","0","0","0","0","0","0","0","0","0","0","0","0","0","0","-3.76","-3.76"
"Apr 19, 2017 2:09:39 PM PDT","6339098411","Order","113-4518528-3614655","3X-GXR2-3ML5","Lagerfeld By Karl Lagerfeld For Men. Eau De Toilette Spray 4.2 Oz","1","amazon.com","Standard Orders","Seller","HUNTSVILLE","AL","35802-1049","","19.69","0","10.19","0","0","0","0","0","0","0","0","-4.48","0","0","0","25.40"
"Apr 19, 2017 2:10:15 PM PDT","6339098411","Shipping Services","113-4518528-3614655","","Shipping Label Purchased through Amazon","","","Standard Orders","","","","","","0","0","0","0","0","0","0","0","0","0","0","0","0","0","-6.05","-6.05"
"Apr 19, 2017 2:10:25 PM PDT","6339098411","Order","113-3526823-4050663","TP-JZ2P-HJSY","Daisy Eau So Fresh by Marc Jacobs Eau De Toilette Spray 4.2 oz Women's","1","amazon.com","Standard Orders","Seller","Orlando","FL","32819","","63.00","0","0","0","0","0","0","0","0","0","0","-9.45","0","0","0","53.55"
"Apr 19, 2017 2:11:01 PM PDT","6339098411","Shipping Services","113-3526823-4050663","","Shipping Label Purchased through Amazon","","","Standard Orders","","","","","","0","0","0","0","0","0","0","0","0","0","0","0","0","0","-4.61","-4.61"
"Apr 19, 2017 2:11:23 PM PDT","6339098411","Order","113-1633452-9218646","3X-GXR2-3ML5","Lagerfeld By Karl Lagerfeld For Men. Eau De Toilette Spray 4.2 Oz","1","amazon.com","Standard Orders","Seller","CLEVELAND","TX","77327-0590","","19.69","0","5.29","0","0","0","0","0","0","0","0","-3.75","0","0","0","21.23"
"Apr 19, 2017 2:11:47 PM PDT","6339098411","Shipping Services","113-1633452-9218646","","Shipping Label Purchased through Amazon","","","Standard Orders","","","","","","0","0","0","0","0","0","0","0","0","0","0","0","0","0","-3.76","-3.76"
"Apr 19, 2017 2:12:10 PM PDT","6339098411","Order","113-1000137-9621863","CR-OBSA-9V00","Usher By Usher For Men, Eau De Toilette Spray, 3.4-Ounce","1","amazon.com","Standard Orders","Seller","MAPLE SHADE","NJ","08052-2931","","27.00","0","0","0","0","0","0","0","0","0","0","-4.05","0","0","0","22.95"
"Apr 19, 2017 2:12:47 PM PDT","6339098411","Shipping Services","113-1000137-9621863","","Shipping Label Purchased through Amazon","","","Standard Orders","","","","","","0","0","0","0","0","0","0","0","0","0","0","0","0","0","-3.76","-3.76"
"Apr 19, 2017 2:12:57 PM PDT","6339098411","Order","112-9558710-9212244","UZ-YL8C-YVM0","Houbigant Quelques Fleurs Original Eau de Parfum Spray for Women, 3.4 Fluid Ounce","1","amazon.com","Standard Orders","Seller","Nashville","NC","27856","","62.00","0","5.04","0","0","0","0","0","0","0","0","-10.06","0","0","0","56.98"
"Apr 19, 2017 2:13:35 PM PDT","6339098411","Shipping Services","112-9558710-9212244","","Shipping Label Purchased through Amazon","","","Standard Orders","","","","","","0","0","0","0","0","0","0","0","0","0","0","0","0","0","-4.33","-4.33"
"Apr 19, 2017 2:13:53 PM PDT","6339098411","Order","112-9260622-9233035","XD-X7FW-SZVH","DIESEL ZERO PLUS by Diesel EDT SPRAY for MEN 2.5 OZ","1","amazon.com","Standard Orders","Seller","DAVIE","FL","33328-6985","","13.49","0","0","0","0","0","0","0","0","0","0","-2.02","0","0","0","11.47"
"Apr 19, 2017 2:14:19 PM PDT","6339098411","Shipping Services","112-9260622-9233035","","Shipping Label Purchased through Amazon","","","Standard Orders","","","","","","0","0","0","0","0","0","0","0","0","0","0","0","0","0","-3.76","-3.76"
"Apr 19, 2017 2:16:10 PM PDT","6339098411","Order","113-6951432-8754608","UZ-YL8C-YVM0","Houbigant Quelques Fleurs Original Eau de Parfum Spray for Women, 3.4 Fluid Ounce","1","amazon.com","Standard Orders","Seller","RANCHO MIRAGE","CA","92270-3703","","62.00","0","9.82","0","0","0","0","0","0","0","0","-10.77","0","0","0","61.05"
"Apr 19, 2017 2:16:53 PM PDT","6339098411","Order","112-7844153-0362617","E4-G6OD-TXK1","Plus Plus Feminine by Diesel 2.5 oz Eau de Toilette Spray New in Box (Women)","1","amazon.com","Standard Orders","Seller","MIAMI","FL","33166-6559","","12.29","0","0","0","0","0","0","0","0","0","0","-1.84","0","0","0","10.45"
"Apr 19, 2017 2:17:31 PM PDT","6339098411","Shipping Services","112-7844153-0362617","","Shipping Label Purchased through Amazon","","","Standard Orders","","","","","","0","0","0","0","0","0","0","0","0","0","0","0","0","0","-3.62","-3.62"
"Apr 19, 2017 2:18:30 PM PDT","6339098411","Shipping Services","112-6932146-7154608","","Shipping Label Purchased through Amazon","","","Standard Orders","","","","","","0","0","0","0","0","0","0","0","0","0","0","0","0","0","-6.05","-6.05"
"Apr 19, 2017 2:18:40 PM PDT","6339098411","Order","112-4482185-0568259","N2-AGOU-M6YS","Ed Hardy Born Wild for Women, Eau de Parfum Spray, 3.4 Ounce","1","amazon.com","Standard Orders","Seller","ALBUQUERQUE","NM","87112-4420","","69.95","0","5.24","0","0","0","0","0","0","0","0","-11.28","0","0","0","63.91"
"Apr 19, 2017 2:19:16 PM PDT","6339098411","Shipping Services","112-4482185-0568259","","Shipping Label Purchased through Amazon","","","Standard Orders","","","","","","0","0","0","0","0","0","0","0","0","0","0","0","0","0","-10.14","-10.14"
"Apr 19, 2017 2:19:27 PM PDT","6339098411","Order","112-0602331-4518648","RF-LX73-TAHE","DIESEL PLUS PLUS by Diesel EDT SPRAY 2.5 OZ Masculine","1","amazon.com","Standard Orders","Seller","LAGRANGE","GA","30240-5240","","14.25","0","0","0","0","0","0","0","0","0","0","-2.14","0","0","0","12.11"
"Apr 19, 2017 2:20:01 PM PDT","6339098411","Shipping Services","112-0602331-4518648","","Shipping Label Purchased through Amazon","","","Standard Orders","","","","","","0","0","0","0","0","0","0","0","0","0","0","0","0","0","-3.62","-3.62"
"Apr 19, 2017 2:20:15 PM PDT","6339098411","Order","111-9926224-1292229","8X-4L9P-TFCB","Sexual By Michel Germain For Men. Eau De Toilette Spray 4.2 Ounces","1","amazon.com","Standard Orders","Seller","REVERE","MA","02151-5308","","43.00","0","5.39","0","0","0","0","0","0","0","0","-7.26","0","0","0","41.13"
"Apr 19, 2017 2:20:48 PM PDT","6339098411","Shipping Services","111-9926224-1292229","","Shipping Label Purchased through Amazon","","","Standard Orders","","","","","","0","0","0","0","0","0","0","0","0","0","0","0","0","0","-4.46","-4.46"
"Apr 19, 2017 2:21:10 PM PDT","6339098411","Order","111-9254683-5165050","UY-ZSE7-Y1L9","Magic Dreams Women Eau De Parfume Spray by Parfums Rivera, 3.4 Ounce","2","amazon.com","Standard Orders","Seller","HOMESTEAD","FLORIDA","33032-6250","","17.34","0","6.89","0","0","0","0","0","0","0","0","-3.64","0","0","0","20.59"
"Apr 19, 2017 2:21:47 PM PDT","6339098411","Shipping Services","111-9254683-5165050","","Shipping Label Purchased through Amazon","","","Standard Orders","","","","","","0","0","0","0","0","0","0","0","0","0","0","0","0","0","-6.05","-6.05"
"Apr 19, 2017 2:21:53 PM PDT","6339098411","Order","111-8441582-2841025","TP-JZ2P-HJSY","Daisy Eau So Fresh by Marc Jacobs Eau De Toilette Spray 4.2 oz Women's","1","amazon.com","Standard Orders","Seller","EAST HARTFORD","CT","06118-1003","","63.00","0","0","0","0","0","0","0","0","0","0","-9.45","0","0","0","53.55"
"Apr 19, 2017 2:22:30 PM PDT","6339098411","Shipping Services","111-8441582-2841025","","Shipping Label Purchased through Amazon","","","Standard Orders","","","","","","0","0","0","0","0","0","0","0","0","0","0","0","0","0","-4.61","-4.61"
"Apr 19, 2017 2:22:33 PM PDT","6339098411","Order","111-7880123-6151410","TP-JZ2P-HJSY","Daisy Eau So Fresh by Marc Jacobs Eau De Toilette Spray 4.2 oz Women's","1","amazon.com","Standard Orders","Seller","MIDDLETOWN","NJ","07748-5110","","63.00","0","0","0","0","0","0","0","0","0","0","-9.45","0","0","0","53.55"
"Apr 19, 2017 2:23:07 PM PDT","6339098411","Shipping Services","111-7880123-6151410","","Shipping Label Purchased through Amazon","","","Standard Orders","","","","","","0","0","0","0","0","0","0","0","0","0","0","0","0","0","-4.61","-4.61"
"Apr 19, 2017 2:23:15 PM PDT","6339098411","Order","111-4893199-6871446","TP-JZ2P-HJSY","Daisy Eau So Fresh by Marc Jacobs Eau De Toilette Spray 4.2 oz Women's","1","amazon.com","Standard Orders","Seller","SUFFOLK","VA","23434-2189","","63.00","0","0","0","0","0","0","0","0","0","0","-9.45","0","0","0","53.55"
"Apr 19, 2017 2:23:50 PM PDT","6339098411","Shipping Services","111-4893199-6871446","","Shipping Label Purchased through Amazon","","","Standard Orders","","","","","","0","0","0","0","0","0","0","0","0","0","0","0","0","0","-4.61","-4.61"
"Apr 19, 2017 2:24:29 PM PDT","6339098411","Order","111-2215063-3412211","TP-JZ2P-HJSY","Daisy Eau So Fresh by Marc Jacobs Eau De Toilette Spray 4.2 oz Women's","1","amazon.com","Standard Orders","Seller","DEL RIO","TX","78840-4029","","63.00","0","0","0","0","0","0","0","0","0","0","-9.45","0","0","0","53.55"
"Apr 19, 2017 2:24:57 PM PDT","6339098411","Shipping Services","111-2215063-3412211","","Shipping Label Purchased through Amazon","","","Standard Orders","","","","","","0","0","0","0","0","0","0","0","0","0","0","0","0","0","-4.61","-4.61"
"Apr 19, 2017 2:26:23 PM PDT","6339098411","Order","112-6932146-7154608","XD-X7FW-SZVH","DIESEL ZERO PLUS by Diesel EDT SPRAY for MEN 2.5 OZ","1","amazon.com","Standard Orders","Seller","WYOMING","MI","49509-4035","","13.49","0","0","0","0","0","0","0","0","0","0","-2.02","0","0","0","11.47"
"Apr 19, 2017 2:26:23 PM PDT","6339098411","Order","112-6932146-7154608","RF-LX73-TAHE","DIESEL PLUS PLUS by Diesel EDT SPRAY 2.5 OZ Masculine","1","amazon.com","Standard Orders","Seller","WYOMING","MI","49509-4035","","14.25","0","0","0","0","0","0","0","0","0","0","-2.14","0","0","0","12.11"
"Apr 19, 2017 2:27:37 PM PDT","6339098411","Order","114-1960076-6808219","JB-8JAJ-YTCM","Carolina Herrera Good Girl Eau de Parfum 1.7oz (50ml) Spray","1","amazon.com","Standard Orders","Seller","LOGAN","UT","84321-6036","","86.17","0","5.81","0","0","0","0","0","0","0","0","-13.80","0","0","0","78.18"
"Apr 19, 2017 2:28:04 PM PDT","6339098411","Shipping Services","114-1960076-6808219","","Shipping Label Purchased through Amazon","","","Standard Orders","","","","","","0","0","0","0","0","0","0","0","0","0","0","0","0","0","-4.19","-4.19"
"Apr 19, 2017 2:28:06 PM PDT","6339098411","Order","111-1650876-9722638","JB-8JAJ-YTCM","Carolina Herrera Good Girl Eau de Parfum 1.7oz (50ml) Spray","1","amazon.com","Standard Orders","Seller","Wichita","KS.","67213","","86.13","0","10.97","0","0","0","0","0","0","0","0","-14.57","0","0","0","82.53"
"Apr 19, 2017 2:28:43 PM PDT","6339098411","Shipping Services","111-1650876-9722638","","Shipping Label Purchased through Amazon","","","Standard Orders","","","","","","0","0","0","0","0","0","0","0","0","0","0","0","0","0","-6.20","-6.20"
"Apr 19, 2017 2:48:35 PM PDT","6339098411","Order","111-7043704-2093034","FY-7C7N-PWYT","Karen Low Exchange Men Eau De Toilette Spray, 3.4 Ounce","1","amazon.com","Standard Orders","Seller","FREDERICKSBURG","VIRGINIA","22405-5906","","9.63","0","5.19","0","0","0","0","0","0","0","0","-2.22","0","0","0","12.60"
"Apr 19, 2017 2:49:12 PM PDT","6339098411","Shipping Services","111-7043704-2093034","","Shipping Label Purchased through Amazon","","","Standard Orders","","","","","","0","0","0","0","0","0","0","0","0","0","0","0","0","0","-4.04","-4.04"
"Apr 19, 2017 2:50:02 PM PDT","6339098411","Order","111-6917495-8338604","9I-Z435-OO5S","WONDERSTRUCK - EDP 3.4 OZ SP L","1","amazon.com","Standard Orders","Seller","TROY","NY","12180","","21.00","0","5.37","0","0","0","0","0","0","0","0","-3.96","0","0","0","22.41"
"Apr 19, 2017 2:50:40 PM PDT","6339098411","Shipping Services","111-6917495-8338604","","Shipping Label Purchased through Amazon","","","Standard Orders","","","","","","0","0","0","0","0","0","0","0","0","0","0","0","0","0","-4.04","-4.04"
"Apr 19, 2017 2:51:00 PM PDT","6339098411","Order","111-3685840-0581003","5O-31IO-QBG8","Bvlgari Aqva Eau de Toilette Spray for Men, New In Box, 3.4 Fluid Ounce","1","amazon.com","Standard Orders","Seller","NAPLES","FL","34116-4961","","33.00","0","5.34","0","0","0","0","0","0","0","0","-5.75","0","0","0","32.59"
"Apr 19, 2017 2:51:29 PM PDT","6339098411","Shipping Services","111-3685840-0581003","","Shipping Label Purchased through Amazon","","","Standard Orders","","","","","","0","0","0","0","0","0","0","0","0","0","0","0","0","0","-4.46","-4.46"
"Apr 19, 2017 2:51:45 PM PDT","6339098411","Order","111-1888605-4189816","RF-LX73-TAHE","DIESEL PLUS PLUS by Diesel EDT SPRAY 2.5 OZ Masculine","1","amazon.com","Standard Orders","Seller","BRONX","NY","10467-6137","","14.25","0","0","0","0","0","0","0","0","0","0","-2.14","0","0","0","12.11"
"Apr 19, 2017 2:52:22 PM PDT","6339098411","Shipping Services","111-1888605-4189816","","Shipping Label Purchased through Amazon","","","Standard Orders","","","","","","0","0","0","0","0","0","0","0","0","0","0","0","0","0","-3.62","-3.62"
"Apr 19, 2017 2:52:33 PM PDT","6339098411","Order","111-1210698-7923467","8P-V1G2-3C7S","Thallium 3.4 Fl. oz. Eau De Toilette Spray Men","1","amazon.com","Standard Orders","Seller","palm bay","fl","32907","","13.00","0","5.09","0","0","0","0","0","0","0","0","-2.71","0","0","0","15.38"
"Apr 19, 2017 2:53:12 PM PDT","6339098411","Shipping Services","111-1210698-7923467","","Shipping Label Purchased through Amazon","","","Standard Orders","","","","","","0","0","0","0","0","0","0","0","0","0","0","0","0","0","-3.76","-3.76"
"Apr 19, 2017 2:55:21 PM PDT","6339098411","Order","111-3390534-2397817","XD-X7FW-SZVH","DIESEL ZERO PLUS by Diesel EDT SPRAY for MEN 2.5 OZ","2","amazon.com","Standard Orders","Seller","MIAMI","FL","33195-9157","","26.98","0","0","0","0","0","0","0","0","0","0","-4.04","0","0","0","22.94"
"Apr 19, 2017 2:55:58 PM PDT","6339098411","Shipping Services","111-3390534-2397817","","Shipping Label Purchased through Amazon","","","Standard Orders","","","","","","0","0","0","0","0","0","0","0","0","0","0","0","0","0","-6.05","-6.05"
"Apr 19, 2017 2:56:19 PM PDT","6339098411","Order","111-0073102-2945018","N7-F7FS-Z4NK","Blue Seduction by Antonio Banderas for Men. Eau De Toilette Spray 3.4-Ounces","1","amazon.com","Standard Orders","Seller","STATE COLLEGE","PA","16803-2023","","19.00","0","0","0","0","0","0","0","0","0","0","-2.85","0","0","0","16.15"
"Apr 19, 2017 2:56:57 PM PDT","6339098411","Shipping Services","111-0073102-2945018","","Shipping Label Purchased through Amazon","","","Standard Orders","","","","","","0","0","0","0","0","0","0","0","0","0","0","0","0","0","-3.76","-3.76"
"Apr 19, 2017 2:57:58 PM PDT","6339098411","Order","114-8546779-2120222","LX-TSWW-29S8","White Diamonds By Elizabeth Taylor Edt Spray 3.3 Oz for Women","1","amazon.com","Standard Orders","Seller","HARRINGTON","WA","99134","","23.32","0","5.50","0","0","0","0","0","0","0","0","-4.32","0","0","0","24.50"
"Apr 19, 2017 2:58:35 PM PDT","6339098411","Shipping Services","114-8546779-2120222","","Shipping Label Purchased through Amazon","","","Standard Orders","","","","","","0","0","0","0","0","0","0","0","0","0","0","0","0","0","-3.76","-3.76"
"Apr 19, 2017 2:59:11 PM PDT","6339098411","Order","114-6480351-8949051","UR-D9YP-L4RF","Curve Crush Cologne Spray 4.2 Ounce","1","amazon.com","Standard Orders","Seller","LAUREL","MD","20707-5841","","18.19","0","5.28","0","0","0","0","0","0","0","0","-3.52","0","0","0","19.95"
"Apr 19, 2017 2:59:49 PM PDT","6339098411","Shipping Services","114-6480351-8949051","","Shipping Label Purchased through Amazon","","","Standard Orders","","","","","","0","0","0","0","0","0","0","0","0","0","0","0","0","0","-3.76","-3.76"
"Apr 19, 2017 2:59:51 PM PDT","6339098411","Order","114-4113502-8698647","KF-2WDK-CCTQ","Narciso Rodriguez by Narciso Rodriguez for Him Men 3.3 oz Eau de Toilette Spray","1","amazon.com","Standard Orders","Seller","GAINESVILLE","FL","32608-0507","","56.66","0","5.64","0","0","0","0","0","0","0","0","-9.35","0","0","0","52.95"
"Apr 19, 2017 3:00:29 PM PDT","6339098411","Shipping Services","114-4113502-8698647","","Shipping Label Purchased through Amazon","","","Standard Orders","","","","","","0","0","0","0","0","0","0","0","0","0","0","0","0","0","-4.61","-4.61"
"Apr 19, 2017 3:00:42 PM PDT","6339098411","Order","114-0504714-4169826","N2-AGOU-M6YS","Ed Hardy Born Wild for Women, Eau de Parfum Spray, 3.4 Ounce","1","amazon.com","Standard Orders","Seller","BELLEVUE","NE","68005-5438","","69.95","0","5.24","0","0","0","0","0","0","0","0","-11.28","0","0","0","63.91"
"Apr 19, 2017 3:01:20 PM PDT","6339098411","Shipping Services","114-0504714-4169826","","Shipping Label Purchased through Amazon","","","Standard Orders","","","","","","0","0","0","0","0","0","0","0","0","0","0","0","0","0","-6.20","-6.20"
"Apr 19, 2017 3:02:09 PM PDT","6339098411","Order","113-6103038-1651454","68-N1IB-CBI6","Tiamo Emotion Eau De Toilette 3.4 Fl.oz. for Men","2","amazon.com","Standard Orders","Seller","MIAMI","FL","33147-2924","","35.96","0","4.49","0","0","0","0","0","0","0","0","-6.06","0","0","0","34.39"
"Apr 19, 2017 3:02:47 PM PDT","6339098411","Shipping Services","113-6103038-1651454","","Shipping Label Purchased through Amazon","","","Standard Orders","","","","","","0","0","0","0","0","0","0","0","0","0","0","0","0","0","-6.05","-6.05"
"Apr 19, 2017 3:03:12 PM PDT","6339098411","Order","113-3878036-4582626","B0-30LP-CY8E","Jessica Simpson Fancy Love  Gift Set for Women (Eau de Parfum Spray 3.4 Ounce, Lotion 4 Ounce, Lotion 3 Ounce, Bath and Shower Cream, Eau de Parfum Sp","1","amazon.com","Standard Orders","Seller","Tamarac","FL","33321","","41.10","0","6.89","0","0","0","0","0","0","0","0","-7.20","0","0","0","40.79"
"Apr 19, 2017 3:03:50 PM PDT","6339098411","Shipping Services","113-3878036-4582626","","Shipping Label Purchased through Amazon","","","Standard Orders","","","","","","0","0","0","0","0","0","0","0","0","0","0","0","0","0","-9.21","-9.21"
"Apr 19, 2017 3:04:23 PM PDT","6339098411","Order","113-3306472-4816227","OI-C2S7-9PQF","Curve Crush for Women by Liz Claiborne, Gift Set - 3.4 oz Eau De Toilette Spray + .5 oz Mini EDT Spray + 2.5 oz Body Lotion + 2.5 oz Shoer Gel","1","amazon.com","Standard Orders","Seller","victoryville","california","92395","","36.34","0","6.69","0","0","0","0","0","0","0","0","-6.45","0","0","0","36.58"
"Apr 19, 2017 3:05:01 PM PDT","6339098411","Shipping Services","113-3306472-4816227","","Shipping Label Purchased through Amazon","","","Standard Orders","","","","","","0","0","0","0","0","0","0","0","0","0","0","0","0","0","-7.34","-7.34"
"Apr 19, 2017 3:05:11 PM PDT","6339098411","Order","113-1058280-7771464","7R-3UPR-4TP8","Perry Ellis 18 Intense by Perry Ellis for Men - 3.4 Ounce EDT Spray","1","amazon.com","Standard Orders","Seller","MIAMI","FL","33195-2698","","24.69","0","5.29","0","0","0","0","0","0","0","0","-4.50","0","0","0","25.48"
"Apr 19, 2017 3:05:47 PM PDT","6339098411","Shipping Services","113-1058280-7771464","","Shipping Label Purchased through Amazon","","","Standard Orders","","","","","","0","0","0","0","0","0","0","0","0","0","0","0","0","0","-4.46","-4.46"
"Apr 19, 2017 3:06:02 PM PDT","6339098411","Order","113-0037304-6574644","B1-Q4A6-943D","Anna Sui Secret Wish Eau de Toilette Spray for Women, 2.5 Ounce","1","amazon.com","Standard Orders","Seller","PFLUGERVILLE","TX","78660-2545","","59.98","0","0","0","0","0","0","0","0","0","0","-9.00","0","0","0","50.98"
"Apr 19, 2017 3:06:40 PM PDT","6339098411","Shipping Services","113-0037304-6574644","","Shipping Label Purchased through Amazon","","","Standard Orders","","","","","","0","0","0","0","0","0","0","0","0","0","0","0","0","0","-4.33","-4.33"
"Apr 19, 2017 3:07:14 PM PDT","6339098411","Order","112-9801796-1572208","XD-X7FW-SZVH","DIESEL ZERO PLUS by Diesel EDT SPRAY for MEN 2.5 OZ","1","amazon.com","Standard Orders","Seller","DORAL","FL","33198-1534","","13.49","0","0","0","0","0","0","0","0","0","0","-2.02","0","0","0","11.47"
"Apr 19, 2017 3:07:14 PM PDT","6339098411","Order","112-9801796-1572208","RF-LX73-TAHE","DIESEL PLUS PLUS by Diesel EDT SPRAY 2.5 OZ Masculine","1","amazon.com","Standard Orders","Seller","DORAL","FL","33198-1534","","14.25","0","0","0","0","0","0","0","0","0","0","-2.14","0","0","0","12.11"
"Apr 19, 2017 3:07:48 PM PDT","6339098411","Shipping Services","112-9801796-1572208","","Shipping Label Purchased through Amazon","","","Standard Orders","","","","","","0","0","0","0","0","0","0","0","0","0","0","0","0","0","-6.05","-6.05"
"Apr 19, 2017 3:07:57 PM PDT","6339098411","Order","112-8711492-6085064","JK-130P-A3PQ","Tiamo by Parfum Blaze Eau De Toilette Spray 3.4 oz","1","amazon.com","Standard Orders","Seller","WEST NEW YORK","NJ","07093-2004","","14.93","0","0","0","0","0","0","0","0","0","0","-2.24","0","0","0","12.69"
"Apr 19, 2017 3:08:35 PM PDT","6339098411","Shipping Services","112-8711492-6085064","","Shipping Label Purchased through Amazon","","","Standard Orders","","","","","","0","0","0","0","0","0","0","0","0","0","0","0","0","0","-4.46","-4.46"
"Apr 19, 2017 3:09:17 PM PDT","6339098411","Order","112-8454305-4441069","RF-LX73-TAHE","DIESEL PLUS PLUS by Diesel EDT SPRAY 2.5 OZ Masculine","1","amazon.com","Standard Orders","Seller","CHURCH POINT","LA","70525-3407","","14.25","0","0","0","0","0","0","0","0","0","0","-2.14","0","0","0","12.11"
"Apr 19, 2017 3:09:55 PM PDT","6339098411","Shipping Services","112-8454305-4441069","","Shipping Label Purchased through Amazon","","","Standard Orders","","","","","","0","0","0","0","0","0","0","0","0","0","0","0","0","0","-3.62","-3.62"
"Apr 19, 2017 3:10:11 PM PDT","6339098411","Order","111-0810045-6316211","7R-3UPR-4TP8","Perry Ellis 18 Intense by Perry Ellis for Men - 3.4 Ounce EDT Spray","1","amazon.com","Standard Orders","Seller","ALAMOGORDO","NM","88310-6413","","24.69","0","5.29","0","0","0","0","0","0","0","0","-4.50","0","0","0","25.48"
"Apr 19, 2017 3:10:46 PM PDT","6339098411","Shipping Services","111-0810045-6316211","","Shipping Label Purchased through Amazon","","","Standard Orders","","","","","","0","0","0","0","0","0","0","0","0","0","0","0","0","0","-4.46","-4.46"
"Apr 19, 2017 3:11:16 PM PDT","6339098411","Order","111-8906014-3491402","XK-4TVT-EHKJ","Perry Ellis 360 By PERRY ELLIS For Women Gift Set - 3.4 oz Eau De Toilette Spray + 3 oz Shower Gel + 3 oz Body Lotion + .25 oz Mini EDT Spray","1","amazon.com","Standard Orders","Seller","GASTONIA","NC","28052-6702","","31.32","0","5.12","0","0","0","0","0","0","0","0","-5.47","0","0","0","30.97"
"Apr 19, 2017 3:11:55 PM PDT","6339098411","Shipping Services","111-8906014-3491402","","Shipping Label Purchased through Amazon","","","Standard Orders","","","","","","0","0","0","0","0","0","0","0","0","0","0","0","0","0","-6.93","-6.93"
"Apr 19, 2017 3:12:35 PM PDT","6339098411","Order","111-1376910-8197007","HO-EI5S-QVRS","Jessica Simpson Fancy Love for Women 4 Piece Set","1","amazon.com","Standard Orders","Seller","CLINTON TOWNSHIP","MI","48036-1311","","59.39","0","4.49","0","0","0","0","0","0","0","0","-9.58","0","0","0","54.30"
"Apr 19, 2017 3:13:11 PM PDT","6339098411","Shipping Services","111-1376910-8197007","","Shipping Label Purchased through Amazon","","","Standard Orders","","","","","","0","0","0","0","0","0","0","0","0","0","0","0","0","0","-7.08","-7.08"
"Apr 19, 2017 3:13:32 PM PDT","6339098411","Order","111-5748353-3073044","9I-Z435-OO5S","WONDERSTRUCK - EDP 3.4 OZ SP L","3","amazon.com","Standard Orders","Seller","NEWARK","DE","19702-1359","","63.00","0","7.13","0","0","0","0","0","0","0","0","-10.53","0","0","0","59.60"
"Apr 19, 2017 3:14:09 PM PDT","6339098411","Shipping Services","111-5748353-3073044","","Shipping Label Purchased through Amazon","","","Standard Orders","","","","","","0","0","0","0","0","0","0","0","0","0","0","0","0","0","-6.20","-6.20"
"Apr 19, 2017 3:18:11 PM PDT","6339098411","Order","111-1122489-7521840","JQ-XP7R-N74L","212 VIP ROSE by Carolina Herrera 2.7 Ounce / 80 ml Eau de Parfum Women Perfume Spray","1","amazon.com","Standard Orders","Seller","miami","florida","33126-1112","","69.30","0","5.39","0","0","0","0","0","0","0","0","-11.20","0","0","0","63.49"
"Apr 19, 2017 3:18:47 PM PDT","6339098411","Shipping Services","111-1122489-7521840","","Shipping Label Purchased through Amazon","","","Standard Orders","","","","","","0","0","0","0","0","0","0","0","0","0","0","0","0","0","-4.61","-4.61"
"Apr 19, 2017 3:22:36 PM PDT","6339098411","Order","113-7829146-9921019","UY-ZSE7-Y1L9","Magic Dreams Women Eau De Parfume Spray by Parfums Rivera, 3.4 Ounce","5","amazon.com","Standard Orders","Seller","FORT WORTH","TX","76123-2720","","43.35","0","10.49","0","0","0","0","0","0","0","0","-8.10","0","0","0","45.74"
"Apr 19, 2017 3:23:09 PM PDT","6339098411","Shipping Services","113-7829146-9921019","","Shipping Label Purchased through Amazon","","","Standard Orders","","","","","","0","0","0","0","0","0","0","0","0","0","0","0","0","0","-14.46","-14.46"
"Apr 19, 2017 4:29:13 PM PDT","6339098411","Order","113-4693227-1014651","DN-0G1V-G4UO","CREATION LAMIS PURE BLACK 3.3 OZ.","1","amazon.com","Standard Orders","Seller","NEW CASTLE","DELAWARE","19720-2066","","9.82","0","0","0","0","0","0","0","0","0","0","-1.47","0","0","0","8.35"
"Apr 19, 2017 4:29:50 PM PDT","6339098411","Shipping Services","113-4693227-1014651","","Shipping Label Purchased through Amazon","","","Standard Orders","","","","","","0","0","0","0","0","0","0","0","0","0","0","0","0","0","-3.62","-3.62"
"Apr 19, 2017 4:30:46 PM PDT","6339098411","Order","114-8132685-8859412","2L-YX0W-CS37","Johan B Merveille Eau De Parfum Spray for Women, 3.4 Ounce","1","amazon.com","Standard Orders","Seller","Boca Raton","FL","33486","","18.97","0","0","0","0","0","0","0","0","0","0","-2.85","0","0","0","16.12"
"Apr 19, 2017 4:31:21 PM PDT","6339098411","Shipping Services","114-8132685-8859412","","Shipping Label Purchased through Amazon","","","Standard Orders","","","","","","0","0","0","0","0","0","0","0","0","0","0","0","0","0","-4.46","-4.46"
"Apr 19, 2017 4:31:34 PM PDT","6339098411","Order","113-3799546-3041049","TJ-E71K-IYKR","Paul Sebastian Cologne for Men, 8.0 Fluid Ounce","2","amazon.com","Standard Orders","Seller","FRANKFORT","IN","46041-7831","","40.56","0","6.89","0","0","0","0","0","0","0","0","-7.12","0","0","0","40.33"
"Apr 19, 2017 4:32:12 PM PDT","6339098411","Shipping Services","113-3799546-3041049","","Shipping Label Purchased through Amazon","","","Standard Orders","","","","","","0","0","0","0","0","0","0","0","0","0","0","0","0","0","-6.05","-6.05"
"Apr 19, 2017 4:32:39 PM PDT","6339098411","Order","113-1963073-3878612","UY-ZSE7-Y1L9","Magic Dreams Women Eau De Parfume Spray by Parfums Rivera, 3.4 Ounce","1","amazon.com","Standard Orders","Seller","BALTIMORE","MD","21229-3357","","8.67","0","5.69","0","0","0","0","0","0","0","0","-2.15","0","0","0","12.21"
"Apr 19, 2017 4:33:16 PM PDT","6339098411","Shipping Services","113-1963073-3878612","","Shipping Label Purchased through Amazon","","","Standard Orders","","","","","","0","0","0","0","0","0","0","0","0","0","0","0","0","0","-6.05","-6.05"
"Apr 19, 2017 4:34:39 PM PDT","6339098411","Shipping Services","113-1178171-6672234","","Shipping Label Purchased through Amazon","","","Standard Orders","","","","","","0","0","0","0","0","0","0","0","0","0","0","0","0","0","-3.76","-3.76"
"Apr 19, 2017 4:35:31 PM PDT","6339098411","Order","113-0062433-7381052","72-CU1L-SLHE","Cuba Variety By Cuba For Men. Set-4 Piece Mini Variety With Cuba Gold, Red, Blue, & Orange & All Are .17 OZ","1","amazon.com","Standard Orders","Seller","LAYTON","UT","84041-5055","","24.89","0","4.59","0","0","0","0","0","0","0","0","-4.42","0","0","0","25.06"
"Apr 19, 2017 4:36:08 PM PDT","6339098411","Shipping Services","113-0062433-7381052","","Shipping Label Purchased through Amazon","","","Standard Orders","","","","","","0","0","0","0","0","0","0","0","0","0","0","0","0","0","-3.90","-3.90"
"Apr 19, 2017 4:36:45 PM PDT","6339098411","Order","112-5661628-4969027","UY-T92D-JIMV","Dis-lui Extreme Pour Homme 3.4 Oz Eau De Parfum Spray for Men","2","amazon.com","Standard Orders","Seller","KISSIMMEE","FL","34747-3210","","21.00","0","0","0","0","0","0","0","0","0","0","-3.16","0","0","0","17.84"
"Apr 19, 2017 4:37:23 PM PDT","6339098411","Shipping Services","112-5661628-4969027","","Shipping Label Purchased through Amazon","","","Standard Orders","","","","","","0","0","0","0","0","0","0","0","0","0","0","0","0","0","-4.46","-4.46"
"Apr 19, 2017 4:38:00 PM PDT","6339098411","Order","112-5640052-4081042","RF-LX73-TAHE","DIESEL PLUS PLUS by Diesel EDT SPRAY 2.5 OZ Masculine","1","amazon.com","Standard Orders","Seller","HIGHLAND PARK","NJ","08904-2515","","14.25","0","0","0","0","0","0","0","0","0","0","-2.14","0","0","0","12.11"
"Apr 19, 2017 4:38:37 PM PDT","6339098411","Shipping Services","112-5640052-4081042","","Shipping Label Purchased through Amazon","","","Standard Orders","","","","","","0","0","0","0","0","0","0","0","0","0","0","0","0","0","-3.62","-3.62"
"Apr 19, 2017 4:38:56 PM PDT","6339098411","Order","111-8726254-4123403","XD-X7FW-SZVH","DIESEL ZERO PLUS by Diesel EDT SPRAY for MEN 2.5 OZ","1","amazon.com","Standard Orders","Seller","DORAL","FLORIDA","33122-1530","","13.49","0","0","0","0","0","0","0","0","0","0","-2.02","0","0","0","11.47"
"Apr 19, 2017 4:39:32 PM PDT","6339098411","Shipping Services","111-8726254-4123403","","Shipping Label Purchased through Amazon","","","Standard Orders","","","","","","0","0","0","0","0","0","0","0","0","0","0","0","0","0","-3.76","-3.76"
"Apr 19, 2017 4:42:43 PM PDT","6339098411","Order","113-1178171-6672234","UR-D9YP-L4RF","Curve Crush Cologne Spray 4.2 Ounce","1","amazon.com","Standard Orders","Seller","CHICAGO","IL","60612-2459","","18.16","0","5.28","0","0","0","0","0","0","0","0","-3.52","0","0","0","19.92"
"Apr 19, 2017 4:45:15 PM PDT","6339098411","Order","111-5820221-5062625","LE-09BF-AAOR","Lively By Parfums Lively Eau De Toilette Spray 3.4 Oz For Men","1","amazon.com","Standard Orders","Seller","RICHMOND","VA","23230-2417","","9.82","0","4.59","0","0","0","0","0","0","0","0","-2.16","0","0","0","12.25"
"Apr 19, 2017 4:45:51 PM PDT","6339098411","Shipping Services","111-5820221-5062625","","Shipping Label Purchased through Amazon","","","Standard Orders","","","","","","0","0","0","0","0","0","0","0","0","0","0","0","0","0","-3.76","-3.76"
"Apr 20, 2017 5:01:30 AM PDT","6339898311","Transfer","","","To your account ending in: 6276, Bank Transfer ID: 091000013114964","","","Standard Orders","","","","","","0","0","0","0","0","0","0","0","0","0","0","0","0","0","-277.62","-277.62"
"Apr 20, 2017 1:32:46 PM PDT","6339898311","Order","112-3173201-2213046","B1-9MKJ-ITAB","Swiss Army Mountain Water by Swiss Army, 3.4 Ounce 100ml EDT Spray","1","amazon.com","Standard Orders","Seller","KOKOMO","IN","46902-5182","","28.88","0","5.04","0","0","0","0","0","0","0","0","-5.09","0","0","0","28.83"
"Apr 20, 2017 1:33:14 PM PDT","6339898311","Shipping Services","112-3173201-2213046","","Shipping Label Purchased through Amazon","","","Standard Orders","","","","","","0","0","0","0","0","0","0","0","0","0","0","0","0","0","-3.90","-3.90"
"Apr 20, 2017 1:34:15 PM PDT","6339898311","Order","111-4838270-5433006","TP-JZ2P-HJSY","Daisy Eau So Fresh by Marc Jacobs Eau De Toilette Spray 4.2 oz Women's","1","amazon.com","Standard Orders","Seller","CARROLLTON","TX","75010-2072","","63.00","0","28.44","0","0","0","0","0","0","0","0","-13.72","0","0","0","77.72"
"Apr 20, 2017 1:34:51 PM PDT","6339898311","Shipping Services","111-4838270-5433006","","Shipping Label Purchased through Amazon","","","Standard Orders","","","","","","0","0","0","0","0","0","0","0","0","0","0","0","0","0","-21.63","-21.63"
"Apr 20, 2017 1:36:02 PM PDT","6339898311","Shipping Services","114-9441496-4774639","","Shipping Label Purchased through Amazon","","","Standard Orders","","","","","","0","0","0","0","0","0","0","0","0","0","0","0","0","0","-6.05","-6.05"
"Apr 20, 2017 1:36:15 PM PDT","6339898311","Order","114-8903004-1657048","TP-JZ2P-HJSY","Daisy Eau So Fresh by Marc Jacobs Eau De Toilette Spray 4.2 oz Women's","1","amazon.com","Standard Orders","Seller","MIAMI","FL","33176-7860","","63.00","0","10.71","0","0","0","0","0","0","0","0","-11.06","0","0","0","62.65"
"Apr 20, 2017 1:36:49 PM PDT","6339898311","Shipping Services","114-8903004-1657048","","Shipping Label Purchased through Amazon","","","Standard Orders","","","","","","0","0","0","0","0","0","0","0","0","0","0","0","0","0","-6.20","-6.20"
"Apr 20, 2017 1:37:41 PM PDT","6339898311","Order","114-8060761-1733838","U4-EDHU-XZ1V","Roberto Cavalli Nero Assoluto By Roberto Cavalli Eau De Parfum Spray 2.5 Oz","1","amazon.com","Standard Orders","Seller","MANKATO","MN","56001-6950","","36.00","0","5.20","0","0","0","0","0","0","0","0","-6.18","0","0","0","35.02"
"Apr 20, 2017 1:37:56 PM PDT","6339898311","Shipping Services","114-8060761-1733838","","Shipping Label Purchased through Amazon","","","Standard Orders","","","","","","0","0","0","0","0","0","0","0","0","0","0","0","0","0","-4.18","-4.18"
"Apr 20, 2017 1:38:29 PM PDT","6339898311","Order","114-6074937-9367409","0I-6HEL-OJ1X","Lively 3.4 oz. Eau De Toilette Spray For Women","1","amazon.com","Standard Orders","Seller","MIAMI","FL","33184-3242","","14.73","0","4.70","0","0","0","0","0","0","0","0","-2.91","0","0","0","16.52"
"Apr 20, 2017 1:39:58 PM PDT","6339898311","Shipping Services","114-6074937-9367409","","Shipping Label Purchased through Amazon","","","Standard Orders","","","","","","0","0","0","0","0","0","0","0","0","0","0","0","0","0","-4.04","-4.04"
"Apr 20, 2017 1:41:54 PM PDT","6339898311","Order","114-5103946-4591436","KF-2WDK-CCTQ","Narciso Rodriguez by Narciso Rodriguez for Him Men 3.3 oz Eau de Toilette Spray","1","amazon.com","Standard Orders","Seller","NEW YORK","NY","10128-6900","","56.61","0","5.64","0","0","0","0","0","0","0","0","-9.34","0","0","0","52.91"
"Apr 20, 2017 1:42:26 PM PDT","6339898311","Shipping Services","114-5103946-4591436","","Shipping Label Purchased through Amazon","","","Standard Orders","","","","","","0","0","0","0","0","0","0","0","0","0","0","0","0","0","-4.61","-4.61"
"Apr 20, 2017 1:43:26 PM PDT","6339898311","Order","114-9441496-4774639","QE-9U4J-U2YO","NEW BRAND EVA 3.3 OZ.","4","amazon.com","Standard Orders","Seller","BROOKLYN","NY","11226-3882","","26.28","0","7.33","0","0","0","0","0","0","0","0","-5.04","0","0","0","28.57"
"Apr 20, 2017 1:46:07 PM PDT","6339898311","Order","114-4186514-6397050","TP-JZ2P-HJSY","Daisy Eau So Fresh by Marc Jacobs Eau De Toilette Spray 4.2 oz Women's","1","amazon.com","Standard Orders","Seller","BRONX","NY","10456-4392","","63.00","0","28.44","0","0","0","0","0","0","0","0","-13.72","0","0","0","77.72"
"Apr 20, 2017 1:46:43 PM PDT","6339898311","Shipping Services","114-4186514-6397050","","Shipping Label Purchased through Amazon","","","Standard Orders","","","","","","0","0","0","0","0","0","0","0","0","0","0","0","0","0","-6.20","-6.20"
"Apr 20, 2017 1:47:33 PM PDT","6339898311","Order","114-0916207-7751410","P2-7KAV-H2AX","Wonderstruck Taylor Swift Gift Set","1","amazon.com","Standard Orders","Seller","KINGMAN","AZ","86401-4715","","28.74","0","6.24","0","0","0","0","0","0","0","0","-5.25","0","0","0","29.73"
"Apr 20, 2017 1:48:07 PM PDT","6339898311","Shipping Services","114-0916207-7751410","","Shipping Label Purchased through Amazon","","","Standard Orders","","","","","","0","0","0","0","0","0","0","0","0","0","0","0","0","0","-7.34","-7.34"
"Apr 20, 2017 1:48:30 PM PDT","6339898311","Order","113-9881559-9709015","TP-JZ2P-HJSY","Daisy Eau So Fresh by Marc Jacobs Eau De Toilette Spray 4.2 oz Women's","1","amazon.com","Standard Orders","Seller","WOODSIDE","NY","11377-4215","","63.00","0","0","0","0","0","0","0","0","0","0","-9.45","0","0","0","53.55"
"Apr 20, 2017 1:49:05 PM PDT","6339898311","Shipping Services","113-9881559-9709015","","Shipping Label Purchased through Amazon","","","Standard Orders","","","","","","0","0","0","0","0","0","0","0","0","0","0","0","0","0","-4.61","-4.61"
"Apr 20, 2017 1:49:49 PM PDT","6339898311","Order","113-7031939-9127435","5O-31IO-QBG8","Bvlgari Aqva Eau de Toilette Spray for Men, New In Box, 3.4 Fluid Ounce","1","amazon.com","Standard Orders","Seller","STAMFORD","CT","06905","","33.00","0","5.34","0","0","0","0","0","0","0","0","-5.75","0","0","0","32.59"
"Apr 20, 2017 1:49:50 PM PDT","6339898311","Shipping Services","113-7031939-9127435","","Shipping Label Purchased through Amazon","","","Standard Orders","","","","","","0","0","0","0","0","0","0","0","0","0","0","0","0","0","-4.46","-4.46"
"Apr 20, 2017 1:51:07 PM PDT","6339898311","Order","113-6354086-3668267","C0-RNT8-L2ZB","Versace Crystal Noir Gift Set","1","amazon.com","Standard Orders","Seller","Ardsley","New York","10502","","60.45","0","5.49","0","0","0","0","0","0","0","0","-9.89","0","0","0","56.05"
"Apr 20, 2017 1:51:45 PM PDT","6339898311","Shipping Services","113-6354086-3668267","","Shipping Label Purchased through Amazon","","","Standard Orders","","","","","","0","0","0","0","0","0","0","0","0","0","0","0","0","0","-6.78","-6.78"
"Apr 20, 2017 1:51:45 PM PDT","6339898311","Order","113-6099365-2074616","GE-DDEU-7TI5","Samba By Perfumers Workshop For Men. Eau De Toilette Spray 3.3 Ounces","1","amazon.com","Standard Orders","Seller","SACRAMENTO","CA","95828-4524","","15.00","0","5.04","0","0","0","0","0","0","0","0","-3.01","0","0","0","17.03"
"Apr 20, 2017 1:52:21 PM PDT","6339898311","Shipping Services","113-6099365-2074616","","Shipping Label Purchased through Amazon","","","Standard Orders","","","","","","0","0","0","0","0","0","0","0","0","0","0","0","0","0","-3.76","-3.76"
"Apr 20, 2017 1:52:31 PM PDT","6339898311","Order","113-4355299-2797022","7R-3UPR-4TP8","Perry Ellis 18 Intense by Perry Ellis for Men - 3.4 Ounce EDT Spray","1","amazon.com","Standard Orders","Seller","Sarasota","Florida","34249","","24.69","0","5.29","0","0","0","0","0","0","0","0","-4.50","0","0","0","25.48"
"Apr 20, 2017 1:53:07 PM PDT","6339898311","Shipping Services","113-4355299-2797022","","Shipping Label Purchased through Amazon","","","Standard Orders","","","","","","0","0","0","0","0","0","0","0","0","0","0","0","0","0","-4.46","-4.46"
"Apr 20, 2017 1:53:20 PM PDT","6339898311","Order","113-1967385-2699424","TP-JZ2P-HJSY","Daisy Eau So Fresh by Marc Jacobs Eau De Toilette Spray 4.2 oz Women's","1","amazon.com","Standard Orders","Seller","SAINT PAUL","MINNESOTA","55109-1614","","63.00","0","0","0","0","0","0","0","0","0","0","-9.45","0","0","0","53.55"
"Apr 20, 2017 1:53:57 PM PDT","6339898311","Shipping Services","113-1967385-2699424","","Shipping Label Purchased through Amazon","","","Standard Orders","","","","","","0","0","0","0","0","0","0","0","0","0","0","0","0","0","-4.61","-4.61"
"Apr 20, 2017 1:54:13 PM PDT","6339898311","Order","112-8650418-8950610","2E-FBF6-YZWY","Bvlgari Aqva Marine Pour Homme by Bvlgari 3.4oz 100ml EDT Spray","1","amazon.com","Standard Orders","Seller","WESTMINSTER","CA","92683-6539","","34.69","0","5.33","0","0","0","0","0","0","0","0","-6.00","0","0","0","34.02"
"Apr 20, 2017 1:54:45 PM PDT","6339898311","Shipping Services","112-8650418-8950610","","Shipping Label Purchased through Amazon","","","Standard Orders","","","","","","0","0","0","0","0","0","0","0","0","0","0","0","0","0","-4.32","-4.32"
"Apr 20, 2017 1:55:38 PM PDT","6339898311","Shipping Services","112-8437936-6781815","","Shipping Label Purchased through Amazon","","","Standard Orders","","","","","","0","0","0","0","0","0","0","0","0","0","0","0","0","0","-6.05","-6.05"
"Apr 20, 2017 1:55:39 PM PDT","6339898311","Order","112-7778440-7488225","TP-JZ2P-HJSY","Daisy Eau So Fresh by Marc Jacobs Eau De Toilette Spray 4.2 oz Women's","1","amazon.com","Standard Orders","Seller","ARLINGTON","VA","22206-3166","","63.00","0","0","0","0","0","0","0","0","0","0","-9.45","0","0","0","53.55"
"Apr 20, 2017 1:56:16 PM PDT","6339898311","Shipping Services","112-7778440-7488225","","Shipping Label Purchased through Amazon","","","Standard Orders","","","","","","0","0","0","0","0","0","0","0","0","0","0","0","0","0","-4.61","-4.61"
"Apr 20, 2017 1:57:07 PM PDT","6339898311","Shipping Services","112-0056795-4083467","","Shipping Label Purchased through Amazon","","","Standard Orders","","","","","","0","0","0","0","0","0","0","0","0","0","0","0","0","0","-4.04","-4.04"
"Apr 20, 2017 1:57:35 PM PDT","6339898311","Order","111-9135409-2177052","2L-YX0W-CS37","Johan B Merveille Eau De Parfum Spray for Women, 3.4 Ounce","1","amazon.com","Standard Orders","Seller","PARDEEVILLE","WI","53954-9703","","18.97","0","0","0","0","0","0","0","0","0","0","-2.85","0","0","0","16.12"
"Apr 20, 2017 1:57:48 PM PDT","6339898311","Shipping Services","111-9135409-2177052","","Shipping Label Purchased through Amazon","","","Standard Orders","","","","","","0","0","0","0","0","0","0","0","0","0","0","0","0","0","-4.46","-4.46"
"Apr 20, 2017 1:58:05 PM PDT","6339898311","Order","111-4644160-6190663","1O-YSQR-VEK9","1 Million Fragrance By Paco Rabanne 3pc Travel Edition Gift Set . 3.4 Fl.Oz. Eau De Toilette Spray + 3.4 S/G Men+15ml spray Mini For Men","1","amazon.com","Standard Orders","Seller","OMAHA","NE","68124-2814","","67.00","0","4.49","0","0","0","0","0","0","0","0","-10.72","0","0","0","60.77"
"Apr 20, 2017 1:58:41 PM PDT","6339898311","Shipping Services","111-4644160-6190663","","Shipping Label Purchased through Amazon","","","Standard Orders","","","","","","0","0","0","0","0","0","0","0","0","0","0","0","0","0","-7.11","-7.11"
"Apr 20, 2017 1:59:21 PM PDT","6339898311","Shipping Services","111-3172277-9949850","","Shipping Label Purchased through Amazon","","","Standard Orders","","","","","","0","0","0","0","0","0","0","0","0","0","0","0","0","0","-4.32","-4.32"
"Apr 20, 2017 2:00:04 PM PDT","6339898311","Order","114-5771921-4029053","2R-XBDJ-90C7","Carolina Herrera 212 Vip Rose Eau de Parfum Spray for Women, 1.7 Ounce","1","amazon.com","Standard Orders","Seller","SANFORD","FLORIDA","32771-6848","","46.43","0","0","0","0","0","0","0","0","0","0","-6.96","0","0","0","39.47"
"Apr 20, 2017 2:00:39 PM PDT","6339898311","Shipping Services","114-5771921-4029053","","Shipping Label Purchased through Amazon","","","Standard Orders","","","","","","0","0","0","0","0","0","0","0","0","0","0","0","0","0","-4.32","-4.32"
"Apr 20, 2017 2:00:58 PM PDT","6339898311","Order","114-2043794-0680228","DE-E6EO-HYLG","212 Sexy By: Carolina Herrera 3.4 oz EDT, Men's","1","amazon.com","Standard Orders","Seller","KINGWOOD","TX","77339-3827","","67.83","0","4.49","0","0","0","0","0","0","0","0","-10.85","0","0","0","61.47"
"Apr 20, 2017 2:01:36 PM PDT","6339898311","Shipping Services","114-2043794-0680228","","Shipping Label Purchased through Amazon","","","Standard Orders","","","","","","0","0","0","0","0","0","0","0","0","0","0","0","0","0","-4.61","-4.61"
"Apr 20, 2017 2:01:39 PM PDT","6339898311","Order","112-8437936-6781815","UY-ZSE7-Y1L9","Magic Dreams Women Eau De Parfume Spray by Parfums Rivera, 3.4 Ounce","2","amazon.com","Standard Orders","Seller","FORT LAUDERDALE","FL","33311-6150","","17.34","0","6.89","0","0","0","0","0","0","0","0","-3.64","0","0","0","20.59"
"Apr 20, 2017 2:01:40 PM PDT","6339898311","Order","114-3086642-3391413","VQ-3EX0-LMJP","Parfums Rivera Night Dreams Eau de Parfum Spray, 3.4 Ounce","1","amazon.com","Standard Orders","Seller","SHREVEPORT","LA","71105-2379","","14.49","0","0","0","0","0","0","0","0","0","0","-2.17","0","0","0","12.32"
"Apr 20, 2017 2:02:17 PM PDT","6339898311","Shipping Services","114-3086642-3391413","","Shipping Label Purchased through Amazon","","","Standard Orders","","","","","","0","0","0","0","0","0","0","0","0","0","0","0","0","0","-6.05","-6.05"
"Apr 20, 2017 2:02:53 PM PDT","6339898311","Order","113-8181440-8589059","NC-AZ3I-JJGE","PINK SUGAR by Aquolina EDT SPRAY 3.4 OZ PINK SUGAR by Aquolina EDT SPRAY 3.4 OZ","1","amazon.com","Standard Orders","Seller","FLUSHING","NY","11358-3508","","16.99","0","5.19","0","0","0","0","0","0","0","0","-3.33","0","0","0","18.85"
"Apr 20, 2017 2:03:22 PM PDT","6339898311","Shipping Services","113-8181440-8589059","","Shipping Label Purchased through Amazon","","","Standard Orders","","","","","","0","0","0","0","0","0","0","0","0","0","0","0","0","0","-3.76","-3.76"
"Apr 20, 2017 2:04:30 PM PDT","6339898311","Order","113-7280341-2641867","LX-TSWW-29S8","White Diamonds By Elizabeth Taylor Edt Spray 3.3 Oz for Women","1","amazon.com","Standard Orders","Seller","CAVE CITY","KY","42127-9571","","23.32","0","5.50","0","0","0","0","0","0","0","0","-4.32","0","0","0","24.50"
"Apr 20, 2017 2:04:39 PM PDT","6339898311","Shipping Services","113-7280341-2641867","","Shipping Label Purchased through Amazon","","","Standard Orders","","","","","","0","0","0","0","0","0","0","0","0","0","0","0","0","0","-3.76","-3.76"
"Apr 20, 2017 2:05:09 PM PDT","6339898311","Order","112-0056795-4083467","9I-Z435-OO5S","WONDERSTRUCK - EDP 3.4 OZ SP L","1","amazon.com","Standard Orders","Seller","WASHINGTON","DC","20064-0001","","21.00","0","5.37","0","0","0","0","0","0","0","0","-3.96","0","0","0","22.41"
"Apr 20, 2017 2:05:26 PM PDT","6339898311","Order","113-5113589-8441024","N5-B3PK-64P7","Karen Low Pure Crystal Eau de Parfum Spray for Women, 3.4 Ounce","1","amazon.com","Standard Orders","Seller","APPLE VALLEY","CA","92308-7169","","14.07","0","0","0","0","0","0","0","0","0","0","-2.11","0","0","0","11.96"
"Apr 20, 2017 2:05:31 PM PDT","6339898311","Shipping Services","113-5113589-8441024","","Shipping Label Purchased through Amazon","","","Standard Orders","","","","","","0","0","0","0","0","0","0","0","0","0","0","0","0","0","-4.18","-4.18"
"Apr 20, 2017 2:05:39 PM PDT","6339898311","Order","113-4555632-2085016","F3-YTCU-QEKH","Extasia Black by New Brand, 3.3 oz Eau De Toilette Spray for men","1","amazon.com","Standard Orders","Seller","CHESAPEAKE,","VIRGINIA","23324-3759","","9.19","0","0","0","0","0","0","0","0","0","0","-1.38","0","0","0","7.81"
"Apr 20, 2017 2:06:16 PM PDT","6339898311","Shipping Services","113-4555632-2085016","","Shipping Label Purchased through Amazon","","","Standard Orders","","","","","","0","0","0","0","0","0","0","0","0","0","0","0","0","0","-4.04","-4.04"
"Apr 20, 2017 2:08:13 PM PDT","6339898311","Order","114-0622377-2602622","VK-W9H0-4D38","Estee Lauder the Best of Mini Pleasures Gift Set","1","amazon.com","Standard Orders","Seller","chesapeake","virginia","23320","","56.94","0","4.89","0","0","0","0","0","0","0","0","-9.27","0","0","0","52.56"
"Apr 20, 2017 2:08:13 PM PDT","6339898311","Order","114-0622377-2602622","74-DRG6-NKAA","Estee Lauder Purse Beautiful Eau de Parfum Spray for Women, 6 Count","1","amazon.com","Standard Orders","Seller","chesapeake","virginia","23320","","65.96","0","6.10","0","0","0","0","0","0","0","0","-10.81","0","0","0","61.25"
"Apr 20, 2017 2:08:25 PM PDT","6339898311","Shipping Services","114-0622377-2602622","","Shipping Label Purchased through Amazon","","","Standard Orders","","","","","","0","0","0","0","0","0","0","0","0","0","0","0","0","0","-7.16","-7.16"
"Apr 20, 2017 2:08:47 PM PDT","6339898311","Order","111-3172277-9949850","HN-3DT3-QJTU","Fantasy Midnight By Britney Spears Eau De Parfum Spray 3.4 Oz Women","1","amazon.com","Standard Orders","Seller","WESTON","FL","33331-3626","","21.00","0","5.24","0","0","0","0","0","0","0","0","-3.94","0","0","0","22.30"
"Apr 20, 2017 2:09:13 PM PDT","6339898311","Shipping Services","112-9106120-0033002","","Shipping Label Purchased through Amazon","","","Standard Orders","","","","","","0","0","0","0","0","0","0","0","0","0","0","0","0","0","-4.46","-4.46"
"Apr 20, 2017 2:09:17 PM PDT","6339898311","Order","112-7381785-1185859","KG-EP0K-7LTJ","Jus De Amour for Women","1","amazon.com","Standard Orders","Seller","GOLDSBORO","NC","27534-4480","","12.04","0","0","0","0","0","0","0","0","0","0","-1.81","0","0","0","10.23"
"Apr 20, 2017 2:09:27 PM PDT","6339898311","Order","112-9106120-0033002","KG-EP0K-7LTJ","Jus De Amour for Women","1","amazon.com","Standard Orders","Seller","CARRBORO","NC","27510-5520","","12.04","0","0","0","0","0","0","0","0","0","0","-1.81","0","0","0","10.23"
"Apr 20, 2017 2:09:54 PM PDT","6339898311","Shipping Services","112-7381785-1185859","","Shipping Label Purchased through Amazon","","","Standard Orders","","","","","","0","0","0","0","0","0","0","0","0","0","0","0","0","0","-4.46","-4.46"
"Apr 20, 2017 2:10:00 PM PDT","6339898311","Order","112-6567953-9319451","9I-Z435-OO5S","WONDERSTRUCK - EDP 3.4 OZ SP L","1","amazon.com","Standard Orders","Seller","Mountaintop","PA","18707","","21.00","0","5.37","0","0","0","0","0","0","0","0","-3.96","0","0","0","22.41"
"Apr 20, 2017 2:10:36 PM PDT","6339898311","Shipping Services","112-6567953-9319451","","Shipping Label Purchased through Amazon","","","Standard Orders","","","","","","0","0","0","0","0","0","0","0","0","0","0","0","0","0","-4.04","-4.04"
"Apr 20, 2017 2:11:16 PM PDT","6339898311","Order","112-0536465-2194627","B0-30LP-CY8E","Jessica Simpson Fancy Love  Gift Set for Women (Eau de Parfum Spray 3.4 Ounce, Lotion 4 Ounce, Lotion 3 Ounce, Bath and Shower Cream, Eau de Parfum Sp","1","amazon.com","Standard Orders","Seller","IMPERIAL","MO","63052-1351","","40.80","0","6.89","0","0","0","0","0","0","0","0","-7.15","0","0","0","40.54"
"Apr 20, 2017 2:11:23 PM PDT","6339898311","Shipping Services","112-0536465-2194627","","Shipping Label Purchased through Amazon","","","Standard Orders","","","","","","0","0","0","0","0","0","0","0","0","0","0","0","0","0","-8.21","-8.21"
"Apr 20, 2017 2:11:42 PM PDT","6339898311","Order","111-9826574-5345025","UY-ZSE7-Y1L9","Magic Dreams Women Eau De Parfume Spray by Parfums Rivera, 3.4 Ounce","1","amazon.com","Standard Orders","Seller","JACKSON HEIGHTS","NY","11372-2302","","14.36","0","0","0","0","0","0","0","0","0","0","-2.15","0","0","0","12.21"
"Apr 20, 2017 2:12:13 PM PDT","6339898311","Shipping Services","111-9826574-5345025","","Shipping Label Purchased through Amazon","","","Standard Orders","","","","","","0","0","0","0","0","0","0","0","0","0","0","0","0","0","-6.05","-6.05"
"Apr 20, 2017 2:12:23 PM PDT","6339898311","Order","111-8731093-4469034","AS-WJLN-2GTU","Design by Paul Sebastian for Men, Cologne Spray, 3.4-Ounce","1","amazon.com","Standard Orders","Seller","miami","florida","33142","","13.50","0","5.09","0","0","0","0","0","0","0","0","-2.79","0","0","0","15.80"
"Apr 20, 2017 2:13:01 PM PDT","6339898311","Shipping Services","111-8731093-4469034","","Shipping Label Purchased through Amazon","","","Standard Orders","","","","","","0","0","0","0","0","0","0","0","0","0","0","0","0","0","-3.90","-3.90"
"Apr 20, 2017 2:14:00 PM PDT","6339898311","Order","111-3314905-2061829","O2-PYS4-B1KI","Yves Saint Laurent L'Homme La Nuit De L'Homme Eau de Toilette Spray for Men, 2.0 Ounce","1","amazon.com","Standard Orders","Seller","LOS ANGELES","CA","90007-3560","","48.00","0","5.14","0","0","0","0","0","0","0","0","-7.97","0","0","0","45.17"
"Apr 20, 2017 2:14:36 PM PDT","6339898311","Shipping Services","111-3314905-2061829","","Shipping Label Purchased through Amazon","","","Standard Orders","","","","","","0","0","0","0","0","0","0","0","0","0","0","0","0","0","-3.76","-3.76"
"Apr 20, 2017 2:16:08 PM PDT","6339898311","Order","113-4258036-3875415","5R-2LX9-BGJ3","Jessica Mcclintock 2 Piece Gift Set for Women","1","amazon.com","Standard Orders","Seller","roselle","il","60172","","35.69","0","6.19","0","0","0","0","0","0","0","0","-6.28","0","0","0","35.60"
"Apr 20, 2017 2:16:18 PM PDT","6339898311","Shipping Services","113-4258036-3875415","","Shipping Label Purchased through Amazon","","","Standard Orders","","","","","","0","0","0","0","0","0","0","0","0","0","0","0","0","0","-6.83","-6.83"
"Apr 20, 2017 2:16:26 PM PDT","6339898311","Order","111-9159460-7558663","5R-2LX9-BGJ3","Jessica Mcclintock 2 Piece Gift Set for Women","1","amazon.com","Standard Orders","Seller","LA SELVA BEACH","CA","95076-1623","","35.69","0","6.19","0","0","0","0","0","0","0","0","-6.28","0","0","0","35.60"
"Apr 20, 2017 2:17:01 PM PDT","6339898311","Shipping Services","111-9159460-7558663","","Shipping Label Purchased through Amazon","","","Standard Orders","","","","","","0","0","0","0","0","0","0","0","0","0","0","0","0","0","-7.34","-7.34"
"Apr 20, 2017 2:17:55 PM PDT","6339898311","Order","111-5108742-0403454","JY-537P-2YD0","Ed Hardy Born Wild for Women 5 Piece Set Includes: 3.4 oz Eau de Parfum Spray + 0.34 oz Eau de Parfum Roller Ball + 3.0 oz Shimmering Body Lotion + 3.","1","amazon.com","Standard Orders","Seller","BLUEFIELD","VA","24605-8792","","27.83","0","7.15","0","0","0","0","0","0","0","0","-5.25","0","0","0","29.73"
"Apr 20, 2017 2:18:31 PM PDT","6339898311","Shipping Services","111-5108742-0403454","","Shipping Label Purchased through Amazon","","","Standard Orders","","","","","","0","0","0","0","0","0","0","0","0","0","0","0","0","0","-6.93","-6.93"
"Apr 20, 2017 6:01:50 PM PDT","6339898311","Order","112-8299277-0061834","BX-37NX-FUNV","Imari","1","amazon.com","Standard Orders","Seller","Kimmell","IN","46760","","19.97","0","4.57","0","0","0","0","0","0","0","0","-3.68","0","0","0","20.86"
"Apr 20, 2017 6:02:28 PM PDT","6339898311","Shipping Services","112-8299277-0061834","","Shipping Label Purchased through Amazon","","","Standard Orders","","","","","","0","0","0","0","0","0","0","0","0","0","0","0","0","0","-3.07","-3.07"
"Apr 20, 2017 6:02:56 PM PDT","6339898311","Order","112-4506187-4460227","TP-JZ2P-HJSY","Daisy Eau So Fresh by Marc Jacobs Eau De Toilette Spray 4.2 oz Women's","1","amazon.com","Standard Orders","Seller","MINNEAPOLIS","MN","55404-2284","","63.00","0","0","0","0","0","0","0","0","0","0","-9.45","0","0","0","53.55"
"Apr 20, 2017 6:03:34 PM PDT","6339898311","Shipping Services","112-4506187-4460227","","Shipping Label Purchased through Amazon","","","Standard Orders","","","","","","0","0","0","0","0","0","0","0","0","0","0","0","0","0","-4.61","-4.61"
"Apr 20, 2017 6:03:56 PM PDT","6339898311","Order","111-8914047-2145023","DN-0G1V-G4UO","CREATION LAMIS PURE BLACK 3.3 OZ.","3","amazon.com","Standard Orders","Seller","WALLINGTON","NJ","07057-1317","","29.46","0","0","0","0","0","0","0","0","0","0","-4.41","0","0","0","25.05"
"Apr 20, 2017 6:04:34 PM PDT","6339898311","Shipping Services","111-8914047-2145023","","Shipping Label Purchased through Amazon","","","Standard Orders","","","","","","0","0","0","0","0","0","0","0","0","0","0","0","0","0","-6.05","-6.05"
"Apr 20, 2017 6:05:03 PM PDT","6339898311","Order","111-8436524-7962637","RF-LX73-TAHE","DIESEL PLUS PLUS by Diesel EDT SPRAY 2.5 OZ Masculine","1","amazon.com","Standard Orders","Seller","MIAMI","FLORIDA","33166-2625","","14.25","0","0","0","0","0","0","0","0","0","0","-2.14","0","0","0","12.11"
"Apr 20, 2017 6:05:39 PM PDT","6339898311","Shipping Services","111-8436524-7962637","","Shipping Label Purchased through Amazon","","","Standard Orders","","","","","","0","0","0","0","0","0","0","0","0","0","0","0","0","0","-3.62","-3.62"
"Apr 20, 2017 6:05:57 PM PDT","6339898311","Order","111-6506111-6271464","RF-LX73-TAHE","DIESEL PLUS PLUS by Diesel EDT SPRAY 2.5 OZ Masculine","1","amazon.com","Standard Orders","Seller","EAST STROUDSBURG","PA","18301-7038","","14.25","0","0","0","0","0","0","0","0","0","0","-2.14","0","0","0","12.11"
"Apr 20, 2017 6:06:35 PM PDT","6339898311","Shipping Services","111-6506111-6271464","","Shipping Label Purchased through Amazon","","","Standard Orders","","","","","","0","0","0","0","0","0","0","0","0","0","0","0","0","0","-3.62","-3.62"
"Apr 20, 2017 6:07:03 PM PDT","6339898311","Order","114-7604823-0389850","UY-T92D-JIMV","Dis-lui Extreme Pour Homme 3.4 Oz Eau De Parfum Spray for Men","1","amazon.com","Standard Orders","Seller","BRONX","NY","10452-5101","","10.50","0","0","0","0","0","0","0","0","0","0","-1.58","0","0","0","8.92"
"Apr 20, 2017 6:07:41 PM PDT","6339898311","Shipping Services","114-7604823-0389850","","Shipping Label Purchased through Amazon","","","Standard Orders","","","","","","0","0","0","0","0","0","0","0","0","0","0","0","0","0","-3.62","-3.62"
"Apr 20, 2017 6:08:11 PM PDT","6339898311","Order","112-6512522-8832255","54-CD73-HJUT","Curve By Liz Claiborne For Men. Cologne Spray 4.2 Oz.","1","amazon.com","Standard Orders","Seller","LEES SUMMIT","MO","64081-2135","","20.00","0","5.28","0","0","0","0","0","0","0","0","-3.79","0","0","0","21.49"
"Apr 20, 2017 6:08:49 PM PDT","6339898311","Shipping Services","112-6512522-8832255","","Shipping Label Purchased through Amazon","","","Standard Orders","","","","","","0","0","0","0","0","0","0","0","0","0","0","0","0","0","-4.32","-4.32"
"Apr 20, 2017 6:11:49 PM PDT","6339898311","Order","113-2842897-7069012","BF-N7MD-D4X3","Perry Ellis 360 Eau de Toilette Spray Gift Set for Women, 3 Count","1","amazon.com","Standard Orders","Seller","QUEENS","NEW YORK","11367-0181","","35.22","0","5.74","0","0","0","0","0","0","0","0","-6.14","0","0","0","34.82"
"Apr 20, 2017 6:12:25 PM PDT","6339898311","Shipping Services","113-2842897-7069012","","Shipping Label Purchased through Amazon","","","Standard Orders","","","","","","0","0","0","0","0","0","0","0","0","0","0","0","0","0","-6.05","-6.05"
"Apr 20, 2017 6:20:12 PM PDT","6339898311","Order","111-1154994-0305019","GJ-XTMR-VLGA","Ed Hardy Villain by Christian Audigier for Women 4 Piece Set Includes: 4.2 oz Eau de Parfum Spray + 3.0 oz Shimmering Body Lotion + 0.25 oz Eau de Par","1","amazon.com","Standard Orders","Seller","TAMPA","FLORIDA","33624-1043","","30.52","0","6.99","0","0","0","0","0","0","0","0","-5.63","0","0","0","31.88"
"Apr 20, 2017 6:20:47 PM PDT","6339898311","Shipping Services","111-1154994-0305019","","Shipping Label Purchased through Amazon","","","Standard Orders","","","","","","0","0","0","0","0","0","0","0","0","0","0","0","0","0","-8.21","-8.21"
"Apr 20, 2017 6:36:15 PM PDT","6339898311","Order","112-3842699-9321018","JY-537P-2YD0","Ed Hardy Born Wild for Women 5 Piece Set Includes: 3.4 oz Eau de Parfum Spray + 0.34 oz Eau de Parfum Roller Ball + 3.0 oz Shimmering Body Lotion + 3.","2","amazon.com","Standard Orders","Seller","WAUNA","WA","98395-0361","","55.66","0","9.81","0","0","0","0","0","0","0","0","-9.82","0","0","0","55.65"
"Apr 20, 2017 6:36:52 PM PDT","6339898311","Shipping Services","112-3842699-9321018","","Shipping Label Purchased through Amazon","","","Standard Orders","","","","","","0","0","0","0","0","0","0","0","0","0","0","0","0","0","-17.53","-17.53"
"Apr 21, 2017 5:00:47 AM PDT","6340682621","Transfer","","","To your account ending in: 6276, Bank Transfer ID: 091000012798240","","","Standard Orders","","","","","","0","0","0","0","0","0","0","0","0","0","0","0","0","0","-1,197.16","-1,197.16"
"Apr 21, 2017 1:45:43 PM PDT","6340682621","Order","113-8745380-3437854","JQ-XP7R-N74L","212 VIP ROSE by Carolina Herrera 2.7 Ounce / 80 ml Eau de Parfum Women Perfume Spray","1","amazon.com","Standard Orders","Seller","BOCA RATON","FL","33433-7611","","69.30","0","10.34","0","0","0","0","0","0","0","0","-11.95","0","0","0","67.69"
"Apr 21, 2017 1:46:20 PM PDT","6340682621","Shipping Services","113-8745380-3437854","","Shipping Label Purchased through Amazon","","","Standard Orders","","","","","","0","0","0","0","0","0","0","0","0","0","0","0","0","0","-4.56","-4.56"
"Apr 21, 2017 1:47:25 PM PDT","6340682621","Order","112-9668326-4438639","FY-7C7N-PWYT","Karen Low Exchange Men Eau De Toilette Spray, 3.4 Ounce","2","amazon.com","Standard Orders","Seller","Vineland","NJ","08360-6318","","18.00","0","11.09","0","0","0","0","0","0","0","0","-4.36","0","0","0","24.73"
"Apr 21, 2017 1:48:00 PM PDT","6340682621","Shipping Services","112-9668326-4438639","","Shipping Label Purchased through Amazon","","","Standard Orders","","","","","","0","0","0","0","0","0","0","0","0","0","0","0","0","0","-5.75","-5.75"
"Apr 21, 2017 1:58:20 PM PDT","6340682621","Order","114-8049943-8840233","4Z-D5HS-SQ1X","Yellow Diamond by Versace 3 Pcs Set 3.4 Oz + Key Chain + Body Lotion","1","amazon.com","Standard Orders","Seller","POWDER SPRINGS","GA","30127-1593","","64.09","0","4.49","0","0","0","0","0","0","0","0","-10.29","0","0","0","58.29"
"Apr 21, 2017 1:58:56 PM PDT","6340682621","Shipping Services","114-8049943-8840233","","Shipping Label Purchased through Amazon","","","Standard Orders","","","","","","0","0","0","0","0","0","0","0","0","0","0","0","0","0","-8.31","-8.31"
"Apr 21, 2017 1:59:50 PM PDT","6340682621","Order","114-7957046-0730603","TJ-E71K-IYKR","Paul Sebastian Cologne for Men, 8.0 Fluid Ounce","1","amazon.com","Standard Orders","Seller","WHITESTONE","NY","11357-4002","","20.28","0","5.69","0","0","0","0","0","0","0","0","-3.90","0","0","0","22.07"
"Apr 21, 2017 2:00:28 PM PDT","6340682621","Shipping Services","114-7957046-0730603","","Shipping Label Purchased through Amazon","","","Standard Orders","","","","","","0","0","0","0","0","0","0","0","0","0","0","0","0","0","-4.56","-4.56"
"Apr 21, 2017 2:00:33 PM PDT","6340682621","Order","114-7236720-7680255","RF-LX73-TAHE","DIESEL PLUS PLUS by Diesel EDT SPRAY 2.5 OZ Masculine","1","amazon.com","Standard Orders","Seller","DORAL","FLORIDA","33126-1018","","13.49","0","0","0","0","0","0","0","0","0","0","-2.02","0","0","0","11.47"
"Apr 21, 2017 2:01:09 PM PDT","6340682621","Shipping Services","114-7236720-7680255","","Shipping Label Purchased through Amazon","","","Standard Orders","","","","","","0","0","0","0","0","0","0","0","0","0","0","0","0","0","-3.72","-3.72"
"Apr 21, 2017 2:01:30 PM PDT","6340682621","Order","114-4604107-7468265","40-MJEV-M4A4","Diesel Plus Plus Masculine 2.5 oz edt spray (Silver)","2","amazon.com","Standard Orders","Seller","BURLINGAME","CALIFORNIA","94010-4429","","27.18","0","0","0","0","0","0","0","0","0","0","-4.08","0","0","0","23.10"
"Apr 21, 2017 2:02:06 PM PDT","6340682621","Shipping Services","114-4604107-7468265","","Shipping Label Purchased through Amazon","","","Standard Orders","","","","","","0","0","0","0","0","0","0","0","0","0","0","0","0","0","-5.75","-5.75"
"Apr 21, 2017 2:02:47 PM PDT","6340682621","Order","114-3285013-7557015","RF-LX73-TAHE","DIESEL PLUS PLUS by Diesel EDT SPRAY 2.5 OZ Masculine","1","amazon.com","Standard Orders","Seller","EVERETT","WA","98204-5582","","13.49","0","0","0","0","0","0","0","0","0","0","-2.02","0","0","0","11.47"
"Apr 21, 2017 2:03:22 PM PDT","6340682621","Shipping Services","114-3285013-7557015","","Shipping Label Purchased through Amazon","","","Standard Orders","","","","","","0","0","0","0","0","0","0","0","0","0","0","0","0","0","-3.72","-3.72"
"Apr 21, 2017 2:03:57 PM PDT","6340682621","Order","113-3494084-4157832","4T-C3UL-HEY9","Mercedes Benz Club Fresh Eau de Toilette 3.4oz (100ml) Spray","1","amazon.com","Standard Orders","Seller","OKLAHOMA CITY","OKLAHOMA","73120-8406","","56.22","0","5.06","0","0","0","0","0","0","0","0","-9.19","0","0","0","52.09"
"Apr 21, 2017 2:04:22 PM PDT","6340682621","Shipping Services","113-3494084-4157832","","Shipping Label Purchased through Amazon","","","Standard Orders","","","","","","0","0","0","0","0","0","0","0","0","0","0","0","0","0","-4.42","-4.42"
"Apr 21, 2017 2:04:34 PM PDT","6340682621","Order","113-3309587-1994632","UY-ZSE7-Y1L9","Magic Dreams Women Eau De Parfume Spray by Parfums Rivera, 3.4 Ounce","1","amazon.com","Standard Orders","Seller","PONTIAC","MI","48342-1742","","14.36","0","0","0","0","0","0","0","0","0","0","-2.15","0","0","0","12.21"
"Apr 21, 2017 2:05:11 PM PDT","6340682621","Shipping Services","113-3309587-1994632","","Shipping Label Purchased through Amazon","","","Standard Orders","","","","","","0","0","0","0","0","0","0","0","0","0","0","0","0","0","-5.75","-5.75"
"Apr 21, 2017 2:05:52 PM PDT","6340682621","Order","113-3207367-9196222","UY-T92D-JIMV","Dis-lui Extreme Pour Homme 3.4 Oz Eau De Parfum Spray for Men","1","amazon.com","Standard Orders","Seller","WINSTON SALEM","NC","27103-3840","","10.50","0","0","0","0","0","0","0","0","0","0","-1.58","0","0","0","8.92"
"Apr 21, 2017 2:06:29 PM PDT","6340682621","Shipping Services","113-3207367-9196222","","Shipping Label Purchased through Amazon","","","Standard Orders","","","","","","0","0","0","0","0","0","0","0","0","0","0","0","0","0","-3.72","-3.72"
"Apr 21, 2017 2:07:17 PM PDT","6340682621","Order","112-5801117-8509028","54-CD73-HJUT","Curve By Liz Claiborne For Men. Cologne Spray 4.2 Oz.","1","amazon.com","Standard Orders","Seller","LITTLE ROCK","AR","72205-3315","","20.00","0","5.28","0","0","0","0","0","0","0","0","-3.79","0","0","0","21.49"
"Apr 21, 2017 2:07:52 PM PDT","6340682621","Shipping Services","112-5801117-8509028","","Shipping Label Purchased through Amazon","","","Standard Orders","","","","","","0","0","0","0","0","0","0","0","0","0","0","0","0","0","-4.42","-4.42"
"Apr 21, 2017 2:10:06 PM PDT","6340682621","Shipping Services","112-1068530-5081868","","Shipping Label Purchased through Amazon","","","Standard Orders","","","","","","0","0","0","0","0","0","0","0","0","0","0","0","0","0","-5.75","-5.75"
"Apr 21, 2017 2:10:55 PM PDT","6340682621","Order","111-9700325-9372257","RF-LX73-TAHE","DIESEL PLUS PLUS by Diesel EDT SPRAY 2.5 OZ Masculine","1","amazon.com","Standard Orders","Seller","PORT SAINT LUCIE","FL","34952-6546","","13.49","0","0","0","0","0","0","0","0","0","0","-2.02","0","0","0","11.47"
"Apr 21, 2017 2:11:29 PM PDT","6340682621","Shipping Services","111-9700325-9372257","","Shipping Label Purchased through Amazon","","","Standard Orders","","","","","","0","0","0","0","0","0","0","0","0","0","0","0","0","0","-3.72","-3.72"
"Apr 21, 2017 2:12:00 PM PDT","6340682621","Order","111-8190421-4925001","LX-TSWW-29S8","White Diamonds By Elizabeth Taylor Edt Spray 3.3 Oz for Women","1","amazon.com","Standard Orders","Seller","N R Hills","Tx","76180","","23.32","0","5.50","0","0","0","0","0","0","0","0","-4.32","0","0","0","24.50"
"Apr 21, 2017 2:12:37 PM PDT","6340682621","Shipping Services","111-8190421-4925001","","Shipping Label Purchased through Amazon","","","Standard Orders","","","","","","0","0","0","0","0","0","0","0","0","0","0","0","0","0","-3.86","-3.86"
"Apr 21, 2017 2:12:56 PM PDT","6340682621","Order","111-7080468-5233865","M8-PEDR-E2QE","Clipsal 3.4 Fl. oz. Eau De Toilette Spray Men","2","amazon.com","Standard Orders","Seller","Staten island","NY","10303","","14.78","0","5.49","0","0","0","0","0","0","0","0","-3.04","0","0","0","17.23"
"Apr 21, 2017 2:13:33 PM PDT","6340682621","Shipping Services","111-7080468-5233865","","Shipping Label Purchased through Amazon","","","Standard Orders","","","","","","0","0","0","0","0","0","0","0","0","0","0","0","0","0","-5.75","-5.75"
"Apr 21, 2017 2:13:57 PM PDT","6340682621","Order","111-6035915-2413818","TP-JZ2P-HJSY","Daisy Eau So Fresh by Marc Jacobs Eau De Toilette Spray 4.2 oz Women's","1","amazon.com","Standard Orders","Seller","NORTH HOLLYWOOD","CA","91601-3406","","63.00","0","0","0","0","0","0","0","0","0","0","-9.45","0","0","0","53.55"
"Apr 21, 2017 2:14:22 PM PDT","6340682621","Shipping Services","111-6035915-2413818","","Shipping Label Purchased through Amazon","","","Standard Orders","","","","","","0","0","0","0","0","0","0","0","0","0","0","0","0","0","-4.56","-4.56"
"Apr 21, 2017 2:15:31 PM PDT","6340682621","Order","112-3088423-2381065","5O-31IO-QBG8","Bvlgari Aqva Eau de Toilette Spray for Men, New In Box, 3.4 Fluid Ounce","1","amazon.com","Standard Orders","Seller","HOMESTEAD","FL","33033-4902","","33.00","0","5.34","0","0","0","0","0","0","0","0","-5.75","0","0","0","32.59"
"Apr 21, 2017 2:16:08 PM PDT","6340682621","Shipping Services","112-3088423-2381065","","Shipping Label Purchased through Amazon","","","Standard Orders","","","","","","0","0","0","0","0","0","0","0","0","0","0","0","0","0","-4.56","-4.56"
"Apr 21, 2017 2:16:12 PM PDT","6340682621","Order","111-4841109-8259440","9I-Z435-OO5S","WONDERSTRUCK - EDP 3.4 OZ SP L","1","amazon.com","Standard Orders","Seller","LEESBURG","GA","31763-5552","","21.00","0","5.37","0","0","0","0","0","0","0","0","-3.96","0","0","0","22.41"
"Apr 21, 2017 2:16:49 PM PDT","6340682621","Shipping Services","111-4841109-8259440","","Shipping Label Purchased through Amazon","","","Standard Orders","","","","","","0","0","0","0","0","0","0","0","0","0","0","0","0","0","-4.14","-4.14"
"Apr 21, 2017 2:17:00 PM PDT","6340682621","Order","111-4539556-4926653","HN-3DT3-QJTU","Fantasy Midnight By Britney Spears Eau De Parfum Spray 3.4 Oz Women","1","amazon.com","Standard Orders","Seller","AKRON","AL","35441-1768","","21.00","0","5.24","0","0","0","0","0","0","0","0","-3.94","0","0","0","22.30"
"Apr 21, 2017 2:17:01 PM PDT","6340682621","Order","112-1068530-5081868","CR-OBSA-9V00","Usher By Usher For Men, Eau De Toilette Spray, 3.4-Ounce","1","amazon.com","Standard Orders","Seller","WEBSTER","NY","14580-9322","","27.59","0","29.52","0","0","0","0","0","0","0","0","-8.57","0","0","0","48.54"
"Apr 21, 2017 2:17:37 PM PDT","6340682621","Shipping Services","111-4539556-4926653","","Shipping Label Purchased through Amazon","","","Standard Orders","","","","","","0","0","0","0","0","0","0","0","0","0","0","0","0","0","-4.42","-4.42"
"Apr 21, 2017 2:18:10 PM PDT","6340682621","Order","111-2610980-7530645","F3-YTCU-QEKH","Extasia Black by New Brand, 3.3 oz Eau De Toilette Spray for men","1","amazon.com","Standard Orders","Seller","AUSTIN","TX","78741-4107","","9.19","0","0","0","0","0","0","0","0","0","0","-1.38","0","0","0","7.81"
"Apr 21, 2017 2:18:48 PM PDT","6340682621","Shipping Services","111-2610980-7530645","","Shipping Label Purchased through Amazon","","","Standard Orders","","","","","","0","0","0","0","0","0","0","0","0","0","0","0","0","0","-4.14","-4.14"
"Apr 21, 2017 2:19:20 PM PDT","6340682621","Order","111-4662814-5393032","21-NWUH-FKC6","Liz Claiborne Curve Men Gift Set (Spray, Skin Soother, Hair and Body Wash)","1","amazon.com","Standard Orders","Seller","CLARKSVILLE","INDIANA","47129-2310","","34.34","0","6.64","0","0","0","0","0","0","0","0","-6.15","0","0","0","34.83"
"Apr 21, 2017 2:19:55 PM PDT","6340682621","Shipping Services","111-4662814-5393032","","Shipping Label Purchased through Amazon","","","Standard Orders","","","","","","0","0","0","0","0","0","0","0","0","0","0","0","0","0","-7.91","-7.91"
"Apr 22, 2017 6:01:11 AM PDT","6341390111","Transfer","","","To your account ending in: 6276, Bank Transfer ID: 091000015333989","","","Standard Orders","","","","","","0","0","0","0","0","0","0","0","0","0","0","0","0","0","-1,122.85","-1,122.85"
"Apr 22, 2017 10:30:32 AM PDT","6341390111","Refund","113-3151725-7179452","9P-B204-W98I","Oleg Cassini Eau de Toilette Spray for Men, 3.4 Fluid Ounce","1","amazon.com","Standard Orders","Seller","ANNAPOLIS","MD","21403-1625","","-23.17","0","0","0","0","0","0","0","0","0","0","2.78","0","0","0","-20.39"
"Apr 22, 2017 4:30:07 PM PDT","6341390111","Order","114-8744834-1257823","DN-0G1V-G4UO","CREATION LAMIS PURE BLACK 3.3 OZ.","1","amazon.com","Standard Orders","Seller","CHICAGO","IL","60637-3512","","9.82","0","0","0","0","0","0","0","0","0","0","-1.47","0","0","0","8.35"
"Apr 22, 2017 4:30:44 PM PDT","6341390111","Shipping Services","114-8744834-1257823","","Shipping Label Purchased through Amazon","","","Standard Orders","","","","","","0","0","0","0","0","0","0","0","0","0","0","0","0","0","-3.62","-3.62"
"Apr 22, 2017 4:31:29 PM PDT","6341390111","Order","114-3498024-4493032","TP-JZ2P-HJSY","Daisy Eau So Fresh by Marc Jacobs Eau De Toilette Spray 4.2 oz Women's","1","amazon.com","Standard Orders","Seller","EL PASO","TX","79936-1131","","63.00","0","0","0","0","0","0","0","0","0","0","-9.45","0","0","0","53.55"
"Apr 22, 2017 4:32:06 PM PDT","6341390111","Shipping Services","114-3498024-4493032","","Shipping Label Purchased through Amazon","","","Standard Orders","","","","","","0","0","0","0","0","0","0","0","0","0","0","0","0","0","-4.61","-4.61"
"Apr 22, 2017 4:32:52 PM PDT","6341390111","Order","114-2864966-4778619","W4-6TKK-M8MV","BRUT by Faberge Cologne Spray (Original-Glass Bottle) 3 oz","2","amazon.com","Standard Orders","Seller","Santa Ana","Ca","92703","","29.78","0","0","0","0","0","0","0","0","0","0","-4.46","0","0","0","25.32"
"Apr 22, 2017 4:33:30 PM PDT","6341390111","Shipping Services","114-2864966-4778619","","Shipping Label Purchased through Amazon","","","Standard Orders","","","","","","0","0","0","0","0","0","0","0","0","0","0","0","0","0","-6.05","-6.05"
"Apr 22, 2017 4:34:37 PM PDT","6341390111","Order","113-6970687-5216250","N6-T97C-HZ2W","INSURRECTION by Reyane Tradition Men's Eau De Toilette Spray 3.4 oz - 100% Authentic","1","amazon.com","Standard Orders","Seller","DORAL","FL","33195-4007","","21.47","0","0","0","0","0","0","0","0","0","0","-3.22","0","0","0","18.25"
"Apr 22, 2017 4:35:14 PM PDT","6341390111","Shipping Services","113-6970687-5216250","","Shipping Label Purchased through Amazon","","","Standard Orders","","","","","","0","0","0","0","0","0","0","0","0","0","0","0","0","0","-4.46","-4.46"
"Apr 22, 2017 4:36:12 PM PDT","6341390111","Order","114-1270079-9275439","CR-OBSA-9V00","Usher By Usher For Men, Eau De Toilette Spray, 3.4-Ounce","1","amazon.com","Standard Orders","Seller","HALTOM CITY","TX","76137-5545","","27.59","0","11.25","0","0","0","0","0","0","0","0","-5.83","0","0","0","33.01"
"Apr 22, 2017 4:36:49 PM PDT","6341390111","Shipping Services","114-1270079-9275439","","Shipping Label Purchased through Amazon","","","Standard Orders","","","","","","0","0","0","0","0","0","0","0","0","0","0","0","0","0","-6.05","-6.05"
"Apr 22, 2017 4:37:59 PM PDT","6341390111","Order","112-8862546-4661017","CR-OBSA-9V00","Usher By Usher For Men, Eau De Toilette Spray, 3.4-Ounce","1","amazon.com","Standard Orders","Seller","CEDAR HILL","TX","75104-9043","","27.59","0","0","0","0","0","0","0","0","0","0","-4.14","0","0","0","23.45"
"Apr 22, 2017 4:38:36 PM PDT","6341390111","Shipping Services","112-8862546-4661017","","Shipping Label Purchased through Amazon","","","Standard Orders","","","","","","0","0","0","0","0","0","0","0","0","0","0","0","0","0","-4.46","-4.46"
"Apr 22, 2017 4:39:02 PM PDT","6341390111","Order","114-0690151-5384265","E4-G6OD-TXK1","Plus Plus Feminine by Diesel 2.5 oz Eau de Toilette Spray New in Box (Women)","1","amazon.com","Standard Orders","Seller","lancaster","pa","17603","","12.29","0","0","0","0","0","0","0","0","0","0","-1.84","0","0","0","10.45"
"Apr 22, 2017 4:39:39 PM PDT","6341390111","Shipping Services","114-0690151-5384265","","Shipping Label Purchased through Amazon","","","Standard Orders","","","","","","0","0","0","0","0","0","0","0","0","0","0","0","0","0","-3.62","-3.62"
"Apr 22, 2017 4:40:53 PM PDT","6341390111","Order","113-2524561-4559457","E4-G6OD-TXK1","Plus Plus Feminine by Diesel 2.5 oz Eau de Toilette Spray New in Box (Women)","1","amazon.com","Standard Orders","Seller","DORAL","FL","33166-6503","","12.29","0","0","0","0","0","0","0","0","0","0","-1.84","0","0","0","10.45"
"Apr 22, 2017 4:41:30 PM PDT","6341390111","Shipping Services","113-2524561-4559457","","Shipping Label Purchased through Amazon","","","Standard Orders","","","","","","0","0","0","0","0","0","0","0","0","0","0","0","0","0","-3.62","-3.62"
"Apr 22, 2017 4:45:25 PM PDT","6341390111","Order","111-3008426-5605012","GY-HKUJ-R1HK","Light Blue Gift Set By Dolce&gabbana by Illuminations","1","amazon.com","Standard Orders","Seller","SUN VALLEY","CA","91352-2102","","132.90","0","0","0","0","0","0","0","0","0","0","-19.94","0","0","0","112.96"
"Apr 22, 2017 4:46:03 PM PDT","6341390111","Shipping Services","111-3008426-5605012","","Shipping Label Purchased through Amazon","","","Standard Orders","","","","","","0","0","0","0","0","0","0","0","0","0","0","0","0","0","-10.87","-10.87"
"Apr 22, 2017 4:48:01 PM PDT","6341390111","Order","111-5150436-8027414","DN-0G1V-G4UO","CREATION LAMIS PURE BLACK 3.3 OZ.","1","amazon.com","Standard Orders","Seller","BROOKLYN","NY","11216-3976","","9.82","0","11.06","0","0","0","0","0","0","0","0","-3.13","0","0","0","17.75"
"Apr 22, 2017 4:48:37 PM PDT","6341390111","Shipping Services","111-5150436-8027414","","Shipping Label Purchased through Amazon","","","Standard Orders","","","","","","0","0","0","0","0","0","0","0","0","0","0","0","0","0","-6.05","-6.05"
"Apr 22, 2017 4:51:51 PM PDT","6341390111","Order","111-7702082-8567463","YI-Q248-ZGRN","Double Diamond 3.4 Eau De Perfume Spray Women","2","amazon.com","Standard Orders","Seller","SPRING VALLEY","NY","10977-2409","","24.00","0","0","0","0","0","0","0","0","0","0","-3.60","0","0","0","20.40"
"Apr 22, 2017 4:52:26 PM PDT","6341390111","Shipping Services","111-7702082-8567463","","Shipping Label Purchased through Amazon","","","Standard Orders","","","","","","0","0","0","0","0","0","0","0","0","0","0","0","0","0","-6.05","-6.05"
"Apr 22, 2017 4:53:34 PM PDT","6341390111","Order","111-0027116-8885047","SM-LE92-LLMA","Angel By Thierry Mugler For Women. Eau De Parfum Spray Refillable 3.4 oz","1","amazon.com","Standard Orders","Seller","HUNTERSVILLE","NC","28078-5635","","77.00","0","5.33","0","0","0","0","0","0","0","0","-12.35","0","0","0","69.98"
"Apr 22, 2017 4:54:11 PM PDT","6341390111","Shipping Services","111-0027116-8885047","","Shipping Label Purchased through Amazon","","","Standard Orders","","","","","","0","0","0","0","0","0","0","0","0","0","0","0","0","0","-6.20","-6.20"
"Apr 23, 2017 12:16:07 AM PDT","6341959541","Refund","114-9441496-4774639","QE-9U4J-U2YO","NEW BRAND EVA 3.3 OZ.","4","amazon.com","Standard Orders","Seller","BROOKLYN","NY","11226-3882","","-26.28","0","-7.33","0","0","0","0","0","0","0","0","4.03","0","0","0","-29.58"
"Apr 23, 2017 9:03:06 AM PDT","6341959541","Transfer","","","To your account ending in: 6276, Bank Transfer ID: 091000011003080","","","Standard Orders","","","","","","0","0","0","0","0","0","0","0","0","0","0","0","0","0","-1,134.28","-1,134.28"
"Apr 23, 2017 5:57:53 PM PDT","6341959541","Adjustment","","","Non-subscription Fee Adjustment","","","Standard Orders","","","","","","0","0","0","0","0","0","0","0","0","0","0","0","0","0","28.57","28.57"
"Apr 23, 2017 6:15:23 PM PDT","6341959541","Order","113-6264820-5813817","JK-130P-A3PQ","Tiamo by Parfum Blaze Eau De Toilette Spray 3.4 oz","1","amazon.com","Standard Orders","Seller","DANBURY","CT","06811-5207","","14.86","0","30.00","0","0","0","0","0","0","0","0","-6.73","0","0","0","38.13"
"Apr 23, 2017 6:16:01 PM PDT","6341959541","Shipping Services","113-6264820-5813817","","Shipping Label Purchased through Amazon","","","Standard Orders","","","","","","0","0","0","0","0","0","0","0","0","0","0","0","0","0","-11.31","-11.31"
"Apr 23, 2017 6:19:12 PM PDT","6341959541","Order","113-3305568-8189027","UY-T92D-JIMV","Dis-lui Extreme Pour Homme 3.4 Oz Eau De Parfum Spray for Men","1","amazon.com","Standard Orders","Seller","HOMESTEAD","FL","33032-5134","","10.50","0","30.00","0","0","0","0","0","0","0","0","-6.08","0","0","0","34.42"
"Apr 23, 2017 6:19:50 PM PDT","6341959541","Shipping Services","113-3305568-8189027","","Shipping Label Purchased through Amazon","","","Standard Orders","","","","","","0","0","0","0","0","0","0","0","0","0","0","0","0","0","-21.48","-21.48"
"Apr 23, 2017 6:21:20 PM PDT","6341959541","Shipping Services","112-2933685-4213051","","Shipping Label Purchased through Amazon","","","Standard Orders","","","","","","0","0","0","0","0","0","0","0","0","0","0","0","0","0","-6.93","-6.93"
"Apr 23, 2017 6:22:34 PM PDT","6341959541","Order","111-1843410-3798626","JR-XXLL-R0UZ","NAUTICA BLUE by Nautica 3.4 Ounce / 100 ml Eau de Toilette Men Cologne Spray","1","amazon.com","Standard Orders","Seller","CORAL SPRINGS","FL","33071-5343","","11.90","0","25.15","0","0","0","0","0","0","0","0","-5.56","0","0","0","31.49"
"Apr 23, 2017 6:23:09 PM PDT","6341959541","Shipping Services","111-1843410-3798626","","Shipping Label Purchased through Amazon","","","Standard Orders","","","","","","0","0","0","0","0","0","0","0","0","0","0","0","0","0","-21.48","-21.48"
"Apr 23, 2017 6:24:25 PM PDT","6341959541","Order","111-0835175-7713821","5O-31IO-QBG8","Bvlgari Aqva Eau de Toilette Spray for Men, New In Box, 3.4 Fluid Ounce","1","amazon.com","Standard Orders","Seller","WESTPORT","CT","06880-2841","","33.00","0","27.55","0","0","0","0","0","0","0","0","-9.08","0","0","0","51.47"
"Apr 23, 2017 6:25:02 PM PDT","6341959541","Shipping Services","111-0835175-7713821","","Shipping Label Purchased through Amazon","","","Standard Orders","","","","","","0","0","0","0","0","0","0","0","0","0","0","0","0","0","-11.31","-11.31"
"Apr 23, 2017 6:26:23 PM PDT","6341959541","Order","114-9706523-8017849","74-DRG6-NKAA","Estee Lauder Purse Beautiful Eau de Parfum Spray for Women, 6 Count","1","amazon.com","Standard Orders","Seller","PROVIDENCE","RI","02909-1004","","64.58","0","0","0","0","0","0","0","0","0","0","-9.69","0","0","0","54.89"
"Apr 23, 2017 6:27:02 PM PDT","6341959541","Shipping Services","114-9706523-8017849","","Shipping Label Purchased through Amazon","","","Standard Orders","","","","","","0","0","0","0","0","0","0","0","0","0","0","0","0","0","-4.47","-4.47"
"Apr 23, 2017 6:27:31 PM PDT","6341959541","Order","114-8573636-4054646","AL-WL4W-TJ4O","Magie Noire by Lancome for Women 2.5 oz Eau de Toilette Spray","1","amazon.com","Standard Orders","Seller","INDIANAPOLIS","IN","46204-2674","","59.80","0","5.09","0","0","0","0","0","0","0","0","-9.73","0","0","0","55.16"
"Apr 23, 2017 6:28:04 PM PDT","6341959541","Order","114-8337239-6299424","AL-WL4W-TJ4O","Magie Noire by Lancome for Women 2.5 oz Eau de Toilette Spray","1","amazon.com","Standard Orders","Seller","holbrook","ny","11741","","59.80","0","5.09","0","0","0","0","0","0","0","0","-9.73","0","0","0","55.16"
"Apr 23, 2017 6:28:10 PM PDT","6341959541","Shipping Services","114-8573636-4054646","","Shipping Label Purchased through Amazon","","","Standard Orders","","","","","","0","0","0","0","0","0","0","0","0","0","0","0","0","0","-3.91","-3.91"
"Apr 23, 2017 6:28:38 PM PDT","6341959541","Order","114-7782964-6497854","AL-WL4W-TJ4O","Magie Noire by Lancome for Women 2.5 oz Eau de Toilette Spray","1","amazon.com","Standard Orders","Seller","VILLE PLATTE","LOUISIANA","70586-8737","","59.80","0","5.09","0","0","0","0","0","0","0","0","-9.73","0","0","0","55.16"
"Apr 23, 2017 6:28:42 PM PDT","6341959541","Shipping Services","114-8337239-6299424","","Shipping Label Purchased through Amazon","","","Standard Orders","","","","","","0","0","0","0","0","0","0","0","0","0","0","0","0","0","-3.91","-3.91"
"Apr 23, 2017 6:29:15 PM PDT","6341959541","Order","114-7009283-0409838","AL-WL4W-TJ4O","Magie Noire by Lancome for Women 2.5 oz Eau de Toilette Spray","1","amazon.com","Standard Orders","Seller","NEW YORK CITY","NEW YORK","10028","","59.80","0","5.09","0","0","0","0","0","0","0","0","-9.73","0","0","0","55.16"
"Apr 23, 2017 6:29:16 PM PDT","6341959541","Shipping Services","114-7782964-6497854","","Shipping Label Purchased through Amazon","","","Standard Orders","","","","","","0","0","0","0","0","0","0","0","0","0","0","0","0","0","-3.91","-3.91"
"Apr 23, 2017 6:29:53 PM PDT","6341959541","Shipping Services","114-7009283-0409838","","Shipping Label Purchased through Amazon","","","Standard Orders","","","","","","0","0","0","0","0","0","0","0","0","0","0","0","0","0","-3.91","-3.91"
"Apr 23, 2017 6:29:59 PM PDT","6341959541","Order","114-4269195-8945812","AL-WL4W-TJ4O","Magie Noire by Lancome for Women 2.5 oz Eau de Toilette Spray","1","amazon.com","Standard Orders","Seller","GEORGETOWN","MA","01833-2404","","59.80","0","5.09","0","0","0","0","0","0","0","0","-9.73","0","0","0","55.16"
"Apr 23, 2017 6:30:35 PM PDT","6341959541","Shipping Services","114-4269195-8945812","","Shipping Label Purchased through Amazon","","","Standard Orders","","","","","","0","0","0","0","0","0","0","0","0","0","0","0","0","0","-3.91","-3.91"
"Apr 23, 2017 6:32:18 PM PDT","6341959541","Order","112-2933685-4213051","FZ-7H25-DGAL","Reb'L Fleur By Rihanna Gift Set -- 3.4 Oz Eau De Parfum Spray + 3 Oz Body Lotion + 3 Oz Shower Gel + .34 Oz Mini Edp Spray Women","1","amazon.com","Standard Orders","Seller","SOUTHERN PINES","NC","28387-3448","","30.05","0","5.49","0","0","0","0","0","0","0","0","-5.33","0","0","0","30.21"
"Apr 23, 2017 6:32:44 PM PDT","6341959541","Order","114-6072997-5714639","RF-LX73-TAHE","DIESEL PLUS PLUS by Diesel EDT SPRAY 2.5 OZ Masculine","1","amazon.com","Standard Orders","Seller","sumas","WA","98295","","13.49","0","0","0","0","0","0","0","0","0","0","-2.02","0","0","0","11.47"
"Apr 23, 2017 6:33:21 PM PDT","6341959541","Shipping Services","114-6072997-5714639","","Shipping Label Purchased through Amazon","","","Standard Orders","","","","","","0","0","0","0","0","0","0","0","0","0","0","0","0","0","-3.62","-3.62"
"Apr 23, 2017 6:33:27 PM PDT","6341959541","Order","114-5138192-9810643","RF-LX73-TAHE","DIESEL PLUS PLUS by Diesel EDT SPRAY 2.5 OZ Masculine","1","amazon.com","Standard Orders","Seller","SANTA CLARA","CA","95051-3513","","13.49","0","0","0","0","0","0","0","0","0","0","-2.02","0","0","0","11.47"
"Apr 23, 2017 6:34:01 PM PDT","6341959541","Shipping Services","114-5138192-9810643","","Shipping Label Purchased through Amazon","","","Standard Orders","","","","","","0","0","0","0","0","0","0","0","0","0","0","0","0","0","-3.62","-3.62"
"Apr 23, 2017 6:34:14 PM PDT","6341959541","Order","114-6038336-2357819","RF-LX73-TAHE","DIESEL PLUS PLUS by Diesel EDT SPRAY 2.5 OZ Masculine","1","amazon.com","Standard Orders","Seller","WEST PALM BEACH","FL","33409-6270","","13.49","0","0","0","0","0","0","0","0","0","0","-2.02","0","0","0","11.47"
"Apr 23, 2017 6:34:51 PM PDT","6341959541","Shipping Services","114-6038336-2357819","","Shipping Label Purchased through Amazon","","","Standard Orders","","","","","","0","0","0","0","0","0","0","0","0","0","0","0","0","0","-3.62","-3.62"
"Apr 23, 2017 6:34:54 PM PDT","6341959541","Order","114-2425677-7150618","RF-LX73-TAHE","DIESEL PLUS PLUS by Diesel EDT SPRAY 2.5 OZ Masculine","1","amazon.com","Standard Orders","Seller","Boston","Massachusetts","02114","","13.49","0","0","0","0","0","0","0","0","0","0","-2.02","0","0","0","11.47"
"Apr 23, 2017 6:35:31 PM PDT","6341959541","Shipping Services","114-2425677-7150618","","Shipping Label Purchased through Amazon","","","Standard Orders","","","","","","0","0","0","0","0","0","0","0","0","0","0","0","0","0","-3.62","-3.62"
"Apr 23, 2017 6:35:40 PM PDT","6341959541","Order","114-2590259-5649803","E4-G6OD-TXK1","Plus Plus Feminine by Diesel 2.5 oz Eau de Toilette Spray New in Box (Women)","1","amazon.com","Standard Orders","Seller","FARMINGTON","NY","14425-1032","","12.29","0","0","0","0","0","0","0","0","0","0","-1.84","0","0","0","10.45"
"Apr 23, 2017 6:36:15 PM PDT","6341959541","Order","114-7685732-6789807","E4-G6OD-TXK1","Plus Plus Feminine by Diesel 2.5 oz Eau de Toilette Spray New in Box (Women)","1","amazon.com","Standard Orders","Seller","NEW ORLEANS","LA","70127-5125","","12.29","0","0","0","0","0","0","0","0","0","0","-1.84","0","0","0","10.45"
"Apr 23, 2017 6:36:15 PM PDT","6341959541","Shipping Services","114-2590259-5649803","","Shipping Label Purchased through Amazon","","","Standard Orders","","","","","","0","0","0","0","0","0","0","0","0","0","0","0","0","0","-3.62","-3.62"
"Apr 23, 2017 6:36:53 PM PDT","6341959541","Shipping Services","114-7685732-6789807","","Shipping Label Purchased through Amazon","","","Standard Orders","","","","","","0","0","0","0","0","0","0","0","0","0","0","0","0","0","-3.62","-3.62"
"Apr 23, 2017 6:37:05 PM PDT","6341959541","Order","113-9329110-7593821","RF-LX73-TAHE","DIESEL PLUS PLUS by Diesel EDT SPRAY 2.5 OZ Masculine","1","amazon.com","Standard Orders","Seller","MIAMI","FL","33166-2721","","13.49","0","0","0","0","0","0","0","0","0","0","-2.02","0","0","0","11.47"
"Apr 23, 2017 6:37:43 PM PDT","6341959541","Shipping Services","113-9329110-7593821","","Shipping Label Purchased through Amazon","","","Standard Orders","","","","","","0","0","0","0","0","0","0","0","0","0","0","0","0","0","-3.62","-3.62"
"Apr 23, 2017 6:37:58 PM PDT","6341959541","Order","113-9031660-2264258","RF-LX73-TAHE","DIESEL PLUS PLUS by Diesel EDT SPRAY 2.5 OZ Masculine","1","amazon.com","Standard Orders","Seller","WEST PALM BEACH","FL","33401-2948","","13.49","0","0","0","0","0","0","0","0","0","0","-2.02","0","0","0","11.47"
"Apr 23, 2017 6:38:36 PM PDT","6341959541","Shipping Services","113-9031660-2264258","","Shipping Label Purchased through Amazon","","","Standard Orders","","","","","","0","0","0","0","0","0","0","0","0","0","0","0","0","0","-3.62","-3.62"
"Apr 23, 2017 6:39:06 PM PDT","6341959541","Order","113-3217582-9857813","E4-G6OD-TXK1","Plus Plus Feminine by Diesel 2.5 oz Eau de Toilette Spray New in Box (Women)","1","amazon.com","Standard Orders","Seller","MIAMI","FL","33191-1501","","12.29","0","0","0","0","0","0","0","0","0","0","-1.84","0","0","0","10.45"
"Apr 23, 2017 6:39:43 PM PDT","6341959541","Shipping Services","113-3217582-9857813","","Shipping Label Purchased through Amazon","","","Standard Orders","","","","","","0","0","0","0","0","0","0","0","0","0","0","0","0","0","-3.62","-3.62"
"Apr 23, 2017 6:39:46 PM PDT","6341959541","Order","113-3360664-7879421","E4-G6OD-TXK1","Plus Plus Feminine by Diesel 2.5 oz Eau de Toilette Spray New in Box (Women)","1","amazon.com","Standard Orders","Seller","GREENWOOD","IN","46143-3343","","12.29","0","0","0","0","0","0","0","0","0","0","-1.84","0","0","0","10.45"
"Apr 23, 2017 6:40:24 PM PDT","6341959541","Shipping Services","113-3360664-7879421","","Shipping Label Purchased through Amazon","","","Standard Orders","","","","","","0","0","0","0","0","0","0","0","0","0","0","0","0","0","-3.62","-3.62"
"Apr 23, 2017 6:40:29 PM PDT","6341959541","Order","112-9849272-1125859","RF-LX73-TAHE","DIESEL PLUS PLUS by Diesel EDT SPRAY 2.5 OZ Masculine","1","amazon.com","Standard Orders","Seller","WOBURN","MA","01801-3526","","13.49","0","0","0","0","0","0","0","0","0","0","-2.02","0","0","0","11.47"
"Apr 23, 2017 6:41:07 PM PDT","6341959541","Shipping Services","112-9849272-1125859","","Shipping Label Purchased through Amazon","","","Standard Orders","","","","","","0","0","0","0","0","0","0","0","0","0","0","0","0","0","-3.62","-3.62"
"Apr 23, 2017 6:41:12 PM PDT","6341959541","Order","112-4287716-4120269","RF-LX73-TAHE","DIESEL PLUS PLUS by Diesel EDT SPRAY 2.5 OZ Masculine","1","amazon.com","Standard Orders","Seller","SAN JOSE","CA","95124-2243","","13.49","0","0","0","0","0","0","0","0","0","0","-2.02","0","0","0","11.47"
"Apr 23, 2017 6:41:50 PM PDT","6341959541","Shipping Services","112-4287716-4120269","","Shipping Label Purchased through Amazon","","","Standard Orders","","","","","","0","0","0","0","0","0","0","0","0","0","0","0","0","0","-3.62","-3.62"
"Apr 23, 2017 6:41:58 PM PDT","6341959541","Order","112-4384501-9718666","RF-LX73-TAHE","DIESEL PLUS PLUS by Diesel EDT SPRAY 2.5 OZ Masculine","1","amazon.com","Standard Orders","Seller","GLEN BURNIE","MD","21060-6503","","13.49","0","0","0","0","0","0","0","0","0","0","-2.02","0","0","0","11.47"
"Apr 23, 2017 6:42:34 PM PDT","6341959541","Shipping Services","112-4384501-9718666","","Shipping Label Purchased through Amazon","","","Standard Orders","","","","","","0","0","0","0","0","0","0","0","0","0","0","0","0","0","-3.62","-3.62"
"Apr 23, 2017 6:42:41 PM PDT","6341959541","Order","112-5486024-8104250","RF-LX73-TAHE","DIESEL PLUS PLUS by Diesel EDT SPRAY 2.5 OZ Masculine","1","amazon.com","Standard Orders","Seller","FORT LAUDERDALE","FL","33309-2923","","13.49","0","0","0","0","0","0","0","0","0","0","-2.02","0","0","0","11.47"
"Apr 23, 2017 6:43:17 PM PDT","6341959541","Shipping Services","112-5486024-8104250","","Shipping Label Purchased through Amazon","","","Standard Orders","","","","","","0","0","0","0","0","0","0","0","0","0","0","0","0","0","-3.62","-3.62"
"Apr 23, 2017 6:43:23 PM PDT","6341959541","Order","112-9009195-0487442","40-MJEV-M4A4","Diesel Plus Plus Masculine 2.5 oz edt spray (Silver)","1","amazon.com","Standard Orders","Seller","Jackson","MS","39211","","13.59","0","0","0","0","0","0","0","0","0","0","-2.04","0","0","0","11.55"
"Apr 23, 2017 6:44:01 PM PDT","6341959541","Shipping Services","112-9009195-0487442","","Shipping Label Purchased through Amazon","","","Standard Orders","","","","","","0","0","0","0","0","0","0","0","0","0","0","0","0","0","-3.76","-3.76"
"Apr 23, 2017 6:44:32 PM PDT","6341959541","Order","112-2230179-2782662","E4-G6OD-TXK1","Plus Plus Feminine by Diesel 2.5 oz Eau de Toilette Spray New in Box (Women)","1","amazon.com","Standard Orders","Seller","ORLANDO","FL","32828-5940","","12.29","0","0","0","0","0","0","0","0","0","0","-1.84","0","0","0","10.45"
"Apr 23, 2017 6:45:02 PM PDT","6341959541","Shipping Services","112-2230179-2782662","","Shipping Label Purchased through Amazon","","","Standard Orders","","","","","","0","0","0","0","0","0","0","0","0","0","0","0","0","0","-3.62","-3.62"
"Apr 23, 2017 6:45:10 PM PDT","6341959541","Order","112-2160223-0184230","E4-G6OD-TXK1","Plus Plus Feminine by Diesel 2.5 oz Eau de Toilette Spray New in Box (Women)","1","amazon.com","Standard Orders","Seller","Brooklyn","new York","11236","","12.29","0","0","0","0","0","0","0","0","0","0","-1.84","0","0","0","10.45"
"Apr 23, 2017 6:45:44 PM PDT","6341959541","Shipping Services","112-2160223-0184230","","Shipping Label Purchased through Amazon","","","Standard Orders","","","","","","0","0","0","0","0","0","0","0","0","0","0","0","0","0","-3.62","-3.62"
"Apr 23, 2017 6:45:49 PM PDT","6341959541","Order","112-7091523-4817804","RF-LX73-TAHE","DIESEL PLUS PLUS by Diesel EDT SPRAY 2.5 OZ Masculine","1","amazon.com","Standard Orders","Seller","MALONE","TX","76660-3066","","13.49","0","0","0","0","0","0","0","0","0","0","-2.02","0","0","0","11.47"
"Apr 23, 2017 6:46:27 PM PDT","6341959541","Shipping Services","112-7091523-4817804","","Shipping Label Purchased through Amazon","","","Standard Orders","","","","","","0","0","0","0","0","0","0","0","0","0","0","0","0","0","-3.62","-3.62"
"Apr 23, 2017 6:46:39 PM PDT","6341959541","Order","112-3358134-7186649","40-MJEV-M4A4","Diesel Plus Plus Masculine 2.5 oz edt spray (Silver)","1","amazon.com","Standard Orders","Seller","NEW YORK","NY","10035-3425","","13.56","0","0","0","0","0","0","0","0","0","0","-2.03","0","0","0","11.53"
"Apr 23, 2017 6:47:16 PM PDT","6341959541","Shipping Services","112-3358134-7186649","","Shipping Label Purchased through Amazon","","","Standard Orders","","","","","","0","0","0","0","0","0","0","0","0","0","0","0","0","0","-3.76","-3.76"
"Apr 23, 2017 6:47:34 PM PDT","6341959541","Order","111-8093676-3800241","40-MJEV-M4A4","Diesel Plus Plus Masculine 2.5 oz edt spray (Silver)","1","amazon.com","Standard Orders","Seller","MIAMI","FL","33166-9138","","13.56","0","0","0","0","0","0","0","0","0","0","-2.03","0","0","0","11.53"
"Apr 23, 2017 6:48:11 PM PDT","6341959541","Shipping Services","111-8093676-3800241","","Shipping Label Purchased through Amazon","","","Standard Orders","","","","","","0","0","0","0","0","0","0","0","0","0","0","0","0","0","-3.76","-3.76"
"Apr 23, 2017 6:48:14 PM PDT","6341959541","Order","112-1151420-6728263","RF-LX73-TAHE","DIESEL PLUS PLUS by Diesel EDT SPRAY 2.5 OZ Masculine","1","amazon.com","Standard Orders","Seller","DORAL","FL","33122-1059","","13.49","0","0","0","0","0","0","0","0","0","0","-2.02","0","0","0","11.47"
"Apr 23, 2017 6:48:51 PM PDT","6341959541","Shipping Services","112-1151420-6728263","","Shipping Label Purchased through Amazon","","","Standard Orders","","","","","","0","0","0","0","0","0","0","0","0","0","0","0","0","0","-3.62","-3.62"
"Apr 23, 2017 6:48:59 PM PDT","6341959541","Order","112-0286437-5721820","E4-G6OD-TXK1","Plus Plus Feminine by Diesel 2.5 oz Eau de Toilette Spray New in Box (Women)","1","amazon.com","Standard Orders","Seller","SCRANTON","PENNSYLVANIA","18509-1817","","12.29","0","0","0","0","0","0","0","0","0","0","-1.84","0","0","0","10.45"
"Apr 23, 2017 6:49:29 PM PDT","6341959541","Shipping Services","112-0286437-5721820","","Shipping Label Purchased through Amazon","","","Standard Orders","","","","","","0","0","0","0","0","0","0","0","0","0","0","0","0","0","-3.62","-3.62"
"Apr 23, 2017 6:49:36 PM PDT","6341959541","Order","111-8336947-9082666","RF-LX73-TAHE","DIESEL PLUS PLUS by Diesel EDT SPRAY 2.5 OZ Masculine","1","amazon.com","Standard Orders","Seller","Goodman","Missouri","64843","","13.49","0","0","0","0","0","0","0","0","0","0","-2.02","0","0","0","11.47"
"Apr 23, 2017 6:50:13 PM PDT","6341959541","Shipping Services","111-8336947-9082666","","Shipping Label Purchased through Amazon","","","Standard Orders","","","","","","0","0","0","0","0","0","0","0","0","0","0","0","0","0","-3.62","-3.62"
"Apr 23, 2017 6:50:35 PM PDT","6341959541","Order","111-0786647-2617853","RF-LX73-TAHE","DIESEL PLUS PLUS by Diesel EDT SPRAY 2.5 OZ Masculine","1","amazon.com","Standard Orders","Seller","MIAMI","FL","33157-3006","","13.49","0","0","0","0","0","0","0","0","0","0","-2.02","0","0","0","11.47"
"Apr 23, 2017 6:51:13 PM PDT","6341959541","Shipping Services","111-0786647-2617853","","Shipping Label Purchased through Amazon","","","Standard Orders","","","","","","0","0","0","0","0","0","0","0","0","0","0","0","0","0","-3.62","-3.62"
"Apr 23, 2017 6:51:15 PM PDT","6341959541","Order","111-4382413-4905848","RF-LX73-TAHE","DIESEL PLUS PLUS by Diesel EDT SPRAY 2.5 OZ Masculine","1","amazon.com","Standard Orders","Seller","NORRISTOWN","PA","19403-3149","","13.49","0","0","0","0","0","0","0","0","0","0","-2.02","0","0","0","11.47"
"Apr 23, 2017 6:51:52 PM PDT","6341959541","Shipping Services","111-4382413-4905848","","Shipping Label Purchased through Amazon","","","Standard Orders","","","","","","0","0","0","0","0","0","0","0","0","0","0","0","0","0","-3.62","-3.62"
"Apr 23, 2017 7:12:03 PM PDT","6341959541","Order","111-9068995-9301013","CR-OBSA-9V00","Usher By Usher For Men, Eau De Toilette Spray, 3.4-Ounce","1","amazon.com","Standard Orders","Seller","Sunbury","Pennsylvania","17801","","27.59","0","0","0","0","0","0","0","0","0","0","-4.14","0","0","0","23.45"
"Apr 23, 2017 7:12:40 PM PDT","6341959541","Shipping Services","111-9068995-9301013","","Shipping Label Purchased through Amazon","","","Standard Orders","","","","","","0","0","0","0","0","0","0","0","0","0","0","0","0","0","-4.46","-4.46"
"Apr 23, 2017 7:13:07 PM PDT","6341959541","Order","112-3641814-6440245","CR-OBSA-9V00","Usher By Usher For Men, Eau De Toilette Spray, 3.4-Ounce","1","amazon.com","Standard Orders","Seller","ERLANGER","KY","41018-1781","","27.59","0","0","0","0","0","0","0","0","0","0","-4.14","0","0","0","23.45"
"Apr 23, 2017 7:13:42 PM PDT","6341959541","Shipping Services","112-3641814-6440245","","Shipping Label Purchased through Amazon","","","Standard Orders","","","","","","0","0","0","0","0","0","0","0","0","0","0","0","0","0","-4.46","-4.46"
"Apr 23, 2017 7:13:43 PM PDT","6341959541","Order","112-6370010-2501819","CR-OBSA-9V00","Usher By Usher For Men, Eau De Toilette Spray, 3.4-Ounce","1","amazon.com","Standard Orders","Seller","NEWPORT NEWS","VA","23601-3325","","27.59","0","0","0","0","0","0","0","0","0","0","-4.14","0","0","0","23.45"
"Apr 23, 2017 7:14:21 PM PDT","6341959541","Shipping Services","112-6370010-2501819","","Shipping Label Purchased through Amazon","","","Standard Orders","","","","","","0","0","0","0","0","0","0","0","0","0","0","0","0","0","-4.46","-4.46"
"Apr 23, 2017 7:14:31 PM PDT","6341959541","Order","112-6763434-6241060","CR-OBSA-9V00","Usher By Usher For Men, Eau De Toilette Spray, 3.4-Ounce","1","amazon.com","Standard Orders","Seller","FAR ROCKAWAY","NEW YORK","11691-4904","","27.59","0","0","0","0","0","0","0","0","0","0","-4.14","0","0","0","23.45"
"Apr 23, 2017 7:15:08 PM PDT","6341959541","Shipping Services","112-6763434-6241060","","Shipping Label Purchased through Amazon","","","Standard Orders","","","","","","0","0","0","0","0","0","0","0","0","0","0","0","0","0","-4.46","-4.46"
"Apr 23, 2017 7:18:21 PM PDT","6341959541","Order","114-4068442-7629023","ZG-FQ1O-YRC7","Grey Flannel by Geoffrey Beene for Men, Eau De Toilette Spray, 4-Ounce","1","amazon.com","Standard Orders","Seller","SAN YSIDRO","CA","92173-3129","","16.10","0","0","0","0","0","0","0","0","0","0","-2.42","0","0","0","13.68"
"Apr 23, 2017 7:18:58 PM PDT","6341959541","Shipping Services","114-4068442-7629023","","Shipping Label Purchased through Amazon","","","Standard Orders","","","","","","0","0","0","0","0","0","0","0","0","0","0","0","0","0","-3.62","-3.62"
"Apr 23, 2017 7:19:25 PM PDT","6341959541","Order","114-1973146-1087416","BF-N7MD-D4X3","Perry Ellis 360 Eau de Toilette Spray Gift Set for Women, 3 Count","1","amazon.com","Standard Orders","Seller","SANDERSON","FL","32087-0301","","29.00","0","5.74","0","0","0","0","0","0","0","0","-5.21","0","0","0","29.53"
"Apr 23, 2017 7:20:03 PM PDT","6341959541","Shipping Services","114-1973146-1087416","","Shipping Label Purchased through Amazon","","","Standard Orders","","","","","","0","0","0","0","0","0","0","0","0","0","0","0","0","0","-6.05","-6.05"
"Apr 23, 2017 7:20:25 PM PDT","6341959541","Order","114-6543830-7149014","AD-DPXC-7E3P","Iceberg Twice By Iceberg For Men. Eau De Toilette Spray 4.2 Ounces","1","amazon.com","Standard Orders","Seller","SAN ANTONIO","TX","78245-3136","","14.00","0","5.33","0","0","0","0","0","0","0","0","-2.90","0","0","0","16.43"
"Apr 23, 2017 7:21:02 PM PDT","6341959541","Shipping Services","114-6543830-7149014","","Shipping Label Purchased through Amazon","","","Standard Orders","","","","","","0","0","0","0","0","0","0","0","0","0","0","0","0","0","-3.76","-3.76"
"Apr 23, 2017 7:21:31 PM PDT","6341959541","Order","114-3107371-5561037","B6-DQSR-OWOI","Oscar by Oscar De La Renta for Women - 3.4 fl oz EDT Spray","2","amazon.com","Standard Orders","Seller","Chatham","NJ","07928","","46.00","0","6.87","0","0","0","0","0","0","0","0","-7.94","0","0","0","44.93"
"Apr 23, 2017 7:22:07 PM PDT","6341959541","Shipping Services","114-3107371-5561037","","Shipping Label Purchased through Amazon","","","Standard Orders","","","","","","0","0","0","0","0","0","0","0","0","0","0","0","0","0","-6.05","-6.05"
"Apr 23, 2017 7:22:30 PM PDT","6341959541","Order","114-2255421-1277030","XD-X7FW-SZVH","DIESEL ZERO PLUS by Diesel EDT SPRAY for MEN 2.5 OZ","1","amazon.com","Standard Orders","Seller","AZTEC","NM","87410-1307","","13.49","0","0","0","0","0","0","0","0","0","0","-2.02","0","0","0","11.47"
"Apr 23, 2017 7:23:06 PM PDT","6341959541","Shipping Services","114-2255421-1277030","","Shipping Label Purchased through Amazon","","","Standard Orders","","","","","","0","0","0","0","0","0","0","0","0","0","0","0","0","0","-3.76","-3.76"
"Apr 23, 2017 7:23:31 PM PDT","6341959541","Order","114-0830064-4154659","54-CD73-HJUT","Curve By Liz Claiborne For Men. Cologne Spray 4.2 Oz.","1","amazon.com","Standard Orders","Seller","LOS ANGELES","CA","90047-3539","","20.00","0","5.28","0","0","0","0","0","0","0","0","-3.79","0","0","0","21.49"
"Apr 23, 2017 7:24:08 PM PDT","6341959541","Shipping Services","114-0830064-4154659","","Shipping Label Purchased through Amazon","","","Standard Orders","","","","","","0","0","0","0","0","0","0","0","0","0","0","0","0","0","-4.32","-4.32"
"Apr 23, 2017 7:24:35 PM PDT","6341959541","Order","114-0462889-5374651","GO-2M4K-TTEL","NAUTICA LIFE by Nautica 3.4 Ounce / 100 ml Eau de Toilette Men Cologne Spray","1","amazon.com","Standard Orders","Seller","CLEVELAND","OH","44106","","15.03","0","4.55","0","0","0","0","0","0","0","0","-2.94","0","0","0","16.64"
"Apr 23, 2017 7:25:11 PM PDT","6341959541","Shipping Services","114-0462889-5374651","","Shipping Label Purchased through Amazon","","","Standard Orders","","","","","","0","0","0","0","0","0","0","0","0","0","0","0","0","0","-3.62","-3.62"
"Apr 23, 2017 7:25:38 PM PDT","6341959541","Order","113-9955609-1264239","DN-0G1V-G4UO","CREATION LAMIS PURE BLACK 3.3 OZ.","1","amazon.com","Standard Orders","Seller","BRONX","NY","10469-1524","","9.82","0","0","0","0","0","0","0","0","0","0","-1.47","0","0","0","8.35"
"Apr 23, 2017 7:26:12 PM PDT","6341959541","Shipping Services","113-9955609-1264239","","Shipping Label Purchased through Amazon","","","Standard Orders","","","","","","0","0","0","0","0","0","0","0","0","0","0","0","0","0","-3.62","-3.62"
"Apr 23, 2017 7:26:37 PM PDT","6341959541","Order","114-5998389-7481856","RF-LX73-TAHE","DIESEL PLUS PLUS by Diesel EDT SPRAY 2.5 OZ Masculine","1","amazon.com","Standard Orders","Seller","PRINCETON","NC","27569-7496","","13.49","0","0","0","0","0","0","0","0","0","0","-2.02","0","0","0","11.47"
"Apr 23, 2017 7:27:15 PM PDT","6341959541","Shipping Services","114-5998389-7481856","","Shipping Label Purchased through Amazon","","","Standard Orders","","","","","","0","0","0","0","0","0","0","0","0","0","0","0","0","0","-3.62","-3.62"
"Apr 23, 2017 7:28:11 PM PDT","6341959541","Order","113-9836584-1461006","JK-130P-A3PQ","Tiamo by Parfum Blaze Eau De Toilette Spray 3.4 oz","1","amazon.com","Standard Orders","Seller","YONKERS","NY","10701-3973","","14.87","0","4.83","0","0","0","0","0","0","0","0","-2.96","0","0","0","16.74"
"Apr 23, 2017 7:28:11 PM PDT","6341959541","Order","113-9836584-1461006","Q6-WPSC-SKZE","Tiamo Perfume For Women By Parfum Blaze","2","amazon.com","Standard Orders","Seller","YONKERS","NY","10701-3973","","18.04","0","9.66","0","0","0","0","0","0","0","0","-4.16","0","0","0","23.54"
"Apr 23, 2017 7:28:44 PM PDT","6341959541","Shipping Services","113-9836584-1461006","","Shipping Label Purchased through Amazon","","","Standard Orders","","","","","","0","0","0","0","0","0","0","0","0","0","0","0","0","0","-6.05","-6.05"
"Apr 23, 2017 7:29:19 PM PDT","6341959541","Order","113-9577490-0109055","E4-G6OD-TXK1","Plus Plus Feminine by Diesel 2.5 oz Eau de Toilette Spray New in Box (Women)","2","amazon.com","Standard Orders","Seller","SALEM","OR","97305-4809","","24.58","0","0","0","0","0","0","0","0","0","0","-3.68","0","0","0","20.90"
"Apr 23, 2017 7:29:57 PM PDT","6341959541","Shipping Services","113-9577490-0109055","","Shipping Label Purchased through Amazon","","","Standard Orders","","","","","","0","0","0","0","0","0","0","0","0","0","0","0","0","0","-6.05","-6.05"
"Apr 23, 2017 7:30:43 PM PDT","6341959541","Order","113-8350741-5135453","K8-72HV-X2PM","Joop Pour Homme Eau de Toilette Spray for Men, 4.2 Fluid Ounce","1","amazon.com","Standard Orders","Seller","RICHARDSON","TEXAS","75082-4952","","23.00","0","5.34","0","0","0","0","0","0","0","0","-4.25","0","0","0","24.09"
"Apr 23, 2017 7:31:14 PM PDT","6341959541","Shipping Services","113-8350741-5135453","","Shipping Label Purchased through Amazon","","","Standard Orders","","","","","","0","0","0","0","0","0","0","0","0","0","0","0","0","0","-4.32","-4.32"
"Apr 23, 2017 7:32:01 PM PDT","6341959541","Order","113-2967341-4535463","C0-RNT8-L2ZB","Versace Crystal Noir Gift Set","1","amazon.com","Standard Orders","Seller","PHOENIX","AZ","85017-4255","","57.42","0","5.49","0","0","0","0","0","0","0","0","-9.44","0","0","0","53.47"
"Apr 23, 2017 7:32:38 PM PDT","6341959541","Shipping Services","113-2967341-4535463","","Shipping Label Purchased through Amazon","","","Standard Orders","","","","","","0","0","0","0","0","0","0","0","0","0","0","0","0","0","-10.42","-10.42"
"Apr 23, 2017 7:33:07 PM PDT","6341959541","Order","113-7831222-4088244","1S-30BZ-LAID","Lucky You Lucky Brand Cologne Spray 3.4 Oz For Men","1","amazon.com","Standard Orders","Seller","MERRICK","NY","11566-1413","","15.00","0","2.99","0","0","0","0","0","0","0","0","-2.70","0","0","0","15.29"
"Apr 23, 2017 7:33:07 PM PDT","6341959541","Order","113-7831222-4088244","2Q-08OZ-MKHY","Uomo Moschino by Moschino for Men - 4.2 Ounce EDT Spray","1","amazon.com","Standard Orders","Seller","MERRICK","NY","11566-1413","","23.29","0","2.96","0","0","0","0","0","0","0","0","-3.94","0","0","0","22.31"
"Apr 23, 2017 7:33:42 PM PDT","6341959541","Shipping Services","113-7831222-4088244","","Shipping Label Purchased through Amazon","","","Standard Orders","","","","","","0","0","0","0","0","0","0","0","0","0","0","0","0","0","-6.05","-6.05"
"Apr 23, 2017 7:34:08 PM PDT","6341959541","Order","113-7824748-3547425","SM-OYKK-SBTY","DIESEL ZERO PLUS by DIESEL For Women","1","amazon.com","Standard Orders","Seller","HALLANDALE BEACH","FL","33009-3904","","13.95","0","0","0","0","0","0","0","0","0","0","-2.09","0","0","0","11.86"
"Apr 23, 2017 7:34:44 PM PDT","6341959541","Shipping Services","113-7824748-3547425","","Shipping Label Purchased through Amazon","","","Standard Orders","","","","","","0","0","0","0","0","0","0","0","0","0","0","0","0","0","-3.62","-3.62"
"Apr 23, 2017 7:36:48 PM PDT","6341959541","Order","113-7334816-2329065","Z1-8Z96-GEUN","Restriction Deluxe 3.3oz. EDT Men Spray by Creation Lamis","3","amazon.com","Standard Orders","Seller","BRONX","NEW YORK","10453-7505","","59.07","0","4.49","0","0","0","0","0","0","0","0","-9.54","0","0","0","54.02"
"Apr 23, 2017 7:37:26 PM PDT","6341959541","Shipping Services","113-7334816-2329065","","Shipping Label Purchased through Amazon","","","Standard Orders","","","","","","0","0","0","0","0","0","0","0","0","0","0","0","0","0","-6.20","-6.20"
"Apr 23, 2017 7:38:55 PM PDT","6341959541","Order","113-5115163-3968206","FD-5O6P-ZP1J","JEAN PAUL GAULTIER by Jean Paul Gaultier EDT SPRAY 6.7 OZ","1","amazon.com","Standard Orders","Seller","DURHAM","NC","27704-1775","","68.00","0","5.95","0","0","0","0","0","0","0","0","-11.09","0","0","0","62.86"
"Apr 23, 2017 7:39:33 PM PDT","6341959541","Shipping Services","113-5115163-3968206","","Shipping Label Purchased through Amazon","","","Standard Orders","","","","","","0","0","0","0","0","0","0","0","0","0","0","0","0","0","-6.20","-6.20"
"Apr 23, 2017 7:40:48 PM PDT","6341959541","Order","112-7692403-7778669","DN-0G1V-G4UO","CREATION LAMIS PURE BLACK 3.3 OZ.","2","amazon.com","Standard Orders","Seller","WESTMINSTER","CA","92683-2617","","19.64","0","0","0","0","0","0","0","0","0","0","-2.94","0","0","0","16.70"
"Apr 23, 2017 7:41:27 PM PDT","6341959541","Shipping Services","112-7692403-7778669","","Shipping Label Purchased through Amazon","","","Standard Orders","","","","","","0","0","0","0","0","0","0","0","0","0","0","0","0","0","-6.05","-6.05"
"Apr 23, 2017 7:41:54 PM PDT","6341959541","Order","112-9544572-9300263","5R-2LX9-BGJ3","Jessica Mcclintock 2 Piece Gift Set for Women","1","amazon.com","Standard Orders","Seller","SIOUX CITY","IA","51104","","35.63","0","6.19","0","0","0","0","0","0","0","0","-6.27","0","0","0","35.55"
"Apr 23, 2017 7:42:32 PM PDT","6341959541","Shipping Services","112-9544572-9300263","","Shipping Label Purchased through Amazon","","","Standard Orders","","","","","","0","0","0","0","0","0","0","0","0","0","0","0","0","0","-6.96","-6.96"
"Apr 23, 2017 7:43:13 PM PDT","6341959541","Order","113-5111321-3657841","PT-Y3FU-J091","AZZARO Azzaro Chrome Mens Cologne 6.7 oz 200 ml EDT eau de toilette Spray","1","amazon.com","Standard Orders","Seller","TIFTON","GA","31794","","40.54","0","0","0","0","0","0","0","0","0","0","-6.08","0","0","0","34.46"
"Apr 23, 2017 7:43:51 PM PDT","6341959541","Shipping Services","113-5111321-3657841","","Shipping Label Purchased through Amazon","","","Standard Orders","","","","","","0","0","0","0","0","0","0","0","0","0","0","0","0","0","-6.05","-6.05"
"Apr 23, 2017 7:44:24 PM PDT","6341959541","Order","112-7959775-6769018","PT-Y3FU-J091","AZZARO Azzaro Chrome Mens Cologne 6.7 oz 200 ml EDT eau de toilette Spray","1","amazon.com","Standard Orders","Seller","ALTAMONTE SPRINGS","FL","32714-2052","","40.24","0","0","0","0","0","0","0","0","0","0","-6.04","0","0","0","34.20"
"Apr 23, 2017 7:45:02 PM PDT","6341959541","Shipping Services","112-7959775-6769018","","Shipping Label Purchased through Amazon","","","Standard Orders","","","","","","0","0","0","0","0","0","0","0","0","0","0","0","0","0","-6.05","-6.05"
"Apr 23, 2017 7:45:45 PM PDT","6341959541","Order","111-0044146-6832222","XD-X7FW-SZVH","DIESEL ZERO PLUS by Diesel EDT SPRAY for MEN 2.5 OZ","1","amazon.com","Standard Orders","Seller","EL PASO","TEXAS","79938-2019","","13.49","0","0","0","0","0","0","0","0","0","0","-2.02","0","0","0","11.47"
"Apr 23, 2017 7:46:22 PM PDT","6341959541","Shipping Services","111-0044146-6832222","","Shipping Label Purchased through Amazon","","","Standard Orders","","","","","","0","0","0","0","0","0","0","0","0","0","0","0","0","0","-3.76","-3.76"
"Apr 23, 2017 7:47:19 PM PDT","6341959541","Order","111-6829938-4341019","21-NWUH-FKC6","Liz Claiborne Curve Men Gift Set (Spray, Skin Soother, Hair and Body Wash)","1","amazon.com","Standard Orders","Seller","COAL CENTER","PA","15423-1012","","34.00","0","6.64","0","0","0","0","0","0","0","0","-6.10","0","0","0","34.54"
"Apr 23, 2017 7:47:56 PM PDT","6341959541","Shipping Services","111-6829938-4341019","","Shipping Label Purchased through Amazon","","","Standard Orders","","","","","","0","0","0","0","0","0","0","0","0","0","0","0","0","0","-6.93","-6.93"
"Apr 23, 2017 7:48:19 PM PDT","6341959541","Order","111-6804170-1085008","BF-N7MD-D4X3","Perry Ellis 360 Eau de Toilette Spray Gift Set for Women, 3 Count","1","amazon.com","Standard Orders","Seller","GREENWICH","CT","06830-6123","","29.00","0","5.74","0","0","0","0","0","0","0","0","-5.21","0","0","0","29.53"
"Apr 23, 2017 7:48:57 PM PDT","6341959541","Shipping Services","111-6804170-1085008","","Shipping Label Purchased through Amazon","","","Standard Orders","","","","","","0","0","0","0","0","0","0","0","0","0","0","0","0","0","-6.05","-6.05"
"Apr 23, 2017 7:49:30 PM PDT","6341959541","Order","111-5723500-8275410","AY-H3R8-PBQ6","Dana Navy Eau de Toilettes Spray for Women, 2.5 Ounce","1","amazon.com","Standard Orders","Seller","Des Plaines","Illinois","60016","","59.94","0","4.99","0","0","0","0","0","0","0","0","-9.74","0","0","0","55.19"
"Apr 23, 2017 7:50:06 PM PDT","6341959541","Shipping Services","111-5723500-8275410","","Shipping Label Purchased through Amazon","","","Standard Orders","","","","","","0","0","0","0","0","0","0","0","0","0","0","0","0","0","-3.77","-3.77"
"Apr 23, 2017 7:50:54 PM PDT","6341959541","Order","111-4339720-9645037","21-NWUH-FKC6","Liz Claiborne Curve Men Gift Set (Spray, Skin Soother, Hair and Body Wash)","1","amazon.com","Standard Orders","Seller","LATHAM","NY","12110-4917","","34.34","0","6.64","0","0","0","0","0","0","0","0","-6.15","0","0","0","34.83"
"Apr 23, 2017 7:51:31 PM PDT","6341959541","Shipping Services","111-4339720-9645037","","Shipping Label Purchased through Amazon","","","Standard Orders","","","","","","0","0","0","0","0","0","0","0","0","0","0","0","0","0","-6.63","-6.63"
"Apr 23, 2017 7:52:08 PM PDT","6341959541","Order","112-4866690-6640268","FY-7C7N-PWYT","Karen Low Exchange Men Eau De Toilette Spray, 3.4 Ounce","1","amazon.com","Standard Orders","Seller","Washington","Dc","20001","","9.00","0","5.19","0","0","0","0","0","0","0","0","-2.13","0","0","0","12.06"
"Apr 23, 2017 7:52:47 PM PDT","6341959541","Shipping Services","112-4866690-6640268","","Shipping Label Purchased through Amazon","","","Standard Orders","","","","","","0","0","0","0","0","0","0","0","0","0","0","0","0","0","-4.04","-4.04"
"Apr 23, 2017 7:53:37 PM PDT","6341959541","Order","112-1482683-3424207","2R-XBDJ-90C7","Carolina Herrera 212 Vip Rose Eau de Parfum Spray for Women, 1.7 Ounce","1","amazon.com","Standard Orders","Seller","WESTON","FL","33331-3626","","46.04","0","0","0","0","0","0","0","0","0","0","-6.91","0","0","0","39.13"
"Apr 23, 2017 7:54:14 PM PDT","6341959541","Shipping Services","112-1482683-3424207","","Shipping Label Purchased through Amazon","","","Standard Orders","","","","","","0","0","0","0","0","0","0","0","0","0","0","0","0","0","-4.32","-4.32"
"Apr 23, 2017 7:55:07 PM PDT","6341959541","Order","114-7103003-3245829","Q6-WPSC-SKZE","Tiamo Perfume For Women By Parfum Blaze","1","amazon.com","Standard Orders","Seller","WEST HAZLETON","PA","18202-3823","","9.02","0","5.49","0","0","0","0","0","0","0","0","-2.18","0","0","0","12.33"
"Apr 23, 2017 7:55:45 PM PDT","6341959541","Shipping Services","114-7103003-3245829","","Shipping Label Purchased through Amazon","","","Standard Orders","","","","","","0","0","0","0","0","0","0","0","0","0","0","0","0","0","-4.32","-4.32"
"Apr 23, 2017 7:56:27 PM PDT","6341959541","Order","113-4929050-4819444","UY-ZSE7-Y1L9","Magic Dreams Women Eau De Parfume Spray by Parfums Rivera, 3.4 Ounce","2","amazon.com","Standard Orders","Seller","Fanwood","NJ","07023-1020","","28.28","0","0","0","0","0","0","0","0","0","0","-4.24","0","0","0","24.04"
"Apr 23, 2017 7:57:04 PM PDT","6341959541","Shipping Services","113-4929050-4819444","","Shipping Label Purchased through Amazon","","","Standard Orders","","","","","","0","0","0","0","0","0","0","0","0","0","0","0","0","0","-6.05","-6.05"
"Apr 23, 2017 7:58:09 PM PDT","6341959541","Order","113-1344187-0780233","UY-ZSE7-Y1L9","Magic Dreams Women Eau De Parfume Spray by Parfums Rivera, 3.4 Ounce","1","amazon.com","Standard Orders","Seller","PHILADELPHIA","PA","19146-4348","","14.14","0","0","0","0","0","0","0","0","0","0","-2.12","0","0","0","12.02"
"Apr 23, 2017 7:58:47 PM PDT","6341959541","Shipping Services","113-1344187-0780233","","Shipping Label Purchased through Amazon","","","Standard Orders","","","","","","0","0","0","0","0","0","0","0","0","0","0","0","0","0","-6.05","-6.05"
"Apr 23, 2017 7:59:39 PM PDT","6341959541","Order","113-0772073-8288261","IO-HZ2V-OAW9","Viktor & Rolf Flowerbomb Eau De Parfum 100ml / 3.4 Oz","1","amazon.com","Standard Orders","Seller","LAS VEGAS","NV","89118-0636","","105.33","0","4.55","0","0","0","0","0","0","0","0","-16.48","0","0","0","93.40"
"Apr 23, 2017 8:00:17 PM PDT","6341959541","Shipping Services","113-0772073-8288261","","Shipping Label Purchased through Amazon","","","Standard Orders","","","","","","0","0","0","0","0","0","0","0","0","0","0","0","0","0","-7.15","-7.15"
"Apr 23, 2017 8:00:55 PM PDT","6341959541","Order","111-4562128-8483400","LX-0E0E-XHTB","Tresor Eau De Parfum Spray 100ml/3.3oz","1","amazon.com","Standard Orders","Seller","MILFORD","CT","06460-4507","","69.99","0","0","0","0","0","0","0","0","0","0","-10.50","0","0","0","59.49"
"Apr 23, 2017 8:01:33 PM PDT","6341959541","Shipping Services","111-4562128-8483400","","Shipping Label Purchased through Amazon","","","Standard Orders","","","","","","0","0","0","0","0","0","0","0","0","0","0","0","0","0","-4.47","-4.47"
"Apr 23, 2017 8:03:26 PM PDT","6341959541","Order","112-2563376-4889038","SM-OYKK-SBTY","DIESEL ZERO PLUS by DIESEL For Women","1","amazon.com","Standard Orders","Seller","BROOKLYN","NY","11212-5557","","13.95","0","11.04","0","0","0","0","0","0","0","0","-3.75","0","0","0","21.24"
"Apr 23, 2017 8:04:00 PM PDT","6341959541","Shipping Services","112-2563376-4889038","","Shipping Label Purchased through Amazon","","","Standard Orders","","","","","","0","0","0","0","0","0","0","0","0","0","0","0","0","0","-6.05","-6.05"
"Apr 23, 2017 8:04:36 PM PDT","6341959541","Order","112-4092319-4785853","JK-130P-A3PQ","Tiamo by Parfum Blaze Eau De Toilette Spray 3.4 oz","1","amazon.com","Standard Orders","Seller","COLLEGE PARK","GA","30349-6585","","14.87","0","0","0","0","0","0","0","0","0","0","-2.23","0","0","0","12.64"
"Apr 23, 2017 8:05:14 PM PDT","6341959541","Shipping Services","112-4092319-4785853","","Shipping Label Purchased through Amazon","","","Standard Orders","","","","","","0","0","0","0","0","0","0","0","0","0","0","0","0","0","-4.32","-4.32"
"Apr 23, 2017 8:06:07 PM PDT","6341959541","Order","111-8556771-7215428","HN-3DT3-QJTU","Fantasy Midnight By Britney Spears Eau De Parfum Spray 3.4 Oz Women","1","amazon.com","Standard Orders","Seller","WASHINGTON","DC","20012-2870","","21.00","0","5.24","0","0","0","0","0","0","0","0","-3.94","0","0","0","22.30"
"Apr 23, 2017 8:06:43 PM PDT","6341959541","Shipping Services","111-8556771-7215428","","Shipping Label Purchased through Amazon","","","Standard Orders","","","","","","0","0","0","0","0","0","0","0","0","0","0","0","0","0","-4.32","-4.32"
"Apr 23, 2017 8:08:14 PM PDT","6341959541","Order","113-0299342-7741862","UY-T92D-JIMV","Dis-lui Extreme Pour Homme 3.4 Oz Eau De Parfum Spray for Men","1","amazon.com","Standard Orders","Seller","MORGANTOWN","WV","26505-3678","","10.50","0","6.50","0","0","0","0","0","0","0","0","-2.55","0","0","0","14.45"
"Apr 23, 2017 8:08:48 PM PDT","6341959541","Shipping Services","113-0299342-7741862","","Shipping Label Purchased through Amazon","","","Standard Orders","","","","","","0","0","0","0","0","0","0","0","0","0","0","0","0","0","-3.76","-3.76"
"Apr 23, 2017 8:10:13 PM PDT","6341959541","Order","111-4346528-5644246","UY-ZSE7-Y1L9","Magic Dreams Women Eau De Parfume Spray by Parfums Rivera, 3.4 Ounce","1","amazon.com","Standard Orders","Seller","BETHESDA","MARYLAND","20814-4807","","14.14","0","0","0","0","0","0","0","0","0","0","-2.12","0","0","0","12.02"
"Apr 23, 2017 8:10:51 PM PDT","6341959541","Shipping Services","111-4346528-5644246","","Shipping Label Purchased through Amazon","","","Standard Orders","","","","","","0","0","0","0","0","0","0","0","0","0","0","0","0","0","-6.05","-6.05"
"Apr 23, 2017 8:11:50 PM PDT","6341959541","Order","111-4144735-4533062","8P-V1G2-3C7S","Thallium 3.4 Fl. oz. Eau De Toilette Spray Men","2","amazon.com","Standard Orders","Seller","HIALEAH","FL","33010-2121","","26.00","0","5.69","0","0","0","0","0","0","0","0","-4.76","0","0","0","26.93"
"Apr 23, 2017 8:12:28 PM PDT","6341959541","Shipping Services","111-4144735-4533062","","Shipping Label Purchased through Amazon","","","Standard Orders","","","","","","0","0","0","0","0","0","0","0","0","0","0","0","0","0","-6.05","-6.05"
"Apr 23, 2017 8:18:28 PM PDT","6341959541","Order","113-1115641-5219419","RF-LX73-TAHE","DIESEL PLUS PLUS by Diesel EDT SPRAY 2.5 OZ Masculine","4","amazon.com","Standard Orders","Seller","HAZLETON","PA","18201-4213","","53.96","0","0","0","0","0","0","0","0","0","0","-8.08","0","0","0","45.88"
"Apr 23, 2017 8:19:04 PM PDT","6341959541","Shipping Services","113-1115641-5219419","","Shipping Label Purchased through Amazon","","","Standard Orders","","","","","","0","0","0","0","0","0","0","0","0","0","0","0","0","0","-6.20","-6.20"
"Apr 23, 2017 8:20:06 PM PDT","6341959541","Order","113-0762482-0326641","RF-LX73-TAHE","DIESEL PLUS PLUS by Diesel EDT SPRAY 2.5 OZ Masculine","1","amazon.com","Standard Orders","Seller","SOMERVILLE","MA","02144-1601","","13.49","0","0","0","0","0","0","0","0","0","0","-2.02","0","0","0","11.47"
"Apr 23, 2017 8:20:06 PM PDT","6341959541","Order","113-0762482-0326641","E4-G6OD-TXK1","Plus Plus Feminine by Diesel 2.5 oz Eau de Toilette Spray New in Box (Women)","1","amazon.com","Standard Orders","Seller","SOMERVILLE","MA","02144-1601","","12.29","0","0","0","0","0","0","0","0","0","0","-1.84","0","0","0","10.45"
"Apr 23, 2017 8:20:39 PM PDT","6341959541","Shipping Services","113-0762482-0326641","","Shipping Label Purchased through Amazon","","","Standard Orders","","","","","","0","0","0","0","0","0","0","0","0","0","0","0","0","0","-6.05","-6.05"
"Apr 23, 2017 8:30:45 PM PDT","6341959541","Order","114-1292287-2496256","AL-WL4W-TJ4O","Magie Noire by Lancome for Women 2.5 oz Eau de Toilette Spray","1","amazon.com","Standard Orders","Seller","MUSKEGO","WISCONSIN","53150-7500","","59.80","0","5.09","0","0","0","0","0","0","0","0","-9.73","0","0","0","55.16"
"Apr 23, 2017 8:31:19 PM PDT","6341959541","Shipping Services","114-1292287-2496256","","Shipping Label Purchased through Amazon","","","Standard Orders","","","","","","0","0","0","0","0","0","0","0","0","0","0","0","0","0","-3.91","-3.91"
"Apr 23, 2017 8:31:27 PM PDT","6341959541","Order","112-6440799-0038626","AL-WL4W-TJ4O","Magie Noire by Lancome for Women 2.5 oz Eau de Toilette Spray","1","amazon.com","Standard Orders","Seller","LOUISVILLE","KY","40291-4702","","59.80","0","5.09","0","0","0","0","0","0","0","0","-9.73","0","0","0","55.16"
"Apr 23, 2017 8:32:05 PM PDT","6341959541","Shipping Services","112-6440799-0038626","","Shipping Label Purchased through Amazon","","","Standard Orders","","","","","","0","0","0","0","0","0","0","0","0","0","0","0","0","0","-3.91","-3.91"
"Apr 23, 2017 8:32:11 PM PDT","6341959541","Order","113-4739621-1432267","AL-WL4W-TJ4O","Magie Noire by Lancome for Women 2.5 oz Eau de Toilette Spray","1","amazon.com","Standard Orders","Seller","CHESTERTOWN","MD","21620-1638","","59.80","0","5.09","0","0","0","0","0","0","0","0","-9.73","0","0","0","55.16"
"Apr 23, 2017 8:32:49 PM PDT","6341959541","Order","113-0596155-8876235","AL-WL4W-TJ4O","Magie Noire by Lancome for Women 2.5 oz Eau de Toilette Spray","1","amazon.com","Standard Orders","Seller","FREEPORT","NY","11520-4028","","59.80","0","5.09","0","0","0","0","0","0","0","0","-9.73","0","0","0","55.16"
"Apr 23, 2017 8:32:49 PM PDT","6341959541","Shipping Services","113-4739621-1432267","","Shipping Label Purchased through Amazon","","","Standard Orders","","","","","","0","0","0","0","0","0","0","0","0","0","0","0","0","0","-3.91","-3.91"
"Apr 23, 2017 8:33:27 PM PDT","6341959541","Shipping Services","113-0596155-8876235","","Shipping Label Purchased through Amazon","","","Standard Orders","","","","","","0","0","0","0","0","0","0","0","0","0","0","0","0","0","-3.91","-3.91"
"Apr 23, 2017 8:33:38 PM PDT","6341959541","Order","111-8398194-8577824","CR-OBSA-9V00","Usher By Usher For Men, Eau De Toilette Spray, 3.4-Ounce","1","amazon.com","Standard Orders","Seller","STREAMWOOD","IL","60107-1065","","27.59","0","0","0","0","0","0","0","0","0","0","-4.14","0","0","0","23.45"
"Apr 23, 2017 8:34:15 PM PDT","6341959541","Shipping Services","111-8398194-8577824","","Shipping Label Purchased through Amazon","","","Standard Orders","","","","","","0","0","0","0","0","0","0","0","0","0","0","0","0","0","-4.46","-4.46"
"Apr 23, 2017 8:34:24 PM PDT","6341959541","Order","112-1317652-3615413","CR-OBSA-9V00","Usher By Usher For Men, Eau De Toilette Spray, 3.4-Ounce","1","amazon.com","Standard Orders","Seller","GEORGETOWN","SC","29440-2249","","27.59","0","0","0","0","0","0","0","0","0","0","-4.14","0","0","0","23.45"
"Apr 23, 2017 8:35:02 PM PDT","6341959541","Shipping Services","112-1317652-3615413","","Shipping Label Purchased through Amazon","","","Standard Orders","","","","","","0","0","0","0","0","0","0","0","0","0","0","0","0","0","-4.46","-4.46"
"Apr 23, 2017 8:35:21 PM PDT","6341959541","Order","111-5702951-1471419","CR-OBSA-9V00","Usher By Usher For Men, Eau De Toilette Spray, 3.4-Ounce","1","amazon.com","Standard Orders","Seller","OCEANSIDE","CA","92056-4120","","27.59","0","0","0","0","0","0","0","0","0","0","-4.14","0","0","0","23.45"
"Apr 23, 2017 8:35:59 PM PDT","6341959541","Shipping Services","111-5702951-1471419","","Shipping Label Purchased through Amazon","","","Standard Orders","","","","","","0","0","0","0","0","0","0","0","0","0","0","0","0","0","-4.46","-4.46"
"Apr 23, 2017 8:36:22 PM PDT","6341959541","Order","111-3008993-5957801","AL-WL4W-TJ4O","Magie Noire by Lancome for Women 2.5 oz Eau de Toilette Spray","1","amazon.com","Standard Orders","Seller","WAYLAND","MA","01778-1221","","59.80","0","5.09","0","0","0","0","0","0","0","0","-9.73","0","0","0","55.16"
"Apr 23, 2017 8:36:59 PM PDT","6341959541","Shipping Services","111-3008993-5957801","","Shipping Label Purchased through Amazon","","","Standard Orders","","","","","","0","0","0","0","0","0","0","0","0","0","0","0","0","0","-3.91","-3.91"
"Apr 24, 2017 9:35:40 AM PDT","6342532161","Order","112-7865917-8105834","2L-YX0W-CS37","Johan B Merveille Eau De Parfum Spray for Women, 3.4 Ounce","1","amazon.com","Standard Orders","Seller","BROOKLYN","NY","11218-6149","","18.60","0","4.99","0","0","0","0","0","0","0","0","-3.54","0","0","0","20.05"
"Apr 24, 2017 9:36:17 AM PDT","6342532161","Shipping Services","112-7865917-8105834","","Shipping Label Purchased through Amazon","","","Standard Orders","","","","","","0","0","0","0","0","0","0","0","0","0","0","0","0","0","-5.00","-5.00"
"Apr 24, 2017 1:18:06 PM PDT","6342532161","Shipping Services","114-9949904-2430606","","Shipping Label Purchased through Amazon","","","Standard Orders","","","","","","0","0","0","0","0","0","0","0","0","0","0","0","0","0","-6.05","-6.05"
"Apr 24, 2017 1:29:40 PM PDT","6342532161","Order","114-9949904-2430606","FY-7C7N-PWYT","Karen Low Exchange Men Eau De Toilette Spray, 3.4 Ounce","2","amazon.com","Standard Orders","Seller","BROOKLYN","NEW YORK","11226-8521","","18.00","0","5.89","0","0","0","0","0","0","0","0","-3.58","0","0","0","20.31"
"Apr 24, 2017 1:48:19 PM PDT","6342532161","Order","114-9846920-3027412","RR-76HZ-2MVF","UR by Usher for Men, Eau De Toilette Spray, 3.4-Ounce","1","amazon.com","Standard Orders","Seller","MONETA","VIRGINIA","24121-3716","","20.00","0","5.24","0","0","0","0","0","0","0","0","-3.79","0","0","0","21.45"
"Apr 24, 2017 1:48:57 PM PDT","6342532161","Shipping Services","114-9846920-3027412","","Shipping Label Purchased through Amazon","","","Standard Orders","","","","","","0","0","0","0","0","0","0","0","0","0","0","0","0","0","-4.18","-4.18"
"Apr 24, 2017 1:49:51 PM PDT","6342532161","Order","114-7561882-0324260","DE-E6EO-HYLG","212 Sexy By: Carolina Herrera 3.4 oz EDT, Men's","1","amazon.com","Standard Orders","Seller","MELBOURNE","FL","32935-7226","","67.77","0","4.49","0","0","0","0","0","0","0","0","-10.84","0","0","0","61.42"
"Apr 24, 2017 1:50:20 PM PDT","6342532161","Shipping Services","114-7561882-0324260","","Shipping Label Purchased through Amazon","","","Standard Orders","","","","","","0","0","0","0","0","0","0","0","0","0","0","0","0","0","-4.61","-4.61"
"Apr 24, 2017 1:50:54 PM PDT","6342532161","Order","114-5298154-3084205","KG-EP0K-7LTJ","Jus De Amour for Women","1","amazon.com","Standard Orders","Seller","Toa Alta","PR","00953","","12.01","0","5.34","0","0","0","0","0","0","0","0","-2.60","0","0","0","14.75"
"Apr 24, 2017 1:51:32 PM PDT","6342532161","Shipping Services","114-5298154-3084205","","Shipping Label Purchased through Amazon","","","Standard Orders","","","","","","0","0","0","0","0","0","0","0","0","0","0","0","0","0","-4.46","-4.46"
"Apr 24, 2017 1:53:58 PM PDT","6342532161","Order","113-7940370-7203411","AK-WWQR-VATS","Christian Dior Pure Poison Eau de Parfum Spray, 3.4 Ounce","1","amazon.com","Standard Orders","Seller","PORTLAND","OR","97217-8242","","92.87","0","5.54","0","0","0","0","0","0","0","0","-14.76","0","0","0","83.65"
"Apr 24, 2017 1:54:34 PM PDT","6342532161","Shipping Services","113-7940370-7203411","","Shipping Label Purchased through Amazon","","","Standard Orders","","","","","","0","0","0","0","0","0","0","0","0","0","0","0","0","0","-4.33","-4.33"
"Apr 24, 2017 1:54:46 PM PDT","6342532161","Order","113-8909614-3635400","54-CD73-HJUT","Curve By Liz Claiborne For Men. Cologne Spray 4.2 Oz.","2","amazon.com","Standard Orders","Seller","DUNEDIN","FL","34698-5335","","40.00","0","6.07","0","0","0","0","0","0","0","0","-6.92","0","0","0","39.15"
"Apr 24, 2017 1:55:20 PM PDT","6342532161","Shipping Services","113-8909614-3635400","","Shipping Label Purchased through Amazon","","","Standard Orders","","","","","","0","0","0","0","0","0","0","0","0","0","0","0","0","0","-6.05","-6.05"
"Apr 24, 2017 1:55:53 PM PDT","6342532161","Order","113-6706793-0182630","M8-PEDR-E2QE","Clipsal 3.4 Fl. oz. Eau De Toilette Spray Men","2","amazon.com","Standard Orders","Seller","GLENDALE","NEW YORK","11385-7449","","14.78","0","5.49","0","0","0","0","0","0","0","0","-3.04","0","0","0","17.23"
"Apr 24, 2017 1:56:28 PM PDT","6342532161","Shipping Services","113-6706793-0182630","","Shipping Label Purchased through Amazon","","","Standard Orders","","","","","","0","0","0","0","0","0","0","0","0","0","0","0","0","0","-6.05","-6.05"
"Apr 24, 2017 1:57:15 PM PDT","6342532161","Order","113-3682660-7652223","TP-JZ2P-HJSY","Daisy Eau So Fresh by Marc Jacobs Eau De Toilette Spray 4.2 oz Women's","1","amazon.com","Standard Orders","Seller","MORENO VALLEY","CA","92557-7100","","63.00","0","0","0","0","0","0","0","0","0","0","-9.45","0","0","0","53.55"
"Apr 24, 2017 1:57:51 PM PDT","6342532161","Shipping Services","113-3682660-7652223","","Shipping Label Purchased through Amazon","","","Standard Orders","","","","","","0","0","0","0","0","0","0","0","0","0","0","0","0","0","-4.61","-4.61"
"Apr 24, 2017 1:58:24 PM PDT","6342532161","Order","112-7722886-7091407","RL-Z1OR-5MCR","Elizabeth Taylor White Diamonds 4-Piece Gift Set","1","amazon.com","Standard Orders","Seller","CULLMAN","AL","35055-5526","","38.55","0","6.44","0","0","0","0","0","0","0","0","-6.75","0","0","0","38.24"
"Apr 24, 2017 1:59:03 PM PDT","6342532161","Shipping Services","112-7722886-7091407","","Shipping Label Purchased through Amazon","","","Standard Orders","","","","","","0","0","0","0","0","0","0","0","0","0","0","0","0","0","-8.21","-8.21"
"Apr 24, 2017 1:59:14 PM PDT","6342532161","Order","112-7544949-8345815","3M-9JP8-EJI6","CAROLINA HERRERA 212 MEN EDT SPRAY 100ML 3.4OZ NEW","1","amazon.com","Standard Orders","Seller","EVERETT","MA","02149-3628","","63.95","0","0","0","0","0","0","0","0","0","0","-9.59","0","0","0","54.36"
"Apr 24, 2017 1:59:52 PM PDT","6342532161","Shipping Services","112-7544949-8345815","","Shipping Label Purchased through Amazon","","","Standard Orders","","","","","","0","0","0","0","0","0","0","0","0","0","0","0","0","0","-4.47","-4.47"
"Apr 24, 2017 2:00:06 PM PDT","6342532161","Order","114-6767668-4468201","AL-WL4W-TJ4O","Magie Noire by Lancome for Women 2.5 oz Eau de Toilette Spray","1","amazon.com","Standard Orders","Seller","Altoona","FL","32702","","59.80","0","5.09","0","0","0","0","0","0","0","0","-9.73","0","0","0","55.16"
"Apr 24, 2017 2:00:41 PM PDT","6342532161","Shipping Services","114-6767668-4468201","","Shipping Label Purchased through Amazon","","","Standard Orders","","","","","","0","0","0","0","0","0","0","0","0","0","0","0","0","0","-3.91","-3.91"
"Apr 24, 2017 2:00:55 PM PDT","6342532161","Order","114-4079807-7778649","N6-T97C-HZ2W","INSURRECTION by Reyane Tradition Men's Eau De Toilette Spray 3.4 oz - 100% Authentic","1","amazon.com","Standard Orders","Seller","MIAMI","FL","33127-3469","","21.47","0","0","0","0","0","0","0","0","0","0","-3.22","0","0","0","18.25"
"Apr 24, 2017 2:01:30 PM PDT","6342532161","Shipping Services","114-4079807-7778649","","Shipping Label Purchased through Amazon","","","Standard Orders","","","","","","0","0","0","0","0","0","0","0","0","0","0","0","0","0","-4.46","-4.46"
"Apr 24, 2017 2:01:47 PM PDT","6342532161","Order","112-1127276-6777054","54-CD73-HJUT","Curve By Liz Claiborne For Men. Cologne Spray 4.2 Oz.","1","amazon.com","Standard Orders","Seller","PEMBROKE","GA","31321-5556","","20.00","0","5.28","0","0","0","0","0","0","0","0","-3.79","0","0","0","21.49"
"Apr 24, 2017 2:02:23 PM PDT","6342532161","Shipping Services","112-1127276-6777054","","Shipping Label Purchased through Amazon","","","Standard Orders","","","","","","0","0","0","0","0","0","0","0","0","0","0","0","0","0","-4.32","-4.32"
"Apr 24, 2017 2:02:43 PM PDT","6342532161","Order","111-9835498-1265051","1G-QQ09-KMJV","Versace Eros Men Eau De Toilette Spray, 6.7 Fluid Ounce","1","amazon.com","Standard Orders","Seller","HAYWARD","CA","94542-1644","","50.00","0","5.89","0","0","0","0","0","0","0","0","-8.38","0","0","0","47.51"
"Apr 24, 2017 2:03:20 PM PDT","6342532161","Shipping Services","111-9835498-1265051","","Shipping Label Purchased through Amazon","","","Standard Orders","","","","","","0","0","0","0","0","0","0","0","0","0","0","0","0","0","-6.05","-6.05"
"Apr 24, 2017 2:04:14 PM PDT","6342532161","Order","111-8927503-6719466","74-DRG6-NKAA","Estee Lauder Purse Beautiful Eau de Parfum Spray for Women, 6 Count","1","amazon.com","Standard Orders","Seller","Springfield Gardens","NY","11413","","64.58","0","0","0","0","0","0","0","0","0","0","-9.69","0","0","0","54.89"
"Apr 24, 2017 2:04:52 PM PDT","6342532161","Shipping Services","111-8927503-6719466","","Shipping Label Purchased through Amazon","","","Standard Orders","","","","","","0","0","0","0","0","0","0","0","0","0","0","0","0","0","-4.47","-4.47"
"Apr 24, 2017 2:04:55 PM PDT","6342532161","Order","111-3626119-7585825","M8-PEDR-E2QE","Clipsal 3.4 Fl. oz. Eau De Toilette Spray Men","1","amazon.com","Standard Orders","Seller","BROOKLYN","NY","11207-2427","","7.39","0","4.99","0","0","0","0","0","0","0","0","-1.86","0","0","0","10.52"
"Apr 24, 2017 2:05:31 PM PDT","6342532161","Shipping Services","111-3626119-7585825","","Shipping Label Purchased through Amazon","","","Standard Orders","","","","","","0","0","0","0","0","0","0","0","0","0","0","0","0","0","-4.46","-4.46"
"Apr 24, 2017 2:05:48 PM PDT","6342532161","Order","111-1002630-8105038","0D-ZN8O-QQ8V","P O L O Black Fragrance for Men Luxury Perfume Spray 4.2 Oz. New with Box","1","amazon.com","Standard Orders","Seller","INDIANAPOLIS","IN","46236-5103","","52.28","0","4.49","0","0","0","0","0","0","0","0","-8.52","0","0","0","48.25"
"Apr 24, 2017 2:06:25 PM PDT","6342532161","Shipping Services","111-1002630-8105038","","Shipping Label Purchased through Amazon","","","Standard Orders","","","","","","0","0","0","0","0","0","0","0","0","0","0","0","0","0","-4.47","-4.47"
"Apr 24, 2017 2:06:41 PM PDT","6342532161","Order","111-1429983-5417808","IV-RL8L-D8TV","Arsenal Grey FOR MEN by Gilles Cantuel - 3.4 oz EDP Spray (Wood Box)","1","amazon.com","Standard Orders","Seller","WORCESTER","MA","01602-4306","","21.75","0","4.49","0","0","0","0","0","0","0","0","-3.94","0","0","0","22.30"
"Apr 24, 2017 2:07:17 PM PDT","6342532161","Shipping Services","111-1429983-5417808","","Shipping Label Purchased through Amazon","","","Standard Orders","","","","","","0","0","0","0","0","0","0","0","0","0","0","0","0","0","-4.46","-4.46"
"Apr 24, 2017 2:07:30 PM PDT","6342532161","Order","113-5407666-5547445","QE-9U4J-U2YO","NEW BRAND EVA 3.3 OZ.","2","amazon.com","Standard Orders","Seller","OAK LAWN","IL","60453-2419","","24.00","0","0","0","0","0","0","0","0","0","0","-3.60","0","0","0","20.40"
"Apr 24, 2017 2:08:07 PM PDT","6342532161","Shipping Services","113-5407666-5547445","","Shipping Label Purchased through Amazon","","","Standard Orders","","","","","","0","0","0","0","0","0","0","0","0","0","0","0","0","0","-6.05","-6.05"
"Apr 24, 2017 2:08:48 PM PDT","6342532161","Order","113-2035313-7423417","54-CD73-HJUT","Curve By Liz Claiborne For Men. Cologne Spray 4.2 Oz.","1","amazon.com","Standard Orders","Seller","NANTUCKET","MA","02554-2240","","20.00","0","5.28","0","0","0","0","0","0","0","0","-3.79","0","0","0","21.49"
"Apr 24, 2017 2:09:23 PM PDT","6342532161","Shipping Services","113-2035313-7423417","","Shipping Label Purchased through Amazon","","","Standard Orders","","","","","","0","0","0","0","0","0","0","0","0","0","0","0","0","0","-4.32","-4.32"
"Apr 24, 2017 2:10:07 PM PDT","6342532161","Order","113-2175005-5517815","5R-2LX9-BGJ3","Jessica Mcclintock 2 Piece Gift Set for Women","1","amazon.com","Standard Orders","Seller","VISALIA","CA","93292-7327","","35.62","0","6.19","0","0","0","0","0","0","0","0","-6.27","0","0","0","35.54"
"Apr 24, 2017 2:10:45 PM PDT","6342532161","Shipping Services","113-2175005-5517815","","Shipping Label Purchased through Amazon","","","Standard Orders","","","","","","0","0","0","0","0","0","0","0","0","0","0","0","0","0","-7.34","-7.34"
"Apr 24, 2017 2:11:03 PM PDT","6342532161","Order","113-0933522-4896208","AL-WL4W-TJ4O","Magie Noire by Lancome for Women 2.5 oz Eau de Toilette Spray","1","amazon.com","Standard Orders","Seller","Bloomington","Indiana","47403-3159","","59.80","0","5.09","0","0","0","0","0","0","0","0","-9.73","0","0","0","55.16"
"Apr 24, 2017 2:11:42 PM PDT","6342532161","Shipping Services","113-0933522-4896208","","Shipping Label Purchased through Amazon","","","Standard Orders","","","","","","0","0","0","0","0","0","0","0","0","0","0","0","0","0","-3.91","-3.91"
"Apr 24, 2017 2:12:25 PM PDT","6342532161","Order","113-1964275-1873868","JP-EA9F-MS6I","Bora Bora Liz Claiborne Cologne for Men 3.4 Oz New in Box","1","amazon.com","Standard Orders","Seller","JACKSONVILLE","FL","32216-3501","","18.00","0","4.49","0","0","0","0","0","0","0","0","-3.37","0","0","0","19.12"
"Apr 24, 2017 2:13:02 PM PDT","6342532161","Shipping Services","113-1964275-1873868","","Shipping Label Purchased through Amazon","","","Standard Orders","","","","","","0","0","0","0","0","0","0","0","0","0","0","0","0","0","-4.04","-4.04"
"Apr 24, 2017 2:17:01 PM PDT","6342532161","Order","111-2692369-3896224","ZX-M5II-FCOY","Bvlgari Omnia Crystalline for Women Eau De Toilette Spray, 2.2 fl oz","1","amazon.com","Standard Orders","Seller","CORONA","NY","11368-3120","","33.00","0","5.33","0","0","0","0","0","0","0","0","-5.75","0","0","0","32.58"
"Apr 24, 2017 2:17:32 PM PDT","6342532161","Shipping Services","111-2692369-3896224","","Shipping Label Purchased through Amazon","","","Standard Orders","","","","","","0","0","0","0","0","0","0","0","0","0","0","0","0","0","-4.18","-4.18"
"Apr 24, 2017 2:21:25 PM PDT","6342532161","Order","112-1223260-8482659","OI-C2S7-9PQF","Curve Crush for Women by Liz Claiborne, Gift Set - 3.4 oz Eau De Toilette Spray + .5 oz Mini EDT Spray + 2.5 oz Body Lotion + 2.5 oz Shoer Gel","2","amazon.com","Standard Orders","Seller","SAINT PETERSBURG","FLORIDA","33712-5826","","72.68","0","8.89","0","0","0","0","0","0","0","0","-12.24","0","0","0","69.33"
"Apr 24, 2017 2:22:03 PM PDT","6342532161","Shipping Services","112-1223260-8482659","","Shipping Label Purchased through Amazon","","","Standard Orders","","","","","","0","0","0","0","0","0","0","0","0","0","0","0","0","0","-10.64","-10.64"
"Apr 24, 2017 2:49:47 PM PDT","6342532161","Order","111-4605106-3241061","DW-ZSTL-3Y1Y","Oscar De La Renta Oscar Pour Lui for Men Eau De Toilette Spray, 3.0 Ounce","5","amazon.com","Standard Orders","Seller","FREEPORT","NY","11520-2521","","75.00","0","7.49","0","0","0","0","0","0","0","0","-12.40","0","0","0","70.09"
"Apr 24, 2017 2:50:23 PM PDT","6342532161","Shipping Services","111-4605106-3241061","","Shipping Label Purchased through Amazon","","","Standard Orders","","","","","","0","0","0","0","0","0","0","0","0","0","0","0","0","0","-7.07","-7.07"
"Apr 24, 2017 2:50:55 PM PDT","6342532161","Order","113-4711943-4436259","GJ-XTMR-VLGA","Ed Hardy Villain by Christian Audigier for Women 4 Piece Set Includes: 4.2 oz Eau de Parfum Spray + 3.0 oz Shimmering Body Lotion + 0.25 oz Eau de Par","1","amazon.com","Standard Orders","Seller","Ocoee","Florida","34761","","30.52","0","6.99","0","0","0","0","0","0","0","0","-5.63","0","0","0","31.88"
"Apr 24, 2017 2:51:33 PM PDT","6342532161","Shipping Services","113-4711943-4436259","","Shipping Label Purchased through Amazon","","","Standard Orders","","","","","","0","0","0","0","0","0","0","0","0","0","0","0","0","0","-8.21","-8.21"
"Apr 24, 2017 2:51:56 PM PDT","6342532161","Order","111-2252825-6870660","GJ-XTMR-VLGA","Ed Hardy Villain by Christian Audigier for Women 4 Piece Set Includes: 4.2 oz Eau de Parfum Spray + 3.0 oz Shimmering Body Lotion + 0.25 oz Eau de Par","1","amazon.com","Standard Orders","Seller","BISMARCK","ND","58503-8874","","30.52","0","6.99","0","0","0","0","0","0","0","0","-5.63","0","0","0","31.88"
"Apr 24, 2017 2:52:34 PM PDT","6342532161","Shipping Services","111-2252825-6870660","","Shipping Label Purchased through Amazon","","","Standard Orders","","","","","","0","0","0","0","0","0","0","0","0","0","0","0","0","0","-9.21","-9.21"
"Apr 24, 2017 4:33:21 PM PDT","6342532161","Order","114-4734816-1883414","RF-LX73-TAHE","DIESEL PLUS PLUS by Diesel EDT SPRAY 2.5 OZ Masculine","1","amazon.com","Standard Orders","Seller","MIAMI","FL","33145-2081","","13.49","0","6.00","0","0","0","0","0","0","0","0","-2.92","0","0","0","16.57"
"Apr 24, 2017 4:33:57 PM PDT","6342532161","Shipping Services","114-4734816-1883414","","Shipping Label Purchased through Amazon","","","Standard Orders","","","","","","0","0","0","0","0","0","0","0","0","0","0","0","0","0","-3.62","-3.62"
"Apr 24, 2017 4:36:06 PM PDT","6342532161","Order","114-3573092-9598642","GE-DDEU-7TI5","Samba By Perfumers Workshop For Men. Eau De Toilette Spray 3.3 Ounces","2","amazon.com","Standard Orders","Seller","Hudson","MA","01749","","30.00","0","5.59","0","0","0","0","0","0","0","0","-5.34","0","0","0","30.25"
"Apr 24, 2017 4:36:42 PM PDT","6342532161","Shipping Services","114-3573092-9598642","","Shipping Label Purchased through Amazon","","","Standard Orders","","","","","","0","0","0","0","0","0","0","0","0","0","0","0","0","0","-6.05","-6.05"
"Apr 24, 2017 4:36:55 PM PDT","6342532161","Order","114-3405796-7194665","GE-DDEU-7TI5","Samba By Perfumers Workshop For Men. Eau De Toilette Spray 3.3 Ounces","1","amazon.com","Standard Orders","Seller","Meridian","ID","83642","","15.00","0","5.04","0","0","0","0","0","0","0","0","-3.01","0","0","0","17.03"
"Apr 24, 2017 4:37:32 PM PDT","6342532161","Shipping Services","114-3405796-7194665","","Shipping Label Purchased through Amazon","","","Standard Orders","","","","","","0","0","0","0","0","0","0","0","0","0","0","0","0","0","-3.76","-3.76"
"Apr 24, 2017 4:38:59 PM PDT","6342532161","Order","114-1750302-9426667","JY-537P-2YD0","Ed Hardy Born Wild for Women 5 Piece Set Includes: 3.4 oz Eau de Parfum Spray + 0.34 oz Eau de Parfum Roller Ball + 3.0 oz Shimmering Body Lotion + 3.","3","amazon.com","Standard Orders","Seller","FALLS CHURCH","VA","22042-3131","","83.49","0","12.47","0","0","0","0","0","0","0","0","-14.40","0","0","0","81.56"
"Apr 24, 2017 4:39:37 PM PDT","6342532161","Shipping Services","114-1750302-9426667","","Shipping Label Purchased through Amazon","","","Standard Orders","","","","","","0","0","0","0","0","0","0","0","0","0","0","0","0","0","-8.63","-8.63"
"Apr 24, 2017 4:40:41 PM PDT","6342532161","Order","113-7936163-2740256","GE-DDEU-7TI5","Samba By Perfumers Workshop For Men. Eau De Toilette Spray 3.3 Ounces","5","amazon.com","Standard Orders","Seller","BOWLING GREEN","OH","43402-5405","","75.00","0","7.24","0","0","0","0","0","0","0","0","-12.35","0","0","0","69.89"
"Apr 24, 2017 4:41:19 PM PDT","6342532161","Shipping Services","113-7936163-2740256","","Shipping Label Purchased through Amazon","","","Standard Orders","","","","","","0","0","0","0","0","0","0","0","0","0","0","0","0","0","-8.91","-8.91"
"Apr 24, 2017 4:41:40 PM PDT","6342532161","Order","113-7707662-5741005","RF-LX73-TAHE","DIESEL PLUS PLUS by Diesel EDT SPRAY 2.5 OZ Masculine","1","amazon.com","Standard Orders","Seller","MIAMI","FL","33125-5406","","13.49","0","0","0","0","0","0","0","0","0","0","-2.02","0","0","0","11.47"
"Apr 24, 2017 4:42:13 PM PDT","6342532161","Shipping Services","113-7707662-5741005","","Shipping Label Purchased through Amazon","","","Standard Orders","","","","","","0","0","0","0","0","0","0","0","0","0","0","0","0","0","-3.62","-3.62"
"Apr 24, 2017 4:42:31 PM PDT","6342532161","Order","112-7721566-8250649","RF-LX73-TAHE","DIESEL PLUS PLUS by Diesel EDT SPRAY 2.5 OZ Masculine","1","amazon.com","Standard Orders","Seller","DORAL","FL","33198-1534","","13.49","0","0","0","0","0","0","0","0","0","0","-2.02","0","0","0","11.47"
"Apr 24, 2017 4:43:03 PM PDT","6342532161","Shipping Services","112-7721566-8250649","","Shipping Label Purchased through Amazon","","","Standard Orders","","","","","","0","0","0","0","0","0","0","0","0","0","0","0","0","0","-3.62","-3.62"
"Apr 24, 2017 4:43:13 PM PDT","6342532161","Order","113-5073294-0835411","JQ-XP7R-N74L","212 VIP ROSE by Carolina Herrera 2.7 Ounce / 80 ml Eau de Parfum Women Perfume Spray","2","amazon.com","Standard Orders","Seller","BLUFFTON","OH","45817-1048","","120.00","0","6.29","0","0","0","0","0","0","0","0","-18.94","0","0","0","107.35"
"Apr 24, 2017 4:43:46 PM PDT","6342532161","Shipping Services","113-5073294-0835411","","Shipping Label Purchased through Amazon","","","Standard Orders","","","","","","0","0","0","0","0","0","0","0","0","0","0","0","0","0","-6.65","-6.65"
"Apr 24, 2017 4:45:16 PM PDT","6342532161","Order","113-6261004-4003421","GE-DDEU-7TI5","Samba By Perfumers Workshop For Men. Eau De Toilette Spray 3.3 Ounces","1","amazon.com","Standard Orders","Seller","BROOKLYN","NY","11229-5340","","15.00","0","9.82","0","0","0","0","0","0","0","0","-3.72","0","0","0","21.10"
"Apr 24, 2017 4:45:52 PM PDT","6342532161","Shipping Services","113-6261004-4003421","","Shipping Label Purchased through Amazon","","","Standard Orders","","","","","","0","0","0","0","0","0","0","0","0","0","0","0","0","0","-3.76","-3.76"
"Apr 24, 2017 4:45:58 PM PDT","6342532161","Order","112-1927169-3217806","GE-DDEU-7TI5","Samba By Perfumers Workshop For Men. Eau De Toilette Spray 3.3 Ounces","1","amazon.com","Standard Orders","Seller","Valparaiso","IN","46383","","15.00","0","5.04","0","0","0","0","0","0","0","0","-3.01","0","0","0","17.03"
"Apr 24, 2017 4:46:35 PM PDT","6342532161","Shipping Services","112-1927169-3217806","","Shipping Label Purchased through Amazon","","","Standard Orders","","","","","","0","0","0","0","0","0","0","0","0","0","0","0","0","0","-3.76","-3.76"
"Apr 24, 2017 4:46:51 PM PDT","6342532161","Order","111-9556802-5075456","GJ-XTMR-VLGA","Ed Hardy Villain by Christian Audigier for Women 4 Piece Set Includes: 4.2 oz Eau de Parfum Spray + 3.0 oz Shimmering Body Lotion + 0.25 oz Eau de Par","1","amazon.com","Standard Orders","Seller","VENTURA","CA","93001-1478","","30.52","0","6.99","0","0","0","0","0","0","0","0","-5.63","0","0","0","31.88"
"Apr 24, 2017 4:47:28 PM PDT","6342532161","Shipping Services","111-9556802-5075456","","Shipping Label Purchased through Amazon","","","Standard Orders","","","","","","0","0","0","0","0","0","0","0","0","0","0","0","0","0","-10.27","-10.27"
"Apr 24, 2017 4:48:09 PM PDT","6342532161","Order","111-3267699-2960265","Z6-X387-P4ON","Yves Saint Laurent Baby Doll women perfume by Yves Saint Laurent Eau De Toilette Spray 3.3 oz","1","amazon.com","Standard Orders","Seller","HUNTINGTON BEACH","CA","92648-1349","","105.00","0","5.19","0","0","0","0","0","0","0","0","-16.53","0","0","0","93.66"
"Apr 24, 2017 4:48:44 PM PDT","6342532161","Shipping Services","111-3267699-2960265","","Shipping Label Purchased through Amazon","","","Standard Orders","","","","","","0","0","0","0","0","0","0","0","0","0","0","0","0","0","-4.78","-4.78"
"Apr 24, 2017 4:49:53 PM PDT","6342532161","Order","114-3344366-1848225","RF-LX73-TAHE","DIESEL PLUS PLUS by Diesel EDT SPRAY 2.5 OZ Masculine","1","amazon.com","Standard Orders","Seller","port saint lucie","fl","34953","","13.49","0","0","0","0","0","0","0","0","0","0","-2.02","0","0","0","11.47"
"Apr 24, 2017 4:50:30 PM PDT","6342532161","Shipping Services","114-3344366-1848225","","Shipping Label Purchased through Amazon","","","Standard Orders","","","","","","0","0","0","0","0","0","0","0","0","0","0","0","0","0","-3.62","-3.62"
"Apr 24, 2017 4:50:38 PM PDT","6342532161","Order","113-9614886-1641828","RF-LX73-TAHE","DIESEL PLUS PLUS by Diesel EDT SPRAY 2.5 OZ Masculine","1","amazon.com","Standard Orders","Seller","ATLANTA","GA","30308-2991","","13.56","0","0","0","0","0","0","0","0","0","0","-2.03","0","0","0","11.53"
"Apr 24, 2017 4:51:16 PM PDT","6342532161","Shipping Services","113-9614886-1641828","","Shipping Label Purchased through Amazon","","","Standard Orders","","","","","","0","0","0","0","0","0","0","0","0","0","0","0","0","0","-3.62","-3.62"
"Apr 24, 2017 4:51:37 PM PDT","6342532161","Order","113-7664779-4281008","40-MJEV-M4A4","Diesel Plus Plus Masculine 2.5 oz edt spray (Silver)","1","amazon.com","Standard Orders","Seller","MIAMI","FL","33191-1501","","13.56","0","0","0","0","0","0","0","0","0","0","-2.03","0","0","0","11.53"
"Apr 24, 2017 4:52:15 PM PDT","6342532161","Shipping Services","113-7664779-4281008","","Shipping Label Purchased through Amazon","","","Standard Orders","","","","","","0","0","0","0","0","0","0","0","0","0","0","0","0","0","-3.76","-3.76"
"Apr 24, 2017 4:53:28 PM PDT","6342532161","Order","112-0070376-2479477","BF-N7MD-D4X3","Perry Ellis 360 Eau de Toilette Spray Gift Set for Women, 3 Count","2","amazon.com","Standard Orders","Seller","Summerfield","NC","27358","","58.00","0","6.99","0","0","0","0","0","0","0","0","-9.76","0","0","0","55.23"
"Apr 24, 2017 4:54:06 PM PDT","6342532161","Shipping Services","112-0070376-2479477","","Shipping Label Purchased through Amazon","","","Standard Orders","","","","","","0","0","0","0","0","0","0","0","0","0","0","0","0","0","-8.07","-8.07"
"Apr 24, 2017 4:54:58 PM PDT","6342532161","Order","113-4264506-0597051","RF-LX73-TAHE","DIESEL PLUS PLUS by Diesel EDT SPRAY 2.5 OZ Masculine","1","amazon.com","Standard Orders","Seller","BROOKLYN","NY","11208-4253","","13.49","0","0","0","0","0","0","0","0","0","0","-2.02","0","0","0","11.47"
"Apr 24, 2017 4:55:34 PM PDT","6342532161","Shipping Services","113-4264506-0597051","","Shipping Label Purchased through Amazon","","","Standard Orders","","","","","","0","0","0","0","0","0","0","0","0","0","0","0","0","0","-3.62","-3.62"
"Apr 24, 2017 4:56:40 PM PDT","6342532161","Order","112-0080062-8267470","40-MJEV-M4A4","Diesel Plus Plus Masculine 2.5 oz edt spray (Silver)","2","amazon.com","Standard Orders","Seller","GLENDALE","AZ","85308-2234","","27.12","0","0","0","0","0","0","0","0","0","0","-4.06","0","0","0","23.06"
"Apr 24, 2017 4:57:18 PM PDT","6342532161","Shipping Services","112-0080062-8267470","","Shipping Label Purchased through Amazon","","","Standard Orders","","","","","","0","0","0","0","0","0","0","0","0","0","0","0","0","0","-6.05","-6.05"
"Apr 24, 2017 4:58:10 PM PDT","6342532161","Order","111-4730795-3005054","E4-G6OD-TXK1","Plus Plus Feminine by Diesel 2.5 oz Eau de Toilette Spray New in Box (Women)","2","amazon.com","Standard Orders","Seller","ROANOKE","VA","24018-6206","","24.58","0","0","0","0","0","0","0","0","0","0","-3.68","0","0","0","20.90"
"Apr 24, 2017 4:58:47 PM PDT","6342532161","Shipping Services","111-4730795-3005054","","Shipping Label Purchased through Amazon","","","Standard Orders","","","","","","0","0","0","0","0","0","0","0","0","0","0","0","0","0","-6.05","-6.05"
"Apr 24, 2017 4:59:09 PM PDT","6342532161","Order","113-7354820-0946643","M3-3VWU-4RL2","Jean Paul Gaultier Le Male By Jean Paul Gaultier For Men. Eau De Toilette Spray 4.2 Oz.","1","amazon.com","Standard Orders","Seller","GREENSBORO","NC","27406-8233","","50.00","0","5.50","0","0","0","0","0","0","0","0","-8.33","0","0","0","47.17"
"Apr 24, 2017 4:59:47 PM PDT","6342532161","Shipping Services","113-7354820-0946643","","Shipping Label Purchased through Amazon","","","Standard Orders","","","","","","0","0","0","0","0","0","0","0","0","0","0","0","0","0","-4.46","-4.46"
"Apr 24, 2017 5:00:59 PM PDT","6342532161","Order","113-9884144-4761023","RF-LX73-TAHE","DIESEL PLUS PLUS by Diesel EDT SPRAY 2.5 OZ Masculine","2","amazon.com","Standard Orders","Seller","MIAMI","FL","33142-6143","","26.98","0","0","0","0","0","0","0","0","0","0","-4.04","0","0","0","22.94"
"Apr 24, 2017 5:01:32 PM PDT","6342532161","Shipping Services","113-9884144-4761023","","Shipping Label Purchased through Amazon","","","Standard Orders","","","","","","0","0","0","0","0","0","0","0","0","0","0","0","0","0","-6.05","-6.05"
"Apr 24, 2017 5:02:53 PM PDT","6342532161","Order","111-1397768-3641034","40-MJEV-M4A4","Diesel Plus Plus Masculine 2.5 oz edt spray (Silver)","1","amazon.com","Standard Orders","Seller","BEAR","DE","19701-2878","","13.56","0","0","0","0","0","0","0","0","0","0","-2.03","0","0","0","11.53"
"Apr 24, 2017 5:03:30 PM PDT","6342532161","Shipping Services","111-1397768-3641034","","Shipping Label Purchased through Amazon","","","Standard Orders","","","","","","0","0","0","0","0","0","0","0","0","0","0","0","0","0","-3.76","-3.76"
"Apr 24, 2017 5:06:50 PM PDT","6342532161","Order","111-0492744-6202666","JK-130P-A3PQ","Tiamo by Parfum Blaze Eau De Toilette Spray 3.4 oz","1","amazon.com","Standard Orders","Seller","GREENWOOD","NE","68366-2629","","14.82","0","0","0","0","0","0","0","0","0","0","-2.22","0","0","0","12.60"
"Apr 24, 2017 5:07:28 PM PDT","6342532161","Shipping Services","111-0492744-6202666","","Shipping Label Purchased through Amazon","","","Standard Orders","","","","","","0","0","0","0","0","0","0","0","0","0","0","0","0","0","-4.32","-4.32"
"Apr 24, 2017 5:09:47 PM PDT","6342532161","Order","113-9397054-0193855","UY-ZSE7-Y1L9","Magic Dreams Women Eau De Parfume Spray by Parfums Rivera, 3.4 Ounce","1","amazon.com","Standard Orders","Seller","DAVIE","FLORIDA","33324-4559","","14.09","0","0","0","0","0","0","0","0","0","0","-2.11","0","0","0","11.98"
"Apr 24, 2017 5:10:24 PM PDT","6342532161","Shipping Services","113-9397054-0193855","","Shipping Label Purchased through Amazon","","","Standard Orders","","","","","","0","0","0","0","0","0","0","0","0","0","0","0","0","0","-6.05","-6.05"
"Apr 24, 2017 5:20:33 PM PDT","6342532161","Order","112-4669807-1365064","UY-ZSE7-Y1L9","Magic Dreams Women Eau De Parfume Spray by Parfums Rivera, 3.4 Ounce","4","amazon.com","Standard Orders","Seller","ORLANDO","FL","32839-4552","","56.36","0","0","0","0","0","0","0","0","0","0","-8.44","0","0","0","47.92"
"Apr 24, 2017 5:21:10 PM PDT","6342532161","Shipping Services","112-4669807-1365064","","Shipping Label Purchased through Amazon","","","Standard Orders","","","","","","0","0","0","0","0","0","0","0","0","0","0","0","0","0","-11.07","-11.07"
"Apr 25, 2017 10:32:53 AM PDT","6343330391","Refund","114-5376866-6921821","RF-LX73-TAHE","DIESEL PLUS PLUS by Diesel EDT SPRAY 2.5 OZ Masculine","1","amazon.com","Standard Orders","Seller","MIAMI","FL","33166-2627","","-13.70","0","0","0","0","0","0","0","0","0","0","1.65","0","0","0","-12.05"
"Apr 25, 2017 1:04:14 PM PDT","6343330391","Order","114-5329519-1195465","HO-EI5S-QVRS","Jessica Simpson Fancy Love for Women 4 Piece Set","1","amazon.com","Standard Orders","Seller","SAN FRANCISCO","CA","94112-3649","","59.37","0","4.49","0","0","0","0","0","0","0","0","-9.58","0","0","0","54.28"
"Apr 25, 2017 1:04:48 PM PDT","6343330391","Shipping Services","114-5329519-1195465","","Shipping Label Purchased through Amazon","","","Standard Orders","","","","","","0","0","0","0","0","0","0","0","0","0","0","0","0","0","-10.37","-10.37"
"Apr 25, 2017 1:06:54 PM PDT","6343330391","Order","113-6470184-2983419","AX-F9RS-JEDZ","Perry Ellis F By Perry Ellis For Women. Gift Set ( Eau De Parfum Spray 3.4 Oz + Body Lotion 3.0 Oz + Bath & Shower Gel 3.0 Oz + Eau De Parfum Spray 0.","1","amazon.com","Standard Orders","Seller","BENTONVILLE","AR","72712-5185","","44.30","0","5.49","0","0","0","0","0","0","0","0","-7.47","0","0","0","42.32"
"Apr 25, 2017 1:07:31 PM PDT","6343330391","Shipping Services","113-6470184-2983419","","Shipping Label Purchased through Amazon","","","Standard Orders","","","","","","0","0","0","0","0","0","0","0","0","0","0","0","0","0","-8.91","-8.91"
"Apr 25, 2017 1:09:23 PM PDT","6343330391","Order","113-2217107-3070655","IJ-KEN6-GAXI","InternetFragrance] DÓLCE GÁBBANA Intenso Eau De Parfum Spray for Men, 4.2 Fluid Ounce by (InternetFragrance)","1","amazon.com","Standard Orders","Seller","GREENWICH","CT","06830-6170","","55.49","0","25.00","0","0","0","0","0","0","0","0","-12.07","0","0","0","68.42"
"Apr 25, 2017 1:09:56 PM PDT","6343330391","Shipping Services","113-2217107-3070655","","Shipping Label Purchased through Amazon","","","Standard Orders","","","","","","0","0","0","0","0","0","0","0","0","0","0","0","0","0","-11.31","-11.31"
"Apr 25, 2017 1:10:24 PM PDT","6343330391","Order","112-4452634-5835445","C7-6Y6H-8ED9","JEAN PAUL GAULTIER by Jean Paul Gaultier - Women - Eau De Parfum Spray 3.3 oz","1","amazon.com","Standard Orders","Seller","DORAL","FL","33198-1534","","72.00","0","5.24","0","0","0","0","0","0","0","0","-11.59","0","0","0","65.65"
"Apr 25, 2017 1:11:01 PM PDT","6343330391","Shipping Services","112-4452634-5835445","","Shipping Label Purchased through Amazon","","","Standard Orders","","","","","","0","0","0","0","0","0","0","0","0","0","0","0","0","0","-4.56","-4.56"
"Apr 25, 2017 1:11:14 PM PDT","6343330391","Order","114-5301207-2737858","AL-WL4W-TJ4O","Magie Noire by Lancome for Women 2.5 oz Eau de Toilette Spray","1","amazon.com","Standard Orders","Seller","Troy","MI","48085","","59.80","0","5.09","0","0","0","0","0","0","0","0","-9.73","0","0","0","55.16"
"Apr 25, 2017 1:11:51 PM PDT","6343330391","Shipping Services","114-5301207-2737858","","Shipping Label Purchased through Amazon","","","Standard Orders","","","","","","0","0","0","0","0","0","0","0","0","0","0","0","0","0","-3.86","-3.86"
"Apr 25, 2017 1:12:32 PM PDT","6343330391","Order","113-3552950-7651414","UY-T92D-JIMV","Dis-lui Extreme Pour Homme 3.4 Oz Eau De Parfum Spray for Men","1","amazon.com","Standard Orders","Seller","MIAMI","FLORIDA","33126-3700","","10.50","0","0","0","0","0","0","0","0","0","0","-1.58","0","0","0","8.92"
"Apr 25, 2017 1:13:09 PM PDT","6343330391","Shipping Services","113-3552950-7651414","","Shipping Label Purchased through Amazon","","","Standard Orders","","","","","","0","0","0","0","0","0","0","0","0","0","0","0","0","0","-3.86","-3.86"
"Apr 25, 2017 1:13:24 PM PDT","6343330391","Order","113-3155398-4035417","UY-T92D-JIMV","Dis-lui Extreme Pour Homme 3.4 Oz Eau De Parfum Spray for Men","1","amazon.com","Standard Orders","Seller","EVANSVILLE","IN","47715-2199","","10.50","0","0","0","0","0","0","0","0","0","0","-1.58","0","0","0","8.92"
"Apr 25, 2017 1:14:00 PM PDT","6343330391","Shipping Services","113-3155398-4035417","","Shipping Label Purchased through Amazon","","","Standard Orders","","","","","","0","0","0","0","0","0","0","0","0","0","0","0","0","0","-3.86","-3.86"
"Apr 25, 2017 1:14:02 PM PDT","6343330391","Order","112-2748825-3093841","40-MJEV-M4A4","Diesel Plus Plus Masculine 2.5 oz edt spray (Silver)","1","amazon.com","Standard Orders","Seller","MIAMI","FL","33166-2635","","13.56","0","0","0","0","0","0","0","0","0","0","-2.03","0","0","0","11.53"
"Apr 25, 2017 1:14:38 PM PDT","6343330391","Shipping Services","112-2748825-3093841","","Shipping Label Purchased through Amazon","","","Standard Orders","","","","","","0","0","0","0","0","0","0","0","0","0","0","0","0","0","-3.86","-3.86"
"Apr 25, 2017 1:15:02 PM PDT","6343330391","Order","112-1658256-1155401","40-MJEV-M4A4","Diesel Plus Plus Masculine 2.5 oz edt spray (Silver)","1","amazon.com","Standard Orders","Seller","BRONX","NY","10458-3769","","13.56","0","0","0","0","0","0","0","0","0","0","-2.03","0","0","0","11.53"
"Apr 25, 2017 1:15:37 PM PDT","6343330391","Shipping Services","112-1658256-1155401","","Shipping Label Purchased through Amazon","","","Standard Orders","","","","","","0","0","0","0","0","0","0","0","0","0","0","0","0","0","-3.86","-3.86"
"Apr 25, 2017 1:15:51 PM PDT","6343330391","Order","113-1948357-3136255","RF-LX73-TAHE","DIESEL PLUS PLUS by Diesel EDT SPRAY 2.5 OZ Masculine","1","amazon.com","Standard Orders","Seller","PERTH AMBOY","NEW JERSEY","08861-2511","","13.56","0","0","0","0","0","0","0","0","0","0","-2.03","0","0","0","11.53"
"Apr 25, 2017 1:16:27 PM PDT","6343330391","Shipping Services","113-1948357-3136255","","Shipping Label Purchased through Amazon","","","Standard Orders","","","","","","0","0","0","0","0","0","0","0","0","0","0","0","0","0","-3.72","-3.72"
"Apr 25, 2017 1:16:37 PM PDT","6343330391","Order","111-1277809-5271452","RF-LX73-TAHE","DIESEL PLUS PLUS by Diesel EDT SPRAY 2.5 OZ Masculine","1","amazon.com","Standard Orders","Seller","SELDEN","NY","11784-2613","","13.56","0","0","0","0","0","0","0","0","0","0","-2.03","0","0","0","11.53"
"Apr 25, 2017 1:17:12 PM PDT","6343330391","Shipping Services","111-1277809-5271452","","Shipping Label Purchased through Amazon","","","Standard Orders","","","","","","0","0","0","0","0","0","0","0","0","0","0","0","0","0","-3.72","-3.72"
"Apr 25, 2017 1:19:21 PM PDT","6343330391","Order","111-5776305-7033803","RF-LX73-TAHE","DIESEL PLUS PLUS by Diesel EDT SPRAY 2.5 OZ Masculine","1","amazon.com","Standard Orders","Seller","DORAL","FL","33195-6503","","13.56","0","0","0","0","0","0","0","0","0","0","-2.03","0","0","0","11.53"
"Apr 25, 2017 1:19:57 PM PDT","6343330391","Shipping Services","111-5776305-7033803","","Shipping Label Purchased through Amazon","","","Standard Orders","","","","","","0","0","0","0","0","0","0","0","0","0","0","0","0","0","-3.72","-3.72"
"Apr 25, 2017 1:20:06 PM PDT","6343330391","Order","111-4095707-8152256","40-MJEV-M4A4","Diesel Plus Plus Masculine 2.5 oz edt spray (Silver)","1","amazon.com","Standard Orders","Seller","MIAMI","FL","33157-3006","","13.56","0","0","0","0","0","0","0","0","0","0","-2.03","0","0","0","11.53"
"Apr 25, 2017 1:20:42 PM PDT","6343330391","Shipping Services","111-4095707-8152256","","Shipping Label Purchased through Amazon","","","Standard Orders","","","","","","0","0","0","0","0","0","0","0","0","0","0","0","0","0","-3.86","-3.86"
"Apr 25, 2017 1:21:52 PM PDT","6343330391","Order","113-7145704-0369853","M8-PEDR-E2QE","Clipsal 3.4 Fl. oz. Eau De Toilette Spray Men","1","amazon.com","Standard Orders","Seller","Fayetteville","NC","28305","","7.39","0","4.99","0","0","0","0","0","0","0","0","-1.86","0","0","0","10.52"
"Apr 25, 2017 1:22:29 PM PDT","6343330391","Shipping Services","113-7145704-0369853","","Shipping Label Purchased through Amazon","","","Standard Orders","","","","","","0","0","0","0","0","0","0","0","0","0","0","0","0","0","-4.56","-4.56"
"Apr 25, 2017 1:22:41 PM PDT","6343330391","Order","113-6569747-4093009","54-CD73-HJUT","Curve By Liz Claiborne For Men. Cologne Spray 4.2 Oz.","1","amazon.com","Standard Orders","Seller","WARNER ROBINS","GEORGIA","31093-8518","","20.00","0","5.28","0","0","0","0","0","0","0","0","-3.79","0","0","0","21.49"
"Apr 25, 2017 1:23:17 PM PDT","6343330391","Shipping Services","113-6569747-4093009","","Shipping Label Purchased through Amazon","","","Standard Orders","","","","","","0","0","0","0","0","0","0","0","0","0","0","0","0","0","-4.42","-4.42"
"Apr 25, 2017 1:24:39 PM PDT","6343330391","Order","113-5770417-3329834","FI-6L5M-3BSG","Bvlgari Men's BLV Pour Homme EDT Spray,Blue,3.4 oz","1","amazon.com","Standard Orders","Seller","ASHBURN","VA","20148-7673","","31.79","0","10.57","0","0","0","0","0","0","0","0","-6.35","0","0","0","36.01"
"Apr 25, 2017 1:25:15 PM PDT","6343330391","Shipping Services","113-5770417-3329834","","Shipping Label Purchased through Amazon","","","Standard Orders","","","","","","0","0","0","0","0","0","0","0","0","0","0","0","0","0","-4.56","-4.56"
"Apr 25, 2017 1:25:38 PM PDT","6343330391","Order","112-8894952-8311445","UY-ZSE7-Y1L9","Magic Dreams Women Eau De Parfume Spray by Parfums Rivera, 3.4 Ounce","3","amazon.com","Standard Orders","Seller","PLAINVIEW","NY","11803-2118","","42.27","0","0","0","0","0","0","0","0","0","0","-6.33","0","0","0","35.94"
"Apr 25, 2017 1:26:13 PM PDT","6343330391","Shipping Services","112-8894952-8311445","","Shipping Label Purchased through Amazon","","","Standard Orders","","","","","","0","0","0","0","0","0","0","0","0","0","0","0","0","0","-5.75","-5.75"
"Apr 25, 2017 1:26:28 PM PDT","6343330391","Order","112-3498748-7428229","UR-D9YP-L4RF","Curve Crush Cologne Spray 4.2 Ounce","1","amazon.com","Standard Orders","Seller","Madison","OH","44057","","18.00","0","5.28","0","0","0","0","0","0","0","0","-3.49","0","0","0","19.79"
"Apr 25, 2017 1:27:03 PM PDT","6343330391","Shipping Services","112-3498748-7428229","","Shipping Label Purchased through Amazon","","","Standard Orders","","","","","","0","0","0","0","0","0","0","0","0","0","0","0","0","0","-4.42","-4.42"
"Apr 25, 2017 1:27:56 PM PDT","6343330391","Order","112-3117884-3771455","21-NWUH-FKC6","Liz Claiborne Curve Men Gift Set (Spray, Skin Soother, Hair and Body Wash)","1","amazon.com","Standard Orders","Seller","NEW ENGLAND","ND","58647-9429","","34.00","0","6.64","0","0","0","0","0","0","0","0","-6.10","0","0","0","34.54"
"Apr 25, 2017 1:28:22 PM PDT","6343330391","Shipping Services","112-3117884-3771455","","Shipping Label Purchased through Amazon","","","Standard Orders","","","","","","0","0","0","0","0","0","0","0","0","0","0","0","0","0","-8.91","-8.91"
"Apr 25, 2017 1:29:11 PM PDT","6343330391","Order","111-2739161-4799417","E4-G6OD-TXK1","Plus Plus Feminine by Diesel 2.5 oz Eau de Toilette Spray New in Box (Women)","1","amazon.com","Standard Orders","Seller","NEWARK","NJ","07105-1565","","12.29","0","5.95","0","0","0","0","0","0","0","0","-2.74","0","0","0","15.50"
"Apr 25, 2017 1:29:46 PM PDT","6343330391","Shipping Services","111-2739161-4799417","","Shipping Label Purchased through Amazon","","","Standard Orders","","","","","","0","0","0","0","0","0","0","0","0","0","0","0","0","0","-3.72","-3.72"
"Apr 25, 2017 1:30:03 PM PDT","6343330391","Order","111-2655522-2041045","5R-2LX9-BGJ3","Jessica Mcclintock 2 Piece Gift Set for Women","1","amazon.com","Standard Orders","Seller","NEW BRAUNFELS","TX","78130-5284","","35.61","0","6.19","0","0","0","0","0","0","0","0","-6.27","0","0","0","35.53"
"Apr 25, 2017 1:30:40 PM PDT","6343330391","Shipping Services","111-2655522-2041045","","Shipping Label Purchased through Amazon","","","Standard Orders","","","","","","0","0","0","0","0","0","0","0","0","0","0","0","0","0","-6.71","-6.71"
"Apr 25, 2017 1:31:01 PM PDT","6343330391","Order","111-1101949-5562656","KG-EP0K-7LTJ","Jus De Amour for Women","1","amazon.com","Standard Orders","Seller","BROOKLYN","NY","11234-1301","","12.01","0","0","0","0","0","0","0","0","0","0","-1.80","0","0","0","10.21"
"Apr 25, 2017 1:31:38 PM PDT","6343330391","Shipping Services","111-1101949-5562656","","Shipping Label Purchased through Amazon","","","Standard Orders","","","","","","0","0","0","0","0","0","0","0","0","0","0","0","0","0","-4.56","-4.56"
"Apr 25, 2017 1:32:01 PM PDT","6343330391","Order","114-8817672-9040218","N6-T97C-HZ2W","INSURRECTION by Reyane Tradition Men's Eau De Toilette Spray 3.4 oz - 100% Authentic","1","amazon.com","Standard Orders","Seller","CLINTON","NC","28328-6323","","21.47","0","0","0","0","0","0","0","0","0","0","-3.22","0","0","0","18.25"
"Apr 25, 2017 1:32:41 PM PDT","6343330391","Shipping Services","114-8817672-9040218","","Shipping Label Purchased through Amazon","","","Standard Orders","","","","","","0","0","0","0","0","0","0","0","0","0","0","0","0","0","-4.56","-4.56"
"Apr 25, 2017 1:33:22 PM PDT","6343330391","Order","114-5174621-5023417","UY-ZSE7-Y1L9","Magic Dreams Women Eau De Parfume Spray by Parfums Rivera, 3.4 Ounce","1","amazon.com","Standard Orders","Seller","LIVERMORE","CA","94551-4924","","14.09","0","0","0","0","0","0","0","0","0","0","-2.11","0","0","0","11.98"
"Apr 25, 2017 1:33:57 PM PDT","6343330391","Shipping Services","114-5174621-5023417","","Shipping Label Purchased through Amazon","","","Standard Orders","","","","","","0","0","0","0","0","0","0","0","0","0","0","0","0","0","-5.75","-5.75"
"Apr 25, 2017 1:34:29 PM PDT","6343330391","Order","114-4794256-5798600","S8-FGLB-EN4A","Fancy ~ Jessica Simpson 3.4 oz / 100 ml Eau de Parfum Spray","1","amazon.com","Standard Orders","Seller","GLEN ALLEN","VA","23059-2596","","32.92","0","0","0","0","0","0","0","0","0","0","-4.94","0","0","0","27.98"
"Apr 25, 2017 1:35:05 PM PDT","6343330391","Shipping Services","114-4794256-5798600","","Shipping Label Purchased through Amazon","","","Standard Orders","","","","","","0","0","0","0","0","0","0","0","0","0","0","0","0","0","-4.42","-4.42"
"Apr 25, 2017 1:35:51 PM PDT","6343330391","Order","113-4254292-0364203","JK-130P-A3PQ","Tiamo by Parfum Blaze Eau De Toilette Spray 3.4 oz","1","amazon.com","Standard Orders","Seller","BALTIMORE","MD","21201-1999","","14.81","0","0","0","0","0","0","0","0","0","0","-2.22","0","0","0","12.59"
"Apr 25, 2017 1:36:29 PM PDT","6343330391","Shipping Services","113-4254292-0364203","","Shipping Label Purchased through Amazon","","","Standard Orders","","","","","","0","0","0","0","0","0","0","0","0","0","0","0","0","0","-4.42","-4.42"
"Apr 25, 2017 1:36:37 PM PDT","6343330391","Order","112-9619253-4664265","S8-FGLB-EN4A","Fancy ~ Jessica Simpson 3.4 oz / 100 ml Eau de Parfum Spray","1","amazon.com","Standard Orders","Seller","Ocala","Florida","34481","","32.92","0","0","0","0","0","0","0","0","0","0","-4.94","0","0","0","27.98"
"Apr 25, 2017 1:37:14 PM PDT","6343330391","Shipping Services","112-9619253-4664265","","Shipping Label Purchased through Amazon","","","Standard Orders","","","","","","0","0","0","0","0","0","0","0","0","0","0","0","0","0","-4.42","-4.42"
"Apr 25, 2017 1:37:32 PM PDT","6343330391","Order","114-8972531-2997039","UY-T92D-JIMV","Dis-lui Extreme Pour Homme 3.4 Oz Eau De Parfum Spray for Men","1","amazon.com","Standard Orders","Seller","DORAL","FL","33172-2147","","10.50","0","0","0","0","0","0","0","0","0","0","-1.58","0","0","0","8.92"
"Apr 25, 2017 1:38:07 PM PDT","6343330391","Shipping Services","114-8972531-2997039","","Shipping Label Purchased through Amazon","","","Standard Orders","","","","","","0","0","0","0","0","0","0","0","0","0","0","0","0","0","-3.86","-3.86"
"Apr 25, 2017 1:39:03 PM PDT","6343330391","Order","112-9578091-6218657","VQ-3EX0-LMJP","Parfums Rivera Night Dreams Eau de Parfum Spray, 3.4 Ounce","1","amazon.com","Standard Orders","Seller","PHILADELPHIA","PA","19143-5904","","14.14","0","0","0","0","0","0","0","0","0","0","-2.12","0","0","0","12.02"
"Apr 25, 2017 1:39:36 PM PDT","6343330391","Shipping Services","112-9578091-6218657","","Shipping Label Purchased through Amazon","","","Standard Orders","","","","","","0","0","0","0","0","0","0","0","0","0","0","0","0","0","-5.75","-5.75"
"Apr 25, 2017 1:40:46 PM PDT","6343330391","Order","111-0165197-7081022","XD-X7FW-SZVH","DIESEL ZERO PLUS by Diesel EDT SPRAY for MEN 2.5 OZ","1","amazon.com","Standard Orders","Seller","OLD FORT","NC","28762-1441","","13.49","0","0","0","0","0","0","0","0","0","0","-2.02","0","0","0","11.47"
"Apr 25, 2017 1:41:19 PM PDT","6343330391","Shipping Services","111-0165197-7081022","","Shipping Label Purchased through Amazon","","","Standard Orders","","","","","","0","0","0","0","0","0","0","0","0","0","0","0","0","0","-3.86","-3.86"
"Apr 25, 2017 1:41:40 PM PDT","6343330391","Order","111-9457350-6461838","DN-0G1V-G4UO","CREATION LAMIS PURE BLACK 3.3 OZ.","1","amazon.com","Standard Orders","Seller","LINDENHURST","IL","60046-4943","","9.82","0","0","0","0","0","0","0","0","0","0","-1.47","0","0","0","8.35"
"Apr 25, 2017 1:42:15 PM PDT","6343330391","Shipping Services","111-9457350-6461838","","Shipping Label Purchased through Amazon","","","Standard Orders","","","","","","0","0","0","0","0","0","0","0","0","0","0","0","0","0","-3.72","-3.72"
"Apr 25, 2017 1:50:08 PM PDT","6343330391","Order","114-7503633-1487457","UY-T92D-JIMV","Dis-lui Extreme Pour Homme 3.4 Oz Eau De Parfum Spray for Men","1","amazon.com","Standard Orders","Seller","NEW CASTLE","DE","19726-9000","","10.50","0","0","0","0","0","0","0","0","0","0","-1.58","0","0","0","8.92"
"Apr 25, 2017 1:50:43 PM PDT","6343330391","Shipping Services","114-7503633-1487457","","Shipping Label Purchased through Amazon","","","Standard Orders","","","","","","0","0","0","0","0","0","0","0","0","0","0","0","0","0","-3.86","-3.86"
"Apr 25, 2017 1:50:48 PM PDT","6343330391","Order","112-2683942-7254609","AL-WL4W-TJ4O","Magie Noire by Lancome for Women 2.5 oz Eau de Toilette Spray","1","amazon.com","Standard Orders","Seller","NAPLES","FL","34119-1003","","59.80","0","5.09","0","0","0","0","0","0","0","0","-9.73","0","0","0","55.16"
"Apr 25, 2017 1:51:23 PM PDT","6343330391","Shipping Services","112-2683942-7254609","","Shipping Label Purchased through Amazon","","","Standard Orders","","","","","","0","0","0","0","0","0","0","0","0","0","0","0","0","0","-3.86","-3.86"
"Apr 25, 2017 1:51:40 PM PDT","6343330391","Order","111-8045338-5656229","AL-WL4W-TJ4O","Magie Noire by Lancome for Women 2.5 oz Eau de Toilette Spray","1","amazon.com","Standard Orders","Seller","NOVATO","CA","94947-4313","","59.80","0","5.09","0","0","0","0","0","0","0","0","-9.73","0","0","0","55.16"
"Apr 25, 2017 1:52:16 PM PDT","6343330391","Shipping Services","111-8045338-5656229","","Shipping Label Purchased through Amazon","","","Standard Orders","","","","","","0","0","0","0","0","0","0","0","0","0","0","0","0","0","-3.86","-3.86"
"Apr 25, 2017 1:52:44 PM PDT","6343330391","Order","111-9524846-7735412","UY-ZSE7-Y1L9","Magic Dreams Women Eau De Parfume Spray by Parfums Rivera, 3.4 Ounce","1","amazon.com","Standard Orders","Seller","LOS ANGELES","CA","90068-1120","","14.09","0","0","0","0","0","0","0","0","0","0","-2.11","0","0","0","11.98"
"Apr 25, 2017 1:53:19 PM PDT","6343330391","Shipping Services","111-9524846-7735412","","Shipping Label Purchased through Amazon","","","Standard Orders","","","","","","0","0","0","0","0","0","0","0","0","0","0","0","0","0","-5.75","-5.75"
"Apr 25, 2017 1:53:47 PM PDT","6343330391","Order","112-7322426-7347465","S8-FGLB-EN4A","Fancy ~ Jessica Simpson 3.4 oz / 100 ml Eau de Parfum Spray","1","amazon.com","Standard Orders","Seller","FULLERTON","CA","92833-1903","","32.92","0","0","0","0","0","0","0","0","0","0","-4.94","0","0","0","27.98"
"Apr 25, 2017 1:54:23 PM PDT","6343330391","Shipping Services","112-7322426-7347465","","Shipping Label Purchased through Amazon","","","Standard Orders","","","","","","0","0","0","0","0","0","0","0","0","0","0","0","0","0","-4.42","-4.42"
"Apr 25, 2017 1:59:21 PM PDT","6343330391","Order","113-8003701-9259451","8R-TQX5-00FY","Glow Sunkissed By Jennifer Lopez Eau-de-toilette Spray, 1.7-Ounce","1","amazon.com","Standard Orders","Seller","Flat Rock","NC","28731","","14.77","0","5.19","0","0","0","0","0","0","0","0","-2.99","0","0","0","16.97"
"Apr 25, 2017 1:59:56 PM PDT","6343330391","Shipping Services","113-8003701-9259451","","Shipping Label Purchased through Amazon","","","Standard Orders","","","","","","0","0","0","0","0","0","0","0","0","0","0","0","0","0","-3.17","-3.17"
"Apr 26, 2017 5:03:50 AM PDT","6344101811","Transfer","","","To your account ending in: 6276, Bank Transfer ID: 091000015399980","","","Standard Orders","","","","","","0","0","0","0","0","0","0","0","0","0","0","0","0","0","-5,614.11","-5,614.11"
"Apr 26, 2017 1:33:23 PM PDT","6344101811","Order","114-0467370-1412218","P1-GA4H-BNMI","Invictus by Paco Rabanne Eau De Toilette Spray 5.1 oz for Men","3","amazon.com","Standard Orders","Seller","VINTON","VA","24179-3427","","221.07","0","8.09","0","0","0","0","0","0","0","0","-34.38","0","0","0","194.78"
"Apr 26, 2017 1:34:01 PM PDT","6344101811","Shipping Services","114-0467370-1412218","","Shipping Label Purchased through Amazon","","","Standard Orders","","","","","","0","0","0","0","0","0","0","0","0","0","0","0","0","0","-9.81","-9.81"
"Apr 26, 2017 1:34:31 PM PDT","6344101811","Order","113-8108441-3878652","LX-0E0E-XHTB","Tresor Eau De Parfum Spray 100ml/3.3oz","1","amazon.com","Standard Orders","Seller","Dothan","AL","36303","","69.99","0","0","0","0","0","0","0","0","0","0","-10.50","0","0","0","59.49"
"Apr 26, 2017 1:35:09 PM PDT","6344101811","Shipping Services","113-8108441-3878652","","Shipping Label Purchased through Amazon","","","Standard Orders","","","","","","0","0","0","0","0","0","0","0","0","0","0","0","0","0","-4.47","-4.47"
"Apr 26, 2017 1:37:08 PM PDT","6344101811","Order","112-8303300-2955466","UP-46W3-7JHH","Bijan By Bijan For Women. Eau De Toilette Spray 2.5 Oz","2","amazon.com","Standard Orders","Seller","NEW ALBANY","IN","47150-4942","","34.00","0","5.99","0","0","0","0","0","0","0","0","-6.00","0","0","0","33.99"
"Apr 26, 2017 1:37:37 PM PDT","6344101811","Shipping Services","112-8303300-2955466","","Shipping Label Purchased through Amazon","","","Standard Orders","","","","","","0","0","0","0","0","0","0","0","0","0","0","0","0","0","-8.21","-8.21"
"Apr 26, 2017 1:37:44 PM PDT","6344101811","Order","111-6511128-3248261","NJ-V413-D3O4","Candy Eau De Parfum Spray 80ml/2.7oz","1","amazon.com","Standard Orders","Seller","Bay Harbor Islands","FL","33154","","75.00","0","5.24","0","0","0","0","0","0","0","0","-12.04","0","0","0","68.20"
"Apr 26, 2017 1:38:21 PM PDT","6344101811","Shipping Services","111-6511128-3248261","","Shipping Label Purchased through Amazon","","","Standard Orders","","","","","","0","0","0","0","0","0","0","0","0","0","0","0","0","0","-4.33","-4.33"
"Apr 26, 2017 1:38:38 PM PDT","6344101811","Order","111-2923848-6217010","GE-DDEU-7TI5","Samba By Perfumers Workshop For Men. Eau De Toilette Spray 3.3 Ounces","1","amazon.com","Standard Orders","Seller","ANDERSON","IN","46012-9371","","15.00","0","5.04","0","0","0","0","0","0","0","0","-3.01","0","0","0","17.03"
"Apr 26, 2017 1:39:07 PM PDT","6344101811","Shipping Services","111-2923848-6217010","","Shipping Label Purchased through Amazon","","","Standard Orders","","","","","","0","0","0","0","0","0","0","0","0","0","0","0","0","0","-3.76","-3.76"
"Apr 26, 2017 1:39:15 PM PDT","6344101811","Order","114-9147024-3294640","VK-W9H0-4D38","Estee Lauder the Best of Mini Pleasures Gift Set","1","amazon.com","Standard Orders","Seller","BEULAH","ND","58523-6823","","44.78","0","4.89","0","0","0","0","0","0","0","0","-7.45","0","0","0","42.22"
"Apr 26, 2017 1:39:52 PM PDT","6344101811","Shipping Services","114-9147024-3294640","","Shipping Label Purchased through Amazon","","","Standard Orders","","","","","","0","0","0","0","0","0","0","0","0","0","0","0","0","0","-3.07","-3.07"
"Apr 26, 2017 1:40:04 PM PDT","6344101811","Order","114-8310973-0687430","P1-GA4H-BNMI","Invictus by Paco Rabanne Eau De Toilette Spray 5.1 oz for Men","1","amazon.com","Standard Orders","Seller","APO","AE","09352","","73.29","0","5.69","0","0","0","0","0","0","0","0","-11.85","0","0","0","67.13"
"Apr 26, 2017 1:40:41 PM PDT","6344101811","Shipping Services","114-8310973-0687430","","Shipping Label Purchased through Amazon","","","Standard Orders","","","","","","0","0","0","0","0","0","0","0","0","0","0","0","0","0","-4.61","-4.61"
"Apr 26, 2017 1:41:38 PM PDT","6344101811","Order","114-7969271-4395438","UY-T92D-JIMV","Dis-lui Extreme Pour Homme 3.4 Oz Eau De Parfum Spray for Men","1","amazon.com","Standard Orders","Seller","NORTH MIAMI BEACH","FL","33162-5903","","10.50","0","0","0","0","0","0","0","0","0","0","-1.58","0","0","0","8.92"
"Apr 26, 2017 1:42:16 PM PDT","6344101811","Shipping Services","114-7969271-4395438","","Shipping Label Purchased through Amazon","","","Standard Orders","","","","","","0","0","0","0","0","0","0","0","0","0","0","0","0","0","-3.62","-3.62"
"Apr 26, 2017 1:42:24 PM PDT","6344101811","Order","114-7511404-8242618","40-MJEV-M4A4","Diesel Plus Plus Masculine 2.5 oz edt spray (Silver)","1","amazon.com","Standard Orders","Seller","TARZANA","CA","91356-3918","","13.56","0","0","0","0","0","0","0","0","0","0","-2.03","0","0","0","11.53"
"Apr 26, 2017 1:43:00 PM PDT","6344101811","Shipping Services","114-7511404-8242618","","Shipping Label Purchased through Amazon","","","Standard Orders","","","","","","0","0","0","0","0","0","0","0","0","0","0","0","0","0","-3.76","-3.76"
"Apr 26, 2017 1:43:17 PM PDT","6344101811","Order","114-4763437-8387429","0Y-0GMY-QLWV","Angel Men By Thierry Mugler For Men. Eau De Toilette Spray 3.4 Oz (Refill).","1","amazon.com","Standard Orders","Seller","NAPLES","FL","34120","","40.00","0","5.14","0","0","0","0","0","0","0","0","-6.77","0","0","0","38.37"
"Apr 26, 2017 1:43:53 PM PDT","6344101811","Shipping Services","114-4763437-8387429","","Shipping Label Purchased through Amazon","","","Standard Orders","","","","","","0","0","0","0","0","0","0","0","0","0","0","0","0","0","-4.04","-4.04"
"Apr 26, 2017 1:43:56 PM PDT","6344101811","Order","114-2892165-4581016","UY-T92D-JIMV","Dis-lui Extreme Pour Homme 3.4 Oz Eau De Parfum Spray for Men","1","amazon.com","Standard Orders","Seller","Atlanta","GA","30324","","10.50","0","0","0","0","0","0","0","0","0","0","-1.58","0","0","0","8.92"
"Apr 26, 2017 1:44:32 PM PDT","6344101811","Shipping Services","114-2892165-4581016","","Shipping Label Purchased through Amazon","","","Standard Orders","","","","","","0","0","0","0","0","0","0","0","0","0","0","0","0","0","-3.62","-3.62"
"Apr 26, 2017 1:44:32 PM PDT","6344101811","Order","114-2175912-2536235","RF-LX73-TAHE","DIESEL PLUS PLUS by Diesel EDT SPRAY 2.5 OZ Masculine","1","amazon.com","Standard Orders","Seller","BALTIMORE","MARYLAND","21205-3240","","13.56","0","0","0","0","0","0","0","0","0","0","-2.03","0","0","0","11.53"
"Apr 26, 2017 1:45:09 PM PDT","6344101811","Shipping Services","114-2175912-2536235","","Shipping Label Purchased through Amazon","","","Standard Orders","","","","","","0","0","0","0","0","0","0","0","0","0","0","0","0","0","-3.62","-3.62"
"Apr 26, 2017 1:46:01 PM PDT","6344101811","Order","113-7260985-8683409","F4-4LCY-YF3N","Mercedes-Benz Intense EDT Spray for Men - 4 oz","1","amazon.com","Standard Orders","Seller","HIGH POINT","NC","27265-2260","","32.00","0","5.64","0","0","0","0","0","0","0","0","-5.65","0","0","0","31.99"
"Apr 26, 2017 1:46:39 PM PDT","6344101811","Shipping Services","113-7260985-8683409","","Shipping Label Purchased through Amazon","","","Standard Orders","","","","","","0","0","0","0","0","0","0","0","0","0","0","0","0","0","-4.32","-4.32"
"Apr 26, 2017 1:47:18 PM PDT","6344101811","Order","113-4076630-2310649","UY-ZSE7-Y1L9","Magic Dreams Women Eau De Parfume Spray by Parfums Rivera, 3.4 Ounce","1","amazon.com","Standard Orders","Seller","FLUSHING","NY","11354-4251","","14.09","0","0","0","0","0","0","0","0","0","0","-2.11","0","0","0","11.98"
"Apr 26, 2017 1:47:55 PM PDT","6344101811","Shipping Services","113-4076630-2310649","","Shipping Label Purchased through Amazon","","","Standard Orders","","","","","","0","0","0","0","0","0","0","0","0","0","0","0","0","0","-6.05","-6.05"
"Apr 26, 2017 1:48:04 PM PDT","6344101811","Order","114-2120960-8507434","E4-G6OD-TXK1","Plus Plus Feminine by Diesel 2.5 oz Eau de Toilette Spray New in Box (Women)","3","amazon.com","Standard Orders","Seller","houston","texas","77084","","36.87","0","0","0","0","0","0","0","0","0","0","-5.52","0","0","0","31.35"
"Apr 26, 2017 1:48:42 PM PDT","6344101811","Shipping Services","114-2120960-8507434","","Shipping Label Purchased through Amazon","","","Standard Orders","","","","","","0","0","0","0","0","0","0","0","0","0","0","0","0","0","-6.96","-6.96"
"Apr 26, 2017 1:48:55 PM PDT","6344101811","Order","113-1628595-0443401","RF-LX73-TAHE","DIESEL PLUS PLUS by Diesel EDT SPRAY 2.5 OZ Masculine","1","amazon.com","Standard Orders","Seller","POCONO SUMMIT","PA","18346-7733","","13.56","0","0","0","0","0","0","0","0","0","0","-2.03","0","0","0","11.53"
"Apr 26, 2017 1:49:31 PM PDT","6344101811","Shipping Services","113-1628595-0443401","","Shipping Label Purchased through Amazon","","","Standard Orders","","","","","","0","0","0","0","0","0","0","0","0","0","0","0","0","0","-3.62","-3.62"
"Apr 26, 2017 1:49:42 PM PDT","6344101811","Order","112-8162457-1204213","DE-E6EO-HYLG","212 Sexy By: Carolina Herrera 3.4 oz EDT, Men's","1","amazon.com","Standard Orders","Seller","BAYTOWN","TX","77521-4339","","67.47","0","4.49","0","0","0","0","0","0","0","0","-10.79","0","0","0","61.17"
"Apr 26, 2017 1:50:19 PM PDT","6344101811","Shipping Services","112-8162457-1204213","","Shipping Label Purchased through Amazon","","","Standard Orders","","","","","","0","0","0","0","0","0","0","0","0","0","0","0","0","0","-4.61","-4.61"
"Apr 26, 2017 1:50:35 PM PDT","6344101811","Order","112-7791080-3994625","CH-MBT7-FASG","Signature Jessica Simpson Eau de Parfum Spray, 3.4 Ounce","1","amazon.com","Standard Orders","Seller","MILTON","FL","32570-4695","","23.56","0","0","0","0","0","0","0","0","0","0","-3.53","0","0","0","20.03"
"Apr 26, 2017 1:51:12 PM PDT","6344101811","Shipping Services","112-7791080-3994625","","Shipping Label Purchased through Amazon","","","Standard Orders","","","","","","0","0","0","0","0","0","0","0","0","0","0","0","0","0","-4.18","-4.18"
"Apr 26, 2017 1:51:32 PM PDT","6344101811","Order","112-2477627-7405040","E4-G6OD-TXK1","Plus Plus Feminine by Diesel 2.5 oz Eau de Toilette Spray New in Box (Women)","1","amazon.com","Standard Orders","Seller","ALLENTOWN","PA","18102-4669","","12.29","0","0","0","0","0","0","0","0","0","0","-1.84","0","0","0","10.45"
"Apr 26, 2017 1:52:10 PM PDT","6344101811","Shipping Services","112-2477627-7405040","","Shipping Label Purchased through Amazon","","","Standard Orders","","","","","","0","0","0","0","0","0","0","0","0","0","0","0","0","0","-3.62","-3.62"
"Apr 26, 2017 1:53:20 PM PDT","6344101811","Order","112-7764483-4196207","P1-GA4H-BNMI","Invictus by Paco Rabanne Eau De Toilette Spray 5.1 oz for Men","1","amazon.com","Standard Orders","Seller","los angeles","ca","90032","","73.29","0","5.69","0","0","0","0","0","0","0","0","-11.85","0","0","0","67.13"
"Apr 26, 2017 1:53:57 PM PDT","6344101811","Shipping Services","112-7764483-4196207","","Shipping Label Purchased through Amazon","","","Standard Orders","","","","","","0","0","0","0","0","0","0","0","0","0","0","0","0","0","-4.61","-4.61"
"Apr 26, 2017 1:54:29 PM PDT","6344101811","Order","112-1702763-6133805","DN-0G1V-G4UO","CREATION LAMIS PURE BLACK 3.3 OZ.","1","amazon.com","Standard Orders","Seller","BURIEN","WA","98168-3620","","9.81","0","0","0","0","0","0","0","0","0","0","-1.47","0","0","0","8.34"
"Apr 26, 2017 1:55:06 PM PDT","6344101811","Shipping Services","112-1702763-6133805","","Shipping Label Purchased through Amazon","","","Standard Orders","","","","","","0","0","0","0","0","0","0","0","0","0","0","0","0","0","-3.62","-3.62"
"Apr 26, 2017 1:55:50 PM PDT","6344101811","Order","112-1637774-1899401","1O-YSQR-VEK9","1 Million Fragrance By Paco Rabanne 3pc Travel Edition Gift Set . 3.4 Fl.Oz. Eau De Toilette Spray + 3.4 S/G Men+15ml spray Mini For Men","1","amazon.com","Standard Orders","Seller","SAN PEDRO","CA","90731-5212","","67.00","0","4.49","0","0","0","0","0","0","0","0","-10.72","0","0","0","60.77"
"Apr 26, 2017 1:56:27 PM PDT","6344101811","Shipping Services","112-1637774-1899401","","Shipping Label Purchased through Amazon","","","Standard Orders","","","","","","0","0","0","0","0","0","0","0","0","0","0","0","0","0","-7.49","-7.49"
"Apr 26, 2017 1:56:40 PM PDT","6344101811","Order","112-1091298-2367423","RF-LX73-TAHE","DIESEL PLUS PLUS by Diesel EDT SPRAY 2.5 OZ Masculine","1","amazon.com","Standard Orders","Seller","MIAMI","FL","33172-9026","","13.56","0","0","0","0","0","0","0","0","0","0","-2.03","0","0","0","11.53"
"Apr 26, 2017 1:57:16 PM PDT","6344101811","Shipping Services","112-1091298-2367423","","Shipping Label Purchased through Amazon","","","Standard Orders","","","","","","0","0","0","0","0","0","0","0","0","0","0","0","0","0","-3.62","-3.62"
"Apr 26, 2017 1:57:25 PM PDT","6344101811","Order","112-0637405-5797050","RF-LX73-TAHE","DIESEL PLUS PLUS by Diesel EDT SPRAY 2.5 OZ Masculine","1","amazon.com","Standard Orders","Seller","CORVALLIS","OR","97330-5566","","13.56","0","0","0","0","0","0","0","0","0","0","-2.03","0","0","0","11.53"
"Apr 26, 2017 1:58:02 PM PDT","6344101811","Shipping Services","112-0637405-5797050","","Shipping Label Purchased through Amazon","","","Standard Orders","","","","","","0","0","0","0","0","0","0","0","0","0","0","0","0","0","-3.62","-3.62"
"Apr 26, 2017 1:58:36 PM PDT","6344101811","Order","111-8966652-2998643","UY-T92D-JIMV","Dis-lui Extreme Pour Homme 3.4 Oz Eau De Parfum Spray for Men","1","amazon.com","Standard Orders","Seller","BUFFALO","NEW YORK","14210-2429","","10.50","0","0","0","0","0","0","0","0","0","0","-1.58","0","0","0","8.92"
"Apr 26, 2017 1:59:13 PM PDT","6344101811","Shipping Services","111-8966652-2998643","","Shipping Label Purchased through Amazon","","","Standard Orders","","","","","","0","0","0","0","0","0","0","0","0","0","0","0","0","0","-3.62","-3.62"
"Apr 26, 2017 2:01:51 PM PDT","6344101811","Order","111-5349358-2180217","UY-T92D-JIMV","Dis-lui Extreme Pour Homme 3.4 Oz Eau De Parfum Spray for Men","1","amazon.com","Standard Orders","Seller","BRIDGEPORT","CT","06608-1328","","10.50","0","0","0","0","0","0","0","0","0","0","-1.58","0","0","0","8.92"
"Apr 26, 2017 2:02:28 PM PDT","6344101811","Shipping Services","111-5349358-2180217","","Shipping Label Purchased through Amazon","","","Standard Orders","","","","","","0","0","0","0","0","0","0","0","0","0","0","0","0","0","-3.62","-3.62"
"Apr 26, 2017 2:03:20 PM PDT","6344101811","Order","111-4977485-2109851","E4-G6OD-TXK1","Plus Plus Feminine by Diesel 2.5 oz Eau de Toilette Spray New in Box (Women)","2","amazon.com","Standard Orders","Seller","LONG BEACH","CA","90803-2203","","24.58","0","6.35","0","0","0","0","0","0","0","0","-4.64","0","0","0","26.29"
"Apr 26, 2017 2:03:20 PM PDT","6344101811","Order","111-4977485-2109851","RF-LX73-TAHE","DIESEL PLUS PLUS by Diesel EDT SPRAY 2.5 OZ Masculine","2","amazon.com","Standard Orders","Seller","LONG BEACH","CA","90803-2203","","27.12","0","6.49","0","0","0","0","0","0","0","0","-5.04","0","0","0","28.57"
"Apr 26, 2017 2:03:55 PM PDT","6344101811","Order","111-3968786-6706645","40-MJEV-M4A4","Diesel Plus Plus Masculine 2.5 oz edt spray (Silver)","1","amazon.com","Standard Orders","Seller","DORAL","FL","33198-1534","","13.56","0","0","0","0","0","0","0","0","0","0","-2.03","0","0","0","11.53"
"Apr 26, 2017 2:03:55 PM PDT","6344101811","Shipping Services","111-4977485-2109851","","Shipping Label Purchased through Amazon","","","Standard Orders","","","","","","0","0","0","0","0","0","0","0","0","0","0","0","0","0","-10.42","-10.42"
"Apr 26, 2017 2:04:32 PM PDT","6344101811","Shipping Services","111-3968786-6706645","","Shipping Label Purchased through Amazon","","","Standard Orders","","","","","","0","0","0","0","0","0","0","0","0","0","0","0","0","0","-3.76","-3.76"
"Apr 26, 2017 2:04:59 PM PDT","6344101811","Order","111-3716037-5685849","54-CD73-HJUT","Curve By Liz Claiborne For Men. Cologne Spray 4.2 Oz.","1","amazon.com","Standard Orders","Seller","BRONX","NY","10468-4094","","20.00","0","5.28","0","0","0","0","0","0","0","0","-3.79","0","0","0","21.49"
"Apr 26, 2017 2:05:33 PM PDT","6344101811","Shipping Services","111-3716037-5685849","","Shipping Label Purchased through Amazon","","","Standard Orders","","","","","","0","0","0","0","0","0","0","0","0","0","0","0","0","0","-4.32","-4.32"
"Apr 26, 2017 2:05:36 PM PDT","6344101811","Order","111-0728422-3330643","UY-T92D-JIMV","Dis-lui Extreme Pour Homme 3.4 Oz Eau De Parfum Spray for Men","1","amazon.com","Standard Orders","Seller","MACON","GA","31206-4030","","10.50","0","0","0","0","0","0","0","0","0","0","-1.58","0","0","0","8.92"
"Apr 26, 2017 2:06:13 PM PDT","6344101811","Shipping Services","111-0728422-3330643","","Shipping Label Purchased through Amazon","","","Standard Orders","","","","","","0","0","0","0","0","0","0","0","0","0","0","0","0","0","-3.62","-3.62"
"Apr 26, 2017 2:06:20 PM PDT","6344101811","Order","111-0459281-9929811","9F-TM9C-OPMW","Black Point by YZY Perfume","1","amazon.com","Standard Orders","Seller","LINDENHURST","NY","11757-5910","","10.29","0","0","0","0","0","0","0","0","0","0","-1.54","0","0","0","8.75"
"Apr 26, 2017 2:06:58 PM PDT","6344101811","Shipping Services","111-0459281-9929811","","Shipping Label Purchased through Amazon","","","Standard Orders","","","","","","0","0","0","0","0","0","0","0","0","0","0","0","0","0","-3.76","-3.76"
"Apr 26, 2017 2:07:12 PM PDT","6344101811","Order","111-0155767-8969865","KG-EP0K-7LTJ","Jus De Amour for Women","2","amazon.com","Standard Orders","Seller","AUBURN HILLS","MI","48326-3465","","24.02","0","0","0","0","0","0","0","0","0","0","-3.60","0","0","0","20.42"
"Apr 26, 2017 2:07:50 PM PDT","6344101811","Shipping Services","111-0155767-8969865","","Shipping Label Purchased through Amazon","","","Standard Orders","","","","","","0","0","0","0","0","0","0","0","0","0","0","0","0","0","-6.93","-6.93"
"Apr 26, 2017 2:08:20 PM PDT","6344101811","Order","114-3408405-5809051","VK-W9H0-4D38","Estee Lauder the Best of Mini Pleasures Gift Set","1","amazon.com","Standard Orders","Seller","HONOLULU","HI","96818","","44.78","0","13.59","0","0","0","0","0","0","0","0","-8.76","0","0","0","49.61"
"Apr 26, 2017 2:08:58 PM PDT","6344101811","Shipping Services","114-3408405-5809051","","Shipping Label Purchased through Amazon","","","Standard Orders","","","","","","0","0","0","0","0","0","0","0","0","0","0","0","0","0","-7.34","-7.34"
"Apr 26, 2017 2:09:38 PM PDT","6344101811","Order","114-0721970-5663469","RF-LX73-TAHE","DIESEL PLUS PLUS by Diesel EDT SPRAY 2.5 OZ Masculine","1","amazon.com","Standard Orders","Seller","DES PLAINES","ILLINOIS","60016-3533","","13.56","0","0","0","0","0","0","0","0","0","0","-2.03","0","0","0","11.53"
"Apr 26, 2017 2:10:14 PM PDT","6344101811","Shipping Services","114-0721970-5663469","","Shipping Label Purchased through Amazon","","","Standard Orders","","","","","","0","0","0","0","0","0","0","0","0","0","0","0","0","0","-3.62","-3.62"
"Apr 26, 2017 2:10:34 PM PDT","6344101811","Order","113-9092218-3081829","RF-LX73-TAHE","DIESEL PLUS PLUS by Diesel EDT SPRAY 2.5 OZ Masculine","1","amazon.com","Standard Orders","Seller","MANAHAWKIN","NJ","08050-1702","","13.56","0","0","0","0","0","0","0","0","0","0","-2.03","0","0","0","11.53"
"Apr 26, 2017 2:11:11 PM PDT","6344101811","Shipping Services","113-9092218-3081829","","Shipping Label Purchased through Amazon","","","Standard Orders","","","","","","0","0","0","0","0","0","0","0","0","0","0","0","0","0","-3.62","-3.62"
"Apr 26, 2017 2:11:28 PM PDT","6344101811","Order","113-7417875-5463407","KG-EP0K-7LTJ","Jus De Amour for Women","3","amazon.com","Standard Orders","Seller","NARRAGANSETT","RI","02882-2745","","36.03","0","0","0","0","0","0","0","0","0","0","-5.40","0","0","0","30.63"
"Apr 26, 2017 2:12:05 PM PDT","6344101811","Shipping Services","113-7417875-5463407","","Shipping Label Purchased through Amazon","","","Standard Orders","","","","","","0","0","0","0","0","0","0","0","0","0","0","0","0","0","-6.70","-6.70"
"Apr 26, 2017 2:12:55 PM PDT","6344101811","Order","114-2076120-7353801","54-CD73-HJUT","Curve By Liz Claiborne For Men. Cologne Spray 4.2 Oz.","1","amazon.com","Standard Orders","Seller","TRUSSVILLE","AL","35173-6321","","20.00","0","5.28","0","0","0","0","0","0","0","0","-3.79","0","0","0","21.49"
"Apr 26, 2017 2:13:30 PM PDT","6344101811","Shipping Services","114-2076120-7353801","","Shipping Label Purchased through Amazon","","","Standard Orders","","","","","","0","0","0","0","0","0","0","0","0","0","0","0","0","0","-4.32","-4.32"
"Apr 26, 2017 2:13:38 PM PDT","6344101811","Order","114-2671394-1322641","UY-T92D-JIMV","Dis-lui Extreme Pour Homme 3.4 Oz Eau De Parfum Spray for Men","1","amazon.com","Standard Orders","Seller","WEST ISLIP","NEW YORK","11795-2330","","10.50","0","0","0","0","0","0","0","0","0","0","-1.58","0","0","0","8.92"
"Apr 26, 2017 2:14:14 PM PDT","6344101811","Shipping Services","114-2671394-1322641","","Shipping Label Purchased through Amazon","","","Standard Orders","","","","","","0","0","0","0","0","0","0","0","0","0","0","0","0","0","-3.62","-3.62"
"Apr 26, 2017 2:14:24 PM PDT","6344101811","Order","113-0860705-2144253","F3-YTCU-QEKH","Extasia Black by New Brand, 3.3 oz Eau De Toilette Spray for men","1","amazon.com","Standard Orders","Seller","NEW HAVEN","CT","06511-1057","","9.19","0","0","0","0","0","0","0","0","0","0","-1.38","0","0","0","7.81"
"Apr 26, 2017 2:15:01 PM PDT","6344101811","Shipping Services","113-0860705-2144253","","Shipping Label Purchased through Amazon","","","Standard Orders","","","","","","0","0","0","0","0","0","0","0","0","0","0","0","0","0","-3.76","-3.76"
"Apr 26, 2017 2:16:18 PM PDT","6344101811","Shipping Services","112-8063510-3702667","","Shipping Label Purchased through Amazon","","","Standard Orders","","","","","","0","0","0","0","0","0","0","0","0","0","0","0","0","0","-3.62","-3.62"
"Apr 26, 2017 2:16:38 PM PDT","6344101811","Order","112-0675184-9484219","JK-130P-A3PQ","Tiamo by Parfum Blaze Eau De Toilette Spray 3.4 oz","3","amazon.com","Standard Orders","Seller","ROANOKE","VA","24016-3405","","44.46","0","8.50","0","0","0","0","0","0","0","0","-7.95","0","0","0","45.01"
"Apr 26, 2017 2:17:15 PM PDT","6344101811","Shipping Services","112-0675184-9484219","","Shipping Label Purchased through Amazon","","","Standard Orders","","","","","","0","0","0","0","0","0","0","0","0","0","0","0","0","0","-7.92","-7.92"
"Apr 26, 2017 2:18:21 PM PDT","6344101811","Shipping Services","112-0110598-8384231","","Shipping Label Purchased through Amazon","","","Standard Orders","","","","","","0","0","0","0","0","0","0","0","0","0","0","0","0","0","-4.32","-4.32"
"Apr 26, 2017 2:18:28 PM PDT","6344101811","Order","111-7377632-2197826","GO-2M4K-TTEL","NAUTICA LIFE by Nautica 3.4 Ounce / 100 ml Eau de Toilette Men Cologne Spray","2","amazon.com","Standard Orders","Seller","CUMMING","GA","30028-4819","","27.10","0","4.61","0","0","0","0","0","0","0","0","-4.76","0","0","0","26.95"
"Apr 26, 2017 2:19:05 PM PDT","6344101811","Shipping Services","111-7377632-2197826","","Shipping Label Purchased through Amazon","","","Standard Orders","","","","","","0","0","0","0","0","0","0","0","0","0","0","0","0","0","-6.83","-6.83"
"Apr 26, 2017 2:19:18 PM PDT","6344101811","Order","112-9809994-7730647","E4-G6OD-TXK1","Plus Plus Feminine by Diesel 2.5 oz Eau de Toilette Spray New in Box (Women)","2","amazon.com","Standard Orders","Seller","HOUSTON","TX","77046-2428","","24.58","0","11.34","0","0","0","0","0","0","0","0","-5.38","0","0","0","30.54"
"Apr 26, 2017 2:19:56 PM PDT","6344101811","Shipping Services","112-9809994-7730647","","Shipping Label Purchased through Amazon","","","Standard Orders","","","","","","0","0","0","0","0","0","0","0","0","0","0","0","0","0","-6.96","-6.96"
"Apr 26, 2017 2:20:08 PM PDT","6344101811","Order","111-5587001-3231451","JR-XXLL-R0UZ","NAUTICA BLUE by Nautica 3.4 Ounce / 100 ml Eau de Toilette Men Cologne Spray","1","amazon.com","Standard Orders","Seller","HARTFORD","MI","49057-9713","","11.90","0","4.54","0","0","0","0","0","0","0","0","-2.47","0","0","0","13.97"
"Apr 26, 2017 2:20:45 PM PDT","6344101811","Shipping Services","111-5587001-3231451","","Shipping Label Purchased through Amazon","","","Standard Orders","","","","","","0","0","0","0","0","0","0","0","0","0","0","0","0","0","-4.18","-4.18"
"Apr 26, 2017 2:22:02 PM PDT","6344101811","Order","112-3183390-7157867","JK-130P-A3PQ","Tiamo by Parfum Blaze Eau De Toilette Spray 3.4 oz","2","amazon.com","Standard Orders","Seller","SALEM","VA","24153-2054","","29.28","0","0","0","0","0","0","0","0","0","0","-4.40","0","0","0","24.88"
"Apr 26, 2017 2:22:36 PM PDT","6344101811","Shipping Services","112-3183390-7157867","","Shipping Label Purchased through Amazon","","","Standard Orders","","","","","","0","0","0","0","0","0","0","0","0","0","0","0","0","0","-6.93","-6.93"
"Apr 26, 2017 2:23:59 PM PDT","6344101811","Order","112-8063510-3702667","UY-T92D-JIMV","Dis-lui Extreme Pour Homme 3.4 Oz Eau De Parfum Spray for Men","1","amazon.com","Standard Orders","Seller","BRONX","NY","10456-4385","","10.50","0","0","0","0","0","0","0","0","0","0","-1.58","0","0","0","8.92"
"Apr 26, 2017 2:24:58 PM PDT","6344101811","Order","112-0110598-8384231","S8-FGLB-EN4A","Fancy ~ Jessica Simpson 3.4 oz / 100 ml Eau de Parfum Spray","1","amazon.com","Standard Orders","Seller","HOUSTON","TX","77073-2416","","32.92","0","0","0","0","0","0","0","0","0","0","-4.94","0","0","0","27.98"
"Apr 26, 2017 7:52:24 PM PDT","6344101811","Refund","111-4662814-5393032","21-NWUH-FKC6","Liz Claiborne Curve Men Gift Set (Spray, Skin Soother, Hair and Body Wash)","1","amazon.com","Standard Orders","Seller","CLARKSVILLE","INDIANA","47129-2310","","0","0","-3.85","0","0","0","0","0","0","0","0","0.46","0","0","0","-3.39"
"Apr 27, 2017 2:10:38 PM PDT","6344856161","Order","114-7072278-2042665","0Y-13WR-ZN5E","L'homme Yves Saint Laurent By Yves Saint Laurent For Men. Eau De Toilette Spray 3.3-Ounces","1","amazon.com","Standard Orders","Seller","BONSALL","CA","92003-5306","","56.00","0","5.35","0","0","0","0","0","0","0","0","-9.20","0","0","0","52.15"
"Apr 27, 2017 2:11:16 PM PDT","6344856161","Shipping Services","114-7072278-2042665","","Shipping Label Purchased through Amazon","","","Standard Orders","","","","","","0","0","0","0","0","0","0","0","0","0","0","0","0","0","-4.47","-4.47"
"Apr 27, 2017 2:11:30 PM PDT","6344856161","Order","114-6964483-4871418","AL-3CYM-X54U","Canoe By Dana For Men. Eau De Toilette 8.0 Oz.","1","amazon.com","Standard Orders","Seller","BLOOMFIELD","NJ","07003-5120","","16.00","0","5.94","0","0","0","0","0","0","0","0","-3.29","0","0","0","18.65"
"Apr 27, 2017 2:12:07 PM PDT","6344856161","Shipping Services","114-6964483-4871418","","Shipping Label Purchased through Amazon","","","Standard Orders","","","","","","0","0","0","0","0","0","0","0","0","0","0","0","0","0","-6.05","-6.05"
"Apr 27, 2017 2:12:18 PM PDT","6344856161","Order","113-4498252-9805800","JB-A18B-JGJB","Lagerfeld Classic By: Karl Lagerfeld 3.3 oz EDT, Men's ~Free Gift With Order~","1","amazon.com","Standard Orders","Seller","Maryland Heights","MO","63043","","19.42","0","4.49","0","0","0","0","0","0","0","0","-3.59","0","0","0","20.32"
"Apr 27, 2017 2:12:53 PM PDT","6344856161","Shipping Services","113-4498252-9805800","","Shipping Label Purchased through Amazon","","","Standard Orders","","","","","","0","0","0","0","0","0","0","0","0","0","0","0","0","0","-4.04","-4.04"
"Apr 27, 2017 2:12:54 PM PDT","6344856161","Order","111-8926258-7069811","P1-GA4H-BNMI","Invictus by Paco Rabanne Eau De Toilette Spray 5.1 oz for Men","1","amazon.com","Standard Orders","Seller","MIAMI","FL","33261-4261","","73.29","0","5.69","0","0","0","0","0","0","0","0","-11.85","0","0","0","67.13"
"Apr 27, 2017 2:13:30 PM PDT","6344856161","Shipping Services","111-8926258-7069811","","Shipping Label Purchased through Amazon","","","Standard Orders","","","","","","0","0","0","0","0","0","0","0","0","0","0","0","0","0","-4.61","-4.61"
"Apr 27, 2017 2:13:49 PM PDT","6344856161","Order","111-0271093-5577061","JB-A18B-JGJB","Lagerfeld Classic By: Karl Lagerfeld 3.3 oz EDT, Men's ~Free Gift With Order~","1","amazon.com","Standard Orders","Seller","GOLDSBORO","NC","27530-8064","","19.54","0","4.49","0","0","0","0","0","0","0","0","-3.60","0","0","0","20.43"
"Apr 27, 2017 2:14:25 PM PDT","6344856161","Order","111-0073062-2693047","AL-3CYM-X54U","Canoe By Dana For Men. Eau De Toilette 8.0 Oz.","1","amazon.com","Standard Orders","Seller","WAUKESHA","WI","53186-1283","","16.00","0","5.94","0","0","0","0","0","0","0","0","-3.29","0","0","0","18.65"
"Apr 27, 2017 2:14:27 PM PDT","6344856161","Shipping Services","111-0271093-5577061","","Shipping Label Purchased through Amazon","","","Standard Orders","","","","","","0","0","0","0","0","0","0","0","0","0","0","0","0","0","-4.04","-4.04"
"Apr 27, 2017 2:15:03 PM PDT","6344856161","Shipping Services","111-0073062-2693047","","Shipping Label Purchased through Amazon","","","Standard Orders","","","","","","0","0","0","0","0","0","0","0","0","0","0","0","0","0","-6.05","-6.05"
"Apr 27, 2017 2:15:13 PM PDT","6344856161","Order","114-7158179-7717805","UR-D9YP-L4RF","Curve Crush Cologne Spray 4.2 Ounce","1","amazon.com","Standard Orders","Seller","New York","NY","10029","","18.00","0","5.28","0","0","0","0","0","0","0","0","-3.49","0","0","0","19.79"
"Apr 27, 2017 2:15:49 PM PDT","6344856161","Shipping Services","114-7158179-7717805","","Shipping Label Purchased through Amazon","","","Standard Orders","","","","","","0","0","0","0","0","0","0","0","0","0","0","0","0","0","-4.32","-4.32"
"Apr 27, 2017 2:16:20 PM PDT","6344856161","Order","114-7092491-0897008","Q6-WPSC-SKZE","Tiamo Perfume For Women By Parfum Blaze","1","amazon.com","Standard Orders","Seller","KERNERSVILLE","NC","27284-4454","","9.02","0","5.49","0","0","0","0","0","0","0","0","-2.18","0","0","0","12.33"
"Apr 27, 2017 2:16:59 PM PDT","6344856161","Shipping Services","114-7092491-0897008","","Shipping Label Purchased through Amazon","","","Standard Orders","","","","","","0","0","0","0","0","0","0","0","0","0","0","0","0","0","-4.32","-4.32"
"Apr 27, 2017 2:17:13 PM PDT","6344856161","Order","114-4777907-6986623","0Y-0GMY-QLWV","Angel Men By Thierry Mugler For Men. Eau De Toilette Spray 3.4 Oz (Refill).","1","amazon.com","Standard Orders","Seller","Philadelphia","PA","19144","","40.00","0","5.14","0","0","0","0","0","0","0","0","-6.77","0","0","0","38.37"
"Apr 27, 2017 2:17:51 PM PDT","6344856161","Shipping Services","114-4777907-6986623","","Shipping Label Purchased through Amazon","","","Standard Orders","","","","","","0","0","0","0","0","0","0","0","0","0","0","0","0","0","-4.04","-4.04"
"Apr 27, 2017 2:18:05 PM PDT","6344856161","Order","114-0816803-7713049","AD-DPXC-7E3P","Iceberg Twice By Iceberg For Men. Eau De Toilette Spray 4.2 Ounces","1","amazon.com","Standard Orders","Seller","STOUGHTON","MA","02072-2567","","14.00","0","5.33","0","0","0","0","0","0","0","0","-2.90","0","0","0","16.43"
"Apr 27, 2017 2:18:42 PM PDT","6344856161","Shipping Services","114-0816803-7713049","","Shipping Label Purchased through Amazon","","","Standard Orders","","","","","","0","0","0","0","0","0","0","0","0","0","0","0","0","0","-3.76","-3.76"
"Apr 27, 2017 2:18:58 PM PDT","6344856161","Order","113-3604672-3325826","5O-31IO-QBG8","Bvlgari Aqva Eau de Toilette Spray for Men, New In Box, 3.4 Fluid Ounce","1","amazon.com","Standard Orders","Seller","MEDLEY","FLORIDA","33198-1058","","33.97","0","5.34","0","0","0","0","0","0","0","0","-5.90","0","0","0","33.41"
"Apr 27, 2017 2:19:34 PM PDT","6344856161","Shipping Services","113-3604672-3325826","","Shipping Label Purchased through Amazon","","","Standard Orders","","","","","","0","0","0","0","0","0","0","0","0","0","0","0","0","0","-4.18","-4.18"
"Apr 27, 2017 2:19:47 PM PDT","6344856161","Order","113-0229810-6317071","CR-OBSA-9V00","Usher By Usher For Men, Eau De Toilette Spray, 3.4-Ounce","1","amazon.com","Standard Orders","Seller","Denver","PA","17517","","29.00","0","0","0","0","0","0","0","0","0","0","-4.35","0","0","0","24.65"
"Apr 27, 2017 2:20:16 PM PDT","6344856161","Shipping Services","113-0229810-6317071","","Shipping Label Purchased through Amazon","","","Standard Orders","","","","","","0","0","0","0","0","0","0","0","0","0","0","0","0","0","-4.46","-4.46"
"Apr 27, 2017 2:20:39 PM PDT","6344856161","Order","111-5234014-1319448","0Y-0GMY-QLWV","Angel Men By Thierry Mugler For Men. Eau De Toilette Spray 3.4 Oz (Refill).","1","amazon.com","Standard Orders","Seller","CLERMONT","FL","34714-5063","","40.00","0","5.14","0","0","0","0","0","0","0","0","-6.77","0","0","0","38.37"
"Apr 27, 2017 2:21:14 PM PDT","6344856161","Shipping Services","111-5234014-1319448","","Shipping Label Purchased through Amazon","","","Standard Orders","","","","","","0","0","0","0","0","0","0","0","0","0","0","0","0","0","-4.04","-4.04"
"Apr 27, 2017 2:21:23 PM PDT","6344856161","Order","111-4981852-5525063","JQ-XP7R-N74L","212 VIP ROSE by Carolina Herrera 2.7 Ounce / 80 ml Eau de Parfum Women Perfume Spray","1","amazon.com","Standard Orders","Seller","PROVIDENCE","RI","02907-1408","","69.30","0","5.39","0","0","0","0","0","0","0","0","-11.20","0","0","0","63.49"
"Apr 27, 2017 2:22:00 PM PDT","6344856161","Shipping Services","111-4981852-5525063","","Shipping Label Purchased through Amazon","","","Standard Orders","","","","","","0","0","0","0","0","0","0","0","0","0","0","0","0","0","-4.61","-4.61"
"Apr 27, 2017 2:22:04 PM PDT","6344856161","Order","111-6798800-7623467","21-NWUH-FKC6","Liz Claiborne Curve Men Gift Set (Spray, Skin Soother, Hair and Body Wash)","1","amazon.com","Standard Orders","Seller","Tiki island","TX","77554","","34.28","0","6.64","0","0","0","0","0","0","0","0","-6.14","0","0","0","34.78"
"Apr 27, 2017 2:22:41 PM PDT","6344856161","Shipping Services","111-6798800-7623467","","Shipping Label Purchased through Amazon","","","Standard Orders","","","","","","0","0","0","0","0","0","0","0","0","0","0","0","0","0","-9.21","-9.21"
"Apr 27, 2017 2:23:25 PM PDT","6344856161","Order","111-9602788-7389841","21-NWUH-FKC6","Liz Claiborne Curve Men Gift Set (Spray, Skin Soother, Hair and Body Wash)","1","amazon.com","Standard Orders","Seller","CINCINNATI","OHIO","45213-2337","","34.28","0","6.64","0","0","0","0","0","0","0","0","-6.14","0","0","0","34.78"
"Apr 27, 2017 2:24:01 PM PDT","6344856161","Shipping Services","111-9602788-7389841","","Shipping Label Purchased through Amazon","","","Standard Orders","","","","","","0","0","0","0","0","0","0","0","0","0","0","0","0","0","-6.93","-6.93"
"Apr 27, 2017 4:26:09 PM PDT","6344856161","Order","113-6951112-5591429","N2-AGOU-M6YS","Ed Hardy Born Wild for Women, Eau de Parfum Spray, 3.4 Ounce","1","amazon.com","Standard Orders","Seller","LE SUEUR","MN","56058-4216","","60.99","0","0","0","0","0","0","0","0","0","0","-9.15","0","0","0","51.84"
"Apr 27, 2017 4:26:46 PM PDT","6344856161","Shipping Services","113-6951112-5591429","","Shipping Label Purchased through Amazon","","","Standard Orders","","","","","","0","0","0","0","0","0","0","0","0","0","0","0","0","0","-9.36","-9.36"
"Apr 27, 2017 4:28:23 PM PDT","6344856161","Order","113-4462882-7320267","E4-G6OD-TXK1","Plus Plus Feminine by Diesel 2.5 oz Eau de Toilette Spray New in Box (Women)","1","amazon.com","Standard Orders","Seller","West palm beach","Florida","33409","","12.29","0","0","0","0","0","0","0","0","0","0","-1.84","0","0","0","10.45"
"Apr 27, 2017 4:29:01 PM PDT","6344856161","Shipping Services","113-4462882-7320267","","Shipping Label Purchased through Amazon","","","Standard Orders","","","","","","0","0","0","0","0","0","0","0","0","0","0","0","0","0","-3.62","-3.62"
"Apr 27, 2017 4:31:06 PM PDT","6344856161","Order","113-3146305-5496240","WJ-7IQQ-JNE1","Glow After Dark By Jennifer Lopez For Women. Eau De Toilette Spray 3.4 oz","2","amazon.com","Standard Orders","Seller","Marlton","New Jersey","08053-2248","","57.78","0","5.91","0","0","0","0","0","0","0","0","-9.56","0","0","0","54.13"
"Apr 27, 2017 4:31:44 PM PDT","6344856161","Shipping Services","113-3146305-5496240","","Shipping Label Purchased through Amazon","","","Standard Orders","","","","","","0","0","0","0","0","0","0","0","0","0","0","0","0","0","-6.20","-6.20"
"Apr 27, 2017 4:44:14 PM PDT","6344856161","Order","112-6539204-0971453","RF-LX73-TAHE","DIESEL PLUS PLUS by Diesel EDT SPRAY 2.5 OZ Masculine","1","amazon.com","Standard Orders","Seller","GREENACRES","FL","33463-9322","","13.56","0","0","0","0","0","0","0","0","0","0","-2.03","0","0","0","11.53"
"Apr 27, 2017 4:44:52 PM PDT","6344856161","Shipping Services","112-6539204-0971453","","Shipping Label Purchased through Amazon","","","Standard Orders","","","","","","0","0","0","0","0","0","0","0","0","0","0","0","0","0","-3.62","-3.62"
"Apr 27, 2017 4:44:55 PM PDT","6344856161","Order","112-3647257-5574602","RF-LX73-TAHE","DIESEL PLUS PLUS by Diesel EDT SPRAY 2.5 OZ Masculine","1","amazon.com","Standard Orders","Seller","BAKERSFIELD","CALIFORNIA","93308-5907","","13.56","0","0","0","0","0","0","0","0","0","0","-2.03","0","0","0","11.53"
"Apr 27, 2017 4:45:31 PM PDT","6344856161","Shipping Services","112-3647257-5574602","","Shipping Label Purchased through Amazon","","","Standard Orders","","","","","","0","0","0","0","0","0","0","0","0","0","0","0","0","0","-3.62","-3.62"
"Apr 27, 2017 4:45:41 PM PDT","6344856161","Order","112-3391654-4012233","40-MJEV-M4A4","Diesel Plus Plus Masculine 2.5 oz edt spray (Silver)","1","amazon.com","Standard Orders","Seller","DOVER","NJ","07801-3518","","13.56","0","0","0","0","0","0","0","0","0","0","-2.03","0","0","0","11.53"
"Apr 27, 2017 4:46:19 PM PDT","6344856161","Shipping Services","112-3391654-4012233","","Shipping Label Purchased through Amazon","","","Standard Orders","","","","","","0","0","0","0","0","0","0","0","0","0","0","0","0","0","-3.76","-3.76"
"Apr 27, 2017 4:50:52 PM PDT","6344856161","Order","112-1818681-5637843","DN-0G1V-G4UO","CREATION LAMIS PURE BLACK 3.3 OZ.","2","amazon.com","Standard Orders","Seller","WESTMINSTER","CA","92683-2617","","19.62","0","0","0","0","0","0","0","0","0","0","-2.94","0","0","0","16.68"
"Apr 27, 2017 4:51:30 PM PDT","6344856161","Shipping Services","112-1818681-5637843","","Shipping Label Purchased through Amazon","","","Standard Orders","","","","","","0","0","0","0","0","0","0","0","0","0","0","0","0","0","-6.05","-6.05"
"Apr 27, 2017 4:54:48 PM PDT","6344856161","Order","112-3591286-6041046","40-MJEV-M4A4","Diesel Plus Plus Masculine 2.5 oz edt spray (Silver)","2","amazon.com","Standard Orders","Seller","BRONX","NY","10452-6842","","27.12","0","0","0","0","0","0","0","0","0","0","-4.06","0","0","0","23.06"
"Apr 27, 2017 4:55:26 PM PDT","6344856161","Shipping Services","112-3591286-6041046","","Shipping Label Purchased through Amazon","","","Standard Orders","","","","","","0","0","0","0","0","0","0","0","0","0","0","0","0","0","-6.05","-6.05"
"Apr 27, 2017 4:58:37 PM PDT","6344856161","Order","111-9295328-4633860","AL-3CYM-X54U","Canoe By Dana For Men. Eau De Toilette 8.0 Oz.","1","amazon.com","Standard Orders","Seller","CASTLE HAYNE","NC","28429-5642","","16.00","0","5.94","0","0","0","0","0","0","0","0","-3.29","0","0","0","18.65"
"Apr 27, 2017 4:59:14 PM PDT","6344856161","Shipping Services","111-9295328-4633860","","Shipping Label Purchased through Amazon","","","Standard Orders","","","","","","0","0","0","0","0","0","0","0","0","0","0","0","0","0","-6.05","-6.05"
"Apr 27, 2017 4:59:46 PM PDT","6344856161","Order","111-5730921-6565843","RF-LX73-TAHE","DIESEL PLUS PLUS by Diesel EDT SPRAY 2.5 OZ Masculine","1","amazon.com","Standard Orders","Seller","SAN DIEGO","CA","92115-4405","","13.56","0","0","0","0","0","0","0","0","0","0","-2.03","0","0","0","11.53"
"Apr 27, 2017 5:00:23 PM PDT","6344856161","Shipping Services","111-5730921-6565843","","Shipping Label Purchased through Amazon","","","Standard Orders","","","","","","0","0","0","0","0","0","0","0","0","0","0","0","0","0","-3.62","-3.62"
"Apr 27, 2017 5:01:37 PM PDT","6344856161","Order","111-3500125-8808264","RF-LX73-TAHE","DIESEL PLUS PLUS by Diesel EDT SPRAY 2.5 OZ Masculine","2","amazon.com","Standard Orders","Seller","HIDALGO","TX","78557-2582","","27.12","0","0","0","0","0","0","0","0","0","0","-4.06","0","0","0","23.06"
"Apr 27, 2017 5:02:15 PM PDT","6344856161","Shipping Services","111-3500125-8808264","","Shipping Label Purchased through Amazon","","","Standard Orders","","","","","","0","0","0","0","0","0","0","0","0","0","0","0","0","0","-6.05","-6.05"
"Apr 27, 2017 5:02:34 PM PDT","6344856161","Order","111-2992962-4850663","N2-AGOU-M6YS","Ed Hardy Born Wild for Women, Eau de Parfum Spray, 3.4 Ounce","1","amazon.com","Standard Orders","Seller","Union City","CA","94587-2242","","60.99","0","0","0","0","0","0","0","0","0","0","-9.15","0","0","0","51.84"
"Apr 27, 2017 5:03:11 PM PDT","6344856161","Shipping Services","111-2992962-4850663","","Shipping Label Purchased through Amazon","","","Standard Orders","","","","","","0","0","0","0","0","0","0","0","0","0","0","0","0","0","-10.42","-10.42"
"Apr 27, 2017 5:03:28 PM PDT","6344856161","Order","111-1041353-1966651","RF-LX73-TAHE","DIESEL PLUS PLUS by Diesel EDT SPRAY 2.5 OZ Masculine","1","amazon.com","Standard Orders","Seller","MIAMI","FLORIDA","33172-3652","","13.56","0","0","0","0","0","0","0","0","0","0","-2.03","0","0","0","11.53"
"Apr 27, 2017 5:04:05 PM PDT","6344856161","Shipping Services","111-1041353-1966651","","Shipping Label Purchased through Amazon","","","Standard Orders","","","","","","0","0","0","0","0","0","0","0","0","0","0","0","0","0","-3.62","-3.62"
"Apr 27, 2017 5:04:49 PM PDT","6344856161","Order","111-2384252-1573005","UY-ZSE7-Y1L9","Magic Dreams Women Eau De Parfume Spray by Parfums Rivera, 3.4 Ounce","1","amazon.com","Standard Orders","Seller","DAVIE","FL","33328-2919","","14.00","0","0","0","0","0","0","0","0","0","0","-2.10","0","0","0","11.90"
"Apr 27, 2017 5:05:26 PM PDT","6344856161","Shipping Services","111-2384252-1573005","","Shipping Label Purchased through Amazon","","","Standard Orders","","","","","","0","0","0","0","0","0","0","0","0","0","0","0","0","0","-6.05","-6.05"
"Apr 27, 2017 5:06:19 PM PDT","6344856161","Order","114-6751558-5975434","UY-T92D-JIMV","Dis-lui Extreme Pour Homme 3.4 Oz Eau De Parfum Spray for Men","1","amazon.com","Standard Orders","Seller","FLEMING ISLAND","FL","32003-3784","","10.50","0","0","0","0","0","0","0","0","0","0","-1.58","0","0","0","8.92"
"Apr 27, 2017 5:06:57 PM PDT","6344856161","Shipping Services","114-6751558-5975434","","Shipping Label Purchased through Amazon","","","Standard Orders","","","","","","0","0","0","0","0","0","0","0","0","0","0","0","0","0","-3.62","-3.62"
"Apr 27, 2017 5:08:25 PM PDT","6344856161","Order","114-6339097-3237869","VK-W9H0-4D38","Estee Lauder the Best of Mini Pleasures Gift Set","1","amazon.com","Standard Orders","Seller","VISALIA","CA","93277-9295","","44.78","0","4.89","0","0","0","0","0","0","0","0","-7.45","0","0","0","42.22"
"Apr 27, 2017 5:09:02 PM PDT","6344856161","Shipping Services","114-6339097-3237869","","Shipping Label Purchased through Amazon","","","Standard Orders","","","","","","0","0","0","0","0","0","0","0","0","0","0","0","0","0","-3.07","-3.07"
"Apr 27, 2017 5:09:10 PM PDT","6344856161","Order","114-5253439-7601818","OA-PJRJ-Y9NK","OSCAR by Oscar de la Renta Eau De Toilette Spray 3.4 oz for Women","1","amazon.com","Standard Orders","Seller","OMAHA","NE","68154-2631","","29.89","0","0","0","0","0","0","0","0","0","0","-4.48","0","0","0","25.41"
"Apr 27, 2017 5:09:48 PM PDT","6344856161","Shipping Services","114-5253439-7601818","","Shipping Label Purchased through Amazon","","","Standard Orders","","","","","","0","0","0","0","0","0","0","0","0","0","0","0","0","0","-4.32","-4.32"
"Apr 27, 2017 5:10:51 PM PDT","6344856161","Order","114-4476392-8776254","Z3-7LE1-6NK1","Romeo Gigli Man by Romeo Gigli 3.4oz 100ml EDT Spray","1","amazon.com","Standard Orders","Seller","RIDGEWOOD","NY","11385-6543","","67.47","0","4.51","0","0","0","0","0","0","0","0","-10.80","0","0","0","61.18"
"Apr 27, 2017 5:11:28 PM PDT","6344856161","Shipping Services","114-4476392-8776254","","Shipping Label Purchased through Amazon","","","Standard Orders","","","","","","0","0","0","0","0","0","0","0","0","0","0","0","0","0","-3.91","-3.91"
"Apr 27, 2017 5:13:28 PM PDT","6344856161","Order","114-2510892-5485004","FY-7C7N-PWYT","Karen Low Exchange Men Eau De Toilette Spray, 3.4 Ounce","5","amazon.com","Standard Orders","Seller","GLENDALE","CA","91203-3185","","45.00","0","14.24","0","0","0","0","0","0","0","0","-8.90","0","0","0","50.34"
"Apr 27, 2017 5:14:05 PM PDT","6344856161","Shipping Services","114-2510892-5485004","","Shipping Label Purchased through Amazon","","","Standard Orders","","","","","","0","0","0","0","0","0","0","0","0","0","0","0","0","0","-14.75","-14.75"
"Apr 27, 2017 5:14:44 PM PDT","6344856161","Order","114-0087203-6167414","OB-A9DI-TZR0","Sakamichi Ice Eau De Parfum Spray for Men, 3.4 Ounce","2","amazon.com","Standard Orders","Seller","BRONX","NEW YORK","10462-7107","","13.62","0","5.79","0","0","0","0","0","0","0","0","-2.92","0","0","0","16.49"
"Apr 27, 2017 5:15:22 PM PDT","6344856161","Shipping Services","114-0087203-6167414","","Shipping Label Purchased through Amazon","","","Standard Orders","","","","","","0","0","0","0","0","0","0","0","0","0","0","0","0","0","-4.46","-4.46"
"Apr 27, 2017 5:15:30 PM PDT","6344856161","Order","113-6164266-0316234","C7-6Y6H-8ED9","JEAN PAUL GAULTIER by Jean Paul Gaultier - Women - Eau De Parfum Spray 3.3 oz","1","amazon.com","Standard Orders","Seller","DEERFIELD BEACH","FLORIDA","33442-5975","","80.00","0","5.24","0","0","0","0","0","0","0","0","-12.79","0","0","0","72.45"
"Apr 27, 2017 5:16:08 PM PDT","6344856161","Shipping Services","113-6164266-0316234","","Shipping Label Purchased through Amazon","","","Standard Orders","","","","","","0","0","0","0","0","0","0","0","0","0","0","0","0","0","-4.61","-4.61"
"Apr 27, 2017 5:19:05 PM PDT","6344856161","Order","113-2229963-6370659","F7-8GY4-QP9J","Thé Oné 3.4oz Eau De Parfum Sprày MéN by Dolcé ànd Gàbbànà","1","amazon.com","Standard Orders","Seller","warren","pa","16365","","89.00","0","0","0","0","0","0","0","0","0","0","-13.35","0","0","0","75.65"
"Apr 27, 2017 5:19:42 PM PDT","6344856161","Shipping Services","113-2229963-6370659","","Shipping Label Purchased through Amazon","","","Standard Orders","","","","","","0","0","0","0","0","0","0","0","0","0","0","0","0","0","-6.20","-6.20"
"Apr 27, 2017 5:21:48 PM PDT","6344856161","Order","113-1077706-5256231","E4-G6OD-TXK1","Plus Plus Feminine by Diesel 2.5 oz Eau de Toilette Spray New in Box (Women)","1","amazon.com","Standard Orders","Seller","REGO PARK","NY","11374-1728","","12.29","0","0","0","0","0","0","0","0","0","0","-1.84","0","0","0","10.45"
"Apr 27, 2017 5:22:26 PM PDT","6344856161","Shipping Services","113-1077706-5256231","","Shipping Label Purchased through Amazon","","","Standard Orders","","","","","","0","0","0","0","0","0","0","0","0","0","0","0","0","0","-3.62","-3.62"
"Apr 27, 2017 5:22:32 PM PDT","6344856161","Order","113-0905864-8244215","5R-2LX9-BGJ3","Jessica Mcclintock 2 Piece Gift Set for Women","1","amazon.com","Standard Orders","Seller","ORANGE PARK","FL","32073-3009","","35.57","0","6.19","0","0","0","0","0","0","0","0","-6.26","0","0","0","35.50"
"Apr 27, 2017 5:23:10 PM PDT","6344856161","Shipping Services","113-0905864-8244215","","Shipping Label Purchased through Amazon","","","Standard Orders","","","","","","0","0","0","0","0","0","0","0","0","0","0","0","0","0","-6.83","-6.83"
"Apr 27, 2017 5:26:04 PM PDT","6344856161","Order","113-0120521-9142626","RF-LX73-TAHE","DIESEL PLUS PLUS by Diesel EDT SPRAY 2.5 OZ Masculine","1","amazon.com","Standard Orders","Seller","OKEMOS","MI","48864-3328","","13.56","0","0","0","0","0","0","0","0","0","0","-2.03","0","0","0","11.53"
"Apr 27, 2017 5:26:30 PM PDT","6344856161","Shipping Services","113-0120521-9142626","","Shipping Label Purchased through Amazon","","","Standard Orders","","","","","","0","0","0","0","0","0","0","0","0","0","0","0","0","0","-3.62","-3.62"
"Apr 27, 2017 5:26:58 PM PDT","6344856161","Order","112-9171587-6942626","P1-GA4H-BNMI","Invictus by Paco Rabanne Eau De Toilette Spray 5.1 oz for Men","1","amazon.com","Standard Orders","Seller","VIENNA","VA","22180-6772","","73.29","0","5.69","0","0","0","0","0","0","0","0","-11.85","0","0","0","67.13"
"Apr 27, 2017 5:27:36 PM PDT","6344856161","Shipping Services","112-9171587-6942626","","Shipping Label Purchased through Amazon","","","Standard Orders","","","","","","0","0","0","0","0","0","0","0","0","0","0","0","0","0","-4.61","-4.61"
"Apr 27, 2017 5:28:33 PM PDT","6344856161","Order","112-5398412-6450633","GE-DDEU-7TI5","Samba By Perfumers Workshop For Men. Eau De Toilette Spray 3.3 Ounces","2","amazon.com","Standard Orders","Seller","LANCASTER","PA","17603-6942","","30.00","0","5.59","0","0","0","0","0","0","0","0","-5.34","0","0","0","30.25"
"Apr 27, 2017 5:29:11 PM PDT","6344856161","Shipping Services","112-5398412-6450633","","Shipping Label Purchased through Amazon","","","Standard Orders","","","","","","0","0","0","0","0","0","0","0","0","0","0","0","0","0","-6.05","-6.05"
"Apr 27, 2017 5:29:27 PM PDT","6344856161","Order","113-0319259-9645007","74-DRG6-NKAA","Estee Lauder Purse Beautiful Eau de Parfum Spray for Women, 6 Count","1","amazon.com","Standard Orders","Seller","Agoura Hills","CA","91301","","65.96","0","10.89","0","0","0","0","0","0","0","0","-11.53","0","0","0","65.32"
"Apr 27, 2017 5:29:57 PM PDT","6344856161","Shipping Services","113-0319259-9645007","","Shipping Label Purchased through Amazon","","","Standard Orders","","","","","","0","0","0","0","0","0","0","0","0","0","0","0","0","0","-6.20","-6.20"
"Apr 27, 2017 5:30:16 PM PDT","6344856161","Order","112-4344772-1803411","40-MJEV-M4A4","Diesel Plus Plus Masculine 2.5 oz edt spray (Silver)","1","amazon.com","Standard Orders","Seller","KNOXVILLE","TN","37923-3200","","13.56","0","0","0","0","0","0","0","0","0","0","-2.03","0","0","0","11.53"
"Apr 27, 2017 5:30:53 PM PDT","6344856161","Shipping Services","112-4344772-1803411","","Shipping Label Purchased through Amazon","","","Standard Orders","","","","","","0","0","0","0","0","0","0","0","0","0","0","0","0","0","-3.76","-3.76"
"Apr 27, 2017 5:31:19 PM PDT","6344856161","Order","112-3716265-0513859","E4-G6OD-TXK1","Plus Plus Feminine by Diesel 2.5 oz Eau de Toilette Spray New in Box (Women)","1","amazon.com","Standard Orders","Seller","ROXBURY","MA","02119-1160","","12.29","0","0","0","0","0","0","0","0","0","0","-1.84","0","0","0","10.45"
"Apr 27, 2017 5:31:57 PM PDT","6344856161","Shipping Services","112-3716265-0513859","","Shipping Label Purchased through Amazon","","","Standard Orders","","","","","","0","0","0","0","0","0","0","0","0","0","0","0","0","0","-3.62","-3.62"
"Apr 27, 2017 5:32:13 PM PDT","6344856161","Order","112-1260176-8806641","40-MJEV-M4A4","Diesel Plus Plus Masculine 2.5 oz edt spray (Silver)","1","amazon.com","Standard Orders","Seller","Smithtown, NY","NY","11787","","13.56","0","0","0","0","0","0","0","0","0","0","-2.03","0","0","0","11.53"
"Apr 27, 2017 5:32:49 PM PDT","6344856161","Shipping Services","112-1260176-8806641","","Shipping Label Purchased through Amazon","","","Standard Orders","","","","","","0","0","0","0","0","0","0","0","0","0","0","0","0","0","-3.76","-3.76"
"Apr 27, 2017 5:33:34 PM PDT","6344856161","Order","111-6379427-7088234","RF-LX73-TAHE","DIESEL PLUS PLUS by Diesel EDT SPRAY 2.5 OZ Masculine","1","amazon.com","Standard Orders","Seller","WICHITA","KS","67211-2814","","13.56","0","0","0","0","0","0","0","0","0","0","-2.03","0","0","0","11.53"
"Apr 27, 2017 5:34:12 PM PDT","6344856161","Shipping Services","111-6379427-7088234","","Shipping Label Purchased through Amazon","","","Standard Orders","","","","","","0","0","0","0","0","0","0","0","0","0","0","0","0","0","-3.62","-3.62"
"Apr 27, 2017 5:34:32 PM PDT","6344856161","Order","111-5062427-6869868","AL-WL4W-TJ4O","Magie Noire by Lancome for Women 2.5 oz Eau de Toilette Spray","1","amazon.com","Standard Orders","Seller","Atlanta","GA","30331","","63.89","0","5.09","0","0","0","0","0","0","0","0","-10.35","0","0","0","58.63"
"Apr 27, 2017 5:35:10 PM PDT","6344856161","Shipping Services","111-5062427-6869868","","Shipping Label Purchased through Amazon","","","Standard Orders","","","","","","0","0","0","0","0","0","0","0","0","0","0","0","0","0","-3.91","-3.91"
"Apr 27, 2017 5:35:13 PM PDT","6344856161","Order","111-1139571-3036267","AL-WL4W-TJ4O","Magie Noire by Lancome for Women 2.5 oz Eau de Toilette Spray","1","amazon.com","Standard Orders","Seller","FT LAUDERDALE","FL","33312","","63.89","0","5.09","0","0","0","0","0","0","0","0","-10.35","0","0","0","58.63"
"Apr 27, 2017 5:35:51 PM PDT","6344856161","Shipping Services","111-1139571-3036267","","Shipping Label Purchased through Amazon","","","Standard Orders","","","","","","0","0","0","0","0","0","0","0","0","0","0","0","0","0","-3.91","-3.91"
"Apr 27, 2017 5:36:08 PM PDT","6344856161","Order","111-1445894-2868232","RF-LX73-TAHE","DIESEL PLUS PLUS by Diesel EDT SPRAY 2.5 OZ Masculine","1","amazon.com","Standard Orders","Seller","KATY","TX","77449","","13.56","0","0","0","0","0","0","0","0","0","0","-2.03","0","0","0","11.53"
"Apr 27, 2017 5:36:46 PM PDT","6344856161","Shipping Services","111-1445894-2868232","","Shipping Label Purchased through Amazon","","","Standard Orders","","","","","","0","0","0","0","0","0","0","0","0","0","0","0","0","0","-3.62","-3.62"
"Apr 27, 2017 5:37:43 PM PDT","6344856161","Order","111-2427130-6187433","40-MJEV-M4A4","Diesel Plus Plus Masculine 2.5 oz edt spray (Silver)","1","amazon.com","Standard Orders","Seller","MIAMI","FL","33195-2686","","13.56","0","0","0","0","0","0","0","0","0","0","-2.03","0","0","0","11.53"
"Apr 27, 2017 5:38:12 PM PDT","6344856161","Shipping Services","111-2427130-6187433","","Shipping Label Purchased through Amazon","","","Standard Orders","","","","","","0","0","0","0","0","0","0","0","0","0","0","0","0","0","-3.76","-3.76"
"Apr 27, 2017 5:39:27 PM PDT","6344856161","Order","111-3591971-2299429","E4-G6OD-TXK1","Plus Plus Feminine by Diesel 2.5 oz Eau de Toilette Spray New in Box (Women)","1","amazon.com","Standard Orders","Seller","CHICAGO","IL","60616-1601","","12.29","0","0","0","0","0","0","0","0","0","0","-1.84","0","0","0","10.45"
"Apr 27, 2017 5:40:04 PM PDT","6344856161","Shipping Services","111-3591971-2299429","","Shipping Label Purchased through Amazon","","","Standard Orders","","","","","","0","0","0","0","0","0","0","0","0","0","0","0","0","0","-3.62","-3.62"
"Apr 28, 2017 1:34:20 PM PDT","6345627631","Order","114-6592795-8642659","8S-BF2V-JH39","Piver Pompeia Cologne 14.25 oz Splash","1","amazon.com","Standard Orders","Seller","BETHESDA","MD","20814-4257","","26.37","0","5.49","0","0","0","0","0","0","0","0","-4.78","0","0","0","27.08"
"Apr 28, 2017 1:34:53 PM PDT","6345627631","Shipping Services","114-6592795-8642659","","Shipping Label Purchased through Amazon","","","Standard Orders","","","","","","0","0","0","0","0","0","0","0","0","0","0","0","0","0","-6.05","-6.05"
"Apr 28, 2017 1:35:20 PM PDT","6345627631","Order","114-6861555-2760233","TL-4GU3-TXLR","GREEN 6.7 Fl. Oz. Eau De Toilette Spray Men","1","amazon.com","Standard Orders","Seller","MIAMI","FL","33122-1310","","59.97","0","0","0","0","0","0","0","0","0","0","-9.00","0","0","0","50.97"
"Apr 28, 2017 1:35:54 PM PDT","6345627631","Shipping Services","114-6861555-2760233","","Shipping Label Purchased through Amazon","","","Standard Orders","","","","","","0","0","0","0","0","0","0","0","0","0","0","0","0","0","-6.20","-6.20"
"Apr 28, 2017 1:36:06 PM PDT","6345627631","Order","114-1865029-2644204","UY-T92D-JIMV","Dis-lui Extreme Pour Homme 3.4 Oz Eau De Parfum Spray for Men","1","amazon.com","Standard Orders","Seller","REVERE","MA","02151-2654","","10.50","0","0","0","0","0","0","0","0","0","0","-1.58","0","0","0","8.92"
"Apr 28, 2017 1:36:43 PM PDT","6345627631","Shipping Services","114-1865029-2644204","","Shipping Label Purchased through Amazon","","","Standard Orders","","","","","","0","0","0","0","0","0","0","0","0","0","0","0","0","0","-3.62","-3.62"
"Apr 28, 2017 1:37:44 PM PDT","6345627631","Order","114-1500690-5265809","SM-OYKK-SBTY","DIESEL ZERO PLUS by DIESEL For Women","1","amazon.com","Standard Orders","Seller","DORAL","FL","33178-4828","","13.94","0","0","0","0","0","0","0","0","0","0","-2.09","0","0","0","11.85"
"Apr 28, 2017 1:37:44 PM PDT","6345627631","Order","114-1500690-5265809","E4-G6OD-TXK1","Plus Plus Feminine by Diesel 2.5 oz Eau de Toilette Spray New in Box (Women)","1","amazon.com","Standard Orders","Seller","DORAL","FL","33178-4828","","12.29","0","0","0","0","0","0","0","0","0","0","-1.84","0","0","0","10.45"
"Apr 28, 2017 1:38:12 PM PDT","6345627631","Shipping Services","114-1500690-5265809","","Shipping Label Purchased through Amazon","","","Standard Orders","","","","","","0","0","0","0","0","0","0","0","0","0","0","0","0","0","-6.05","-6.05"
"Apr 28, 2017 1:38:32 PM PDT","6345627631","Order","114-1090888-3586669","AD-DPXC-7E3P","Iceberg Twice By Iceberg For Men. Eau De Toilette Spray 4.2 Ounces","1","amazon.com","Standard Orders","Seller","HENRICO","VA","23238-4927","","14.00","0","5.33","0","0","0","0","0","0","0","0","-2.90","0","0","0","16.43"
"Apr 28, 2017 1:39:09 PM PDT","6345627631","Shipping Services","114-1090888-3586669","","Shipping Label Purchased through Amazon","","","Standard Orders","","","","","","0","0","0","0","0","0","0","0","0","0","0","0","0","0","-3.76","-3.76"
"Apr 28, 2017 1:39:48 PM PDT","6345627631","Order","114-0708271-7824209","FY-7C7N-PWYT","Karen Low Exchange Men Eau De Toilette Spray, 3.4 Ounce","1","amazon.com","Standard Orders","Seller","FAIRHOPE","ALABAMA","36532-5027","","9.00","0","5.19","0","0","0","0","0","0","0","0","-2.13","0","0","0","12.06"
"Apr 28, 2017 1:40:25 PM PDT","6345627631","Shipping Services","114-0708271-7824209","","Shipping Label Purchased through Amazon","","","Standard Orders","","","","","","0","0","0","0","0","0","0","0","0","0","0","0","0","0","-4.04","-4.04"
"Apr 28, 2017 1:41:16 PM PDT","6345627631","Order","113-9689496-8313854","SM-OYKK-SBTY","DIESEL ZERO PLUS by DIESEL For Women","1","amazon.com","Standard Orders","Seller","BROOKLYN","NY","11208-4253","","13.94","0","0","0","0","0","0","0","0","0","0","-2.09","0","0","0","11.85"
"Apr 28, 2017 1:41:53 PM PDT","6345627631","Shipping Services","113-9689496-8313854","","Shipping Label Purchased through Amazon","","","Standard Orders","","","","","","0","0","0","0","0","0","0","0","0","0","0","0","0","0","-3.62","-3.62"
"Apr 28, 2017 1:44:55 PM PDT","6345627631","Order","114-0283088-6157811","TL-4GU3-TXLR","GREEN 6.7 Fl. Oz. Eau De Toilette Spray Men","1","amazon.com","Standard Orders","Seller","Corona","NY","11368","","57.81","0","0","0","0","0","0","0","0","0","0","-8.67","0","0","0","49.14"
"Apr 28, 2017 1:45:32 PM PDT","6345627631","Shipping Services","114-0283088-6157811","","Shipping Label Purchased through Amazon","","","Standard Orders","","","","","","0","0","0","0","0","0","0","0","0","0","0","0","0","0","-6.20","-6.20"
"Apr 28, 2017 1:47:41 PM PDT","6345627631","Order","113-9249841-9221049","UY-T92D-JIMV","Dis-lui Extreme Pour Homme 3.4 Oz Eau De Parfum Spray for Men","1","amazon.com","Standard Orders","Seller","MEDLEY","FLORIDA","33178-1044","","10.50","0","0","0","0","0","0","0","0","0","0","-1.58","0","0","0","8.92"
"Apr 28, 2017 1:47:49 PM PDT","6345627631","Shipping Services","113-9249841-9221049","","Shipping Label Purchased through Amazon","","","Standard Orders","","","","","","0","0","0","0","0","0","0","0","0","0","0","0","0","0","-3.62","-3.62"
"Apr 28, 2017 1:51:31 PM PDT","6345627631","Order","114-6589927-4469033","C1-6NK7-7FDY","Arsenal Blue By Gilles Cantuel For Men. Eau De Parfum Spray 3.4 Oz.","1","amazon.com","Standard Orders","Seller","Athens","Georgia","30606","","14.93","0","5.49","0","0","0","0","0","0","0","0","-3.06","0","0","0","17.36"
"Apr 28, 2017 1:52:04 PM PDT","6345627631","Shipping Services","114-6589927-4469033","","Shipping Label Purchased through Amazon","","","Standard Orders","","","","","","0","0","0","0","0","0","0","0","0","0","0","0","0","0","-4.46","-4.46"
"Apr 28, 2017 1:52:42 PM PDT","6345627631","Order","113-6512291-3705011","UY-ZSE7-Y1L9","Magic Dreams Women Eau De Parfume Spray by Parfums Rivera, 3.4 Ounce","2","amazon.com","Standard Orders","Seller","FREMONT","CA","94536-5630","","28.00","0","0","0","0","0","0","0","0","0","0","-4.20","0","0","0","23.80"
"Apr 28, 2017 1:53:18 PM PDT","6345627631","Shipping Services","113-6512291-3705011","","Shipping Label Purchased through Amazon","","","Standard Orders","","","","","","0","0","0","0","0","0","0","0","0","0","0","0","0","0","-6.05","-6.05"
"Apr 28, 2017 1:53:39 PM PDT","6345627631","Order","113-3406648-1943402","DE-E6EO-HYLG","212 Sexy By: Carolina Herrera 3.4 oz EDT, Men's","1","amazon.com","Standard Orders","Seller","ASHEBORO","NORTH CAROLINA","27205-9779","","67.23","0","4.49","0","0","0","0","0","0","0","0","-10.76","0","0","0","60.96"
"Apr 28, 2017 1:54:17 PM PDT","6345627631","Shipping Services","113-3406648-1943402","","Shipping Label Purchased through Amazon","","","Standard Orders","","","","","","0","0","0","0","0","0","0","0","0","0","0","0","0","0","-4.61","-4.61"
"Apr 28, 2017 1:56:07 PM PDT","6345627631","Order","113-3038209-1617003","DN-0G1V-G4UO","CREATION LAMIS PURE BLACK 3.3 OZ.","7","amazon.com","Standard Orders","Seller","TEANECK","NJ","07666-3838","","68.67","0","0","0","0","0","0","0","0","0","0","-10.29","0","0","0","58.38"
"Apr 28, 2017 1:56:45 PM PDT","6345627631","Shipping Services","113-3038209-1617003","","Shipping Label Purchased through Amazon","","","Standard Orders","","","","","","0","0","0","0","0","0","0","0","0","0","0","0","0","0","-7.41","-7.41"
"Apr 28, 2017 1:57:05 PM PDT","6345627631","Order","112-9791434-3345823","74-DRG6-NKAA","Estee Lauder Purse Beautiful Eau de Parfum Spray for Women, 6 Count","1","amazon.com","Standard Orders","Seller","SPRINGFIELD GARDENS","NY","11413-2704","","65.96","0","0","0","0","0","0","0","0","0","0","-9.89","0","0","0","56.07"
"Apr 28, 2017 1:57:40 PM PDT","6345627631","Shipping Services","112-9791434-3345823","","Shipping Label Purchased through Amazon","","","Standard Orders","","","","","","0","0","0","0","0","0","0","0","0","0","0","0","0","0","-4.47","-4.47"
"Apr 28, 2017 1:58:07 PM PDT","6345627631","Order","112-6085421-9441828","TL-4GU3-TXLR","GREEN 6.7 Fl. Oz. Eau De Toilette Spray Men","1","amazon.com","Standard Orders","Seller","ST PETERSBURG","FL","33703-4716","","57.81","0","0","0","0","0","0","0","0","0","0","-8.67","0","0","0","49.14"
"Apr 28, 2017 1:58:45 PM PDT","6345627631","Shipping Services","112-6085421-9441828","","Shipping Label Purchased through Amazon","","","Standard Orders","","","","","","0","0","0","0","0","0","0","0","0","0","0","0","0","0","-6.20","-6.20"
"Apr 28, 2017 1:59:04 PM PDT","6345627631","Order","112-7163255-3359401","40-MJEV-M4A4","Diesel Plus Plus Masculine 2.5 oz edt spray (Silver)","1","amazon.com","Standard Orders","Seller","FRAMINGHAM","MA","01702-7324","","13.56","0","0","0","0","0","0","0","0","0","0","-2.03","0","0","0","11.53"
"Apr 28, 2017 1:59:42 PM PDT","6345627631","Shipping Services","112-7163255-3359401","","Shipping Label Purchased through Amazon","","","Standard Orders","","","","","","0","0","0","0","0","0","0","0","0","0","0","0","0","0","-3.76","-3.76"
"Apr 28, 2017 2:00:21 PM PDT","6345627631","Order","112-4620787-2057027","GR-FSVC-DTZN","Karen Low X Change Cool by Karen Low for Men Eau de Toilette Spray 3.4 oz","1","amazon.com","Standard Orders","Seller","MADISON","WI","53713-3828","","12.07","0","0","0","0","0","0","0","0","0","0","-1.81","0","0","0","10.26"
"Apr 28, 2017 2:00:24 PM PDT","6345627631","Shipping Services","112-4620787-2057027","","Shipping Label Purchased through Amazon","","","Standard Orders","","","","","","0","0","0","0","0","0","0","0","0","0","0","0","0","0","-3.90","-3.90"
"Apr 28, 2017 2:00:29 PM PDT","6345627631","Order","112-1624301-5521026","5R-2LX9-BGJ3","Jessica Mcclintock 2 Piece Gift Set for Women","1","amazon.com","Standard Orders","Seller","DALLAS","NC","28034-9401","","35.57","0","6.19","0","0","0","0","0","0","0","0","-6.26","0","0","0","35.50"
"Apr 28, 2017 2:01:04 PM PDT","6345627631","Shipping Services","112-1624301-5521026","","Shipping Label Purchased through Amazon","","","Standard Orders","","","","","","0","0","0","0","0","0","0","0","0","0","0","0","0","0","-6.67","-6.67"
"Apr 28, 2017 2:01:05 PM PDT","6345627631","Order","112-0494618-4900265","RF-LX73-TAHE","DIESEL PLUS PLUS by Diesel EDT SPRAY 2.5 OZ Masculine","1","amazon.com","Standard Orders","Seller","COCONUT CREEK","FL","33066-1482","","13.56","0","0","0","0","0","0","0","0","0","0","-2.03","0","0","0","11.53"
"Apr 28, 2017 2:01:39 PM PDT","6345627631","Shipping Services","112-0494618-4900265","","Shipping Label Purchased through Amazon","","","Standard Orders","","","","","","0","0","0","0","0","0","0","0","0","0","0","0","0","0","-3.62","-3.62"
"Apr 28, 2017 2:02:04 PM PDT","6345627631","Order","112-0295943-7435461","UY-ZSE7-Y1L9","Magic Dreams Women Eau De Parfume Spray by Parfums Rivera, 3.4 Ounce","2","amazon.com","Standard Orders","Seller","fort worth","Texas","76123","","28.00","0","0","0","0","0","0","0","0","0","0","-4.20","0","0","0","23.80"
"Apr 28, 2017 2:02:41 PM PDT","6345627631","Shipping Services","112-0295943-7435461","","Shipping Label Purchased through Amazon","","","Standard Orders","","","","","","0","0","0","0","0","0","0","0","0","0","0","0","0","0","-6.05","-6.05"
"Apr 28, 2017 2:02:50 PM PDT","6345627631","Order","111-5923278-4238608","KG-EP0K-7LTJ","Jus De Amour for Women","1","amazon.com","Standard Orders","Seller","MAPLEWOOD","NJ","07040-3310","","12.00","0","0","0","0","0","0","0","0","0","0","-1.80","0","0","0","10.20"
"Apr 28, 2017 2:03:28 PM PDT","6345627631","Shipping Services","111-5923278-4238608","","Shipping Label Purchased through Amazon","","","Standard Orders","","","","","","0","0","0","0","0","0","0","0","0","0","0","0","0","0","-4.46","-4.46"
"Apr 28, 2017 2:03:29 PM PDT","6345627631","Order","111-5186587-9893006","VL-HFH5-D4NA","J.Lo Miami Glow Eau de Toilette Spray for Women, 3.4 Fluid Ounce","1","amazon.com","Standard Orders","Seller","West Stockbridge","MA","01266","","19.00","0","5.19","0","0","0","0","0","0","0","0","-3.63","0","0","0","20.56"
"Apr 28, 2017 2:04:05 PM PDT","6345627631","Shipping Services","111-5186587-9893006","","Shipping Label Purchased through Amazon","","","Standard Orders","","","","","","0","0","0","0","0","0","0","0","0","0","0","0","0","0","-4.04","-4.04"
"Apr 28, 2017 2:04:10 PM PDT","6345627631","Order","111-5128701-0511421","VK-W9H0-4D38","Estee Lauder the Best of Mini Pleasures Gift Set","1","amazon.com","Standard Orders","Seller","Camarillo","CA","93010-3313","","44.78","0","4.89","0","0","0","0","0","0","0","0","-7.45","0","0","0","42.22"
"Apr 28, 2017 2:04:44 PM PDT","6345627631","Shipping Services","111-5128701-0511421","","Shipping Label Purchased through Amazon","","","Standard Orders","","","","","","0","0","0","0","0","0","0","0","0","0","0","0","0","0","-3.07","-3.07"
"Apr 28, 2017 2:04:54 PM PDT","6345627631","Order","111-5016259-7870649","4G-RUC2-X9VC","Pierre Cardin by Pierre Cardin for Men - 2.8 oz EDC Spray","2","amazon.com","Standard Orders","Seller","HUNTSVILLE","OH","43324-9540","","26.58","0","5.81","0","0","0","0","0","0","0","0","-4.86","0","0","0","27.53"
"Apr 28, 2017 2:05:29 PM PDT","6345627631","Shipping Services","111-5016259-7870649","","Shipping Label Purchased through Amazon","","","Standard Orders","","","","","","0","0","0","0","0","0","0","0","0","0","0","0","0","0","-6.05","-6.05"
"Apr 28, 2017 2:05:36 PM PDT","6345627631","Order","111-4697148-4531434","4G-RUC2-X9VC","Pierre Cardin by Pierre Cardin for Men - 2.8 oz EDC Spray","1","amazon.com","Standard Orders","Seller","RIDGEFIELD","NJ","07657-2348","","13.29","0","5.15","0","0","0","0","0","0","0","0","-2.77","0","0","0","15.67"
"Apr 28, 2017 2:06:13 PM PDT","6345627631","Shipping Services","111-4697148-4531434","","Shipping Label Purchased through Amazon","","","Standard Orders","","","","","","0","0","0","0","0","0","0","0","0","0","0","0","0","0","-4.18","-4.18"
"Apr 28, 2017 2:06:43 PM PDT","6345627631","Order","111-4234518-2373060","RF-LX73-TAHE","DIESEL PLUS PLUS by Diesel EDT SPRAY 2.5 OZ Masculine","2","amazon.com","Standard Orders","Seller","FLUSHING","NEW YORK","11358","","27.12","0","0","0","0","0","0","0","0","0","0","-4.06","0","0","0","23.06"
"Apr 28, 2017 2:07:14 PM PDT","6345627631","Order","111-4107722-8738659","TL-4GU3-TXLR","GREEN 6.7 Fl. Oz. Eau De Toilette Spray Men","1","amazon.com","Standard Orders","Seller","SOUTHAVEN","MS","38672-7837","","57.81","0","11.57","0","0","0","0","0","0","0","0","-10.41","0","0","0","58.97"
"Apr 28, 2017 2:07:14 PM PDT","6345627631","Shipping Services","111-4234518-2373060","","Shipping Label Purchased through Amazon","","","Standard Orders","","","","","","0","0","0","0","0","0","0","0","0","0","0","0","0","0","-6.05","-6.05"
"Apr 28, 2017 2:07:50 PM PDT","6345627631","Order","111-4013486-3764252","5R-2LX9-BGJ3","Jessica Mcclintock 2 Piece Gift Set for Women","1","amazon.com","Standard Orders","Seller","GREENWOOD","MS","38930-7022","","35.57","0","6.19","0","0","0","0","0","0","0","0","-6.26","0","0","0","35.50"
"Apr 28, 2017 2:07:52 PM PDT","6345627631","Shipping Services","111-4107722-8738659","","Shipping Label Purchased through Amazon","","","Standard Orders","","","","","","0","0","0","0","0","0","0","0","0","0","0","0","0","0","-6.20","-6.20"
"Apr 28, 2017 2:08:28 PM PDT","6345627631","Shipping Services","111-4013486-3764252","","Shipping Label Purchased through Amazon","","","Standard Orders","","","","","","0","0","0","0","0","0","0","0","0","0","0","0","0","0","-6.83","-6.83"
"Apr 28, 2017 2:08:45 PM PDT","6345627631","Order","111-3812713-4183449","P1-GA4H-BNMI","Invictus by Paco Rabanne Eau De Toilette Spray 5.1 oz for Men","1","amazon.com","Standard Orders","Seller","BROOKLYN","NY","11230-1253","","73.29","0","5.69","0","0","0","0","0","0","0","0","-11.85","0","0","0","67.13"
"Apr 28, 2017 2:09:20 PM PDT","6345627631","Shipping Services","111-3812713-4183449","","Shipping Label Purchased through Amazon","","","Standard Orders","","","","","","0","0","0","0","0","0","0","0","0","0","0","0","0","0","-4.61","-4.61"
"Apr 28, 2017 2:09:22 PM PDT","6345627631","Order","111-3548311-0678659","UG-BXRZ-S4GV","Bvlgari Pour Homme Soir By Bvlgari For Men. Eau De Toilette Spray 3.4 oz","1","amazon.com","Standard Orders","Seller","NEW YORK","NY","10128-6900","","30.50","0","5.20","0","0","0","0","0","0","0","0","-5.36","0","0","0","30.34"
"Apr 28, 2017 2:10:00 PM PDT","6345627631","Order","111-1081767-5236231","JQ-XP7R-N74L","212 VIP ROSE by Carolina Herrera 2.7 Ounce / 80 ml Eau de Parfum Women Perfume Spray","1","amazon.com","Standard Orders","Seller","HOUSTON","TX","77081-1839","","69.30","0","5.39","0","0","0","0","0","0","0","0","-11.20","0","0","0","63.49"
"Apr 28, 2017 2:10:00 PM PDT","6345627631","Shipping Services","111-3548311-0678659","","Shipping Label Purchased through Amazon","","","Standard Orders","","","","","","0","0","0","0","0","0","0","0","0","0","0","0","0","0","-4.18","-4.18"
"Apr 28, 2017 2:10:37 PM PDT","6345627631","Shipping Services","111-1081767-5236231","","Shipping Label Purchased through Amazon","","","Standard Orders","","","","","","0","0","0","0","0","0","0","0","0","0","0","0","0","0","-4.61","-4.61"
"Apr 28, 2017 2:10:57 PM PDT","6345627631","Order","111-2866815-3493005","F3-YTCU-QEKH","Extasia Black by New Brand, 3.3 oz Eau De Toilette Spray for men","2","amazon.com","Standard Orders","Seller","MIAMI","FL","33166-2349","","18.38","0","0","0","0","0","0","0","0","0","0","-2.76","0","0","0","15.62"
"Apr 28, 2017 2:11:34 PM PDT","6345627631","Shipping Services","111-2866815-3493005","","Shipping Label Purchased through Amazon","","","Standard Orders","","","","","","0","0","0","0","0","0","0","0","0","0","0","0","0","0","-6.05","-6.05"
"Apr 28, 2017 2:11:47 PM PDT","6345627631","Order","113-5355601-0775440","5S-QFBV-CZEF","Van Cleef and Arpels First Eau de Toilette Spray for Women, 3.3 Fluid Ounce","1","amazon.com","Standard Orders","Seller","OCALA","FLORIDA","34470-3995","","26.59","0","5.20","0","0","0","0","0","0","0","0","-4.77","0","0","0","27.02"
"Apr 28, 2017 2:12:22 PM PDT","6345627631","Shipping Services","113-5355601-0775440","","Shipping Label Purchased through Amazon","","","Standard Orders","","","","","","0","0","0","0","0","0","0","0","0","0","0","0","0","0","-4.18","-4.18"
"Apr 28, 2017 2:12:36 PM PDT","6345627631","Order","112-8658385-0970613","21-NWUH-FKC6","Liz Claiborne Curve Men Gift Set (Spray, Skin Soother, Hair and Body Wash)","1","amazon.com","Standard Orders","Seller","Center moriche","Ny","11934","","34.28","0","6.64","0","0","0","0","0","0","0","0","-6.14","0","0","0","34.78"
"Apr 28, 2017 2:13:04 PM PDT","6345627631","Shipping Services","112-8658385-0970613","","Shipping Label Purchased through Amazon","","","Standard Orders","","","","","","0","0","0","0","0","0","0","0","0","0","0","0","0","0","-6.63","-6.63"
"Apr 28, 2017 2:13:54 PM PDT","6345627631","Order","113-8796820-5969820","Y8-47ZI-IQRV","Liz Claiborne Women's Mambo 3-Piece Gift Set","1","amazon.com","Standard Orders","Seller","Cartersville","GA","30120","","31.59","0","6.14","0","0","0","0","0","0","0","0","-5.66","0","0","0","32.07"
"Apr 28, 2017 2:14:30 PM PDT","6345627631","Shipping Services","113-8796820-5969820","","Shipping Label Purchased through Amazon","","","Standard Orders","","","","","","0","0","0","0","0","0","0","0","0","0","0","0","0","0","-8.21","-8.21"
"Apr 28, 2017 2:14:34 PM PDT","6345627631","Order","114-2964085-7692224","JB-A18B-JGJB","Lagerfeld Classic By: Karl Lagerfeld 3.3 oz EDT, Men's ~Free Gift With Order~","1","amazon.com","Standard Orders","Seller","RIVERVIEW","FL","33578-8684","","19.00","0","4.49","0","0","0","0","0","0","0","0","-3.52","0","0","0","19.97"
"Apr 28, 2017 2:15:10 PM PDT","6345627631","Shipping Services","114-2964085-7692224","","Shipping Label Purchased through Amazon","","","Standard Orders","","","","","","0","0","0","0","0","0","0","0","0","0","0","0","0","0","-4.04","-4.04"
"Apr 28, 2017 2:15:19 PM PDT","6345627631","Order","114-1522482-9671445","SM-OYKK-SBTY","DIESEL ZERO PLUS by DIESEL For Women","1","amazon.com","Standard Orders","Seller","STUART","FL","34997-6935","","13.79","0","0","0","0","0","0","0","0","0","0","-2.07","0","0","0","11.72"
"Apr 28, 2017 2:15:54 PM PDT","6345627631","Shipping Services","114-1522482-9671445","","Shipping Label Purchased through Amazon","","","Standard Orders","","","","","","0","0","0","0","0","0","0","0","0","0","0","0","0","0","-3.62","-3.62"
"Apr 28, 2017 2:16:28 PM PDT","6345627631","Order","113-9510612-5051418","RF-LX73-TAHE","DIESEL PLUS PLUS by Diesel EDT SPRAY 2.5 OZ Masculine","1","amazon.com","Standard Orders","Seller","TAMPA","FL","33615-5814","","13.56","0","0","0","0","0","0","0","0","0","0","-2.03","0","0","0","11.53"
"Apr 28, 2017 2:16:44 PM PDT","6345627631","Order","113-0790590-3481017","40-MJEV-M4A4","Diesel Plus Plus Masculine 2.5 oz edt spray (Silver)","1","amazon.com","Standard Orders","Seller","OSAWATOMIE","KANSAS","66064-1559","","13.56","0","0","0","0","0","0","0","0","0","0","-2.03","0","0","0","11.53"
"Apr 28, 2017 2:16:47 PM PDT","6345627631","Shipping Services","113-9510612-5051418","","Shipping Label Purchased through Amazon","","","Standard Orders","","","","","","0","0","0","0","0","0","0","0","0","0","0","0","0","0","-3.62","-3.62"
"Apr 28, 2017 2:17:21 PM PDT","6345627631","Shipping Services","113-0790590-3481017","","Shipping Label Purchased through Amazon","","","Standard Orders","","","","","","0","0","0","0","0","0","0","0","0","0","0","0","0","0","-3.76","-3.76"
"Apr 28, 2017 2:17:58 PM PDT","6345627631","Order","112-5548278-8391447","UY-T92D-JIMV","Dis-lui Extreme Pour Homme 3.4 Oz Eau De Parfum Spray for Men","1","amazon.com","Standard Orders","Seller","ULYSSES","KS","67880-2838","","10.50","0","0","0","0","0","0","0","0","0","0","-1.58","0","0","0","8.92"
"Apr 28, 2017 2:18:34 PM PDT","6345627631","Shipping Services","112-5548278-8391447","","Shipping Label Purchased through Amazon","","","Standard Orders","","","","","","0","0","0","0","0","0","0","0","0","0","0","0","0","0","-3.62","-3.62"
"Apr 28, 2017 2:18:42 PM PDT","6345627631","Order","111-6821613-5064217","UY-T92D-JIMV","Dis-lui Extreme Pour Homme 3.4 Oz Eau De Parfum Spray for Men","1","amazon.com","Standard Orders","Seller","college park","ga","30349","","10.50","0","0","0","0","0","0","0","0","0","0","-1.58","0","0","0","8.92"
"Apr 28, 2017 2:19:19 PM PDT","6345627631","Shipping Services","111-6821613-5064217","","Shipping Label Purchased through Amazon","","","Standard Orders","","","","","","0","0","0","0","0","0","0","0","0","0","0","0","0","0","-3.62","-3.62"
"Apr 28, 2017 3:48:42 PM PDT","6345627631","Order","111-9782971-2091401","AL-WL4W-TJ4O","Magie Noire by Lancome for Women 2.5 oz Eau de Toilette Spray","2","amazon.com","Standard Orders","Seller","YUMA","AZ","85364-5028","","127.78","0","5.69","0","0","0","0","0","0","0","0","-20.02","0","0","0","113.45"
"Apr 28, 2017 3:49:18 PM PDT","6345627631","Shipping Services","111-9782971-2091401","","Shipping Label Purchased through Amazon","","","Standard Orders","","","","","","0","0","0","0","0","0","0","0","0","0","0","0","0","0","-6.65","-6.65"
"Apr 29, 2017 6:04:20 AM PDT","6346312511","Transfer","","","To your account ending in: 6276, Bank Transfer ID: 091000011600749","","","Standard Orders","","","","","","0","0","0","0","0","0","0","0","0","0","0","0","0","0","-2,024.51","-2,024.51"
"Apr 29, 2017 4:36:54 PM PDT","6346312511","Refund","111-3548311-0678659","UG-BXRZ-S4GV","Bvlgari Pour Homme Soir By Bvlgari For Men. Eau De Toilette Spray 3.4 oz","1","amazon.com","Standard Orders","Seller","NEW YORK","NY","10128-6900","","-15.25","0","0","0","0","0","0","0","0","0","0","1.83","0","0","0","-13.42"
"Apr 30, 2017 6:05:20 AM PDT","6346312511","Transfer","","","To your account ending in: 6276, Bank Transfer ID: 091000016036144","","","Standard Orders","","","","","","0","0","0","0","0","0","0","0","0","0","0","0","0","0","-1,780.45","-1,780.45"
"Apr 30, 2017 5:33:13 PM PDT","6346312511","Order","112-2605553-2708201","Q6-WPSC-SKZE","Tiamo Perfume For Women By Parfum Blaze","1","amazon.com","Standard Orders","Seller","PHILADELPHIA","PA","19143-5918","","9.02","0","16.50","0","0","0","0","0","0","0","0","-3.83","0","0","0","21.69"
"Apr 30, 2017 5:33:13 PM PDT","6346312511","Order","112-2605553-2708201","JK-130P-A3PQ","Tiamo by Parfum Blaze Eau De Toilette Spray 3.4 oz","1","amazon.com","Standard Orders","Seller","PHILADELPHIA","PA","19143-5918","","13.98","0","15.75","0","0","0","0","0","0","0","0","-4.46","0","0","0","25.27"
"Apr 30, 2017 5:33:48 PM PDT","6346312511","Shipping Services","112-2605553-2708201","","Shipping Label Purchased through Amazon","","","Standard Orders","","","","","","0","0","0","0","0","0","0","0","0","0","0","0","0","0","-7.72","-7.72"
"Apr 30, 2017 5:34:58 PM PDT","6346312511","Order","111-1497739-7873860","2L-YX0W-CS37","Johan B Merveille Eau De Parfum Spray for Women, 3.4 Ounce","1","amazon.com","Standard Orders","Seller","SMITHTOWN","NY","11787-2606","","34.17","0","0","0","0","0","0","0","0","0","0","-5.13","0","0","0","29.04"
"Apr 30, 2017 5:35:09 PM PDT","6346312511","Shipping Services","111-1497739-7873860","","Shipping Label Purchased through Amazon","","","Standard Orders","","","","","","0","0","0","0","0","0","0","0","0","0","0","0","0","0","-4.46","-4.46"
"Apr 30, 2017 5:35:32 PM PDT","6346312511","Order","114-9660673-1910662","Q6-WPSC-SKZE","Tiamo Perfume For Women By Parfum Blaze","1","amazon.com","Standard Orders","Seller","UNION CITY","GA","30291-1572","","9.02","0","10.49","0","0","0","0","0","0","0","0","-2.93","0","0","0","16.58"
"Apr 30, 2017 5:36:09 PM PDT","6346312511","Shipping Services","114-9660673-1910662","","Shipping Label Purchased through Amazon","","","Standard Orders","","","","","","0","0","0","0","0","0","0","0","0","0","0","0","0","0","-6.05","-6.05"
"Apr 30, 2017 5:36:09 PM PDT","6346312511","Order","114-8946330-9066628","F7-8GY4-QP9J","Thé Oné 3.4oz Eau De Parfum Sprày MéN by Dolcé ànd Gàbbànà","1","amazon.com","Standard Orders","Seller","WOODBRIDGE","VA","22191-6007","","89.00","0","0","0","0","0","0","0","0","0","0","-13.35","0","0","0","75.65"
"Apr 30, 2017 5:36:46 PM PDT","6346312511","Shipping Services","114-8946330-9066628","","Shipping Label Purchased through Amazon","","","Standard Orders","","","","","","0","0","0","0","0","0","0","0","0","0","0","0","0","0","-6.20","-6.20"
"Apr 30, 2017 5:37:01 PM PDT","6346312511","Order","114-8860476-1533017","LM-OH3Q-504Y","Jean Paul Gaultier Eau De Toilette Spray for Men, 4.2 Ounce","1","amazon.com","Standard Orders","Seller","MIAMI","FL","33147-4434","","57.49","0","0","0","0","0","0","0","0","0","0","-8.62","0","0","0","48.87"
"Apr 30, 2017 5:37:35 PM PDT","6346312511","Shipping Services","114-8860476-1533017","","Shipping Label Purchased through Amazon","","","Standard Orders","","","","","","0","0","0","0","0","0","0","0","0","0","0","0","0","0","-4.61","-4.61"
"Apr 30, 2017 5:37:40 PM PDT","6346312511","Order","114-8431009-4476215","UY-ZSE7-Y1L9","Magic Dreams Women Eau De Parfume Spray by Parfums Rivera, 3.4 Ounce","2","amazon.com","Standard Orders","Seller","HEMPSTEAD","NY","11550-3029","","28.00","0","0","0","0","0","0","0","0","0","0","-4.20","0","0","0","23.80"
"Apr 30, 2017 5:38:16 PM PDT","6346312511","Shipping Services","114-8431009-4476215","","Shipping Label Purchased through Amazon","","","Standard Orders","","","","","","0","0","0","0","0","0","0","0","0","0","0","0","0","0","-6.05","-6.05"
"Apr 30, 2017 5:39:15 PM PDT","6346312511","Order","114-7732385-2497806","9G-KZKO-Z3GU","Bvlgari Bvlgari Omnia Amethyste EDT Perfume 25ml","1","amazon.com","Standard Orders","Seller","FORT WASHINGTON","MD","20744-5209","","51.47","0","9.02","0","0","0","0","0","0","0","0","-9.07","0","0","0","51.42"
"Apr 30, 2017 5:39:52 PM PDT","6346312511","Shipping Services","114-7732385-2497806","","Shipping Label Purchased through Amazon","","","Standard Orders","","","","","","0","0","0","0","0","0","0","0","0","0","0","0","0","0","-6.20","-6.20"
"Apr 30, 2017 5:40:21 PM PDT","6346312511","Order","114-7432230-6077014","5O-31IO-QBG8","Bvlgari Aqva Eau de Toilette Spray for Men, New In Box, 3.4 Fluid Ounce","2","amazon.com","Standard Orders","Seller","NEW YORK","NY","10027-7436","","66.00","0","6.19","0","0","0","0","0","0","0","0","-10.84","0","0","0","61.35"
"Apr 30, 2017 5:40:55 PM PDT","6346312511","Shipping Services","114-7432230-6077014","","Shipping Label Purchased through Amazon","","","Standard Orders","","","","","","0","0","0","0","0","0","0","0","0","0","0","0","0","0","-6.20","-6.20"
"Apr 30, 2017 5:41:25 PM PDT","6346312511","Order","114-6317194-9936258","TV-IBUQ-JLBR","White Diamonds by Elizabeth Taylor for Women, Set","1","amazon.com","Standard Orders","Seller","SAVANNAH","GA","31410-2326","","35.00","0","6.59","0","0","0","0","0","0","0","0","-6.24","0","0","0","35.35"
"Apr 30, 2017 5:42:02 PM PDT","6346312511","Shipping Services","114-6317194-9936258","","Shipping Label Purchased through Amazon","","","Standard Orders","","","","","","0","0","0","0","0","0","0","0","0","0","0","0","0","0","-8.21","-8.21"
"Apr 30, 2017 5:42:29 PM PDT","6346312511","Order","113-5578742-8252211","TV-IBUQ-JLBR","White Diamonds by Elizabeth Taylor for Women, Set","1","amazon.com","Standard Orders","Seller","Sterling","VA","20164","","35.00","0","6.59","0","0","0","0","0","0","0","0","-6.24","0","0","0","35.35"
"Apr 30, 2017 5:43:06 PM PDT","6346312511","Shipping Services","113-5578742-8252211","","Shipping Label Purchased through Amazon","","","Standard Orders","","","","","","0","0","0","0","0","0","0","0","0","0","0","0","0","0","-6.70","-6.70"
"Apr 30, 2017 5:43:19 PM PDT","6346312511","Order","113-5502901-8180208","TV-IBUQ-JLBR","White Diamonds by Elizabeth Taylor for Women, Set","1","amazon.com","Standard Orders","Seller","Simi Valley","Ca","93065","","35.00","0","6.59","0","0","0","0","0","0","0","0","-6.24","0","0","0","35.35"
"Apr 30, 2017 5:43:54 PM PDT","6346312511","Shipping Services","113-5502901-8180208","","Shipping Label Purchased through Amazon","","","Standard Orders","","","","","","0","0","0","0","0","0","0","0","0","0","0","0","0","0","-10.27","-10.27"
"Apr 30, 2017 5:44:04 PM PDT","6346312511","Order","113-2614286-4978650","TV-IBUQ-JLBR","White Diamonds by Elizabeth Taylor for Women, Set","1","amazon.com","Standard Orders","Seller","BROOKFIELD","WI","53045-2534","","35.00","0","6.59","0","0","0","0","0","0","0","0","-6.24","0","0","0","35.35"
"Apr 30, 2017 5:44:41 PM PDT","6346312511","Shipping Services","113-2614286-4978650","","Shipping Label Purchased through Amazon","","","Standard Orders","","","","","","0","0","0","0","0","0","0","0","0","0","0","0","0","0","-8.21","-8.21"
"Apr 30, 2017 5:45:24 PM PDT","6346312511","Order","111-3917562-6079420","TV-IBUQ-JLBR","White Diamonds by Elizabeth Taylor for Women, Set","1","amazon.com","Standard Orders","Seller","PHILADELPHIA","PA","19128-4733","","35.00","0","6.59","0","0","0","0","0","0","0","0","-6.24","0","0","0","35.35"
"Apr 30, 2017 5:46:01 PM PDT","6346312511","Shipping Services","111-3917562-6079420","","Shipping Label Purchased through Amazon","","","Standard Orders","","","","","","0","0","0","0","0","0","0","0","0","0","0","0","0","0","-6.63","-6.63"
"Apr 30, 2017 5:46:19 PM PDT","6346312511","Order","114-4196243-6985850","V7-HDVC-3L1D","Rihanna Rebelle Women Giftset","1","amazon.com","Standard Orders","Seller","HARRISONBURG","VA","22801-2870","","29.19","0","6.74","0","0","0","0","0","0","0","0","-5.39","0","0","0","30.54"
"Apr 30, 2017 5:46:57 PM PDT","6346312511","Shipping Services","114-4196243-6985850","","Shipping Label Purchased through Amazon","","","Standard Orders","","","","","","0","0","0","0","0","0","0","0","0","0","0","0","0","0","-6.70","-6.70"
"Apr 30, 2017 5:47:40 PM PDT","6346312511","Shipping Services","114-4695302-6501063","","Shipping Label Purchased through Amazon","","","Standard Orders","","","","","","0","0","0","0","0","0","0","0","0","0","0","0","0","0","-6.05","-6.05"
"Apr 30, 2017 5:47:54 PM PDT","6346312511","Order","113-9030801-6089005","E4-G6OD-TXK1","Plus Plus Feminine by Diesel 2.5 oz Eau de Toilette Spray New in Box (Women)","1","amazon.com","Standard Orders","Seller","MIAMI","FL","33195-4007","","12.29","0","0","0","0","0","0","0","0","0","0","-1.84","0","0","0","10.45"
"Apr 30, 2017 5:48:30 PM PDT","6346312511","Shipping Services","113-9030801-6089005","","Shipping Label Purchased through Amazon","","","Standard Orders","","","","","","0","0","0","0","0","0","0","0","0","0","0","0","0","0","-3.62","-3.62"
"Apr 30, 2017 5:48:42 PM PDT","6346312511","Order","113-9256605-4693808","E4-G6OD-TXK1","Plus Plus Feminine by Diesel 2.5 oz Eau de Toilette Spray New in Box (Women)","1","amazon.com","Standard Orders","Seller","LAFAYETTE","OR","97127-9674","","12.29","0","5.95","0","0","0","0","0","0","0","0","-2.74","0","0","0","15.50"
"Apr 30, 2017 5:49:15 PM PDT","6346312511","Shipping Services","113-9256605-4693808","","Shipping Label Purchased through Amazon","","","Standard Orders","","","","","","0","0","0","0","0","0","0","0","0","0","0","0","0","0","-3.62","-3.62"
"Apr 30, 2017 5:49:41 PM PDT","6346312511","Order","113-5906206-4665021","CR-OBSA-9V00","Usher By Usher For Men, Eau De Toilette Spray, 3.4-Ounce","1","amazon.com","Standard Orders","Seller","Phoenix","AZ","85031","","29.00","0","0","0","0","0","0","0","0","0","0","-4.35","0","0","0","24.65"
"Apr 30, 2017 5:50:16 PM PDT","6346312511","Shipping Services","113-5906206-4665021","","Shipping Label Purchased through Amazon","","","Standard Orders","","","","","","0","0","0","0","0","0","0","0","0","0","0","0","0","0","-4.46","-4.46"
"Apr 30, 2017 5:50:36 PM PDT","6346312511","Order","114-4463196-4115447","Q6-WPSC-SKZE","Tiamo Perfume For Women By Parfum Blaze","1","amazon.com","Standard Orders","Seller","ROBBINSVILLE","NEW JERSEY","08691-3028","","9.02","0","5.49","0","0","0","0","0","0","0","0","-2.18","0","0","0","12.33"
"Apr 30, 2017 5:51:14 PM PDT","6346312511","Shipping Services","114-4463196-4115447","","Shipping Label Purchased through Amazon","","","Standard Orders","","","","","","0","0","0","0","0","0","0","0","0","0","0","0","0","0","-4.46","-4.46"
"Apr 30, 2017 5:52:14 PM PDT","6346312511","Shipping Services","114-3362552-9546606","","Shipping Label Purchased through Amazon","","","Standard Orders","","","","","","0","0","0","0","0","0","0","0","0","0","0","0","0","0","-6.05","-6.05"
"Apr 30, 2017 5:53:58 PM PDT","6346312511","Order","114-3355002-7273038","DN-0G1V-G4UO","CREATION LAMIS PURE BLACK 3.3 OZ.","1","amazon.com","Standard Orders","Seller","FOOTHILL RANCH","CA","92610-2868","","9.80","0","0","0","0","0","0","0","0","0","0","-1.47","0","0","0","8.33"
"Apr 30, 2017 5:54:28 PM PDT","6346312511","Shipping Services","114-3355002-7273038","","Shipping Label Purchased through Amazon","","","Standard Orders","","","","","","0","0","0","0","0","0","0","0","0","0","0","0","0","0","-3.62","-3.62"
"Apr 30, 2017 5:54:36 PM PDT","6346312511","Order","114-3031916-7565866","DN-0G1V-G4UO","CREATION LAMIS PURE BLACK 3.3 OZ.","1","amazon.com","Standard Orders","Seller","KEARNY","NJ","07032-4325","","9.80","0","0","0","0","0","0","0","0","0","0","-1.47","0","0","0","8.33"
"Apr 30, 2017 5:55:06 PM PDT","6346312511","Shipping Services","114-3031916-7565866","","Shipping Label Purchased through Amazon","","","Standard Orders","","","","","","0","0","0","0","0","0","0","0","0","0","0","0","0","0","-3.62","-3.62"
"Apr 30, 2017 5:55:23 PM PDT","6346312511","Order","113-4847297-2380223","5O-31IO-QBG8","Bvlgari Aqva Eau de Toilette Spray for Men, New In Box, 3.4 Fluid Ounce","1","amazon.com","Standard Orders","Seller","ANTIOCH","CA","94509-3457","","33.00","0","5.34","0","0","0","0","0","0","0","0","-5.75","0","0","0","32.59"
"Apr 30, 2017 5:55:54 PM PDT","6346312511","Shipping Services","113-4847297-2380223","","Shipping Label Purchased through Amazon","","","Standard Orders","","","","","","0","0","0","0","0","0","0","0","0","0","0","0","0","0","-4.18","-4.18"
"Apr 30, 2017 5:56:02 PM PDT","6346312511","Order","114-5540772-7966621","P1-GA4H-BNMI","Invictus by Paco Rabanne Eau De Toilette Spray 5.1 oz for Men","1","amazon.com","Standard Orders","Seller","ROCK HILL","SC","29730-7899","","73.00","0","5.69","0","0","0","0","0","0","0","0","-11.80","0","0","0","66.89"
"Apr 30, 2017 5:56:39 PM PDT","6346312511","Shipping Services","114-5540772-7966621","","Shipping Label Purchased through Amazon","","","Standard Orders","","","","","","0","0","0","0","0","0","0","0","0","0","0","0","0","0","-4.61","-4.61"
"Apr 30, 2017 5:56:59 PM PDT","6346312511","Order","112-5144990-3651403","P1-GA4H-BNMI","Invictus by Paco Rabanne Eau De Toilette Spray 5.1 oz for Men","1","amazon.com","Standard Orders","Seller","BRONX","NEW YORK","10467-6503","","73.29","0","5.69","0","0","0","0","0","0","0","0","-11.85","0","0","0","67.13"
"Apr 30, 2017 5:57:33 PM PDT","6346312511","Shipping Services","112-5144990-3651403","","Shipping Label Purchased through Amazon","","","Standard Orders","","","","","","0","0","0","0","0","0","0","0","0","0","0","0","0","0","-4.61","-4.61"
"Apr 30, 2017 5:58:02 PM PDT","6346312511","Order","111-8689823-7273844","E4-G6OD-TXK1","Plus Plus Feminine by Diesel 2.5 oz Eau de Toilette Spray New in Box (Women)","1","amazon.com","Standard Orders","Seller","CHATTANOOGA","TN","37419-1534","","12.29","0","5.95","0","0","0","0","0","0","0","0","-2.74","0","0","0","15.50"
"Apr 30, 2017 5:58:06 PM PDT","6346312511","Order","114-4695302-6501063","QE-9U4J-U2YO","NEW BRAND EVA 3.3 OZ.","2","amazon.com","Standard Orders","Seller","HIALEAH","FL","33012","","23.44","0","0","0","0","0","0","0","0","0","0","-3.52","0","0","0","19.92"
"Apr 30, 2017 5:58:25 PM PDT","6346312511","Shipping Services","111-8689823-7273844","","Shipping Label Purchased through Amazon","","","Standard Orders","","","","","","0","0","0","0","0","0","0","0","0","0","0","0","0","0","-3.62","-3.62"
"Apr 30, 2017 5:59:15 PM PDT","6346312511","Order","112-0525117-4194665","7O-G2ET-56AN","Marmol & Son Batman Eau De Toilette Spray For Men 100Ml/3.4Oz","1","amazon.com","Standard Orders","Seller","TAVARES","FL","32778-3303","","6.47","0","6.49","0","0","0","0","0","0","0","0","-1.94","0","0","0","11.02"
"Apr 30, 2017 5:59:50 PM PDT","6346312511","Shipping Services","112-0525117-4194665","","Shipping Label Purchased through Amazon","","","Standard Orders","","","","","","0","0","0","0","0","0","0","0","0","0","0","0","0","0","-3.62","-3.62"
"Apr 30, 2017 6:00:21 PM PDT","6346312511","Order","111-1309321-6917035","72-CU1L-SLHE","Cuba Variety By Cuba For Men. Set-4 Piece Mini Variety With Cuba Gold, Red, Blue, & Orange & All Are .17 OZ","1","amazon.com","Standard Orders","Seller","ROTONDA WEST","FL","33947","","24.89","0","4.59","0","0","0","0","0","0","0","0","-4.42","0","0","0","25.06"
"Apr 30, 2017 6:00:58 PM PDT","6346312511","Shipping Services","111-1309321-6917035","","Shipping Label Purchased through Amazon","","","Standard Orders","","","","","","0","0","0","0","0","0","0","0","0","0","0","0","0","0","-3.90","-3.90"
"Apr 30, 2017 6:01:16 PM PDT","6346312511","Order","112-0655928-2856203","B1-7XGT-EESF","Desire Red Alfred Dunhill 3.4 EDT Cologne Spray Men","1","amazon.com","Standard Orders","Seller","LANCASTER","SC","29720-4321","","24.00","0","5.19","0","0","0","0","0","0","0","0","-4.38","0","0","0","24.81"
"Apr 30, 2017 6:01:50 PM PDT","6346312511","Shipping Services","112-0655928-2856203","","Shipping Label Purchased through Amazon","","","Standard Orders","","","","","","0","0","0","0","0","0","0","0","0","0","0","0","0","0","-4.46","-4.46"
"Apr 30, 2017 6:01:59 PM PDT","6346312511","Order","111-8455239-2195453","72-CU1L-SLHE","Cuba Variety By Cuba For Men. Set-4 Piece Mini Variety With Cuba Gold, Red, Blue, & Orange & All Are .17 OZ","1","amazon.com","Standard Orders","Seller","PHOENIX","AZ","85021-2843","","24.89","0","4.59","0","0","0","0","0","0","0","0","-4.42","0","0","0","25.06"
"Apr 30, 2017 6:02:37 PM PDT","6346312511","Shipping Services","111-8455239-2195453","","Shipping Label Purchased through Amazon","","","Standard Orders","","","","","","0","0","0","0","0","0","0","0","0","0","0","0","0","0","-3.90","-3.90"
"Apr 30, 2017 6:02:39 PM PDT","6346312511","Order","114-3362552-9546606","E4-G6OD-TXK1","Plus Plus Feminine by Diesel 2.5 oz Eau de Toilette Spray New in Box (Women)","1","amazon.com","Standard Orders","Seller","QUEEN CREEK","AZ","85140-8501","","12.29","0","10.89","0","0","0","0","0","0","0","0","-3.48","0","0","0","19.70"
"Apr 30, 2017 6:02:46 PM PDT","6346312511","Order","113-0294740-5243410","JK-130P-A3PQ","Tiamo by Parfum Blaze Eau De Toilette Spray 3.4 oz","1","amazon.com","Standard Orders","Seller","MILWAUKIE","OR","97222-1447","","13.98","0","0","0","0","0","0","0","0","0","0","-2.10","0","0","0","11.88"
"Apr 30, 2017 6:03:23 PM PDT","6346312511","Shipping Services","113-0294740-5243410","","Shipping Label Purchased through Amazon","","","Standard Orders","","","","","","0","0","0","0","0","0","0","0","0","0","0","0","0","0","-4.32","-4.32"
"Apr 30, 2017 6:04:12 PM PDT","6346312511","Order","111-5484324-0189807","9G-KZKO-Z3GU","Bvlgari Bvlgari Omnia Amethyste EDT Perfume 25ml","1","amazon.com","Standard Orders","Seller","LAGRANGE","IN","46761-9680","","51.47","0","4.51","0","0","0","0","0","0","0","0","-8.40","0","0","0","47.58"
"Apr 30, 2017 6:04:49 PM PDT","6346312511","Shipping Services","111-5484324-0189807","","Shipping Label Purchased through Amazon","","","Standard Orders","","","","","","0","0","0","0","0","0","0","0","0","0","0","0","0","0","-3.91","-3.91"
"Apr 30, 2017 6:05:47 PM PDT","6346312511","Order","114-2510956-8662632","IJ-KEN6-GAXI","InternetFragrance] DÓLCE GÁBBANA Intenso Eau De Parfum Spray for Men, 4.2 Fluid Ounce by (InternetFragrance)","1","amazon.com","Standard Orders","Seller","JAMAICA","NY","11434-2303","","50.89","0","4.49","0","0","0","0","0","0","0","0","-8.31","0","0","0","47.07"
"Apr 30, 2017 6:06:23 PM PDT","6346312511","Shipping Services","114-2510956-8662632","","Shipping Label Purchased through Amazon","","","Standard Orders","","","","","","0","0","0","0","0","0","0","0","0","0","0","0","0","0","-4.61","-4.61"
"Apr 30, 2017 6:07:32 PM PDT","6346312511","Order","111-4930397-4614665","P1-GA4H-BNMI","Invictus by Paco Rabanne Eau De Toilette Spray 5.1 oz for Men","1","amazon.com","Standard Orders","Seller","MANTUA","NJ","08051-1534","","77.30","0","5.69","0","0","0","0","0","0","0","0","-12.45","0","0","0","70.54"
"Apr 30, 2017 6:08:10 PM PDT","6346312511","Shipping Services","111-4930397-4614665","","Shipping Label Purchased through Amazon","","","Standard Orders","","","","","","0","0","0","0","0","0","0","0","0","0","0","0","0","0","-4.61","-4.61"
"Apr 30, 2017 6:08:43 PM PDT","6346312511","Order","111-4646079-4439448","SM-OYKK-SBTY","DIESEL ZERO PLUS by DIESEL For Women","1","amazon.com","Standard Orders","Seller","hollywood","fl","33020","","13.94","0","0","0","0","0","0","0","0","0","0","-2.09","0","0","0","11.85"
"Apr 30, 2017 6:09:18 PM PDT","6346312511","Shipping Services","111-4646079-4439448","","Shipping Label Purchased through Amazon","","","Standard Orders","","","","","","0","0","0","0","0","0","0","0","0","0","0","0","0","0","-3.62","-3.62"
"Apr 30, 2017 6:16:49 PM PDT","6346312511","Order","111-5165674-0403454","AD-DPXC-7E3P","Iceberg Twice By Iceberg For Men. Eau De Toilette Spray 4.2 Ounces","2","amazon.com","Standard Orders","Seller","NANTUCKET","MA","02554","","28.00","0","6.17","0","0","0","0","0","0","0","0","-5.12","0","0","0","29.05"
"Apr 30, 2017 6:17:26 PM PDT","6346312511","Shipping Services","111-5165674-0403454","","Shipping Label Purchased through Amazon","","","Standard Orders","","","","","","0","0","0","0","0","0","0","0","0","0","0","0","0","0","-6.05","-6.05"
"Apr 30, 2017 6:18:57 PM PDT","6346312511","Order","114-3849547-5543466","AL-WL4W-TJ4O","Magie Noire by Lancome for Women 2.5 oz Eau de Toilette Spray","2","amazon.com","Standard Orders","Seller","BRONX","NY","10463-1020","","127.78","0","5.69","0","0","0","0","0","0","0","0","-20.02","0","0","0","113.45"
"Apr 30, 2017 6:19:32 PM PDT","6346312511","Shipping Services","114-3849547-5543466","","Shipping Label Purchased through Amazon","","","Standard Orders","","","","","","0","0","0","0","0","0","0","0","0","0","0","0","0","0","-6.65","-6.65"
"Apr 30, 2017 6:21:55 PM PDT","6346312511","Order","114-4383762-3783446","AL-WL4W-TJ4O","Magie Noire by Lancome for Women 2.5 oz Eau de Toilette Spray","1","amazon.com","Standard Orders","Seller","Havre de Grace","Maryland","21078","","63.89","0","5.09","0","0","0","0","0","0","0","0","-10.35","0","0","0","58.63"
"Apr 30, 2017 6:22:33 PM PDT","6346312511","Shipping Services","114-4383762-3783446","","Shipping Label Purchased through Amazon","","","Standard Orders","","","","","","0","0","0","0","0","0","0","0","0","0","0","0","0","0","-3.91","-3.91"
"Apr 30, 2017 6:22:57 PM PDT","6346312511","Order","114-2377221-7919429","AL-WL4W-TJ4O","Magie Noire by Lancome for Women 2.5 oz Eau de Toilette Spray","1","amazon.com","Standard Orders","Seller","Santa Ana","CA","92704","","63.89","0","5.09","0","0","0","0","0","0","0","0","-10.35","0","0","0","58.63"
"Apr 30, 2017 6:23:35 PM PDT","6346312511","Shipping Services","114-2377221-7919429","","Shipping Label Purchased through Amazon","","","Standard Orders","","","","","","0","0","0","0","0","0","0","0","0","0","0","0","0","0","-3.91","-3.91"
"Apr 30, 2017 6:24:23 PM PDT","6346312511","Order","114-4851159-8392233","UY-ZSE7-Y1L9","Magic Dreams Women Eau De Parfume Spray by Parfums Rivera, 3.4 Ounce","1","amazon.com","Standard Orders","Seller","NEW YORK","NY","10025-6624","","14.00","0","0","0","0","0","0","0","0","0","0","-2.10","0","0","0","11.90"
"Apr 30, 2017 6:24:31 PM PDT","6346312511","Shipping Services","114-4851159-8392233","","Shipping Label Purchased through Amazon","","","Standard Orders","","","","","","0","0","0","0","0","0","0","0","0","0","0","0","0","0","-6.05","-6.05"
"Apr 30, 2017 6:26:10 PM PDT","6346312511","Order","114-4711317-8193847","RF-LX73-TAHE","DIESEL PLUS PLUS by Diesel EDT SPRAY 2.5 OZ Masculine","1","amazon.com","Standard Orders","Seller","agua dulce","ca","91390","","13.56","0","0","0","0","0","0","0","0","0","0","-2.03","0","0","0","11.53"
"Apr 30, 2017 6:26:40 PM PDT","6346312511","Order","114-1730499-5824268","RF-LX73-TAHE","DIESEL PLUS PLUS by Diesel EDT SPRAY 2.5 OZ Masculine","1","amazon.com","Standard Orders","Seller","ENFIELD","CT","06082-3861","","13.56","0","0","0","0","0","0","0","0","0","0","-2.03","0","0","0","11.53"
"Apr 30, 2017 6:26:45 PM PDT","6346312511","Shipping Services","114-4711317-8193847","","Shipping Label Purchased through Amazon","","","Standard Orders","","","","","","0","0","0","0","0","0","0","0","0","0","0","0","0","0","-3.62","-3.62"
"Apr 30, 2017 6:27:17 PM PDT","6346312511","Shipping Services","114-1730499-5824268","","Shipping Label Purchased through Amazon","","","Standard Orders","","","","","","0","0","0","0","0","0","0","0","0","0","0","0","0","0","-3.62","-3.62"
"Apr 30, 2017 6:27:29 PM PDT","6346312511","Order","113-8146801-4204257","40-MJEV-M4A4","Diesel Plus Plus Masculine 2.5 oz edt spray (Silver)","2","amazon.com","Standard Orders","Seller","MIAMI","FL","33166-2764","","27.12","0","0","0","0","0","0","0","0","0","0","-4.06","0","0","0","23.06"
"Apr 30, 2017 6:27:58 PM PDT","6346312511","Shipping Services","113-8146801-4204257","","Shipping Label Purchased through Amazon","","","Standard Orders","","","","","","0","0","0","0","0","0","0","0","0","0","0","0","0","0","-6.05","-6.05"
"Apr 30, 2017 6:28:04 PM PDT","6346312511","Order","113-5441373-1761041","40-MJEV-M4A4","Diesel Plus Plus Masculine 2.5 oz edt spray (Silver)","2","amazon.com","Standard Orders","Seller","FLUSHING","NY","11355-7812","","27.12","0","0","0","0","0","0","0","0","0","0","-4.06","0","0","0","23.06"
"Apr 30, 2017 6:28:40 PM PDT","6346312511","Shipping Services","113-5441373-1761041","","Shipping Label Purchased through Amazon","","","Standard Orders","","","","","","0","0","0","0","0","0","0","0","0","0","0","0","0","0","-6.05","-6.05"
"Apr 30, 2017 6:29:27 PM PDT","6346312511","Order","113-0501413-9873858","RF-LX73-TAHE","DIESEL PLUS PLUS by Diesel EDT SPRAY 2.5 OZ Masculine","1","amazon.com","Standard Orders","Seller","BRIDGEWATER","NJ","08807-2667","","13.56","0","0","0","0","0","0","0","0","0","0","-2.03","0","0","0","11.53"
"Apr 30, 2017 6:29:30 PM PDT","6346312511","Shipping Services","113-0501413-9873858","","Shipping Label Purchased through Amazon","","","Standard Orders","","","","","","0","0","0","0","0","0","0","0","0","0","0","0","0","0","-3.62","-3.62"
"Apr 30, 2017 6:29:39 PM PDT","6346312511","Order","112-0848760-7462631","RF-LX73-TAHE","DIESEL PLUS PLUS by Diesel EDT SPRAY 2.5 OZ Masculine","1","amazon.com","Standard Orders","Seller","MIAMI","FL","33126-1621","","13.56","0","0","0","0","0","0","0","0","0","0","-2.03","0","0","0","11.53"
"Apr 30, 2017 6:30:15 PM PDT","6346312511","Shipping Services","112-0848760-7462631","","Shipping Label Purchased through Amazon","","","Standard Orders","","","","","","0","0","0","0","0","0","0","0","0","0","0","0","0","0","-3.62","-3.62"
"Apr 30, 2017 6:34:49 PM PDT","6346312511","Order","113-7616081-9054643","UY-T92D-JIMV","Dis-lui Extreme Pour Homme 3.4 Oz Eau De Parfum Spray for Men","1","amazon.com","Standard Orders","Seller","COON RAPIDS","MN","55433-3895","","10.50","0","0","0","0","0","0","0","0","0","0","-1.58","0","0","0","8.92"
"Apr 30, 2017 6:35:26 PM PDT","6346312511","Shipping Services","113-7616081-9054643","","Shipping Label Purchased through Amazon","","","Standard Orders","","","","","","0","0","0","0","0","0","0","0","0","0","0","0","0","0","-3.62","-3.62"
"Apr 30, 2017 6:36:27 PM PDT","6346312511","Shipping Services","112-8762319-3361831","","Shipping Label Purchased through Amazon","","","Standard Orders","","","","","","0","0","0","0","0","0","0","0","0","0","0","0","0","0","-3.62","-3.62"
"Apr 30, 2017 6:36:53 PM PDT","6346312511","Order","112-8762319-3361831","UY-T92D-JIMV","Dis-lui Extreme Pour Homme 3.4 Oz Eau De Parfum Spray for Men","1","amazon.com","Standard Orders","Seller","Rockford","IL","61108","","10.50","0","0","0","0","0","0","0","0","0","0","-1.58","0","0","0","8.92"
"Apr 30, 2017 6:37:07 PM PDT","6346312511","Order","111-5250686-8481824","E4-G6OD-TXK1","Plus Plus Feminine by Diesel 2.5 oz Eau de Toilette Spray New in Box (Women)","1","amazon.com","Standard Orders","Seller","JERSEY CITY","NJ","07306-2472","","12.29","0","0","0","0","0","0","0","0","0","0","-1.84","0","0","0","10.45"
"Apr 30, 2017 6:37:43 PM PDT","6346312511","Shipping Services","111-5250686-8481824","","Shipping Label Purchased through Amazon","","","Standard Orders","","","","","","0","0","0","0","0","0","0","0","0","0","0","0","0","0","-3.62","-3.62"
"Apr 30, 2017 6:39:09 PM PDT","6346312511","Order","113-4360065-4703407","E4-G6OD-TXK1","Plus Plus Feminine by Diesel 2.5 oz Eau de Toilette Spray New in Box (Women)","1","amazon.com","Standard Orders","Seller","DORAL","FL","33178-3654","","12.29","0","0","0","0","0","0","0","0","0","0","-1.84","0","0","0","10.45"
"Apr 30, 2017 6:39:09 PM PDT","6346312511","Order","113-4360065-4703407","40-MJEV-M4A4","Diesel Plus Plus Masculine 2.5 oz edt spray (Silver)","1","amazon.com","Standard Orders","Seller","DORAL","FL","33178-3654","","13.56","0","0","0","0","0","0","0","0","0","0","-2.03","0","0","0","11.53"
"Apr 30, 2017 6:39:30 PM PDT","6346312511","Shipping Services","113-4360065-4703407","","Shipping Label Purchased through Amazon","","","Standard Orders","","","","","","0","0","0","0","0","0","0","0","0","0","0","0","0","0","-6.05","-6.05"
"Apr 30, 2017 6:40:16 PM PDT","6346312511","Order","113-4146480-2202623","SM-OYKK-SBTY","DIESEL ZERO PLUS by DIESEL For Women","1","amazon.com","Standard Orders","Seller","HEMPSTEAD","NY","11550-3033","","13.79","0","0","0","0","0","0","0","0","0","0","-2.07","0","0","0","11.72"
"Apr 30, 2017 6:40:53 PM PDT","6346312511","Shipping Services","113-4146480-2202623","","Shipping Label Purchased through Amazon","","","Standard Orders","","","","","","0","0","0","0","0","0","0","0","0","0","0","0","0","0","-3.62","-3.62"
"Apr 30, 2017 6:41:50 PM PDT","6346312511","Order","112-9672832-0105859","E4-G6OD-TXK1","Plus Plus Feminine by Diesel 2.5 oz Eau de Toilette Spray New in Box (Women)","2","amazon.com","Standard Orders","Seller","EAST ELMHURST","NY","11370-2003","","24.58","0","0","0","0","0","0","0","0","0","0","-3.68","0","0","0","20.90"
"Apr 30, 2017 6:42:26 PM PDT","6346312511","Shipping Services","112-9672832-0105859","","Shipping Label Purchased through Amazon","","","Standard Orders","","","","","","0","0","0","0","0","0","0","0","0","0","0","0","0","0","-6.05","-6.05"
"Apr 30, 2017 6:43:27 PM PDT","6346312511","Order","112-9065234-6533005","1G-QQ09-KMJV","Versace Eros Men Eau De Toilette Spray, 6.7 Fluid Ounce","1","amazon.com","Standard Orders","Seller","APO","AE","09356","","54.44","0","5.89","0","0","0","0","0","0","0","0","-9.05","0","0","0","51.28"
"Apr 30, 2017 6:44:02 PM PDT","6346312511","Shipping Services","112-9065234-6533005","","Shipping Label Purchased through Amazon","","","Standard Orders","","","","","","0","0","0","0","0","0","0","0","0","0","0","0","0","0","-6.20","-6.20"
"Apr 30, 2017 6:45:09 PM PDT","6346312511","Order","111-0731060-5184212","DN-0G1V-G4UO","CREATION LAMIS PURE BLACK 3.3 OZ.","2","amazon.com","Standard Orders","Seller","WORTHINGTON","MN","56187-2268","","19.60","0","0","0","0","0","0","0","0","0","0","-2.94","0","0","0","16.66"
"Apr 30, 2017 6:45:39 PM PDT","6346312511","Shipping Services","111-0731060-5184212","","Shipping Label Purchased through Amazon","","","Standard Orders","","","","","","0","0","0","0","0","0","0","0","0","0","0","0","0","0","-6.05","-6.05"
"Apr 30, 2017 6:54:33 PM PDT","6346312511","Order","113-2413975-9448243","UY-ZSE7-Y1L9","Magic Dreams Women Eau De Parfume Spray by Parfums Rivera, 3.4 Ounce","5","amazon.com","Standard Orders","Seller","Perris","Ca","92571","","70.00","0","0","0","0","0","0","0","0","0","0","-10.50","0","0","0","59.50"
"Apr 30, 2017 6:55:10 PM PDT","6346312511","Shipping Services","113-2413975-9448243","","Shipping Label Purchased through Amazon","","","Standard Orders","","","","","","0","0","0","0","0","0","0","0","0","0","0","0","0","0","-15.70","-15.70"
"Apr 30, 2017 6:58:28 PM PDT","6346312511","Order","114-7413172-7511401","JY-537P-2YD0","Ed Hardy Born Wild for Women 5 Piece Set Includes: 3.4 oz Eau de Parfum Spray + 0.34 oz Eau de Parfum Roller Ball + 3.0 oz Shimmering Body Lotion + 3.","3","amazon.com","Standard Orders","Seller","FALLS CHURCH","VA","22042-3131","","104.94","0","0","0","0","0","0","0","0","0","0","-15.75","0","0","0","89.19"
"Apr 30, 2017 6:59:06 PM PDT","6346312511","Shipping Services","114-7413172-7511401","","Shipping Label Purchased through Amazon","","","Standard Orders","","","","","","0","0","0","0","0","0","0","0","0","0","0","0","0","0","-9.49","-9.49"
"Apr 30, 2017 7:01:50 PM PDT","6346312511","Order","114-4810770-9121037","N2-WNZC-MRCS","Jil Sander Sport Men by Jil Sander Eau De Toilette 1.7 oz Spray","1","amazon.com","Standard Orders","Seller","New Castle","DE","19720","","50.13","0","4.89","0","0","0","0","0","0","0","0","-8.25","0","0","0","46.77"
"Apr 30, 2017 7:02:27 PM PDT","6346312511","Shipping Services","114-4810770-9121037","","Shipping Label Purchased through Amazon","","","Standard Orders","","","","","","0","0","0","0","0","0","0","0","0","0","0","0","0","0","-3.22","-3.22"
"Apr 30, 2017 7:03:59 PM PDT","6346312511","Order","112-5433906-1553802","JY-537P-2YD0","Ed Hardy Born Wild for Women 5 Piece Set Includes: 3.4 oz Eau de Parfum Spray + 0.34 oz Eau de Parfum Roller Ball + 3.0 oz Shimmering Body Lotion + 3.","1","amazon.com","Standard Orders","Seller","LAKE ELSINORE","CA","92530-6935","","34.98","0","0","0","0","0","0","0","0","0","0","-5.25","0","0","0","29.73"
"Apr 30, 2017 7:04:34 PM PDT","6346312511","Shipping Services","112-5433906-1553802","","Shipping Label Purchased through Amazon","","","Standard Orders","","","","","","0","0","0","0","0","0","0","0","0","0","0","0","0","0","-10.27","-10.27"
"Apr 30, 2017 7:11:51 PM PDT","6346312511","Order","112-9382875-2481029","B1-Q4A6-943D","Anna Sui Secret Wish Eau de Toilette Spray for Women, 2.5 Ounce","1","amazon.com","Standard Orders","Seller","MANCHESTER","KY","40962","","56.48","0","0","0","0","0","0","0","0","0","0","-8.47","0","0","0","48.01"
"Apr 30, 2017 7:12:28 PM PDT","6346312511","Shipping Services","112-9382875-2481029","","Shipping Label Purchased through Amazon","","","Standard Orders","","","","","","0","0","0","0","0","0","0","0","0","0","0","0","0","0","-4.33","-4.33"
"Apr 30, 2017 7:13:06 PM PDT","6346312511","Order","112-8073459-8387401","UY-ZSE7-Y1L9","Magic Dreams Women Eau De Parfume Spray by Parfums Rivera, 3.4 Ounce","1","amazon.com","Standard Orders","Seller","Miami","Florida","33156","","14.00","0","0","0","0","0","0","0","0","0","0","-2.10","0","0","0","11.90"
"Apr 30, 2017 7:13:41 PM PDT","6346312511","Shipping Services","112-8073459-8387401","","Shipping Label Purchased through Amazon","","","Standard Orders","","","","","","0","0","0","0","0","0","0","0","0","0","0","0","0","0","-6.05","-6.05"
"Apr 30, 2017 7:18:48 PM PDT","6346312511","Order","112-6140137-3144262","ZS-WJHO-282M","Elizabeth Taylor's White Diamonds 4 Pc Gift Set for Women Includes 1.7 Oz Cologne (EDT) Spray, .12 Oz Perfume (EDP), 1.7 Oz Body Lotion, and 1.7 Oz Bo","1","amazon.com","Standard Orders","Seller","NAPLES","FL","34120-5544","","32.45","0","0","0","0","0","0","0","0","0","0","-4.87","0","0","0","27.58"
"Apr 30, 2017 7:19:23 PM PDT","6346312511","Shipping Services","112-6140137-3144262","","Shipping Label Purchased through Amazon","","","Standard Orders","","","","","","0","0","0","0","0","0","0","0","0","0","0","0","0","0","-6.05","-6.05"
"Apr 30, 2017 7:21:27 PM PDT","6346312511","Order","111-4804372-6750600","K4-B14N-J0UX","Samba Red By Perfumers Workshop For Women. Eau De Toilette Spray 3.4 Ounces","1","amazon.com","Standard Orders","Seller","MILWAUKEE","WI","53219-3158","","8.88","0","5.09","0","0","0","0","0","0","0","0","-2.10","0","0","0","11.87"
"Apr 30, 2017 7:21:33 PM PDT","6346312511","Shipping Services","111-4804372-6750600","","Shipping Label Purchased through Amazon","","","Standard Orders","","","","","","0","0","0","0","0","0","0","0","0","0","0","0","0","0","-3.76","-3.76"
