"Includes Amazon Marketplace, Fulfillment by Amazon (FBA), and Amazon Webstore transactions"
"All amounts in USD, unless specified"
"Definitions:"
"Sales tax collected: Includes sales tax collected from buyers for product sales, shipping, and gift wrap."
"Selling fees: Includes variable closing fees and referral fees."
"Other transaction fees: Includes shipping chargebacks, shipping holdbacks, per-item fees  and sales tax collection fees."
"Other: Includes non-order transaction amounts. For more details, see the ""Type"" and ""Description"" columns for each order ID."
"date/time","settlement id","type","order id","sku","description","quantity","marketplace","account type","fulfillment","order city","order state","order postal","tax collection model","product sales","product sales tax","shipping credits","shipping credits tax","gift wrap credits","giftwrap credits tax","Regulatory Fee","Tax On Regulatory Fee","promotional rebates","promotional rebates tax","marketplace withheld tax","selling fees","fba fees","other transaction fees","other","total"
"Feb 1, 2017 12:56:25 PM PST","6283866031","Order","113-7075429-7639415","XO-M4OA-HKPK","Ed Hardy for Women 3.4 oz EDP Spray","1","amazon.com","Standard Orders","Seller","NEW YORK","NY","10003-4459","","26.00","0","5.37","0","0","0","0","0","0","0","0","-4.71","0","0","0","26.66"
"Feb 1, 2017 12:56:41 PM PST","6283866031","Shipping Services","113-7075429-7639415","","Shipping Label Purchased through Amazon","","","Standard Orders","","","","","","0","0","0","0","0","0","0","0","0","0","0","0","0","0","-4.53","-4.53"
"Feb 1, 2017 1:04:32 PM PST","6283866031","Order","105-4451220-0332247","96-87LJ-NVG6","Jessica Simpson Fancy Love Eau de Parfum Spray for Women, 3.4 Fluid Ounce","1","amazon.com","Standard Orders","Seller","EAST PATCHOGUE","NY","11772","","26.00","0","5.34","0","0","0","0","0","0","0","0","-4.70","0","0","0","26.64"
"Feb 1, 2017 1:04:49 PM PST","6283866031","Shipping Services","105-4451220-0332247","","Shipping Label Purchased through Amazon","","","Standard Orders","","","","","","0","0","0","0","0","0","0","0","0","0","0","0","0","0","-4.53","-4.53"
"Feb 1, 2017 1:11:47 PM PST","6283866031","Order","116-8998703-7830641","MJ-K2IS-G3TK","Versace Eros Christmas Gift Box Set 2016 For Men - Eau De Toilette, Shower Gel and Golden Money Clip - Crisp & Fresh Luxury Collection","1","amazon.com","Standard Orders","Seller","KATY","TX","77450-3907","","91.98","0","4.49","0","0","0","0","0","0","0","0","-14.47","0","0","0","82.00"
"Feb 1, 2017 1:12:06 PM PST","6283866031","Shipping Services","116-8998703-7830641","","Shipping Label Purchased through Amazon","","","Standard Orders","","","","","","0","0","0","0","0","0","0","0","0","0","0","0","0","0","-7.11","-7.11"
"Feb 1, 2017 1:21:51 PM PST","6283866031","Order","002-0781512-7893862","TP-JZ2P-HJSY","Daisy Eau So Fresh by Marc Jacobs Eau De Toilette Spray 4.2 oz Women's","1","amazon.com","Standard Orders","Seller","San Antonio","Texas","78245","","54.00","0","4.97","0","0","0","0","0","0","0","0","-8.85","0","0","0","50.12"
"Feb 1, 2017 1:22:03 PM PST","6283866031","Shipping Services","002-0781512-7893862","","Shipping Label Purchased through Amazon","","","Standard Orders","","","","","","0","0","0","0","0","0","0","0","0","0","0","0","0","0","-4.68","-4.68"
"Feb 2, 2017 3:02:36 AM PST","6284637911","Transfer","","","To your account ending in: 6276, Bank Transfer ID: 091000012412610","","","Standard Orders","","","","","","0","0","0","0","0","0","0","0","0","0","0","0","0","0","-228.91","-228.91"
"Feb 2, 2017 12:59:33 PM PST","6284637911","Order","115-1418105-7860215","54-CD73-HJUT","Curve By Liz Claiborne For Men. Cologne Spray 4.2 Oz.","1","amazon.com","Standard Orders","Seller","Methuen","MA","01844","","21.66","0","5.28","0","0","0","0","0","0","0","0","-4.04","0","0","0","22.90"
"Feb 2, 2017 12:59:51 PM PST","6284637911","Shipping Services","115-1418105-7860215","","Shipping Label Purchased through Amazon","","","Standard Orders","","","","","","0","0","0","0","0","0","0","0","0","0","0","0","0","0","-4.39","-4.39"
"Feb 2, 2017 2:11:48 PM PST","6284637911","Order","107-6463283-5612238","AO-S8GV-5G1E","Paris Hilton Gift Set for Women (Eau de Parfum Spray 3.4 Ounce, Eau de Parfum Spray 1 Ounce, Lotion, Bath and Shower Gel)","1","amazon.com","Standard Orders","Seller","Oceanside","CA","92054","","38.70","0","6.29","0","0","0","0","0","0","0","0","-6.75","0","0","0","38.24"
"Feb 2, 2017 2:12:05 PM PST","6284637911","Shipping Services","107-6463283-5612238","","Shipping Label Purchased through Amazon","","","Standard Orders","","","","","","0","0","0","0","0","0","0","0","0","0","0","0","0","0","-7.34","-7.34"
"Feb 2, 2017 2:13:18 PM PST","6284637911","Order","104-3934613-6978638","J2-8P9O-5RCO","Versace Pour Homme By Gianni Versace Eau-de-toilette Spray for Men, 6.70 fl. oz","1","amazon.com","Standard Orders","Seller","HAZLETON","PA","18201-5277","","50.00","0","5.54","0","0","0","0","0","0","0","0","-8.33","0","0","0","47.21"
"Feb 2, 2017 2:13:35 PM PST","6284637911","Shipping Services","104-3934613-6978638","","Shipping Label Purchased through Amazon","","","Standard Orders","","","","","","0","0","0","0","0","0","0","0","0","0","0","0","0","0","-6.05","-6.05"
"Feb 2, 2017 3:43:25 PM PST","6284637911","Order","115-3950427-3136218","KG-EP0K-7LTJ","Jus De Amour for Women","1","amazon.com","Standard Orders","Seller","DETROIT","MI","48228-4748","","8.82","0","5.34","0","0","0","0","0","0","0","0","-2.12","0","0","0","12.04"
"Feb 2, 2017 3:43:44 PM PST","6284637911","Shipping Services","115-3950427-3136218","","Shipping Label Purchased through Amazon","","","Standard Orders","","","","","","0","0","0","0","0","0","0","0","0","0","0","0","0","0","-4.53","-4.53"
"Feb 3, 2017 3:00:47 AM PST","6285419081","Transfer","","","To your account ending in: 6276, Bank Transfer ID: 091000013311372","","","Standard Orders","","","","","","0","0","0","0","0","0","0","0","0","0","0","0","0","0","-22.24","-22.24"
"Feb 3, 2017 11:48:58 AM PST","6285419081","Order","103-0429752-9926622","2Q-08OZ-MKHY","Uomo Moschino by Moschino for Men - 4.2 Ounce EDT Spray","1","amazon.com","Standard Orders","Seller","HOMESTEAD","FL","33032-8563","","20.95","0","5.20","0","0","0","0","0","0","0","0","-3.92","0","0","0","22.23"
"Feb 3, 2017 11:49:15 AM PST","6285419081","Shipping Services","103-0429752-9926622","","Shipping Label Purchased through Amazon","","","Standard Orders","","","","","","0","0","0","0","0","0","0","0","0","0","0","0","0","0","-4.39","-4.39"
"Feb 3, 2017 11:50:11 AM PST","6285419081","Order","102-1034799-1882624","KJ-DNMQ-8FTI","Versace Versus Eau De Toilette Natural Spray, 3.40 Ounce","1","amazon.com","Standard Orders","Seller","NEW YORK","NY","10028-0412","","43.69","0","5.28","0","0","0","0","0","0","0","0","-7.35","0","0","0","41.62"
"Feb 3, 2017 11:50:30 AM PST","6285419081","Shipping Services","102-1034799-1882624","","Shipping Label Purchased through Amazon","","","Standard Orders","","","","","","0","0","0","0","0","0","0","0","0","0","0","0","0","0","-4.39","-4.39"
"Feb 3, 2017 12:07:50 PM PST","6285419081","Order","002-1469838-0327455","VL-HFH5-D4NA","J.Lo Miami Glow Eau de Toilette Spray for Women, 3.4 Fluid Ounce","3","amazon.com","Standard Orders","Seller","LOS ANGELES","CA","90026-4723","","60.00","0","12.14","0","0","0","0","0","0","0","0","-10.83","0","0","0","61.31"
"Feb 3, 2017 12:08:09 PM PST","6285419081","Shipping Services","002-1469838-0327455","","Shipping Label Purchased through Amazon","","","Standard Orders","","","","","","0","0","0","0","0","0","0","0","0","0","0","0","0","0","-6.70","-6.70"
"Feb 4, 2017 6:00:42 AM PST","6285419081","Transfer","","","To your account ending in: 6276, Bank Transfer ID: 091000017581293","","","Standard Orders","","","","","","0","0","0","0","0","0","0","0","0","0","0","0","0","0","-402.49","-402.49"
"Feb 6, 2017 3:00:59 AM PST","6286672891","Transfer","","","To your account ending in: 6276, Bank Transfer ID: 091000012791048","","","Standard Orders","","","","","","0","0","0","0","0","0","0","0","0","0","0","0","0","0","-217.23","-217.23"
"Feb 6, 2017 12:59:10 PM PST","6286672891","Order","111-7544216-1465042","TV-IBUQ-JLBR","White Diamonds by Elizabeth Taylor for Women, Set","1","amazon.com","Standard Orders","Seller","FAIRHOPE","AL","36532-3326","","41.89","0","6.59","0","0","0","0","0","0","0","0","-7.27","0","0","0","41.21"
"Feb 6, 2017 12:59:28 PM PST","6286672891","Shipping Services","111-7544216-1465042","","Shipping Label Purchased through Amazon","","","Standard Orders","","","","","","0","0","0","0","0","0","0","0","0","0","0","0","0","0","-9.21","-9.21"
"Feb 6, 2017 1:01:55 PM PST","6286672891","Order","110-8240435-4698662","72-CU1L-SLHE","Cuba Variety By Cuba For Men. Set-4 Piece Mini Variety With Cuba Gold, Red, Blue, & Orange & All Are .17 OZ","1","amazon.com","Standard Orders","Seller","LANCASTER","NY","14086-9448","","25.00","0","4.59","0","0","0","0","0","0","0","0","-4.44","0","0","0","25.15"
"Feb 6, 2017 1:02:13 PM PST","6286672891","Shipping Services","110-8240435-4698662","","Shipping Label Purchased through Amazon","","","Standard Orders","","","","","","0","0","0","0","0","0","0","0","0","0","0","0","0","0","-3.83","-3.83"
"Feb 6, 2017 1:03:49 PM PST","6286672891","Order","110-2586286-3056205","5R-2LX9-BGJ3","Jessica Mcclintock 2 Piece Gift Set for Women","1","amazon.com","Standard Orders","Seller","KENTWOOD","MI","49508-7521","","43.70","0","6.19","0","0","0","0","0","0","0","0","-7.48","0","0","0","42.41"
"Feb 6, 2017 1:04:07 PM PST","6286672891","Shipping Services","110-2586286-3056205","","Shipping Label Purchased through Amazon","","","Standard Orders","","","","","","0","0","0","0","0","0","0","0","0","0","0","0","0","0","-6.55","-6.55"
"Feb 6, 2017 1:09:17 PM PST","6286672891","Order","105-1010040-9637001","96-7ZEN-WCW0","Tommy Girl Cologne Spray for Women, 1.7 Fluid Ounce","1","amazon.com","Standard Orders","Seller","RED LODGE","MT","59068-9361","","31.29","0","4.94","0","0","0","0","0","0","0","0","-5.43","0","0","0","30.80"
"Feb 6, 2017 1:09:34 PM PST","6286672891","Shipping Services","105-1010040-9637001","","Shipping Label Purchased through Amazon","","","Standard Orders","","","","","","0","0","0","0","0","0","0","0","0","0","0","0","0","0","-3.14","-3.14"
"Feb 6, 2017 1:11:48 PM PST","6286672891","Order","104-7156557-9671437","2Q-08OZ-MKHY","Uomo Moschino by Moschino for Men - 4.2 Ounce EDT Spray","1","amazon.com","Standard Orders","Seller","HACKENSACK","NJ","07601-1812","","20.84","0","5.20","0","0","0","0","0","0","0","0","-3.91","0","0","0","22.13"
"Feb 6, 2017 1:12:06 PM PST","6286672891","Shipping Services","104-7156557-9671437","","Shipping Label Purchased through Amazon","","","Standard Orders","","","","","","0","0","0","0","0","0","0","0","0","0","0","0","0","0","-4.39","-4.39"
"Feb 6, 2017 1:14:00 PM PST","6286672891","Order","103-8388165-4933854","5R-2LX9-BGJ3","Jessica Mcclintock 2 Piece Gift Set for Women","1","amazon.com","Standard Orders","Seller","EDGEWATER","MD","21037-3827","","43.70","0","6.19","0","0","0","0","0","0","0","0","-7.48","0","0","0","42.41"
"Feb 6, 2017 1:14:17 PM PST","6286672891","Shipping Services","103-8388165-4933854","","Shipping Label Purchased through Amazon","","","Standard Orders","","","","","","0","0","0","0","0","0","0","0","0","0","0","0","0","0","-6.05","-6.05"
"Feb 6, 2017 1:32:50 PM PST","6286672891","Order","116-0273409-6205030","UY-5OOU-JAD2","LANCOME Tresor for Women Eau de Parfum Spray, 3.4 Ounce","1","amazon.com","Standard Orders","Seller","EAST ELMHURST","NY","11369-1014","","70.00","0","4.70","0","0","0","0","0","0","0","0","-11.21","0","0","0","63.49"
"Feb 6, 2017 1:33:07 PM PST","6286672891","Shipping Services","116-0273409-6205030","","Shipping Label Purchased through Amazon","","","Standard Orders","","","","","","0","0","0","0","0","0","0","0","0","0","0","0","0","0","-4.68","-4.68"
"Feb 7, 2017 1:38:16 PM PST","6288023641","Order","107-6627976-6856267","54-CD73-HJUT","Curve By Liz Claiborne For Men. Cologne Spray 4.2 Oz.","1","amazon.com","Standard Orders","Seller","SAN PEDRO","CA","90731-3412","","21.64","0","5.28","0","0","0","0","0","0","0","0","-4.04","0","0","0","22.88"
"Feb 7, 2017 1:38:34 PM PST","6288023641","Shipping Services","107-6627976-6856267","","Shipping Label Purchased through Amazon","","","Standard Orders","","","","","","0","0","0","0","0","0","0","0","0","0","0","0","0","0","-4.39","-4.39"
"Feb 7, 2017 1:39:54 PM PST","6288023641","Order","102-9144777-2660257","80-Z5DU-FW5Y","Dreamer By Versace 3.4 oz Eau De Toilette Spray for Men","1","amazon.com","Standard Orders","Seller","Springfeild Gardens","New York","11413","","28.00","0","5.19","0","0","0","0","0","0","0","0","-4.98","0","0","0","28.21"
"Feb 7, 2017 1:40:07 PM PST","6288023641","Shipping Services","102-9144777-2660257","","Shipping Label Purchased through Amazon","","","Standard Orders","","","","","","0","0","0","0","0","0","0","0","0","0","0","0","0","0","-4.11","-4.11"
"Feb 7, 2017 1:41:56 PM PST","6288023641","Order","107-9974810-5445065","BF-N7MD-D4X3","Perry Ellis 360 Eau de Toilette Spray Gift Set for Women, 3 Count","1","amazon.com","Standard Orders","Seller","MARRERO","LA","70072-1331","","23.00","0","5.74","0","0","0","0","0","0","0","0","-4.31","0","0","0","24.43"
"Feb 7, 2017 1:42:15 PM PST","6288023641","Shipping Services","107-9974810-5445065","","Shipping Label Purchased through Amazon","","","Standard Orders","","","","","","0","0","0","0","0","0","0","0","0","0","0","0","0","0","-6.05","-6.05"
"Feb 7, 2017 1:55:33 PM PST","6288023641","Order","105-4726682-4339466","AO-CNFL-50VR","Paris Hilton Sheer By Paris Hilton For Women Eau De Parfum Spray, 1.7-Ounce","1","amazon.com","Standard Orders","Seller","NORTH HIGHLANDS","CA","95660-3847","","23.98","0","9.59","0","0","0","0","0","0","0","0","-5.04","0","0","0","28.53"
"Feb 7, 2017 1:55:51 PM PST","6288023641","Shipping Services","105-4726682-4339466","","Shipping Label Purchased through Amazon","","","Standard Orders","","","","","","0","0","0","0","0","0","0","0","0","0","0","0","0","0","-6.05","-6.05"
"Feb 8, 2017 12:47:44 PM PST","6288023641","Order","116-4467983-5477855","9S-1ZNQ-KX50","Thierry Mugler Alien Non Refillable Stones Eau De Parfum Spray for Women, 2 Ounce","1","amazon.com","Standard Orders","Seller","MERIDIAN","ID","83642-7447","","55.00","0","5.09","0","0","0","0","0","0","0","0","-9.01","0","0","0","51.08"
"Feb 8, 2017 12:48:02 PM PST","6288023641","Shipping Services","116-4467983-5477855","","Shipping Label Purchased through Amazon","","","Standard Orders","","","","","","0","0","0","0","0","0","0","0","0","0","0","0","0","0","-3.98","-3.98"
"Feb 10, 2017 4:03:06 AM PST","6289693721","Transfer","","","To your account ending in: 6276, Bank Transfer ID: 091000013088723","","","Standard Orders","","","","","","0","0","0","0","0","0","0","0","0","0","0","0","0","0","-104.12","-104.12"
"Feb 10, 2017 11:53:39 AM PST","6289693721","Order","104-4265187-4439441","V7-HDVC-3L1D","Rihanna Rebelle Women Giftset","1","amazon.com","Standard Orders","Seller","AUBURN","NY","13021-4014","","47.25","0","22.75","0","0","0","0","0","0","0","0","-10.50","0","0","0","59.50"
"Feb 10, 2017 11:53:58 AM PST","6289693721","Shipping Services","104-4265187-4439441","","Shipping Label Purchased through Amazon","","","Standard Orders","","","","","","0","0","0","0","0","0","0","0","0","0","0","0","0","0","-23.88","-23.88"
"Feb 10, 2017 12:02:06 PM PST","6289693721","Order","115-2983893-6201034","0C-RXJ7-ZQYM","360 by Perry Ellis for Women - 6.8 Ounce EDT Spray","1","amazon.com","Standard Orders","Seller","BROOKLYN","NEW YORK","11218-2408","","29.00","0","5.59","0","0","0","0","0","0","0","0","-5.19","0","0","0","29.40"
"Feb 10, 2017 12:02:24 PM PST","6289693721","Shipping Services","115-2983893-6201034","","Shipping Label Purchased through Amazon","","","Standard Orders","","","","","","0","0","0","0","0","0","0","0","0","0","0","0","0","0","-6.05","-6.05"
"Feb 10, 2017 12:03:55 PM PST","6289693721","Order","112-0735763-9101803","WS-JIP0-VTQU","Jessica Simpson Fancy Love by Jessica Simpson for Women. Eau De Parfum Spray 3.4-Ounce","1","amazon.com","Standard Orders","Seller","SAINT JOHNS","FL","32259-8023","","22.00","0","5.39","0","0","0","0","0","0","0","0","-4.11","0","0","0","23.28"
"Feb 10, 2017 12:04:13 PM PST","6289693721","Shipping Services","112-0735763-9101803","","Shipping Label Purchased through Amazon","","","Standard Orders","","","","","","0","0","0","0","0","0","0","0","0","0","0","0","0","0","-4.53","-4.53"
"Feb 10, 2017 12:05:24 PM PST","6289693721","Order","108-1843554-3280263","1O-M08O-A0OC","Víva La Juícy Gold by Juícy Couture Women's 3.4 Oz EDP Spray","1","amazon.com","Standard Orders","Seller","KNOXVILLE","TN","37922-6068","","60.50","0","4.49","0","0","0","0","0","0","0","0","-9.75","0","0","0","55.24"
"Feb 10, 2017 12:05:40 PM PST","6289693721","Shipping Services","108-1843554-3280263","","Shipping Label Purchased through Amazon","","","Standard Orders","","","","","","0","0","0","0","0","0","0","0","0","0","0","0","0","0","-6.20","-6.20"
"Feb 10, 2017 12:06:53 PM PST","6289693721","Order","107-7708970-5185845","4O-7FPF-GYR8","Yves Saint Laurent L'Homme Eau De Toilette Spray, 6.7 Fl.Oz","1","amazon.com","Standard Orders","Seller","NEW YORK","NY","10027-2448","","85.00","0","5.69","0","0","0","0","0","0","0","0","-5.44","0","0","0","85.25"
"Feb 10, 2017 12:07:11 PM PST","6289693721","Shipping Services","107-7708970-5185845","","Shipping Label Purchased through Amazon","","","Standard Orders","","","","","","0","0","0","0","0","0","0","0","0","0","0","0","0","0","-6.20","-6.20"
"Feb 10, 2017 12:08:09 PM PST","6289693721","Order","002-5265363-0688207","YZ-GZR9-NRHJ","Jean Paul Gaultier Le Male Eau de Toilettes Spray, 2.5 Fluid Ounce","1","amazon.com","Standard Orders","Seller","ST GEORGE","UTAH","84790-6381","","38.00","0","5.14","0","0","0","0","0","0","0","0","-6.47","0","0","0","36.67"
"Feb 10, 2017 12:08:28 PM PST","6289693721","Shipping Services","002-5265363-0688207","","Shipping Label Purchased through Amazon","","","Standard Orders","","","","","","0","0","0","0","0","0","0","0","0","0","0","0","0","0","-4.25","-4.25"
"Feb 10, 2017 12:09:36 PM PST","6289693721","Order","116-6453840-0533061","Z6-X387-P4ON","Yves Saint Laurent Baby Doll women perfume by Yves Saint Laurent Eau De Toilette Spray 3.3 oz","1","amazon.com","Standard Orders","Seller","FREMONT","CA","94539-7766","","111.43","0","5.19","0","0","0","0","0","0","0","0","-17.49","0","0","0","99.13"
"Feb 10, 2017 12:09:55 PM PST","6289693721","Shipping Services","116-6453840-0533061","","Shipping Label Purchased through Amazon","","","Standard Orders","","","","","","0","0","0","0","0","0","0","0","0","0","0","0","0","0","-4.85","-4.85"
"Feb 10, 2017 12:10:51 PM PST","6289693721","Order","114-5540325-8810622","K3-UP9U-XNIQ","Guess Eau de Parfum Spray for Women, 2.5 Fluid Ounce","1","amazon.com","Standard Orders","Seller","MIAMI","FL","33193-2623","","16.00","0","5.14","0","0","0","0","0","0","0","0","-3.17","0","0","0","17.97"
"Feb 10, 2017 12:11:10 PM PST","6289693721","Shipping Services","114-5540325-8810622","","Shipping Label Purchased through Amazon","","","Standard Orders","","","","","","0","0","0","0","0","0","0","0","0","0","0","0","0","0","-3.97","-3.97"
"Feb 10, 2017 12:14:36 PM PST","6289693721","Order","102-8043465-8790611","M8-PEDR-E2QE","Clipsal 3.4 Fl. oz. Eau De Toilette Spray Men","5","amazon.com","Standard Orders","Seller","MIAMI","FL","33166-2721","","48.80","0","6.99","0","0","0","0","0","0","0","0","-8.35","0","0","0","47.44"
"Feb 10, 2017 12:14:54 PM PST","6289693721","Shipping Services","102-8043465-8790611","","Shipping Label Purchased through Amazon","","","Standard Orders","","","","","","0","0","0","0","0","0","0","0","0","0","0","0","0","0","-6.55","-6.55"
"Feb 11, 2017 1:33:31 PM PST","6291780861","Service Fee","","","Subscription","","Amazon.com","Standard Orders","","","","","","0","0","0","0","0","0","0","0","0","0","0","0","0","0","-39.99","-39.99"
"Feb 12, 2017 6:04:05 AM PST","6291780861","Transfer","","","To your account ending in: 6276, Bank Transfer ID: 091000010806757","","","Standard Orders","","","","","","0","0","0","0","0","0","0","0","0","0","0","0","0","0","-65.88","-65.88"
"Feb 13, 2017 3:03:09 AM PST","6291780861","Transfer","","","To your account ending in: 6276, Bank Transfer ID: 091000012986066","","","Standard Orders","","","","","","0","0","0","0","0","0","0","0","0","0","0","0","0","0","-376.62","-376.62"
"Feb 13, 2017 12:58:16 PM PST","6291780861","Order","102-6066638-2082621","WR-AM4A-Y6QY","Paco Rabanne Invictus by Paco Rabanne Edt Spray 3.4 oz for Men","1","amazon.com","Standard Orders","Seller","MIAMI","FL","33142-3404","","58.62","0","18.64","0","0","0","0","0","0","0","0","-11.59","0","0","0","65.67"
"Feb 13, 2017 12:58:35 PM PST","6291780861","Shipping Services","102-6066638-2082621","","Shipping Label Purchased through Amazon","","","Standard Orders","","","","","","0","0","0","0","0","0","0","0","0","0","0","0","0","0","-21.63","-21.63"
"Feb 13, 2017 1:00:25 PM PST","6291780861","Order","115-1302981-1469000","BZ-CK3T-AZVJ","Carolina Herrera 212 for Women Eau de Toilette Spray, 2-Ounce","1","amazon.com","Standard Orders","Seller","wantagh","new york","11793","","96.37","0","9.19","0","0","0","0","0","0","0","0","-15.83","0","0","0","89.73"
"Feb 13, 2017 1:00:42 PM PST","6291780861","Shipping Services","115-1302981-1469000","","Shipping Label Purchased through Amazon","","","Standard Orders","","","","","","0","0","0","0","0","0","0","0","0","0","0","0","0","0","-6.20","-6.20"
"Feb 13, 2017 1:01:43 PM PST","6291780861","Order","113-8468384-4931428","80-Z5DU-FW5Y","Dreamer By Versace 3.4 oz Eau De Toilette Spray for Men","1","amazon.com","Standard Orders","Seller","PLANO","TX","75074-5215","","28.00","0","5.19","0","0","0","0","0","0","0","0","-4.98","0","0","0","28.21"
"Feb 13, 2017 1:02:00 PM PST","6291780861","Shipping Services","113-8468384-4931428","","Shipping Label Purchased through Amazon","","","Standard Orders","","","","","","0","0","0","0","0","0","0","0","0","0","0","0","0","0","-4.11","-4.11"
"Feb 13, 2017 1:03:19 PM PST","6291780861","Order","112-9991844-2195415","C1-S3OD-C75N","Lancome La Vie Est Belle L'Eau de Parfum Spray, 3.4 Ounce","1","amazon.com","Standard Orders","Seller","Pittsford","NY","14534","","90.00","0","10.18","0","0","0","0","0","0","0","0","-15.03","0","0","0","85.15"
"Feb 13, 2017 1:03:37 PM PST","6291780861","Shipping Services","112-9991844-2195415","","Shipping Label Purchased through Amazon","","","Standard Orders","","","","","","0","0","0","0","0","0","0","0","0","0","0","0","0","0","-6.20","-6.20"
"Feb 13, 2017 1:04:41 PM PST","6291780861","Order","111-2771562-9289061","WS-JIP0-VTQU","Jessica Simpson Fancy Love by Jessica Simpson for Women. Eau De Parfum Spray 3.4-Ounce","2","amazon.com","Standard Orders","Seller","BERKELEY","CA","94703-1479","","44.30","0","6.29","0","0","0","0","0","0","0","0","-7.60","0","0","0","42.99"
"Feb 13, 2017 1:04:59 PM PST","6291780861","Shipping Services","111-2771562-9289061","","Shipping Label Purchased through Amazon","","","Standard Orders","","","","","","0","0","0","0","0","0","0","0","0","0","0","0","0","0","-6.05","-6.05"
"Feb 13, 2017 1:06:12 PM PST","6291780861","Order","109-7884322-6447416","5R-2LX9-BGJ3","Jessica Mcclintock 2 Piece Gift Set for Women","1","amazon.com","Standard Orders","Seller","YORK","PA","17402-4985","","45.00","0","6.19","0","0","0","0","0","0","0","0","-7.68","0","0","0","43.51"
"Feb 13, 2017 1:06:30 PM PST","6291780861","Shipping Services","109-7884322-6447416","","Shipping Label Purchased through Amazon","","","Standard Orders","","","","","","0","0","0","0","0","0","0","0","0","0","0","0","0","0","-6.05","-6.05"
"Feb 13, 2017 1:07:34 PM PST","6291780861","Order","109-7324021-6674617","5R-2LX9-BGJ3","Jessica Mcclintock 2 Piece Gift Set for Women","1","amazon.com","Standard Orders","Seller","BEDFORD","PA","15522-7412","","45.00","0","6.19","0","0","0","0","0","0","0","0","-7.68","0","0","0","43.51"
"Feb 13, 2017 1:07:53 PM PST","6291780861","Shipping Services","109-7324021-6674617","","Shipping Label Purchased through Amazon","","","Standard Orders","","","","","","0","0","0","0","0","0","0","0","0","0","0","0","0","0","-6.05","-6.05"
"Feb 13, 2017 1:09:05 PM PST","6291780861","Order","108-2585955-7876221","NW-M1RR-7714","Xs By Paco Rabanne For Men. Eau De Toilette Spray 3.4 Oz.","1","amazon.com","Standard Orders","Seller","SAN FRANCISCO","CA","94102-6259","","30.00","0","5.11","0","0","0","0","0","0","0","0","-5.27","0","0","0","29.84"
"Feb 13, 2017 1:09:22 PM PST","6291780861","Shipping Services","108-2585955-7876221","","Shipping Label Purchased through Amazon","","","Standard Orders","","","","","","0","0","0","0","0","0","0","0","0","0","0","0","0","0","-4.11","-4.11"
"Feb 13, 2017 1:14:12 PM PST","6291780861","Order","104-2507398-7442612","V7-HDVC-3L1D","Rihanna Rebelle Women Giftset","1","amazon.com","Standard Orders","Seller","NASHVILLE","TN","37214-1177","","47.25","0","12.37","0","0","0","0","0","0","0","0","-8.94","0","0","0","50.68"
"Feb 13, 2017 1:14:29 PM PST","6291780861","Shipping Services","104-2507398-7442612","","Shipping Label Purchased through Amazon","","","Standard Orders","","","","","","0","0","0","0","0","0","0","0","0","0","0","0","0","0","-8.21","-8.21"
"Feb 13, 2017 1:17:55 PM PST","6291780861","Order","109-1683105-9433055","71-SKYU-A0OC","Quorum By Puig For Men. Eau De Toilette Spray 3.4 Ounces","1","amazon.com","Standard Orders","Seller","BRONX","NEW YORK","10461-5516","","12.33","0","5.11","0","0","0","0","0","0","0","0","-2.62","0","0","0","14.82"
"Feb 13, 2017 1:18:13 PM PST","6291780861","Shipping Services","109-1683105-9433055","","Shipping Label Purchased through Amazon","","","Standard Orders","","","","","","0","0","0","0","0","0","0","0","0","0","0","0","0","0","-3.97","-3.97"
"Feb 13, 2017 1:19:08 PM PST","6291780861","Order","106-1512240-2515400","Z6-X387-P4ON","Yves Saint Laurent Baby Doll women perfume by Yves Saint Laurent Eau De Toilette Spray 3.3 oz","1","amazon.com","Standard Orders","Seller","San Juan","Puerto Rico","00920","","111.50","0","5.19","0","0","0","0","0","0","0","0","-17.50","0","0","0","99.19"
"Feb 13, 2017 1:19:26 PM PST","6291780861","Shipping Services","106-1512240-2515400","","Shipping Label Purchased through Amazon","","","Standard Orders","","","","","","0","0","0","0","0","0","0","0","0","0","0","0","0","0","-4.85","-4.85"
"Feb 13, 2017 1:22:41 PM PST","6291780861","Shipping Services","111-9649152-8968205","","Shipping Label Purchased through Amazon","","","Standard Orders","","","","","","0","0","0","0","0","0","0","0","0","0","0","0","0","0","-4.68","-4.68"
"Feb 13, 2017 1:33:55 PM PST","6291780861","Order","111-9649152-8968205","KF-2WDK-CCTQ","Narciso Rodriguez by Narciso Rodriguez for Him Men 3.3 oz Eau de Toilette Spray","1","amazon.com","Standard Orders","Seller","RIVERSIDE","CT","06878-1501","","58.77","0","5.64","0","0","0","0","0","0","0","0","-9.66","0","0","0","54.75"
"Feb 13, 2017 1:34:00 PM PST","6291780861","Order","113-7166387-3596228","71-SKYU-A0OC","Quorum By Puig For Men. Eau De Toilette Spray 3.4 Ounces","10","amazon.com","Standard Orders","Seller","MECHANICVILLE","NY","12118-1921","","123.30","0","10.69","0","0","0","0","0","0","0","0","-20.10","0","0","0","113.89"
"Feb 13, 2017 1:34:17 PM PST","6291780861","Shipping Services","113-7166387-3596228","","Shipping Label Purchased through Amazon","","","Standard Orders","","","","","","0","0","0","0","0","0","0","0","0","0","0","0","0","0","-7.15","-7.15"
"Feb 13, 2017 1:35:40 PM PST","6291780861","Order","112-2612940-9307409","KJ-DNMQ-8FTI","Versace Versus Eau De Toilette Natural Spray, 3.40 Ounce","2","amazon.com","Standard Orders","Seller","MIAMI BEACH","FL","33139-2011","","84.00","0","6.07","0","0","0","0","0","0","0","0","-13.52","0","0","0","76.55"
"Feb 13, 2017 1:35:44 PM PST","6291780861","Shipping Services","112-2612940-9307409","","Shipping Label Purchased through Amazon","","","Standard Orders","","","","","","0","0","0","0","0","0","0","0","0","0","0","0","0","0","-6.20","-6.20"
"Feb 13, 2017 5:51:31 PM PST","6291780861","Order","113-2888382-9547415","KL-8PVL-1OE5","TABU EAU DE COLOGNE SPRAY IN VIOLIN BOTTLE 3.0 FL. OZ. BY DANA CLASSIC FRAGRANCES","1","amazon.com","Standard Orders","Seller","Riverside","CA","92506-2926","","12.91","0","17.80","0","0","0","0","0","0","0","0","-4.61","0","0","0","26.10"
"Feb 13, 2017 5:51:50 PM PST","6291780861","Shipping Services","113-2888382-9547415","","Shipping Label Purchased through Amazon","","","Standard Orders","","","","","","0","0","0","0","0","0","0","0","0","0","0","0","0","0","-21.48","-21.48"
"Feb 13, 2017 5:52:47 PM PST","6291780861","Order","112-6818645-6926657","E3-KN4I-A54V","Women's Safari by Ralph Lauren Eau de Parfum Spray - 2.5 oz by RBS","1","amazon.com","Standard Orders","Seller","KINGSVILLE","TX","78363-9644","","53.47","0","4.49","0","0","0","0","0","0","0","0","-8.69","0","0","0","49.27"
"Feb 13, 2017 5:53:05 PM PST","6291780861","Shipping Services","112-6818645-6926657","","Shipping Label Purchased through Amazon","","","Standard Orders","","","","","","0","0","0","0","0","0","0","0","0","0","0","0","0","0","-3.98","-3.98"
"Feb 13, 2017 5:55:55 PM PST","6291780861","Shipping Services","112-0632795-3249831","","Shipping Label Purchased through Amazon","","","Standard Orders","","","","","","0","0","0","0","0","0","0","0","0","0","0","0","0","0","-6.05","-6.05"
"Feb 13, 2017 5:57:19 PM PST","6291780861","Order","110-4323047-9796220","WS-JIP0-VTQU","Jessica Simpson Fancy Love by Jessica Simpson for Women. Eau De Parfum Spray 3.4-Ounce","1","amazon.com","Standard Orders","Seller","HOUSTON","TX","77018-5554","","22.00","0","5.39","0","0","0","0","0","0","0","0","-4.11","0","0","0","23.28"
"Feb 13, 2017 5:57:37 PM PST","6291780861","Shipping Services","110-4323047-9796220","","Shipping Label Purchased through Amazon","","","Standard Orders","","","","","","0","0","0","0","0","0","0","0","0","0","0","0","0","0","-4.53","-4.53"
"Feb 13, 2017 5:58:50 PM PST","6291780861","Order","109-2616166-1192213","IJ-KEN6-GAXI","InternetFragrance] DÓLCE GÁBBANA Intenso Eau De Parfum Spray for Men, 4.2 Fluid Ounce by (InternetFragrance)","1","amazon.com","Standard Orders","Seller","KNOXVILLE","TN","37918-3257","","46.94","0","4.49","0","0","0","0","0","0","0","0","-7.71","0","0","0","43.72"
"Feb 13, 2017 5:59:08 PM PST","6291780861","Shipping Services","109-2616166-1192213","","Shipping Label Purchased through Amazon","","","Standard Orders","","","","","","0","0","0","0","0","0","0","0","0","0","0","0","0","0","-4.53","-4.53"
"Feb 13, 2017 6:00:14 PM PST","6291780861","Order","108-1931908-4734615","WS-JIP0-VTQU","Jessica Simpson Fancy Love by Jessica Simpson for Women. Eau De Parfum Spray 3.4-Ounce","1","amazon.com","Standard Orders","Seller","PITTSBURGH","PA","15216-2034","","22.00","0","5.39","0","0","0","0","0","0","0","0","-4.11","0","0","0","23.28"
"Feb 13, 2017 6:00:33 PM PST","6291780861","Shipping Services","108-1931908-4734615","","Shipping Label Purchased through Amazon","","","Standard Orders","","","","","","0","0","0","0","0","0","0","0","0","0","0","0","0","0","-4.53","-4.53"
"Feb 13, 2017 6:02:02 PM PST","6291780861","Order","108-1847364-5810664","VL-HFH5-D4NA","J.Lo Miami Glow Eau de Toilette Spray for Women, 3.4 Fluid Ounce","1","amazon.com","Standard Orders","Seller","SAN DIEGO","CA","92114-5753","","20.20","0","5.19","0","0","0","0","0","0","0","0","-3.81","0","0","0","21.58"
"Feb 13, 2017 6:02:21 PM PST","6291780861","Shipping Services","108-1847364-5810664","","Shipping Label Purchased through Amazon","","","Standard Orders","","","","","","0","0","0","0","0","0","0","0","0","0","0","0","0","0","-4.11","-4.11"
"Feb 13, 2017 6:03:27 PM PST","6291780861","Order","108-1844089-6996241","JM-LA2S-3Y0J","Thé oné 3.4 Oz Eau De Toilette Spray For Men","1","amazon.com","Standard Orders","Seller","CENTRAL ISLIP","NY","11722-1901","","49.84","0","8.99","0","0","0","0","0","0","0","0","-8.82","0","0","0","50.01"
"Feb 13, 2017 6:03:45 PM PST","6291780861","Shipping Services","108-1844089-6996241","","Shipping Label Purchased through Amazon","","","Standard Orders","","","","","","0","0","0","0","0","0","0","0","0","0","0","0","0","0","-6.05","-6.05"
"Feb 13, 2017 6:06:15 PM PST","6291780861","Order","105-9019065-0586647","WS-JIP0-VTQU","Jessica Simpson Fancy Love by Jessica Simpson for Women. Eau De Parfum Spray 3.4-Ounce","6","amazon.com","Standard Orders","Seller","BRIDGEPORT","CT","06610-1905","","132.00","0","9.89","0","0","0","0","0","0","0","0","-21.30","0","0","0","120.59"
"Feb 13, 2017 6:06:23 PM PST","6291780861","Order","112-0632795-3249831","LY-03LN-NH7S","PAUL SEBASTIAN by Paul Sebastian - Gift Set -- 4 oz Cologne Spray + 4 oz After Shave - Men","1","amazon.com","Standard Orders","Seller","east islip","ny","11730","","18.86","0","5.99","0","0","0","0","0","0","0","0","-3.73","0","0","0","21.12"
"Feb 13, 2017 6:06:33 PM PST","6291780861","Shipping Services","105-9019065-0586647","","Shipping Label Purchased through Amazon","","","Standard Orders","","","","","","0","0","0","0","0","0","0","0","0","0","0","0","0","0","-7.15","-7.15"
"Feb 13, 2017 6:07:50 PM PST","6291780861","Order","105-7308703-1190603","WS-JIP0-VTQU","Jessica Simpson Fancy Love by Jessica Simpson for Women. Eau De Parfum Spray 3.4-Ounce","1","amazon.com","Standard Orders","Seller","GLENDALE","ARIZONA","85310-3456","","22.00","0","5.39","0","0","0","0","0","0","0","0","-4.11","0","0","0","23.28"
"Feb 13, 2017 6:08:08 PM PST","6291780861","Shipping Services","105-7308703-1190603","","Shipping Label Purchased through Amazon","","","Standard Orders","","","","","","0","0","0","0","0","0","0","0","0","0","0","0","0","0","-4.53","-4.53"
"Feb 13, 2017 6:09:08 PM PST","6291780861","Order","105-3320313-4707403","NV-YEY9-GXPQ","Nicki Minaj Minajesty Eau de Parfum Spray for Women 3.4 Ounce","1","amazon.com","Standard Orders","Seller","CLEVELAND","OH","44108-3841","","24.58","0","5.74","0","0","0","0","0","0","0","0","-4.55","0","0","0","25.77"
"Feb 13, 2017 6:09:27 PM PST","6291780861","Shipping Services","105-3320313-4707403","","Shipping Label Purchased through Amazon","","","Standard Orders","","","","","","0","0","0","0","0","0","0","0","0","0","0","0","0","0","-6.05","-6.05"
"Feb 13, 2017 6:11:49 PM PST","6291780861","Order","102-9490371-2713822","1O-YSQR-VEK9","1 Million Fragrance By Paco Rabanne 3pc Travel Edition Gift Set . 3.4 Fl.Oz. Eau De Toilette Spray + 3.4 S/G Men+15ml spray Mini For Men","1","amazon.com","Standard Orders","Seller","CHARLOTTE","NC","28212-8823","","79.40","0","4.49","0","0","0","0","0","0","0","0","-12.58","0","0","0","71.31"
"Feb 13, 2017 6:12:08 PM PST","6291780861","Shipping Services","102-9490371-2713822","","Shipping Label Purchased through Amazon","","","Standard Orders","","","","","","0","0","0","0","0","0","0","0","0","0","0","0","0","0","-6.70","-6.70"
"Feb 13, 2017 6:13:15 PM PST","6291780861","Order","102-9084639-8275459","71-SKYU-A0OC","Quorum By Puig For Men. Eau De Toilette Spray 3.4 Ounces","1","amazon.com","Standard Orders","Seller","Chatsworth","GA","30705-6511","","12.22","0","5.11","0","0","0","0","0","0","0","0","-2.60","0","0","0","14.73"
"Feb 13, 2017 6:13:33 PM PST","6291780861","Shipping Services","102-9084639-8275459","","Shipping Label Purchased through Amazon","","","Standard Orders","","","","","","0","0","0","0","0","0","0","0","0","0","0","0","0","0","-3.97","-3.97"
"Feb 13, 2017 6:14:52 PM PST","6291780861","Order","002-8578587-6796218","1O-YSQR-VEK9","1 Million Fragrance By Paco Rabanne 3pc Travel Edition Gift Set . 3.4 Fl.Oz. Eau De Toilette Spray + 3.4 S/G Men+15ml spray Mini For Men","1","amazon.com","Standard Orders","Seller","BAY SHORE","NY","11706-8699","","79.40","0","4.49","0","0","0","0","0","0","0","0","-12.58","0","0","0","71.31"
"Feb 13, 2017 6:15:11 PM PST","6291780861","Shipping Services","002-8578587-6796218","","Shipping Label Purchased through Amazon","","","Standard Orders","","","","","","0","0","0","0","0","0","0","0","0","0","0","0","0","0","-6.20","-6.20"
"Feb 13, 2017 6:22:59 PM PST","6291780861","Order","102-2813068-4609808","BF-N7MD-D4X3","Perry Ellis 360 Eau de Toilette Spray Gift Set for Women, 3 Count","3","amazon.com","Standard Orders","Seller","RIVIERA BEACH","FL","33404-7725","","110.64","0","8.24","0","0","0","0","0","0","0","0","-17.82","0","0","0","101.06"
"Feb 13, 2017 6:23:16 PM PST","6291780861","Shipping Services","102-2813068-4609808","","Shipping Label Purchased through Amazon","","","Standard Orders","","","","","","0","0","0","0","0","0","0","0","0","0","0","0","0","0","-9.81","-9.81"
"Feb 14, 2017 12:55:24 PM PST","6293351171","Order","111-2783010-4652218","UY-5OOU-JAD2","LANCOME Tresor for Women Eau de Parfum Spray, 3.4 Ounce","1","amazon.com","Standard Orders","Seller","EDWARDSVILLE","IL","62025","","70.27","0","16.63","0","0","0","0","0","0","0","0","-13.04","0","0","0","73.86"
"Feb 14, 2017 12:55:42 PM PST","6293351171","Shipping Services","111-2783010-4652218","","Shipping Label Purchased through Amazon","","","Standard Orders","","","","","","0","0","0","0","0","0","0","0","0","0","0","0","0","0","-21.63","-21.63"
"Feb 14, 2017 12:58:05 PM PST","6293351171","Order","103-4794207-3154602","M8-4S0C-5VF4","Bvlgari Blv Ii Eau de Parfum Spray for Women, 2.5 Ounce","1","amazon.com","Standard Orders","Seller","Watertown","Mn","55328","","43.99","0","25.60","0","0","0","0","0","0","0","0","-10.44","0","0","0","59.15"
"Feb 14, 2017 12:58:23 PM PST","6293351171","Shipping Services","103-4794207-3154602","","Shipping Label Purchased through Amazon","","","Standard Orders","","","","","","0","0","0","0","0","0","0","0","0","0","0","0","0","0","-21.48","-21.48"
"Feb 14, 2017 12:59:17 PM PST","6293351171","Order","116-1860915-8165063","BF-2O4Q-JYRE","Paco Rabanne 1 million Cologne for Men 6.8 oz Eau De Toilette Spray","1","amazon.com","Standard Orders","Seller","CHICAGO","IL","60630-4401","","91.24","0","4.49","0","0","0","0","0","0","0","0","-14.36","0","0","0","81.37"
"Feb 14, 2017 12:59:34 PM PST","6293351171","Shipping Services","116-1860915-8165063","","Shipping Label Purchased through Amazon","","","Standard Orders","","","","","","0","0","0","0","0","0","0","0","0","0","0","0","0","0","-6.20","-6.20"
"Feb 14, 2017 1:01:15 PM PST","6293351171","Order","114-2464861-8097045","XZ-CKDF-GKNC","Shi by Alfred Sung for Women Gift Set","1","amazon.com","Standard Orders","Seller","BELLFLOWER","CA","90706-6641","","25.99","0","5.69","0","0","0","0","0","0","0","0","-4.75","0","0","0","26.93"
"Feb 14, 2017 1:01:32 PM PST","6293351171","Shipping Services","114-2464861-8097045","","Shipping Label Purchased through Amazon","","","Standard Orders","","","","","","0","0","0","0","0","0","0","0","0","0","0","0","0","0","-6.55","-6.55"
"Feb 14, 2017 1:02:39 PM PST","6293351171","Order","114-1747916-6012239","Z7-YFWK-ATDZ","Radiance by Britney Spears, Eau De Parfum Spray, 3.3-Ounce","1","amazon.com","Standard Orders","Seller","AMES","IA","50010-4437","","25.00","0","5.28","0","0","0","0","0","0","0","0","-4.54","0","0","0","25.74"
"Feb 14, 2017 1:02:56 PM PST","6293351171","Shipping Services","114-1747916-6012239","","Shipping Label Purchased through Amazon","","","Standard Orders","","","","","","0","0","0","0","0","0","0","0","0","0","0","0","0","0","-4.53","-4.53"
"Feb 14, 2017 1:04:20 PM PST","6293351171","Order","110-9090558-1316234","1O-YSQR-VEK9","1 Million Fragrance By Paco Rabanne 3pc Travel Edition Gift Set . 3.4 Fl.Oz. Eau De Toilette Spray + 3.4 S/G Men+15ml spray Mini For Men","1","amazon.com","Standard Orders","Seller","ENGLEWOO","NJ","07631","","79.40","0","23.00","0","0","0","0","0","0","0","0","-15.36","0","0","0","87.04"
"Feb 14, 2017 1:04:38 PM PST","6293351171","Shipping Services","110-9090558-1316234","","Shipping Label Purchased through Amazon","","","Standard Orders","","","","","","0","0","0","0","0","0","0","0","0","0","0","0","0","0","-6.20","-6.20"
"Feb 14, 2017 1:05:27 PM PST","6293351171","Order","109-7463082-0451467","UY-5OOU-JAD2","LANCOME Tresor for Women Eau de Parfum Spray, 3.4 Ounce","1","amazon.com","Standard Orders","Seller","BRANDON","FL","33510-4179","","70.27","0","4.70","0","0","0","0","0","0","0","0","-11.25","0","0","0","63.72"
"Feb 14, 2017 1:05:44 PM PST","6293351171","Shipping Services","109-7463082-0451467","","Shipping Label Purchased through Amazon","","","Standard Orders","","","","","","0","0","0","0","0","0","0","0","0","0","0","0","0","0","-4.68","-4.68"
"Feb 14, 2017 1:07:55 PM PST","6293351171","Shipping Services","108-2415212-3203424","","Shipping Label Purchased through Amazon","","","Standard Orders","","","","","","0","0","0","0","0","0","0","0","0","0","0","0","0","0","-6.71","-6.71"
"Feb 14, 2017 1:09:01 PM PST","6293351171","Order","104-2652045-9353018","5R-2LX9-BGJ3","Jessica Mcclintock 2 Piece Gift Set for Women","1","amazon.com","Standard Orders","Seller","Spring Valley","Ca","91977","","59.78","0","6.19","0","0","0","0","0","0","0","0","-9.90","0","0","0","56.07"
"Feb 14, 2017 1:09:16 PM PST","6293351171","Shipping Services","104-2652045-9353018","","Shipping Label Purchased through Amazon","","","Standard Orders","","","","","","0","0","0","0","0","0","0","0","0","0","0","0","0","0","-7.49","-7.49"
"Feb 14, 2017 1:10:20 PM PST","6293351171","Order","104-1921313-2624250","5R-2LX9-BGJ3","Jessica Mcclintock 2 Piece Gift Set for Women","1","amazon.com","Standard Orders","Seller","KANSAS CITY","MISSOURI","64114-3575","","45.00","0","6.19","0","0","0","0","0","0","0","0","-7.68","0","0","0","43.51"
"Feb 14, 2017 1:10:38 PM PST","6293351171","Shipping Services","104-1921313-2624250","","Shipping Label Purchased through Amazon","","","Standard Orders","","","","","","0","0","0","0","0","0","0","0","0","0","0","0","0","0","-6.55","-6.55"
"Feb 14, 2017 1:11:37 PM PST","6293351171","Order","106-9586091-7838600","KL-8PVL-1OE5","TABU EAU DE COLOGNE SPRAY IN VIOLIN BOTTLE 3.0 FL. OZ. BY DANA CLASSIC FRAGRANCES","1","amazon.com","Standard Orders","Seller","Bronx","new york","10466","","12.79","0","5.09","0","0","0","0","0","0","0","0","-2.68","0","0","0","15.20"
"Feb 14, 2017 1:11:54 PM PST","6293351171","Shipping Services","106-9586091-7838600","","Shipping Label Purchased through Amazon","","","Standard Orders","","","","","","0","0","0","0","0","0","0","0","0","0","0","0","0","0","-3.97","-3.97"
"Feb 14, 2017 1:12:44 PM PST","6293351171","Order","103-3330918-1123422","UY-5OOU-JAD2","LANCOME Tresor for Women Eau de Parfum Spray, 3.4 Ounce","1","amazon.com","Standard Orders","Seller","annandale","va","22003","","70.27","0","4.70","0","0","0","0","0","0","0","0","-11.25","0","0","0","63.72"
"Feb 14, 2017 1:13:03 PM PST","6293351171","Shipping Services","103-3330918-1123422","","Shipping Label Purchased through Amazon","","","Standard Orders","","","","","","0","0","0","0","0","0","0","0","0","0","0","0","0","0","-4.68","-4.68"
"Feb 14, 2017 1:14:03 PM PST","6293351171","Order","103-0617644-8181811","UY-5OOU-JAD2","LANCOME Tresor for Women Eau de Parfum Spray, 3.4 Ounce","1","amazon.com","Standard Orders","Seller","annandale","va","22003","","70.27","0","4.70","0","0","0","0","0","0","0","0","-11.25","0","0","0","63.72"
"Feb 14, 2017 1:14:21 PM PST","6293351171","Shipping Services","103-0617644-8181811","","Shipping Label Purchased through Amazon","","","Standard Orders","","","","","","0","0","0","0","0","0","0","0","0","0","0","0","0","0","-4.68","-4.68"
"Feb 14, 2017 1:15:54 PM PST","6293351171","Order","102-8717802-3433037","CJ-JW74-TNWI","ED HARDY by Christian Audigier EAU DE PARFUM SPRAY 3.4 OZ WOMEN Christian Audigier","1","amazon.com","Standard Orders","Seller","SAN JOSE","CA","95121-2713","","27.33","0","4.59","0","0","0","0","0","0","0","0","-4.79","0","0","0","27.13"
"Feb 14, 2017 1:16:12 PM PST","6293351171","Shipping Services","102-8717802-3433037","","Shipping Label Purchased through Amazon","","","Standard Orders","","","","","","0","0","0","0","0","0","0","0","0","0","0","0","0","0","-4.39","-4.39"
"Feb 14, 2017 1:16:40 PM PST","6293351171","Order","108-2415212-3203424","5R-2LX9-BGJ3","Jessica Mcclintock 2 Piece Gift Set for Women","1","amazon.com","Standard Orders","Seller","CRANSTON","RI","02921-2234","","58.79","0","6.19","0","0","0","0","0","0","0","0","-9.75","0","0","0","55.23"
"Feb 14, 2017 1:18:37 PM PST","6293351171","Order","107-8001355-0559442","4O-7FPF-GYR8","Yves Saint Laurent L'Homme Eau De Toilette Spray, 6.7 Fl.Oz","1","amazon.com","Standard Orders","Seller","STACY","MN","55079-5002","","80.00","0","5.69","0","0","0","0","0","0","0","0","-5.14","0","0","0","80.55"
"Feb 14, 2017 1:18:56 PM PST","6293351171","Shipping Services","107-8001355-0559442","","Shipping Label Purchased through Amazon","","","Standard Orders","","","","","","0","0","0","0","0","0","0","0","0","0","0","0","0","0","-6.20","-6.20"
"Feb 14, 2017 1:20:20 PM PST","6293351171","Order","103-2358442-0823423","54-CD73-HJUT","Curve By Liz Claiborne For Men. Cologne Spray 4.2 Oz.","1","amazon.com","Standard Orders","Seller","MOUNT DORA","FL","32757-8051","","21.08","0","5.28","0","0","0","0","0","0","0","0","-3.95","0","0","0","22.41"
"Feb 14, 2017 1:20:39 PM PST","6293351171","Shipping Services","103-2358442-0823423","","Shipping Label Purchased through Amazon","","","Standard Orders","","","","","","0","0","0","0","0","0","0","0","0","0","0","0","0","0","-4.39","-4.39"
"Feb 14, 2017 1:21:48 PM PST","6293351171","Order","104-1354470-6009034","7V-Z250-XMQX","Fidji Eau De Toillette Spray - 1.7 oz","1","amazon.com","Standard Orders","Seller","OAKLAND","CA","94608-2818","","32.16","0","4.51","0","0","0","0","0","0","0","0","-5.50","0","0","0","31.17"
"Feb 14, 2017 1:22:06 PM PST","6293351171","Shipping Services","104-1354470-6009034","","Shipping Label Purchased through Amazon","","","Standard Orders","","","","","","0","0","0","0","0","0","0","0","0","0","0","0","0","0","-3.14","-3.14"
"Feb 14, 2017 1:23:07 PM PST","6293351171","Order","114-0812572-3862601","LY-03LN-NH7S","PAUL SEBASTIAN by Paul Sebastian - Gift Set -- 4 oz Cologne Spray + 4 oz After Shave - Men","1","amazon.com","Standard Orders","Seller","EL PASO","TEXAS","79928-5278","","18.86","0","5.99","0","0","0","0","0","0","0","0","-3.73","0","0","0","21.12"
"Feb 14, 2017 1:23:26 PM PST","6293351171","Shipping Services","114-0812572-3862601","","Shipping Label Purchased through Amazon","","","Standard Orders","","","","","","0","0","0","0","0","0","0","0","0","0","0","0","0","0","-6.05","-6.05"
"Feb 14, 2017 1:26:00 PM PST","6293351171","Order","112-1628329-8568202","DT-GQQP-NJQJ","Thé Oné 3.4oz Eau De Parfum Sprày MéN by Dolcé ànd Gàbbànà","1","amazon.com","Standard Orders","Seller","DENVER","COLORADO","80223-1947","","76.63","0","4.49","0","0","0","0","0","0","0","0","-12.17","0","0","0","68.95"
"Feb 14, 2017 1:26:16 PM PST","6293351171","Shipping Services","112-1628329-8568202","","Shipping Label Purchased through Amazon","","","Standard Orders","","","","","","0","0","0","0","0","0","0","0","0","0","0","0","0","0","-6.20","-6.20"
"Feb 14, 2017 1:37:04 PM PST","6293351171","Order","104-7227298-5297020","C1-S3OD-C75N","Lancome La Vie Est Belle L'Eau de Parfum Spray, 3.4 Ounce","1","amazon.com","Standard Orders","Seller","BROOKLYN","NY","11233-5438","","95.00","0","25.37","0","0","0","0","0","0","0","0","-18.06","0","0","0","102.31"
"Feb 14, 2017 1:37:22 PM PST","6293351171","Shipping Services","104-7227298-5297020","","Shipping Label Purchased through Amazon","","","Standard Orders","","","","","","0","0","0","0","0","0","0","0","0","0","0","0","0","0","-6.20","-6.20"
"Feb 14, 2017 1:38:25 PM PST","6293351171","Order","103-8130569-7117014","C1-S3OD-C75N","Lancome La Vie Est Belle L'Eau de Parfum Spray, 3.4 Ounce","1","amazon.com","Standard Orders","Seller","Miami","Florida","33166-9112","","90.00","0","5.28","0","0","0","0","0","0","0","0","-14.29","0","0","0","80.99"
"Feb 14, 2017 1:38:44 PM PST","6293351171","Shipping Services","103-8130569-7117014","","Shipping Label Purchased through Amazon","","","Standard Orders","","","","","","0","0","0","0","0","0","0","0","0","0","0","0","0","0","-6.20","-6.20"
"Feb 14, 2017 1:39:55 PM PST","6293351171","Order","102-6442342-0399436","C1-S3OD-C75N","Lancome La Vie Est Belle L'Eau de Parfum Spray, 3.4 Ounce","1","amazon.com","Standard Orders","Seller","LIVONIA","MICHIGAN","48154-5119","","90.00","0","5.28","0","0","0","0","0","0","0","0","-14.29","0","0","0","80.99"
"Feb 14, 2017 1:40:13 PM PST","6293351171","Shipping Services","102-6442342-0399436","","Shipping Label Purchased through Amazon","","","Standard Orders","","","","","","0","0","0","0","0","0","0","0","0","0","0","0","0","0","-6.20","-6.20"
"Feb 14, 2017 1:41:35 PM PST","6293351171","Order","113-6712253-2815413","C1-S3OD-C75N","Lancome La Vie Est Belle L'Eau de Parfum Spray, 3.4 Ounce","1","amazon.com","Standard Orders","Seller","SPRINGFIELD GARDENS","NY","11413-4001","","95.00","0","5.28","0","0","0","0","0","0","0","0","-15.04","0","0","0","85.24"
"Feb 14, 2017 1:41:53 PM PST","6293351171","Shipping Services","113-6712253-2815413","","Shipping Label Purchased through Amazon","","","Standard Orders","","","","","","0","0","0","0","0","0","0","0","0","0","0","0","0","0","-6.20","-6.20"
"Feb 14, 2017 1:42:47 PM PST","6293351171","Order","112-6270974-5753047","C1-S3OD-C75N","Lancome La Vie Est Belle L'Eau de Parfum Spray, 3.4 Ounce","1","amazon.com","Standard Orders","Seller","JAMAICA","NEW YORK","11434-4602","","95.00","0","5.28","0","0","0","0","0","0","0","0","-15.04","0","0","0","85.24"
"Feb 14, 2017 1:43:05 PM PST","6293351171","Shipping Services","112-6270974-5753047","","Shipping Label Purchased through Amazon","","","Standard Orders","","","","","","0","0","0","0","0","0","0","0","0","0","0","0","0","0","-6.20","-6.20"
"Feb 14, 2017 1:44:14 PM PST","6293351171","Order","108-1895326-6673812","C1-S3OD-C75N","Lancome La Vie Est Belle L'Eau de Parfum Spray, 3.4 Ounce","1","amazon.com","Standard Orders","Seller","KILLEEN","TX","76542-6480","","95.00","0","10.18","0","0","0","0","0","0","0","0","-15.78","0","0","0","89.40"
"Feb 14, 2017 1:44:34 PM PST","6293351171","Shipping Services","108-1895326-6673812","","Shipping Label Purchased through Amazon","","","Standard Orders","","","","","","0","0","0","0","0","0","0","0","0","0","0","0","0","0","-6.20","-6.20"
"Feb 14, 2017 1:46:13 PM PST","6293351171","Order","112-4185116-8821026","XZ-CKDF-GKNC","Shi by Alfred Sung for Women Gift Set","1","amazon.com","Standard Orders","Seller","Norfolk","Virginia","23509","","25.99","0","5.69","0","0","0","0","0","0","0","0","-4.75","0","0","0","26.93"
"Feb 14, 2017 1:46:31 PM PST","6293351171","Shipping Services","112-4185116-8821026","","Shipping Label Purchased through Amazon","","","Standard Orders","","","","","","0","0","0","0","0","0","0","0","0","0","0","0","0","0","-6.55","-6.55"
"Feb 14, 2017 1:55:04 PM PST","6293351171","Order","111-0208005-4825053","ZI-TUFQ-WVU1","Skulls and Roses ED Hardy Colognes for Men, 2.5 Ounce","1","amazon.com","Standard Orders","Seller","AUSTIN","TX","78739-1671","","46.01","0","5.24","0","0","0","0","0","0","0","0","-7.69","0","0","0","43.56"
"Feb 14, 2017 1:55:22 PM PST","6293351171","Shipping Services","111-0208005-4825053","","Shipping Label Purchased through Amazon","","","Standard Orders","","","","","","0","0","0","0","0","0","0","0","0","0","0","0","0","0","-6.55","-6.55"
"Feb 14, 2017 5:26:56 PM PST","6293351171","Order","114-4904576-1286643","M8-4S0C-5VF4","Bvlgari Blv Ii Eau de Parfum Spray for Women, 2.5 Ounce","2","amazon.com","Standard Orders","Seller","high point","NC","27260-4213","","87.78","0","6.89","0","0","0","0","0","0","0","0","-14.20","0","0","0","80.47"
"Feb 14, 2017 5:27:14 PM PST","6293351171","Shipping Services","114-4904576-1286643","","Shipping Label Purchased through Amazon","","","Standard Orders","","","","","","0","0","0","0","0","0","0","0","0","0","0","0","0","0","-6.70","-6.70"
"Feb 14, 2017 5:29:05 PM PST","6293351171","Order","116-1558269-9245022","WV-00CM-6N23","White Linen by Estee Lauder For Women. Eau De Parfum Spray 3-Ounces","1","amazon.com","Standard Orders","Seller","MORGAN HILL","CA","95037-3929","","77.91","0","5.04","0","0","0","0","0","0","0","0","-12.44","0","0","0","70.51"
"Feb 14, 2017 5:29:22 PM PST","6293351171","Shipping Services","116-1558269-9245022","","Shipping Label Purchased through Amazon","","","Standard Orders","","","","","","0","0","0","0","0","0","0","0","0","0","0","0","0","0","-4.26","-4.26"
"Feb 14, 2017 5:47:21 PM PST","6293351171","Order","109-5540701-9865825","KL-8PVL-1OE5","TABU EAU DE COLOGNE SPRAY IN VIOLIN BOTTLE 3.0 FL. OZ. BY DANA CLASSIC FRAGRANCES","3","amazon.com","Standard Orders","Seller","Liberty Lake","WA","99019-0733","","38.34","0","6.29","0","0","0","0","0","0","0","0","-6.69","0","0","0","37.94"
"Feb 14, 2017 5:47:40 PM PST","6293351171","Shipping Services","109-5540701-9865825","","Shipping Label Purchased through Amazon","","","Standard Orders","","","","","","0","0","0","0","0","0","0","0","0","0","0","0","0","0","-6.05","-6.05"
"Feb 14, 2017 5:50:35 PM PST","6293351171","Order","106-0085221-1746618","WR-AM4A-Y6QY","Paco Rabanne Invictus by Paco Rabanne Edt Spray 3.4 oz for Men","2","amazon.com","Standard Orders","Seller","BOCA RATON","FL","33433-1149","","117.24","0","6.25","0","0","0","0","0","0","0","0","-18.52","0","0","0","104.97"
"Feb 14, 2017 5:50:53 PM PST","6293351171","Shipping Services","106-0085221-1746618","","Shipping Label Purchased through Amazon","","","Standard Orders","","","","","","0","0","0","0","0","0","0","0","0","0","0","0","0","0","-6.65","-6.65"
"Feb 14, 2017 5:52:33 PM PST","6293351171","Order","002-9701397-3524245","E3-KN4I-A54V","Women's Safari by Ralph Lauren Eau de Parfum Spray - 2.5 oz by RBS","1","amazon.com","Standard Orders","Seller","HEMET","CA","92543-2656","","52.33","0","4.49","0","0","0","0","0","0","0","0","-8.52","0","0","0","48.30"
"Feb 14, 2017 5:52:52 PM PST","6293351171","Shipping Services","002-9701397-3524245","","Shipping Label Purchased through Amazon","","","Standard Orders","","","","","","0","0","0","0","0","0","0","0","0","0","0","0","0","0","-3.98","-3.98"
"Feb 15, 2017 3:02:42 AM PST","6293351171","Transfer","","","To your account ending in: 6276, Bank Transfer ID: 091000014925352","","","Standard Orders","","","","","","0","0","0","0","0","0","0","0","0","0","0","0","0","0","-137.34","-137.34"
"Feb 15, 2017 1:05:21 PM PST","6293351171","Order","114-7372798-9553804","WV-00CM-6N23","White Linen by Estee Lauder For Women. Eau De Parfum Spray 3-Ounces","1","amazon.com","Standard Orders","Seller","Canton","Ohio","44714","","77.91","0","5.04","0","0","0","0","0","0","0","0","-12.44","0","0","0","70.51"
"Feb 15, 2017 1:05:39 PM PST","6293351171","Shipping Services","114-7372798-9553804","","Shipping Label Purchased through Amazon","","","Standard Orders","","","","","","0","0","0","0","0","0","0","0","0","0","0","0","0","0","-4.26","-4.26"
"Feb 15, 2017 1:07:38 PM PST","6293351171","Order","114-5208014-8797835","96-87LJ-NVG6","Jessica Simpson Fancy Love Eau de Parfum Spray for Women, 3.4 Fluid Ounce","1","amazon.com","Standard Orders","Seller","Saipan","MP","96950","","26.00","0","5.34","0","0","0","0","0","0","0","0","-4.70","0","0","0","26.64"
"Feb 15, 2017 1:07:57 PM PST","6293351171","Shipping Services","114-5208014-8797835","","Shipping Label Purchased through Amazon","","","Standard Orders","","","","","","0","0","0","0","0","0","0","0","0","0","0","0","0","0","-4.53","-4.53"
"Feb 15, 2017 1:09:30 PM PST","6293351171","Order","113-9569113-5758619","AZ-P8G8-8YEZ","Jennifer Lopez Deseo By Jennifer Lopez For Women. Eau De Parfum Spray 1.7-Ounces","1","amazon.com","Standard Orders","Seller","Placentia","CA","92870-8230","","22.01","0","4.98","0","0","0","0","0","0","0","0","-4.05","0","0","0","22.94"
"Feb 15, 2017 1:09:47 PM PST","6293351171","Shipping Services","113-9569113-5758619","","Shipping Label Purchased through Amazon","","","Standard Orders","","","","","","0","0","0","0","0","0","0","0","0","0","0","0","0","0","-3.69","-3.69"
"Feb 15, 2017 1:10:59 PM PST","6293351171","Order","108-3154753-4633022","AZ-P8G8-8YEZ","Jennifer Lopez Deseo By Jennifer Lopez For Women. Eau De Parfum Spray 1.7-Ounces","1","amazon.com","Standard Orders","Seller","NASHVILLE","TN","37217-2517","","22.01","0","4.98","0","0","0","0","0","0","0","0","-4.05","0","0","0","22.94"
"Feb 15, 2017 1:11:17 PM PST","6293351171","Shipping Services","108-3154753-4633022","","Shipping Label Purchased through Amazon","","","Standard Orders","","","","","","0","0","0","0","0","0","0","0","0","0","0","0","0","0","-3.69","-3.69"
"Feb 15, 2017 1:12:41 PM PST","6293351171","Order","108-5582697-4718611","0G-H3S8-2BMK","Still Eau De Parfum Spray 100ml/3.3oz","1","amazon.com","Standard Orders","Seller","OWINGS MILLS","MD","21117-4978","","18.78","0","5.29","0","0","0","0","0","0","0","0","-3.61","0","0","0","20.46"
"Feb 15, 2017 1:12:50 PM PST","6293351171","Shipping Services","108-5582697-4718611","","Shipping Label Purchased through Amazon","","","Standard Orders","","","","","","0","0","0","0","0","0","0","0","0","0","0","0","0","0","-4.25","-4.25"
"Feb 15, 2017 1:23:21 PM PST","6293351171","Order","115-6380017-6840255","WR-AM4A-Y6QY","Paco Rabanne Invictus by Paco Rabanne Edt Spray 3.4 oz for Men","1","amazon.com","Standard Orders","Seller","BRADY","TX","76825-5314","","58.54","0","5.37","0","0","0","0","0","0","0","0","-9.59","0","0","0","54.32"
"Feb 15, 2017 1:23:38 PM PST","6293351171","Shipping Services","115-6380017-6840255","","Shipping Label Purchased through Amazon","","","Standard Orders","","","","","","0","0","0","0","0","0","0","0","0","0","0","0","0","0","-4.68","-4.68"
"Feb 15, 2017 1:27:57 PM PST","6293351171","Order","109-4085247-7629808","JV-B0NK-CR8U","360 Red by Perry Ellis for Men - 3.4 Ounce EDT Spray","1","amazon.com","Standard Orders","Seller","St. Thomas","Virgin Islands, U.S.","00802","","19.00","0","4.98","0","0","0","0","0","0","0","0","-3.60","0","0","0","20.38"
"Feb 15, 2017 1:28:15 PM PST","6293351171","Shipping Services","109-4085247-7629808","","Shipping Label Purchased through Amazon","","","Standard Orders","","","","","","0","0","0","0","0","0","0","0","0","0","0","0","0","0","-4.25","-4.25"
"Feb 15, 2017 1:29:56 PM PST","6293351171","Order","112-1447568-0927449","BF-N7MD-D4X3","Perry Ellis 360 Eau de Toilette Spray Gift Set for Women, 3 Count","1","amazon.com","Standard Orders","Seller","BREA","CA","92821-6537","","35.66","0","5.74","0","0","0","0","0","0","0","0","-6.21","0","0","0","35.19"
"Feb 15, 2017 1:30:14 PM PST","6293351171","Shipping Services","112-1447568-0927449","","Shipping Label Purchased through Amazon","","","Standard Orders","","","","","","0","0","0","0","0","0","0","0","0","0","0","0","0","0","-6.05","-6.05"
"Feb 15, 2017 1:32:31 PM PST","6293351171","Order","114-7984441-9313866","VD-OJH1-RGIG","360 by Perry Ellis for Men - 6.8 Ounce EDT Spray","1","amazon.com","Standard Orders","Seller","NEW YORK","NEW YORK","10019-6708","","28.00","0","5.84","0","0","0","0","0","0","0","0","-5.08","0","0","0","28.76"
"Feb 15, 2017 1:32:48 PM PST","6293351171","Shipping Services","114-7984441-9313866","","Shipping Label Purchased through Amazon","","","Standard Orders","","","","","","0","0","0","0","0","0","0","0","0","0","0","0","0","0","-6.05","-6.05"
"Feb 15, 2017 1:47:34 PM PST","6293351171","Order","108-0012912-0865837","DT-GQQP-NJQJ","Thé Oné 3.4oz Eau De Parfum Sprày MéN by Dolcé ànd Gàbbànà","1","amazon.com","Standard Orders","Seller","AVONDALE","ARIZONA","85392-6661","","76.63","0","23.00","0","0","0","0","0","0","0","0","-14.94","0","0","0","84.69"
"Feb 15, 2017 1:47:52 PM PST","6293351171","Shipping Services","108-0012912-0865837","","Shipping Label Purchased through Amazon","","","Standard Orders","","","","","","0","0","0","0","0","0","0","0","0","0","0","0","0","0","-21.63","-21.63"
"Feb 15, 2017 1:49:17 PM PST","6293351171","Order","114-2569238-9429036","DT-GQQP-NJQJ","Thé Oné 3.4oz Eau De Parfum Sprày MéN by Dolcé ànd Gàbbànà","1","amazon.com","Standard Orders","Seller","WEST HAVERSTRAW","NY","10993-1302","","76.63","0","4.49","0","0","0","0","0","0","0","0","-12.17","0","0","0","68.95"
"Feb 15, 2017 1:49:35 PM PST","6293351171","Shipping Services","114-2569238-9429036","","Shipping Label Purchased through Amazon","","","Standard Orders","","","","","","0","0","0","0","0","0","0","0","0","0","0","0","0","0","-6.20","-6.20"
"Feb 15, 2017 1:50:44 PM PST","6293351171","Order","107-8415465-9082617","C1-S3OD-C75N","Lancome La Vie Est Belle L'Eau de Parfum Spray, 3.4 Ounce","1","amazon.com","Standard Orders","Seller","ORLANDO","FL","32807-8567","","95.00","0","5.28","0","0","0","0","0","0","0","0","-15.04","0","0","0","85.24"
"Feb 15, 2017 1:51:01 PM PST","6293351171","Shipping Services","107-8415465-9082617","","Shipping Label Purchased through Amazon","","","Standard Orders","","","","","","0","0","0","0","0","0","0","0","0","0","0","0","0","0","-6.20","-6.20"
"Feb 15, 2017 1:52:06 PM PST","6293351171","Order","113-1721830-0646611","C1-S3OD-C75N","Lancome La Vie Est Belle L'Eau de Parfum Spray, 3.4 Ounce","1","amazon.com","Standard Orders","Seller","HOUSTON","TX","77082","","95.00","0","5.28","0","0","0","0","0","0","0","0","-15.04","0","0","0","85.24"
"Feb 15, 2017 1:52:24 PM PST","6293351171","Shipping Services","113-1721830-0646611","","Shipping Label Purchased through Amazon","","","Standard Orders","","","","","","0","0","0","0","0","0","0","0","0","0","0","0","0","0","-6.20","-6.20"
"Feb 16, 2017 12:33:24 PM PST","6294653971","Order","107-8205591-4916267","54-CD73-HJUT","Curve By Liz Claiborne For Men. Cologne Spray 4.2 Oz.","1","amazon.com","Standard Orders","Seller","Cheektowaga","New York","14227","","21.00","0","25.37","0","0","0","0","0","0","0","0","-6.96","0","0","0","39.41"
"Feb 16, 2017 12:33:35 PM PST","6294653971","Shipping Services","107-8205591-4916267","","Shipping Label Purchased through Amazon","","","Standard Orders","","","","","","0","0","0","0","0","0","0","0","0","0","0","0","0","0","-22.40","-22.40"
"Feb 16, 2017 12:35:05 PM PST","6294653971","Order","116-6408731-4523429","1O-YSQR-VEK9","1 Million Fragrance By Paco Rabanne 3pc Travel Edition Gift Set . 3.4 Fl.Oz. Eau De Toilette Spray + 3.4 S/G Men+15ml spray Mini For Men","1","amazon.com","Standard Orders","Seller","Antioch","TN","37013","","79.40","0","4.49","0","0","0","0","0","0","0","0","-12.58","0","0","0","71.31"
"Feb 16, 2017 12:35:23 PM PST","6294653971","Shipping Services","116-6408731-4523429","","Shipping Label Purchased through Amazon","","","Standard Orders","","","","","","0","0","0","0","0","0","0","0","0","0","0","0","0","0","-6.70","-6.70"
"Feb 16, 2017 12:36:21 PM PST","6294653971","Order","113-4478562-5226606","BF-N7MD-D4X3","Perry Ellis 360 Eau de Toilette Spray Gift Set for Women, 3 Count","1","amazon.com","Standard Orders","Seller","DORAL","FL","33191-1622","","35.38","0","5.74","0","0","0","0","0","0","0","0","-6.17","0","0","0","34.95"
"Feb 16, 2017 12:36:37 PM PST","6294653971","Shipping Services","113-4478562-5226606","","Shipping Label Purchased through Amazon","","","Standard Orders","","","","","","0","0","0","0","0","0","0","0","0","0","0","0","0","0","-6.05","-6.05"
"Feb 16, 2017 12:38:07 PM PST","6294653971","Order","113-2613933-3234653","WR-AM4A-Y6QY","Paco Rabanne Invictus by Paco Rabanne Edt Spray 3.4 oz for Men","1","amazon.com","Standard Orders","Seller","PACIFICA","CA","94044-4217","","58.54","0","5.37","0","0","0","0","0","0","0","0","-9.59","0","0","0","54.32"
"Feb 16, 2017 12:38:24 PM PST","6294653971","Shipping Services","113-2613933-3234653","","Shipping Label Purchased through Amazon","","","Standard Orders","","","","","","0","0","0","0","0","0","0","0","0","0","0","0","0","0","-4.68","-4.68"
"Feb 16, 2017 12:40:17 PM PST","6294653971","Order","113-1360733-9777841","KD-JYY3-7NCA","Anna Sui Forbidden Affair Eau de Toilette Spray for Women, 2.5 Ounce","1","amazon.com","Standard Orders","Seller","HOLLOMAN AIR FORCE BASE","NM","88330-8511","","29.08","0","5.15","0","0","0","0","0","0","0","0","-5.13","0","0","0","29.10"
"Feb 16, 2017 12:40:35 PM PST","6294653971","Shipping Services","113-1360733-9777841","","Shipping Label Purchased through Amazon","","","Standard Orders","","","","","","0","0","0","0","0","0","0","0","0","0","0","0","0","0","-4.11","-4.11"
"Feb 16, 2017 12:42:12 PM PST","6294653971","Order","113-0827217-7443445","Z6-X387-P4ON","Yves Saint Laurent Baby Doll women perfume by Yves Saint Laurent Eau De Toilette Spray 3.3 oz","1","amazon.com","Standard Orders","Seller","KILLEN","AL","35645-8541","","111.50","0","5.19","0","0","0","0","0","0","0","0","-17.50","0","0","0","99.19"
"Feb 16, 2017 12:42:29 PM PST","6294653971","Shipping Services","113-0827217-7443445","","Shipping Label Purchased through Amazon","","","Standard Orders","","","","","","0","0","0","0","0","0","0","0","0","0","0","0","0","0","-4.85","-4.85"
"Feb 16, 2017 12:43:44 PM PST","6294653971","Order","111-1880666-4757842","1O-YSQR-VEK9","1 Million Fragrance By Paco Rabanne 3pc Travel Edition Gift Set . 3.4 Fl.Oz. Eau De Toilette Spray + 3.4 S/G Men+15ml spray Mini For Men","1","amazon.com","Standard Orders","Seller","ORLAND PARK","IL","60462-7706","","79.40","0","8.99","0","0","0","0","0","0","0","0","-13.26","0","0","0","75.13"
"Feb 16, 2017 12:44:01 PM PST","6294653971","Shipping Services","111-1880666-4757842","","Shipping Label Purchased through Amazon","","","Standard Orders","","","","","","0","0","0","0","0","0","0","0","0","0","0","0","0","0","-6.70","-6.70"
"Feb 16, 2017 12:45:29 PM PST","6294653971","Order","109-8188144-9205814","2L-YX0W-CS37","Johan B Merveille Eau De Parfum Spray for Women, 3.4 Ounce","1","amazon.com","Standard Orders","Seller","Shelby","AL","35143","","15.00","0","5.34","0","0","0","0","0","0","0","0","-3.05","0","0","0","17.29"
"Feb 16, 2017 12:45:47 PM PST","6294653971","Shipping Services","109-8188144-9205814","","Shipping Label Purchased through Amazon","","","Standard Orders","","","","","","0","0","0","0","0","0","0","0","0","0","0","0","0","0","-4.39","-4.39"
"Feb 16, 2017 12:46:54 PM PST","6294653971","Order","109-6690678-2734659","E3-KN4I-A54V","Women's Safari by Ralph Lauren Eau de Parfum Spray - 2.5 oz by RBS","1","amazon.com","Standard Orders","Seller","Pacheco","Ca","94553","","52.14","0","4.49","0","0","0","0","0","0","0","0","-8.49","0","0","0","48.14"
"Feb 16, 2017 12:47:13 PM PST","6294653971","Shipping Services","109-6690678-2734659","","Shipping Label Purchased through Amazon","","","Standard Orders","","","","","","0","0","0","0","0","0","0","0","0","0","0","0","0","0","-3.98","-3.98"
"Feb 16, 2017 12:49:38 PM PST","6294653971","Order","107-6486840-5259442","W0-88Z2-COX9","Elizabeth Taylor 4 Piece White Diamonds Fragrance Gift Set for Women","1","amazon.com","Standard Orders","Seller","SILVER SPRING","MD","20903-2543","","36.99","0","6.49","0","0","0","0","0","0","0","0","-6.52","0","0","0","36.96"
"Feb 16, 2017 12:49:55 PM PST","6294653971","Shipping Services","107-6486840-5259442","","Shipping Label Purchased through Amazon","","","Standard Orders","","","","","","0","0","0","0","0","0","0","0","0","0","0","0","0","0","-6.70","-6.70"
"Feb 16, 2017 12:51:05 PM PST","6294653971","Order","106-6150940-0730638","WR-AM4A-Y6QY","Paco Rabanne Invictus by Paco Rabanne Edt Spray 3.4 oz for Men","1","amazon.com","Standard Orders","Seller","MIAMI","FL","33191-1501","","58.51","0","5.37","0","0","0","0","0","0","0","0","-9.58","0","0","0","54.30"
"Feb 16, 2017 12:51:23 PM PST","6294653971","Shipping Services","106-6150940-0730638","","Shipping Label Purchased through Amazon","","","Standard Orders","","","","","","0","0","0","0","0","0","0","0","0","0","0","0","0","0","-4.68","-4.68"
"Feb 16, 2017 12:53:13 PM PST","6294653971","Order","106-3418543-6380244","KG-EP0K-7LTJ","Jus De Amour for Women","1","amazon.com","Standard Orders","Seller","JAMAICA","NY","11434-5035","","8.90","0","5.34","0","0","0","0","0","0","0","0","-2.14","0","0","0","12.10"
"Feb 16, 2017 12:53:31 PM PST","6294653971","Shipping Services","106-3418543-6380244","","Shipping Label Purchased through Amazon","","","Standard Orders","","","","","","0","0","0","0","0","0","0","0","0","0","0","0","0","0","-4.53","-4.53"
"Feb 16, 2017 12:54:35 PM PST","6294653971","Order","104-7358234-3748256","KG-EP0K-7LTJ","Jus De Amour for Women","1","amazon.com","Standard Orders","Seller","EAST LANSING","MI","48823-6148","","8.90","0","5.34","0","0","0","0","0","0","0","0","-2.14","0","0","0","12.10"
"Feb 16, 2017 12:54:53 PM PST","6294653971","Shipping Services","104-7358234-3748256","","Shipping Label Purchased through Amazon","","","Standard Orders","","","","","","0","0","0","0","0","0","0","0","0","0","0","0","0","0","-4.53","-4.53"
"Feb 16, 2017 12:56:07 PM PST","6294653971","Order","104-5118060-1541053","KG-EP0K-7LTJ","Jus De Amour for Women","1","amazon.com","Standard Orders","Seller","CHICAGO","IL","60623-4208","","8.90","0","5.34","0","0","0","0","0","0","0","0","-2.14","0","0","0","12.10"
"Feb 16, 2017 12:56:26 PM PST","6294653971","Shipping Services","104-5118060-1541053","","Shipping Label Purchased through Amazon","","","Standard Orders","","","","","","0","0","0","0","0","0","0","0","0","0","0","0","0","0","-4.53","-4.53"
"Feb 16, 2017 12:58:23 PM PST","6294653971","Order","104-0614355-6750607","M8-4S0C-5VF4","Bvlgari Blv Ii Eau de Parfum Spray for Women, 2.5 Ounce","1","amazon.com","Standard Orders","Seller","Miami","Florida","33126","","43.89","0","5.69","0","0","0","0","0","0","0","0","-7.44","0","0","0","42.14"
"Feb 16, 2017 12:58:42 PM PST","6294653971","Shipping Services","104-0614355-6750607","","Shipping Label Purchased through Amazon","","","Standard Orders","","","","","","0","0","0","0","0","0","0","0","0","0","0","0","0","0","-4.53","-4.53"
"Feb 16, 2017 1:00:15 PM PST","6294653971","Order","115-3439413-2293011","96-87LJ-NVG6","Jessica Simpson Fancy Love Eau de Parfum Spray for Women, 3.4 Fluid Ounce","1","amazon.com","Standard Orders","Seller","CORTLANDT MANOR","NEW YORK","10567-6708","","27.00","0","5.34","0","0","0","0","0","0","0","0","-4.85","0","0","0","27.49"
"Feb 16, 2017 1:00:34 PM PST","6294653971","Shipping Services","115-3439413-2293011","","Shipping Label Purchased through Amazon","","","Standard Orders","","","","","","0","0","0","0","0","0","0","0","0","0","0","0","0","0","-4.53","-4.53"
"Feb 16, 2017 1:01:50 PM PST","6294653971","Order","113-9527053-0453004","IJ-KEN6-GAXI","InternetFragrance] DÓLCE GÁBBANA Intenso Eau De Parfum Spray for Men, 4.2 Fluid Ounce by (InternetFragrance)","1","amazon.com","Standard Orders","Seller","LAS VEGAS","NV","89102-0615","","46.94","0","4.49","0","0","0","0","0","0","0","0","-7.71","0","0","0","43.72"
"Feb 16, 2017 1:02:09 PM PST","6294653971","Shipping Services","113-9527053-0453004","","Shipping Label Purchased through Amazon","","","Standard Orders","","","","","","0","0","0","0","0","0","0","0","0","0","0","0","0","0","-4.53","-4.53"
"Feb 16, 2017 1:03:10 PM PST","6294653971","Order","113-7025987-3591430","XO-M4OA-HKPK","Ed Hardy for Women 3.4 oz EDP Spray","1","amazon.com","Standard Orders","Seller","MIAMI","FL","33166-2309","","26.00","0","5.37","0","0","0","0","0","0","0","0","-4.71","0","0","0","26.66"
"Feb 16, 2017 1:03:26 PM PST","6294653971","Shipping Services","113-7025987-3591430","","Shipping Label Purchased through Amazon","","","Standard Orders","","","","","","0","0","0","0","0","0","0","0","0","0","0","0","0","0","-4.53","-4.53"
"Feb 16, 2017 1:04:58 PM PST","6294653971","Order","112-3014060-2461067","96-87LJ-NVG6","Jessica Simpson Fancy Love Eau de Parfum Spray for Women, 3.4 Fluid Ounce","1","amazon.com","Standard Orders","Seller","SAN FRANCISCO","CA","94123-3201","","27.00","0","5.34","0","0","0","0","0","0","0","0","-4.85","0","0","0","27.49"
"Feb 16, 2017 1:05:16 PM PST","6294653971","Shipping Services","112-3014060-2461067","","Shipping Label Purchased through Amazon","","","Standard Orders","","","","","","0","0","0","0","0","0","0","0","0","0","0","0","0","0","-4.53","-4.53"
"Feb 16, 2017 1:07:03 PM PST","6294653971","Order","108-6295475-0217844","96-87LJ-NVG6","Jessica Simpson Fancy Love Eau de Parfum Spray for Women, 3.4 Fluid Ounce","1","amazon.com","Standard Orders","Seller","CORAL SPRINGS","FL","33076","","26.00","0","5.34","0","0","0","0","0","0","0","0","-4.70","0","0","0","26.64"
"Feb 16, 2017 1:07:20 PM PST","6294653971","Shipping Services","108-6295475-0217844","","Shipping Label Purchased through Amazon","","","Standard Orders","","","","","","0","0","0","0","0","0","0","0","0","0","0","0","0","0","-4.53","-4.53"
"Feb 16, 2017 1:08:32 PM PST","6294653971","Order","106-8066907-0176218","JR-XXLL-R0UZ","NAUTICA BLUE by Nautica 3.4 Ounce / 100 ml Eau de Toilette Men Cologne Spray","1","amazon.com","Standard Orders","Seller","SAN ANTONIO","TX","78217-5667","","10.24","0","4.54","0","0","0","0","0","0","0","0","-2.22","0","0","0","12.56"
"Feb 16, 2017 1:08:50 PM PST","6294653971","Shipping Services","106-8066907-0176218","","Shipping Label Purchased through Amazon","","","Standard Orders","","","","","","0","0","0","0","0","0","0","0","0","0","0","0","0","0","-4.11","-4.11"
"Feb 16, 2017 1:10:12 PM PST","6294653971","Order","103-9762241-5701863","T4-K0CD-XXLJ","Parfums Chloe Eau de Parfum Spray for Women, See, 2.5 Ounce","1","amazon.com","Standard Orders","Seller","FROHNA","MO","63748-9060","","59.31","0","5.33","0","0","0","0","0","0","0","0","-9.70","0","0","0","54.94"
"Feb 16, 2017 1:10:30 PM PST","6294653971","Shipping Services","103-9762241-5701863","","Shipping Label Purchased through Amazon","","","Standard Orders","","","","","","0","0","0","0","0","0","0","0","0","0","0","0","0","0","-4.54","-4.54"
"Feb 16, 2017 1:12:28 PM PST","6294653971","Order","103-9122664-5746616","DE-DIB0-KEZR","Paris Hilton Sheer By Paris Hilton For Women Eau De Parfum Spray, 1.7-Ounce","1","amazon.com","Standard Orders","Seller","Spokane Valley","Washington","99037","","21.59","0","4.89","0","0","0","0","0","0","0","0","-3.97","0","0","0","22.51"
"Feb 16, 2017 1:12:46 PM PST","6294653971","Shipping Services","103-9122664-5746616","","Shipping Label Purchased through Amazon","","","Standard Orders","","","","","","0","0","0","0","0","0","0","0","0","0","0","0","0","0","-3.14","-3.14"
"Feb 16, 2017 1:15:15 PM PST","6294653971","Order","104-6872006-0627441","VH-EQQ1-0YO5","NAUTICA CLASSIC by Nautica 3.4 Ounce / 100 ml Eau de Toilette Men Cologne Spray","4","amazon.com","Standard Orders","Seller","HOUSTON","Tx","77004","","41.28","0","4.69","0","0","0","0","0","0","0","0","-6.88","0","0","0","39.09"
"Feb 16, 2017 1:15:33 PM PST","6294653971","Shipping Services","104-6872006-0627441","","Shipping Label Purchased through Amazon","","","Standard Orders","","","","","","0","0","0","0","0","0","0","0","0","0","0","0","0","0","-6.55","-6.55"
"Feb 16, 2017 1:49:27 PM PST","6294653971","Order","111-7769457-0737843","1O-YSQR-VEK9","1 Million Fragrance By Paco Rabanne 3pc Travel Edition Gift Set . 3.4 Fl.Oz. Eau De Toilette Spray + 3.4 S/G Men+15ml spray Mini For Men","1","amazon.com","Standard Orders","Seller","Newburgh","NY","12550","","79.40","0","4.49","0","0","0","0","0","0","0","0","-12.58","0","0","0","71.31"
"Feb 16, 2017 1:49:46 PM PST","6294653971","Shipping Services","111-7769457-0737843","","Shipping Label Purchased through Amazon","","","Standard Orders","","","","","","0","0","0","0","0","0","0","0","0","0","0","0","0","0","-6.20","-6.20"
"Feb 16, 2017 1:55:29 PM PST","6294653971","Order","113-8284845-3753843","DT-GQQP-NJQJ","Thé Oné 3.4oz Eau De Parfum Sprày MéN by Dolcé ànd Gàbbànà","1","amazon.com","Standard Orders","Seller","ASTORIA","NY","11102-2222","","76.63","0","23.00","0","0","0","0","0","0","0","0","-14.94","0","0","0","84.69"
"Feb 16, 2017 1:55:47 PM PST","6294653971","Shipping Services","113-8284845-3753843","","Shipping Label Purchased through Amazon","","","Standard Orders","","","","","","0","0","0","0","0","0","0","0","0","0","0","0","0","0","-6.20","-6.20"
"Feb 16, 2017 1:57:02 PM PST","6294653971","Order","105-8570999-1007400","DT-GQQP-NJQJ","Thé Oné 3.4oz Eau De Parfum Sprày MéN by Dolcé ànd Gàbbànà","1","amazon.com","Standard Orders","Seller","OZONE PARK","NY","11417-1820","","76.63","0","4.49","0","0","0","0","0","0","0","0","-12.17","0","0","0","68.95"
"Feb 16, 2017 1:57:20 PM PST","6294653971","Shipping Services","105-8570999-1007400","","Shipping Label Purchased through Amazon","","","Standard Orders","","","","","","0","0","0","0","0","0","0","0","0","0","0","0","0","0","-6.20","-6.20"
"Feb 16, 2017 1:58:53 PM PST","6294653971","Order","002-1759634-7588208","DT-GQQP-NJQJ","Thé Oné 3.4oz Eau De Parfum Sprày MéN by Dolcé ànd Gàbbànà","1","amazon.com","Standard Orders","Seller","MEADOW VISTA","CA","95722-9596","","76.63","0","4.49","0","0","0","0","0","0","0","0","-12.17","0","0","0","68.95"
"Feb 16, 2017 1:59:11 PM PST","6294653971","Shipping Services","002-1759634-7588208","","Shipping Label Purchased through Amazon","","","Standard Orders","","","","","","0","0","0","0","0","0","0","0","0","0","0","0","0","0","-6.20","-6.20"
"Feb 16, 2017 2:02:42 PM PST","6294653971","Order","102-2588912-7198644","96-87LJ-NVG6","Jessica Simpson Fancy Love Eau de Parfum Spray for Women, 3.4 Fluid Ounce","1","amazon.com","Standard Orders","Seller","philadelphia","pa","19135","","26.00","0","10.27","0","0","0","0","0","0","0","0","-5.44","0","0","0","30.83"
"Feb 16, 2017 2:03:01 PM PST","6294653971","Shipping Services","102-2588912-7198644","","Shipping Label Purchased through Amazon","","","Standard Orders","","","","","","0","0","0","0","0","0","0","0","0","0","0","0","0","0","-4.53","-4.53"
"Feb 17, 2017 12:36:17 PM PST","6295405111","Order","113-2726983-2289849","E3-KN4I-A54V","Women's Safari by Ralph Lauren Eau de Parfum Spray - 2.5 oz by RBS","1","amazon.com","Standard Orders","Seller","TYLER","TX","75701-5424","","52.14","0","23.00","0","0","0","0","0","0","0","0","-11.27","0","0","0","63.87"
"Feb 17, 2017 12:36:33 PM PST","6295405111","Shipping Services","113-2726983-2289849","","Shipping Label Purchased through Amazon","","","Standard Orders","","","","","","0","0","0","0","0","0","0","0","0","0","0","0","0","0","-6.20","-6.20"
"Feb 17, 2017 12:48:44 PM PST","6295405111","Order","112-2600889-9026611","IO-HZ2V-OAW9","Viktor & Rolf Flowerbomb Eau De Parfum 100ml / 3.4 Oz","1","amazon.com","Standard Orders","Seller","SAINT JOSEPH","MO","64507-1656","","111.53","0","4.55","0","0","0","0","0","0","0","0","-17.41","0","0","0","98.67"
"Feb 17, 2017 12:49:01 PM PST","6295405111","Shipping Services","112-2600889-9026611","","Shipping Label Purchased through Amazon","","","Standard Orders","","","","","","0","0","0","0","0","0","0","0","0","0","0","0","0","0","-7.15","-7.15"
"Feb 17, 2017 12:50:36 PM PST","6295405111","Order","111-7344264-4775404","96-87LJ-NVG6","Jessica Simpson Fancy Love Eau de Parfum Spray for Women, 3.4 Fluid Ounce","1","amazon.com","Standard Orders","Seller","GRANADA HILLS","CA","91344-5332","","26.00","0","5.34","0","0","0","0","0","0","0","0","-4.70","0","0","0","26.64"
"Feb 17, 2017 12:50:54 PM PST","6295405111","Shipping Services","111-7344264-4775404","","Shipping Label Purchased through Amazon","","","Standard Orders","","","","","","0","0","0","0","0","0","0","0","0","0","0","0","0","0","-4.53","-4.53"
"Feb 17, 2017 12:52:40 PM PST","6295405111","Order","107-7826230-4676233","B0-T22T-R2PB","Kenneth Cole Reaction By Kenneth Cole Eau De Toilette Spray 3.4 Oz Men","1","amazon.com","Standard Orders","Seller","SALINAS","CALIFORNIA","93906-2732","","31.60","0","5.34","0","0","0","0","0","0","0","0","-5.54","0","0","0","31.40"
"Feb 17, 2017 12:52:59 PM PST","6295405111","Shipping Services","107-7826230-4676233","","Shipping Label Purchased through Amazon","","","Standard Orders","","","","","","0","0","0","0","0","0","0","0","0","0","0","0","0","0","-4.39","-4.39"
"Feb 17, 2017 12:54:02 PM PST","6295405111","Order","107-5681670-3122631","1O-YSQR-VEK9","1 Million Fragrance By Paco Rabanne 3pc Travel Edition Gift Set . 3.4 Fl.Oz. Eau De Toilette Spray + 3.4 S/G Men+15ml spray Mini For Men","1","amazon.com","Standard Orders","Seller","Miami","Florida","33195-6407","","79.40","0","4.49","0","0","0","0","0","0","0","0","-12.58","0","0","0","71.31"
"Feb 17, 2017 12:54:18 PM PST","6295405111","Shipping Services","107-5681670-3122631","","Shipping Label Purchased through Amazon","","","Standard Orders","","","","","","0","0","0","0","0","0","0","0","0","0","0","0","0","0","-6.70","-6.70"
"Feb 17, 2017 12:56:08 PM PST","6295405111","Order","106-9839396-3810663","DE-DIB0-KEZR","Paris Hilton Sheer By Paris Hilton For Women Eau De Parfum Spray, 1.7-Ounce","1","amazon.com","Standard Orders","Seller","PHILADELPHIA","PA","19120-1412","","21.59","0","4.89","0","0","0","0","0","0","0","0","-3.97","0","0","0","22.51"
"Feb 17, 2017 12:56:27 PM PST","6295405111","Shipping Services","106-9839396-3810663","","Shipping Label Purchased through Amazon","","","Standard Orders","","","","","","0","0","0","0","0","0","0","0","0","0","0","0","0","0","-3.14","-3.14"
"Feb 17, 2017 12:57:23 PM PST","6295405111","Order","106-5745448-4603424","B0-T22T-R2PB","Kenneth Cole Reaction By Kenneth Cole Eau De Toilette Spray 3.4 Oz Men","1","amazon.com","Standard Orders","Seller","HUNTINGTON BEACH","CA","92646-2013","","31.29","0","5.34","0","0","0","0","0","0","0","0","-5.49","0","0","0","31.14"
"Feb 17, 2017 12:57:39 PM PST","6295405111","Shipping Services","106-5745448-4603424","","Shipping Label Purchased through Amazon","","","Standard Orders","","","","","","0","0","0","0","0","0","0","0","0","0","0","0","0","0","-4.39","-4.39"
"Feb 17, 2017 12:59:13 PM PST","6295405111","Order","106-0191586-6146662","WV-00CM-6N23","White Linen by Estee Lauder For Women. Eau De Parfum Spray 3-Ounces","1","amazon.com","Standard Orders","Seller","BRENTWOOD","CA","94513-6955","","77.71","0","5.04","0","0","0","0","0","0","0","0","-12.41","0","0","0","70.34"
"Feb 17, 2017 12:59:31 PM PST","6295405111","Shipping Services","106-0191586-6146662","","Shipping Label Purchased through Amazon","","","Standard Orders","","","","","","0","0","0","0","0","0","0","0","0","0","0","0","0","0","-4.26","-4.26"
"Feb 17, 2017 1:01:53 PM PST","6295405111","Order","105-7342054-9760236","Y8-47ZI-IQRV","Liz Claiborne Women's Mambo 3-Piece Gift Set","1","amazon.com","Standard Orders","Seller","EL CAJON","CA","92020-4294","","20.75","0","6.14","0","0","0","0","0","0","0","0","-4.03","0","0","0","22.86"
"Feb 17, 2017 1:02:10 PM PST","6295405111","Shipping Services","105-7342054-9760236","","Shipping Label Purchased through Amazon","","","Standard Orders","","","","","","0","0","0","0","0","0","0","0","0","0","0","0","0","0","-7.34","-7.34"
"Feb 17, 2017 1:03:11 PM PST","6295405111","Order","105-1123838-4284211","DE-DIB0-KEZR","Paris Hilton Sheer By Paris Hilton For Women Eau De Parfum Spray, 1.7-Ounce","1","amazon.com","Standard Orders","Seller","North Charleston","SC","29406","","21.59","0","4.89","0","0","0","0","0","0","0","0","-3.97","0","0","0","22.51"
"Feb 17, 2017 1:03:30 PM PST","6295405111","Shipping Services","105-1123838-4284211","","Shipping Label Purchased through Amazon","","","Standard Orders","","","","","","0","0","0","0","0","0","0","0","0","0","0","0","0","0","-3.14","-3.14"
"Feb 17, 2017 1:04:34 PM PST","6295405111","Order","102-9614620-7494619","WR-AM4A-Y6QY","Paco Rabanne Invictus by Paco Rabanne Edt Spray 3.4 oz for Men","1","amazon.com","Standard Orders","Seller","BRONX","NY","10457-8949","","58.51","0","5.37","0","0","0","0","0","0","0","0","-9.58","0","0","0","54.30"
"Feb 17, 2017 1:04:50 PM PST","6295405111","Shipping Services","102-9614620-7494619","","Shipping Label Purchased through Amazon","","","Standard Orders","","","","","","0","0","0","0","0","0","0","0","0","0","0","0","0","0","-4.68","-4.68"
"Feb 17, 2017 1:06:14 PM PST","6295405111","Order","116-5726040-6917832","DT-GQQP-NJQJ","Thé Oné 3.4oz Eau De Parfum Sprày MéN by Dolcé ànd Gàbbànà","1","amazon.com","Standard Orders","Seller","newton","New Jersey","07860","","79.52","0","4.49","0","0","0","0","0","0","0","0","-12.60","0","0","0","71.41"
"Feb 17, 2017 1:06:32 PM PST","6295405111","Shipping Services","116-5726040-6917832","","Shipping Label Purchased through Amazon","","","Standard Orders","","","","","","0","0","0","0","0","0","0","0","0","0","0","0","0","0","-6.20","-6.20"
"Feb 17, 2017 1:08:41 PM PST","6295405111","Order","113-3192571-8620203","DT-GQQP-NJQJ","Thé Oné 3.4oz Eau De Parfum Sprày MéN by Dolcé ànd Gàbbànà","1","amazon.com","Standard Orders","Seller","MIDDLETOWN","OH","45042-2401","","79.45","0","8.99","0","0","0","0","0","0","0","0","-13.27","0","0","0","75.17"
"Feb 17, 2017 1:08:59 PM PST","6295405111","Shipping Services","113-3192571-8620203","","Shipping Label Purchased through Amazon","","","Standard Orders","","","","","","0","0","0","0","0","0","0","0","0","0","0","0","0","0","-6.20","-6.20"
"Feb 17, 2017 1:11:16 PM PST","6295405111","Order","109-9868304-9732223","O0-MYX1-BO3A","CH.DIOR PURE POISON EDP SPRAY 3.4 OZ FRGLDY","1","amazon.com","Standard Orders","Seller","GROVES","TEXAS","77619-4117","","88.03","0","10.04","0","0","0","0","0","0","0","0","-14.71","0","0","0","83.36"
"Feb 17, 2017 1:11:32 PM PST","6295405111","Shipping Services","109-9868304-9732223","","Shipping Label Purchased through Amazon","","","Standard Orders","","","","","","0","0","0","0","0","0","0","0","0","0","0","0","0","0","-6.20","-6.20"
"Feb 17, 2017 1:13:37 PM PST","6295405111","Order","108-3819998-4217040","96-87LJ-NVG6","Jessica Simpson Fancy Love Eau de Parfum Spray for Women, 3.4 Fluid Ounce","1","amazon.com","Standard Orders","Seller","KELLER","TX","76248-3543","","26.00","0","5.34","0","0","0","0","0","0","0","0","-4.70","0","0","0","26.64"
"Feb 17, 2017 1:13:55 PM PST","6295405111","Shipping Services","108-3819998-4217040","","Shipping Label Purchased through Amazon","","","Standard Orders","","","","","","0","0","0","0","0","0","0","0","0","0","0","0","0","0","-4.53","-4.53"
"Feb 17, 2017 1:15:36 PM PST","6295405111","Order","105-3177681-2743447","DT-GQQP-NJQJ","Thé Oné 3.4oz Eau De Parfum Sprày MéN by Dolcé ànd Gàbbànà","1","amazon.com","Standard Orders","Seller","MIRAMAR","FL","33023-5171","","79.45","0","8.99","0","0","0","0","0","0","0","0","-13.27","0","0","0","75.17"
"Feb 17, 2017 1:15:53 PM PST","6295405111","Shipping Services","105-3177681-2743447","","Shipping Label Purchased through Amazon","","","Standard Orders","","","","","","0","0","0","0","0","0","0","0","0","0","0","0","0","0","-6.20","-6.20"
"Feb 17, 2017 1:17:07 PM PST","6295405111","Order","106-7757459-4050601","96-87LJ-NVG6","Jessica Simpson Fancy Love Eau de Parfum Spray for Women, 3.4 Fluid Ounce","1","amazon.com","Standard Orders","Seller","SPRINGWATER","NY","14560-9726","","26.00","0","5.34","0","0","0","0","0","0","0","0","-4.70","0","0","0","26.64"
"Feb 17, 2017 1:17:24 PM PST","6295405111","Shipping Services","106-7757459-4050601","","Shipping Label Purchased through Amazon","","","Standard Orders","","","","","","0","0","0","0","0","0","0","0","0","0","0","0","0","0","-4.53","-4.53"
"Feb 17, 2017 1:18:46 PM PST","6295405111","Order","105-2086180-7691458","WR-AM4A-Y6QY","Paco Rabanne Invictus by Paco Rabanne Edt Spray 3.4 oz for Men","1","amazon.com","Standard Orders","Seller","PROVIDENCE VILLAGE","TX","76227-1315","","58.51","0","5.37","0","0","0","0","0","0","0","0","-9.58","0","0","0","54.30"
"Feb 17, 2017 1:19:05 PM PST","6295405111","Shipping Services","105-2086180-7691458","","Shipping Label Purchased through Amazon","","","Standard Orders","","","","","","0","0","0","0","0","0","0","0","0","0","0","0","0","0","-4.68","-4.68"
"Feb 17, 2017 1:20:31 PM PST","6295405111","Order","104-5803103-2877843","C2-QMD3-7JY4","Lady Million by Paco Rabanne Women's Eau De Parfum Spray 2.7 oz - 100% Authentic","1","amazon.com","Standard Orders","Seller","Atwater","CA","95301-4268","","58.18","0","5.49","0","0","0","0","0","0","0","0","-9.55","0","0","0","54.12"
"Feb 17, 2017 1:20:49 PM PST","6295405111","Shipping Services","104-5803103-2877843","","Shipping Label Purchased through Amazon","","","Standard Orders","","","","","","0","0","0","0","0","0","0","0","0","0","0","0","0","0","-4.26","-4.26"
"Feb 17, 2017 1:22:19 PM PST","6295405111","Order","102-6569270-8731407","96-87LJ-NVG6","Jessica Simpson Fancy Love Eau de Parfum Spray for Women, 3.4 Fluid Ounce","2","amazon.com","Standard Orders","Seller","MORGANVILLE","NJ","07751-4072","","52.00","0","6.19","0","0","0","0","0","0","0","0","-8.74","0","0","0","49.45"
"Feb 17, 2017 1:22:38 PM PST","6295405111","Shipping Services","102-6569270-8731407","","Shipping Label Purchased through Amazon","","","Standard Orders","","","","","","0","0","0","0","0","0","0","0","0","0","0","0","0","0","-6.20","-6.20"
"Feb 17, 2017 1:24:07 PM PST","6295405111","Order","102-5028379-5417019","96-87LJ-NVG6","Jessica Simpson Fancy Love Eau de Parfum Spray for Women, 3.4 Fluid Ounce","1","amazon.com","Standard Orders","Seller","GENEVA","OH","44041-1944","","26.00","0","5.34","0","0","0","0","0","0","0","0","-4.70","0","0","0","26.64"
"Feb 17, 2017 1:24:25 PM PST","6295405111","Shipping Services","102-5028379-5417019","","Shipping Label Purchased through Amazon","","","Standard Orders","","","","","","0","0","0","0","0","0","0","0","0","0","0","0","0","0","-4.53","-4.53"
"Feb 17, 2017 1:33:06 PM PST","6295405111","Order","111-4298314-6065049","AZ-P8G8-8YEZ","Jennifer Lopez Deseo By Jennifer Lopez For Women. Eau De Parfum Spray 1.7-Ounces","1","amazon.com","Standard Orders","Seller","NEW LONDON","CT","06320-4637","","22.01","0","24.47","0","0","0","0","0","0","0","0","-6.97","0","0","0","39.51"
"Feb 17, 2017 1:33:24 PM PST","6295405111","Shipping Services","111-4298314-6065049","","Shipping Label Purchased through Amazon","","","Standard Orders","","","","","","0","0","0","0","0","0","0","0","0","0","0","0","0","0","-6.05","-6.05"
"Feb 17, 2017 1:35:49 PM PST","6295405111","Order","111-3608671-2356260","N6-T97C-HZ2W","INSURRECTION by Reyane Tradition Men's Eau De Toilette Spray 3.4 oz - 100% Authentic","1","amazon.com","Standard Orders","Seller","SEAFORD","DE","19973-2731","","16.00","0","5.49","0","0","0","0","0","0","0","0","-3.22","0","0","0","18.27"
"Feb 17, 2017 1:36:09 PM PST","6295405111","Shipping Services","111-3608671-2356260","","Shipping Label Purchased through Amazon","","","Standard Orders","","","","","","0","0","0","0","0","0","0","0","0","0","0","0","0","0","-6.05","-6.05"
"Feb 17, 2017 1:43:23 PM PST","6295405111","Order","108-0371994-5478659","DE-DIB0-KEZR","Paris Hilton Sheer By Paris Hilton For Women Eau De Parfum Spray, 1.7-Ounce","1","amazon.com","Standard Orders","Seller","PASADENA","TX","77502-3140","","21.59","0","4.89","0","0","0","0","0","0","0","0","-3.97","0","0","0","22.51"
"Feb 17, 2017 1:43:41 PM PST","6295405111","Shipping Services","108-0371994-5478659","","Shipping Label Purchased through Amazon","","","Standard Orders","","","","","","0","0","0","0","0","0","0","0","0","0","0","0","0","0","-3.14","-3.14"
"Feb 20, 2017 10:37:03 AM PST","6296763221","Order","104-8014157-9488230","T4-K0CD-XXLJ","Parfums Chloe Eau de Parfum Spray for Women, See, 2.5 Ounce","1","amazon.com","Standard Orders","Seller","TAMPA","FL","33647-2958","","63.36","0","25.52","0","0","0","0","0","0","0","0","-13.33","0","0","0","75.55"
"Feb 20, 2017 10:37:21 AM PST","6296763221","Shipping Services","104-8014157-9488230","","Shipping Label Purchased through Amazon","","","Standard Orders","","","","","","0","0","0","0","0","0","0","0","0","0","0","0","0","0","-21.63","-21.63"
"Feb 20, 2017 10:39:05 AM PST","6296763221","Order","116-9075653-4953827","DE-DIB0-KEZR","Paris Hilton Sheer By Paris Hilton For Women Eau De Parfum Spray, 1.7-Ounce","1","amazon.com","Standard Orders","Seller","LOS ANGELES","CA","90003-3027","","18.00","0","4.89","0","0","0","0","0","0","0","0","-1.44","0","0","0","21.45"
"Feb 20, 2017 10:39:23 AM PST","6296763221","Shipping Services","116-9075653-4953827","","Shipping Label Purchased through Amazon","","","Standard Orders","","","","","","0","0","0","0","0","0","0","0","0","0","0","0","0","0","-3.14","-3.14"
"Feb 20, 2017 10:43:00 AM PST","6296763221","Order","116-7110006-9822600","BF-2O4Q-JYRE","Paco Rabanne 1 million Cologne for Men 6.8 oz Eau De Toilette Spray","1","amazon.com","Standard Orders","Seller","BRUNSWICK","OHIO","44212-3921","","87.57","0","4.49","0","0","0","0","0","0","0","0","-13.81","0","0","0","78.25"
"Feb 20, 2017 10:43:18 AM PST","6296763221","Shipping Services","116-7110006-9822600","","Shipping Label Purchased through Amazon","","","Standard Orders","","","","","","0","0","0","0","0","0","0","0","0","0","0","0","0","0","-6.20","-6.20"
"Feb 20, 2017 10:45:59 AM PST","6296763221","Order","116-6205864-2399429","5O-L8CN-X1ZE","Perry Ellis 18 Intense by Perry Ellis for Men - 3.4 Ounce EDT Spray","1","amazon.com","Standard Orders","Seller","ATLANTA","GA","30338-7912","","24.65","0","5.29","0","0","0","0","0","0","0","0","-4.49","0","0","0","25.45"
"Feb 20, 2017 10:46:17 AM PST","6296763221","Shipping Services","116-6205864-2399429","","Shipping Label Purchased through Amazon","","","Standard Orders","","","","","","0","0","0","0","0","0","0","0","0","0","0","0","0","0","-4.53","-4.53"
"Feb 20, 2017 10:49:24 AM PST","6296763221","Order","116-5262433-9367449","BF-2O4Q-JYRE","Paco Rabanne 1 million Cologne for Men 6.8 oz Eau De Toilette Spray","1","amazon.com","Standard Orders","Seller","MIAMI","FL","33130-4361","","87.97","0","4.49","0","0","0","0","0","0","0","0","-13.87","0","0","0","78.59"
"Feb 20, 2017 10:49:43 AM PST","6296763221","Shipping Services","116-5262433-9367449","","Shipping Label Purchased through Amazon","","","Standard Orders","","","","","","0","0","0","0","0","0","0","0","0","0","0","0","0","0","-6.20","-6.20"
"Feb 20, 2017 10:51:43 AM PST","6296763221","Order","116-0339589-4532218","WR-AM4A-Y6QY","Paco Rabanne Invictus by Paco Rabanne Edt Spray 3.4 oz for Men","1","amazon.com","Standard Orders","Seller","HOOSICK FALLS","NY","12090-5124","","58.47","0","5.37","0","0","0","0","0","0","0","0","-9.58","0","0","0","54.26"
"Feb 20, 2017 10:52:01 AM PST","6296763221","Shipping Services","116-0339589-4532218","","Shipping Label Purchased through Amazon","","","Standard Orders","","","","","","0","0","0","0","0","0","0","0","0","0","0","0","0","0","-4.68","-4.68"
"Feb 20, 2017 10:55:24 AM PST","6296763221","Order","115-1571536-2997062","DT-GQQP-NJQJ","Thé Oné 3.4oz Eau De Parfum Sprày MéN by Dolcé ànd Gàbbànà","1","amazon.com","Standard Orders","Seller","MURRIETA","CA","92563-8311","","78.67","0","4.49","0","0","0","0","0","0","0","0","-12.47","0","0","0","70.69"
"Feb 20, 2017 10:55:43 AM PST","6296763221","Shipping Services","115-1571536-2997062","","Shipping Label Purchased through Amazon","","","Standard Orders","","","","","","0","0","0","0","0","0","0","0","0","0","0","0","0","0","-6.20","-6.20"
"Feb 20, 2017 10:59:30 AM PST","6296763221","Order","114-4371734-5713012","85-P1QN-ARLP","Samsara By Guerlain For Women. Eau De Parfum Spray 3.4 Ounces","2","amazon.com","Standard Orders","Seller","Bethesda","MD","20814-1002","","118.40","0","5.73","0","0","0","0","0","0","0","0","-18.62","0","0","0","105.51"
"Feb 20, 2017 10:59:47 AM PST","6296763221","Shipping Services","114-4371734-5713012","","Shipping Label Purchased through Amazon","","","Standard Orders","","","","","","0","0","0","0","0","0","0","0","0","0","0","0","0","0","-6.65","-6.65"
"Feb 20, 2017 11:01:29 AM PST","6296763221","Order","114-5126966-2209811","FI-6L5M-3BSG","Bvlgari Men's BLV Pour Homme EDT Spray,Blue,3.4 oz","1","amazon.com","Standard Orders","Seller","BOCA RATON","FL","33432-5714","","30.00","0","5.54","0","0","0","0","0","0","0","0","-5.33","0","0","0","30.21"
"Feb 20, 2017 11:01:47 AM PST","6296763221","Shipping Services","114-5126966-2209811","","Shipping Label Purchased through Amazon","","","Standard Orders","","","","","","0","0","0","0","0","0","0","0","0","0","0","0","0","0","-4.53","-4.53"
"Feb 20, 2017 11:03:47 AM PST","6296763221","Order","114-1882311-0209052","96-87LJ-NVG6","Jessica Simpson Fancy Love Eau de Parfum Spray for Women, 3.4 Fluid Ounce","1","amazon.com","Standard Orders","Seller","ROCHESTER","NY","14609-5649","","26.00","0","5.34","0","0","0","0","0","0","0","0","-4.70","0","0","0","26.64"
"Feb 20, 2017 11:04:06 AM PST","6296763221","Shipping Services","114-1882311-0209052","","Shipping Label Purchased through Amazon","","","Standard Orders","","","","","","0","0","0","0","0","0","0","0","0","0","0","0","0","0","-4.53","-4.53"
"Feb 20, 2017 11:05:56 AM PST","6296763221","Order","113-9851813-6795445","96-87LJ-NVG6","Jessica Simpson Fancy Love Eau de Parfum Spray for Women, 3.4 Fluid Ounce","1","amazon.com","Standard Orders","Seller","ROCHESTER","NEW YORK","14626-2335","","26.00","0","5.34","0","0","0","0","0","0","0","0","-4.70","0","0","0","26.64"
"Feb 20, 2017 11:06:14 AM PST","6296763221","Shipping Services","113-9851813-6795445","","Shipping Label Purchased through Amazon","","","Standard Orders","","","","","","0","0","0","0","0","0","0","0","0","0","0","0","0","0","-4.53","-4.53"
"Feb 20, 2017 11:07:40 AM PST","6296763221","Order","113-9630308-4064262","5R-2LX9-BGJ3","Jessica Mcclintock 2 Piece Gift Set for Women","1","amazon.com","Standard Orders","Seller","ELLIJAY","GA","30540-5801","","59.75","0","6.19","0","0","0","0","0","0","0","0","-9.89","0","0","0","56.05"
"Feb 20, 2017 11:07:57 AM PST","6296763221","Shipping Services","113-9630308-4064262","","Shipping Label Purchased through Amazon","","","Standard Orders","","","","","","0","0","0","0","0","0","0","0","0","0","0","0","0","0","-6.70","-6.70"
"Feb 20, 2017 11:09:34 AM PST","6296763221","Order","113-8430993-3604212","U4-EDHU-XZ1V","Roberto Cavalli Nero Assoluto By Roberto Cavalli Eau De Parfum Spray 2.5 Oz","1","amazon.com","Standard Orders","Seller","CHICO","CA","95926-5126","","39.74","0","5.20","0","0","0","0","0","0","0","0","-6.74","0","0","0","38.20"
"Feb 20, 2017 11:09:52 AM PST","6296763221","Shipping Services","113-8430993-3604212","","Shipping Label Purchased through Amazon","","","Standard Orders","","","","","","0","0","0","0","0","0","0","0","0","0","0","0","0","0","-4.25","-4.25"
"Feb 20, 2017 11:12:13 AM PST","6296763221","Order","113-2465487-2689852","WR-AM4A-Y6QY","Paco Rabanne Invictus by Paco Rabanne Edt Spray 3.4 oz for Men","1","amazon.com","Standard Orders","Seller","SILVER SPRING","MD","20901-4523","","58.47","0","5.37","0","0","0","0","0","0","0","0","-9.58","0","0","0","54.26"
"Feb 20, 2017 11:12:30 AM PST","6296763221","Shipping Services","113-2465487-2689852","","Shipping Label Purchased through Amazon","","","Standard Orders","","","","","","0","0","0","0","0","0","0","0","0","0","0","0","0","0","-4.68","-4.68"
"Feb 20, 2017 11:14:58 AM PST","6296763221","Order","113-6232762-2954640","QX-WEGU-J8B7","Nicole Miller Frenzy Perfume Eau de Parfum Spray for Women, 3.4 Ounce","1","amazon.com","Standard Orders","Seller","CUPERTINO","CA","95014-2646","","60.39","0","5.34","0","0","0","0","0","0","0","0","-9.86","0","0","0","55.87"
"Feb 20, 2017 11:15:16 AM PST","6296763221","Shipping Services","113-6232762-2954640","","Shipping Label Purchased through Amazon","","","Standard Orders","","","","","","0","0","0","0","0","0","0","0","0","0","0","0","0","0","-4.68","-4.68"
"Feb 20, 2017 11:17:34 AM PST","6296763221","Order","112-5430001-7973006","DT-GQQP-NJQJ","Thé Oné 3.4oz Eau De Parfum Sprày MéN by Dolcé ànd Gàbbànà","1","amazon.com","Standard Orders","Seller","REDWOOD CITY","CA","94061-2607","","78.86","0","4.49","0","0","0","0","0","0","0","0","-12.50","0","0","0","70.85"
"Feb 20, 2017 11:17:52 AM PST","6296763221","Shipping Services","112-5430001-7973006","","Shipping Label Purchased through Amazon","","","Standard Orders","","","","","","0","0","0","0","0","0","0","0","0","0","0","0","0","0","-6.20","-6.20"
"Feb 20, 2017 11:19:20 AM PST","6296763221","Order","111-8300897-0954633","KF-2WDK-CCTQ","Narciso Rodriguez by Narciso Rodriguez for Him Men 3.3 oz Eau de Toilette Spray","1","amazon.com","Standard Orders","Seller","EAST WENATCHEE","WA","98802-5624","","56.68","0","5.64","0","0","0","0","0","0","0","0","-9.35","0","0","0","52.97"
"Feb 20, 2017 11:19:38 AM PST","6296763221","Shipping Services","111-8300897-0954633","","Shipping Label Purchased through Amazon","","","Standard Orders","","","","","","0","0","0","0","0","0","0","0","0","0","0","0","0","0","-4.68","-4.68"
"Feb 20, 2017 11:21:20 AM PST","6296763221","Order","111-7336170-3769015","WR-AM4A-Y6QY","Paco Rabanne Invictus by Paco Rabanne Edt Spray 3.4 oz for Men","1","amazon.com","Standard Orders","Seller","BESSEMER","AL","35023-2540","","58.47","0","5.37","0","0","0","0","0","0","0","0","-9.58","0","0","0","54.26"
"Feb 20, 2017 11:21:39 AM PST","6296763221","Shipping Services","111-7336170-3769015","","Shipping Label Purchased through Amazon","","","Standard Orders","","","","","","0","0","0","0","0","0","0","0","0","0","0","0","0","0","-4.68","-4.68"
"Feb 20, 2017 11:24:51 AM PST","6296763221","Order","111-2917544-7238640","M8-PEDR-E2QE","Clipsal 3.4 Fl. oz. Eau De Toilette Spray Men","1","amazon.com","Standard Orders","Seller","STAMFORD","CT","06902-5830","","9.50","0","4.99","0","0","0","0","0","0","0","0","-2.17","0","0","0","12.32"
"Feb 20, 2017 11:25:10 AM PST","6296763221","Shipping Services","111-2917544-7238640","","Shipping Label Purchased through Amazon","","","Standard Orders","","","","","","0","0","0","0","0","0","0","0","0","0","0","0","0","0","-4.53","-4.53"
"Feb 20, 2017 11:27:31 AM PST","6296763221","Order","111-1051320-6094624","JP-EA9F-MS6I","Bora Bora Liz Claiborne Cologne for Men 3.4 Oz New in Box","5","amazon.com","Standard Orders","Seller","Gurabo","Puerto Rico","00778","","102.45","0","4.49","0","0","0","0","0","0","0","0","-16.05","0","0","0","90.89"
"Feb 20, 2017 11:27:49 AM PST","6296763221","Shipping Services","111-1051320-6094624","","Shipping Label Purchased through Amazon","","","Standard Orders","","","","","","0","0","0","0","0","0","0","0","0","0","0","0","0","0","-7.15","-7.15"
"Feb 20, 2017 11:29:40 AM PST","6296763221","Order","111-0881102-3766625","T4-K0CD-XXLJ","Parfums Chloe Eau de Parfum Spray for Women, See, 2.5 Ounce","1","amazon.com","Standard Orders","Seller","DEARBORN","MI","48126-1692","","63.36","0","5.33","0","0","0","0","0","0","0","0","-10.30","0","0","0","58.39"
"Feb 20, 2017 11:29:59 AM PST","6296763221","Shipping Services","111-0881102-3766625","","Shipping Label Purchased through Amazon","","","Standard Orders","","","","","","0","0","0","0","0","0","0","0","0","0","0","0","0","0","-4.54","-4.54"
"Feb 20, 2017 11:31:32 AM PST","6296763221","Order","110-2324991-2597860","C7-YZYM-KUWG","Princess by Vera Wang Eau De Toilette Spray 1 oz (Women)","1","amazon.com","Standard Orders","Seller","PEORIA","IL","61615-9583","","49.74","0","5.49","0","0","0","0","0","0","0","0","-8.28","0","0","0","46.95"
"Feb 20, 2017 11:31:50 AM PST","6296763221","Shipping Services","110-2324991-2597860","","Shipping Label Purchased through Amazon","","","Standard Orders","","","","","","0","0","0","0","0","0","0","0","0","0","0","0","0","0","-3.83","-3.83"
"Feb 20, 2017 11:33:21 AM PST","6296763221","Order","109-5242932-2799449","96-87LJ-NVG6","Jessica Simpson Fancy Love Eau de Parfum Spray for Women, 3.4 Fluid Ounce","1","amazon.com","Standard Orders","Seller","WASHINGTON","NC","27889-3729","","26.00","0","5.34","0","0","0","0","0","0","0","0","-4.70","0","0","0","26.64"
"Feb 20, 2017 11:33:39 AM PST","6296763221","Shipping Services","109-5242932-2799449","","Shipping Label Purchased through Amazon","","","Standard Orders","","","","","","0","0","0","0","0","0","0","0","0","0","0","0","0","0","-4.53","-4.53"
"Feb 20, 2017 11:35:07 AM PST","6296763221","Order","109-4081496-1563447","BF-N7MD-D4X3","Perry Ellis 360 Eau de Toilette Spray Gift Set for Women, 3 Count","1","amazon.com","Standard Orders","Seller","PHILADELPHIA","PA","19116","","31.63","0","5.74","0","0","0","0","0","0","0","0","-5.61","0","0","0","31.76"
"Feb 20, 2017 11:35:23 AM PST","6296763221","Shipping Services","109-4081496-1563447","","Shipping Label Purchased through Amazon","","","Standard Orders","","","","","","0","0","0","0","0","0","0","0","0","0","0","0","0","0","-6.05","-6.05"
"Feb 20, 2017 11:38:11 AM PST","6296763221","Order","109-0617109-9165052","Z2-B78T-DNZS","Secret Wish By Anna Sui For Women. Eau De Toilette Spray 1.7-Ounce","1","amazon.com","Standard Orders","Seller","TAMPA","FL","33624-2127","","25.00","0","4.89","0","0","0","0","0","0","0","0","-4.48","0","0","0","25.41"
"Feb 20, 2017 11:38:29 AM PST","6296763221","Shipping Services","109-0617109-9165052","","Shipping Label Purchased through Amazon","","","Standard Orders","","","","","","0","0","0","0","0","0","0","0","0","0","0","0","0","0","-3.69","-3.69"
"Feb 20, 2017 11:41:13 AM PST","6296763221","Order","108-5360870-2030655","FE-XTY4-ABK0","1 Million by Paco Rabanne Men's Eau De Toilette Spray 6.7 oz - 100% Authentic","1","amazon.com","Standard Orders","Seller","Lewis Center","Ohio","43035","","80.00","0","5.49","0","0","0","0","0","0","0","0","-12.82","0","0","0","72.67"
"Feb 20, 2017 11:41:32 AM PST","6296763221","Shipping Services","108-5360870-2030655","","Shipping Label Purchased through Amazon","","","Standard Orders","","","","","","0","0","0","0","0","0","0","0","0","0","0","0","0","0","-6.20","-6.20"
"Feb 20, 2017 11:44:05 AM PST","6296763221","Order","107-9165259-3626662","WR-AM4A-Y6QY","Paco Rabanne Invictus by Paco Rabanne Edt Spray 3.4 oz for Men","1","amazon.com","Standard Orders","Seller","MINOT","ND","58703-0861","","58.47","0","5.37","0","0","0","0","0","0","0","0","-9.58","0","0","0","54.26"
"Feb 20, 2017 11:44:17 AM PST","6296763221","Shipping Services","107-9165259-3626662","","Shipping Label Purchased through Amazon","","","Standard Orders","","","","","","0","0","0","0","0","0","0","0","0","0","0","0","0","0","-4.68","-4.68"
"Feb 20, 2017 11:48:22 AM PST","6296763221","Order","107-8289612-9214649","8O-SMN1-5GF7","Still Jennifer Lopez By Jennifer Lopez For Women. Eau De Parfum Spray 3.4 Ounces","2","amazon.com","Standard Orders","Seller","TURLOCK","CA","95380-3208","","34.00","0","5.79","0","0","0","0","0","0","0","0","-5.98","0","0","0","33.81"
"Feb 20, 2017 11:48:41 AM PST","6296763221","Shipping Services","107-8289612-9214649","","Shipping Label Purchased through Amazon","","","Standard Orders","","","","","","0","0","0","0","0","0","0","0","0","0","0","0","0","0","-6.05","-6.05"
"Feb 20, 2017 11:50:32 AM PST","6296763221","Order","107-0034013-5297071","KG-EP0K-7LTJ","Jus De Amour for Women","1","amazon.com","Standard Orders","Seller","Westland","MI","48185","","8.90","0","5.34","0","0","0","0","0","0","0","0","-2.14","0","0","0","12.10"
"Feb 20, 2017 11:50:51 AM PST","6296763221","Shipping Services","107-0034013-5297071","","Shipping Label Purchased through Amazon","","","Standard Orders","","","","","","0","0","0","0","0","0","0","0","0","0","0","0","0","0","-4.53","-4.53"
"Feb 20, 2017 11:53:33 AM PST","6296763221","Order","107-9124347-5924223","N6-T97C-HZ2W","INSURRECTION by Reyane Tradition Men's Eau De Toilette Spray 3.4 oz - 100% Authentic","2","amazon.com","Standard Orders","Seller","CLARKS SUMMIT","PA","18411-1853","","32.00","0","6.49","0","0","0","0","0","0","0","0","-5.78","0","0","0","32.71"
"Feb 20, 2017 11:53:50 AM PST","6296763221","Shipping Services","107-9124347-5924223","","Shipping Label Purchased through Amazon","","","Standard Orders","","","","","","0","0","0","0","0","0","0","0","0","0","0","0","0","0","-6.05","-6.05"
"Feb 20, 2017 11:54:51 AM PST","6296763221","Order","106-8652894-8217865","7V-Z250-XMQX","Fidji Eau De Toillette Spray - 1.7 oz","1","amazon.com","Standard Orders","Seller","Vienna","VA","22182","","32.26","0","4.51","0","0","0","0","0","0","0","0","-5.52","0","0","0","31.25"
"Feb 20, 2017 11:55:08 AM PST","6296763221","Shipping Services","106-8652894-8217865","","Shipping Label Purchased through Amazon","","","Standard Orders","","","","","","0","0","0","0","0","0","0","0","0","0","0","0","0","0","-3.14","-3.14"
"Feb 20, 2017 12:25:03 PM PST","6296763221","Order","104-6134706-9587456","85-P1QN-ARLP","Samsara By Guerlain For Women. Eau De Parfum Spray 3.4 Ounces","1","amazon.com","Standard Orders","Seller","BROOKLYN","NY","11231-3909","","59.14","0","5.11","0","0","0","0","0","0","0","0","-9.64","0","0","0","54.61"
"Feb 20, 2017 12:25:20 PM PST","6296763221","Shipping Services","104-6134706-9587456","","Shipping Label Purchased through Amazon","","","Standard Orders","","","","","","0","0","0","0","0","0","0","0","0","0","0","0","0","0","-4.26","-4.26"
"Feb 20, 2017 12:26:34 PM PST","6296763221","Order","104-6117214-1149813","85-P1QN-ARLP","Samsara By Guerlain For Women. Eau De Parfum Spray 3.4 Ounces","1","amazon.com","Standard Orders","Seller","TREASURE ISLAND","FL","33706-1126","","58.94","0","5.11","0","0","0","0","0","0","0","0","-9.61","0","0","0","54.44"
"Feb 20, 2017 12:26:52 PM PST","6296763221","Shipping Services","104-6117214-1149813","","Shipping Label Purchased through Amazon","","","Standard Orders","","","","","","0","0","0","0","0","0","0","0","0","0","0","0","0","0","-4.26","-4.26"
"Feb 20, 2017 12:32:48 PM PST","6296763221","Order","103-7405984-2993005","1W-5PTN-4YN0","Piver 489564 Reve Dor by Piver Cologne Splash 14.25 oz","4","amazon.com","Standard Orders","Seller","LAWRENCEVILLE","GA","30044-2234","","105.60","0","12.49","0","0","0","0","0","0","0","0","-17.72","0","0","0","100.37"
"Feb 20, 2017 12:33:05 PM PST","6296763221","Shipping Services","103-7405984-2993005","","Shipping Label Purchased through Amazon","","","Standard Orders","","","","","","0","0","0","0","0","0","0","0","0","0","0","0","0","0","-7.15","-7.15"
"Feb 20, 2017 12:36:52 PM PST","6296763221","Order","103-0629366-8257015","1W-5PTN-4YN0","Piver 489564 Reve Dor by Piver Cologne Splash 14.25 oz","6","amazon.com","Standard Orders","Seller","LAWRENCEVILLE","GA","30044-2234","","158.40","0","16.49","0","0","0","0","0","0","0","0","-26.22","0","0","0","148.67"
"Feb 20, 2017 12:37:10 PM PST","6296763221","Shipping Services","103-0629366-8257015","","Shipping Label Purchased through Amazon","","","Standard Orders","","","","","","0","0","0","0","0","0","0","0","0","0","0","0","0","0","-14.13","-14.13"
"Feb 20, 2017 12:38:40 PM PST","6296763221","Order","102-4737791-2285820","1O-YSQR-VEK9","1 Million Fragrance By Paco Rabanne 3pc Travel Edition Gift Set . 3.4 Fl.Oz. Eau De Toilette Spray + 3.4 S/G Men+15ml spray Mini For Men","1","amazon.com","Standard Orders","Seller","MIAMI","FLORIDA","33166-6443","","74.85","0","4.49","0","0","0","0","0","0","0","0","-11.90","0","0","0","67.44"
"Feb 20, 2017 12:38:56 PM PST","6296763221","Shipping Services","102-4737791-2285820","","Shipping Label Purchased through Amazon","","","Standard Orders","","","","","","0","0","0","0","0","0","0","0","0","0","0","0","0","0","-6.70","-6.70"
"Feb 20, 2017 12:41:01 PM PST","6296763221","Order","102-9831970-6180265","DC-RX5F-IG5D","Nautica Voyage N-83 by Nautica - Eau De Toilette Spray 3.4 oz","1","amazon.com","Standard Orders","Seller","KILL BUCK","NY","14748-9735","","12.00","0","5.49","0","0","0","0","0","0","0","0","-2.62","0","0","0","14.87"
"Feb 20, 2017 12:41:19 PM PST","6296763221","Shipping Services","102-9831970-6180265","","Shipping Label Purchased through Amazon","","","Standard Orders","","","","","","0","0","0","0","0","0","0","0","0","0","0","0","0","0","-4.39","-4.39"
"Feb 20, 2017 12:43:47 PM PST","6296763221","Order","106-3843117-5131406","85-P1QN-ARLP","Samsara By Guerlain For Women. Eau De Parfum Spray 3.4 Ounces","1","amazon.com","Standard Orders","Seller","REVERE","MA","02151-5104","","58.94","0","5.11","0","0","0","0","0","0","0","0","-9.61","0","0","0","54.44"
"Feb 20, 2017 12:44:04 PM PST","6296763221","Shipping Services","106-3843117-5131406","","Shipping Label Purchased through Amazon","","","Standard Orders","","","","","","0","0","0","0","0","0","0","0","0","0","0","0","0","0","-4.26","-4.26"
"Feb 20, 2017 12:45:25 PM PST","6296763221","Order","106-3936244-1377869","RN-0W0A-SHPR","Joop By Joop! Eau De Toilette Spray 6.7 Oz","1","amazon.com","Standard Orders","Seller","SACRAMENTO","CALIFORNIA","95828-1244","","32.00","0","5.49","0","0","0","0","0","0","0","0","-5.62","0","0","0","31.87"
"Feb 20, 2017 12:45:43 PM PST","6296763221","Shipping Services","106-3936244-1377869","","Shipping Label Purchased through Amazon","","","Standard Orders","","","","","","0","0","0","0","0","0","0","0","0","0","0","0","0","0","-6.05","-6.05"
"Feb 20, 2017 12:48:23 PM PST","6296763221","Order","106-0515188-8226601","LE-09BF-AAOR","Lively By Parfums Lively Eau De Toilette Spray 3.4 Oz For Men","1","amazon.com","Standard Orders","Seller","PELHAM","NH","03076-2160","","9.45","0","5.49","0","0","0","0","0","0","0","0","-2.24","0","0","0","12.70"
"Feb 20, 2017 12:48:40 PM PST","6296763221","Shipping Services","106-0515188-8226601","","Shipping Label Purchased through Amazon","","","Standard Orders","","","","","","0","0","0","0","0","0","0","0","0","0","0","0","0","0","-4.11","-4.11"
"Feb 20, 2017 12:52:07 PM PST","6296763221","Order","106-3480823-1745863","BF-2O4Q-JYRE","Paco Rabanne 1 million Cologne for Men 6.8 oz Eau De Toilette Spray","1","amazon.com","Standard Orders","Seller","BRONX","NY","10467-1559","","85.00","0","4.49","0","0","0","0","0","0","0","0","-13.42","0","0","0","76.07"
"Feb 20, 2017 12:52:25 PM PST","6296763221","Shipping Services","106-3480823-1745863","","Shipping Label Purchased through Amazon","","","Standard Orders","","","","","","0","0","0","0","0","0","0","0","0","0","0","0","0","0","-6.20","-6.20"
"Feb 20, 2017 1:07:48 PM PST","6296763221","Order","105-2674313-5513051","WR-AM4A-Y6QY","Paco Rabanne Invictus by Paco Rabanne Edt Spray 3.4 oz for Men","1","amazon.com","Standard Orders","Seller","HAMMOND","LA","70403-1065","","58.51","0","5.37","0","0","0","0","0","0","0","0","-9.58","0","0","0","54.30"
"Feb 20, 2017 1:08:04 PM PST","6296763221","Shipping Services","105-2674313-5513051","","Shipping Label Purchased through Amazon","","","Standard Orders","","","","","","0","0","0","0","0","0","0","0","0","0","0","0","0","0","-4.68","-4.68"
"Feb 20, 2017 2:28:49 PM PST","6296763221","Order","115-2180985-0053014","DE-DIB0-KEZR","Paris Hilton Sheer By Paris Hilton For Women Eau De Parfum Spray, 1.7-Ounce","1","amazon.com","Standard Orders","Seller","WINTERSET","IA","50273-8443","","18.00","0","4.89","0","0","0","0","0","0","0","0","-1.44","0","0","0","21.45"
"Feb 20, 2017 2:29:05 PM PST","6296763221","Shipping Services","115-2180985-0053014","","Shipping Label Purchased through Amazon","","","Standard Orders","","","","","","0","0","0","0","0","0","0","0","0","0","0","0","0","0","-3.14","-3.14"
"Feb 20, 2017 2:30:48 PM PST","6296763221","Order","103-3925814-4373819","DE-DIB0-KEZR","Paris Hilton Sheer By Paris Hilton For Women Eau De Parfum Spray, 1.7-Ounce","1","amazon.com","Standard Orders","Seller","BEAUMONT","TEXAS","77707-1251","","18.00","0","4.89","0","0","0","0","0","0","0","0","-1.44","0","0","0","21.45"
"Feb 20, 2017 2:30:58 PM PST","6296763221","Shipping Services","103-3925814-4373819","","Shipping Label Purchased through Amazon","","","Standard Orders","","","","","","0","0","0","0","0","0","0","0","0","0","0","0","0","0","-3.14","-3.14"
"Feb 20, 2017 2:34:01 PM PST","6296763221","Order","104-6316143-5665849","DT-GQQP-NJQJ","Thé Oné 3.4oz Eau De Parfum Sprày MéN by Dolcé ànd Gàbbànà","1","amazon.com","Standard Orders","Seller","SALT LAKE CITY","UTAH","84115-4004","","79.45","0","4.49","0","0","0","0","0","0","0","0","-12.59","0","0","0","71.35"
"Feb 20, 2017 2:34:18 PM PST","6296763221","Shipping Services","104-6316143-5665849","","Shipping Label Purchased through Amazon","","","Standard Orders","","","","","","0","0","0","0","0","0","0","0","0","0","0","0","0","0","-6.20","-6.20"
"Feb 20, 2017 2:35:25 PM PST","6296763221","Order","102-3171821-9284222","DT-GQQP-NJQJ","Thé Oné 3.4oz Eau De Parfum Sprày MéN by Dolcé ànd Gàbbànà","1","amazon.com","Standard Orders","Seller","LOS ANGELES","CA","90016-1926","","79.45","0","4.49","0","0","0","0","0","0","0","0","-12.59","0","0","0","71.35"
"Feb 20, 2017 2:35:43 PM PST","6296763221","Shipping Services","102-3171821-9284222","","Shipping Label Purchased through Amazon","","","Standard Orders","","","","","","0","0","0","0","0","0","0","0","0","0","0","0","0","0","-6.20","-6.20"
"Feb 20, 2017 2:48:51 PM PST","6296763221","Order","104-8997776-2429063","WR-AM4A-Y6QY","Paco Rabanne Invictus by Paco Rabanne Edt Spray 3.4 oz for Men","1","amazon.com","Standard Orders","Seller","WILLISTON","ND","58801-3402","","58.54","0","5.37","0","0","0","0","0","0","0","0","-9.59","0","0","0","54.32"
"Feb 20, 2017 2:49:09 PM PST","6296763221","Shipping Services","104-8997776-2429063","","Shipping Label Purchased through Amazon","","","Standard Orders","","","","","","0","0","0","0","0","0","0","0","0","0","0","0","0","0","-4.68","-4.68"
"Feb 20, 2017 2:50:16 PM PST","6296763221","Order","102-3009947-1519408","WR-AM4A-Y6QY","Paco Rabanne Invictus by Paco Rabanne Edt Spray 3.4 oz for Men","1","amazon.com","Standard Orders","Seller","BOCA RATON","FL","33432-5705","","58.51","0","5.37","0","0","0","0","0","0","0","0","-9.58","0","0","0","54.30"
"Feb 20, 2017 2:50:34 PM PST","6296763221","Shipping Services","102-3009947-1519408","","Shipping Label Purchased through Amazon","","","Standard Orders","","","","","","0","0","0","0","0","0","0","0","0","0","0","0","0","0","-4.68","-4.68"
"Feb 20, 2017 2:51:52 PM PST","6296763221","Order","114-5115221-1973020","WR-AM4A-Y6QY","Paco Rabanne Invictus by Paco Rabanne Edt Spray 3.4 oz for Men","2","amazon.com","Standard Orders","Seller","Broomfield","CO","80020","","116.94","0","6.25","0","0","0","0","0","0","0","0","-18.48","0","0","0","104.71"
"Feb 20, 2017 2:52:10 PM PST","6296763221","Shipping Services","114-5115221-1973020","","Shipping Label Purchased through Amazon","","","Standard Orders","","","","","","0","0","0","0","0","0","0","0","0","0","0","0","0","0","-6.65","-6.65"
"Feb 20, 2017 2:55:11 PM PST","6296763221","Order","106-6092002-6739438","WR-AM4A-Y6QY","Paco Rabanne Invictus by Paco Rabanne Edt Spray 3.4 oz for Men","1","amazon.com","Standard Orders","Seller","SUGARLOAF KEY","FL","33042-3128","","58.47","0","5.37","0","0","0","0","0","0","0","0","-9.58","0","0","0","54.26"
"Feb 20, 2017 2:55:28 PM PST","6296763221","Shipping Services","106-6092002-6739438","","Shipping Label Purchased through Amazon","","","Standard Orders","","","","","","0","0","0","0","0","0","0","0","0","0","0","0","0","0","-4.68","-4.68"
"Feb 20, 2017 3:06:53 PM PST","6296763221","Order","107-6673485-1689035","96-87LJ-NVG6","Jessica Simpson Fancy Love Eau de Parfum Spray for Women, 3.4 Fluid Ounce","1","amazon.com","Standard Orders","Seller","BRIGHTON","CO","80601","","26.00","0","5.34","0","0","0","0","0","0","0","0","-4.70","0","0","0","26.64"
"Feb 20, 2017 3:07:10 PM PST","6296763221","Shipping Services","107-6673485-1689035","","Shipping Label Purchased through Amazon","","","Standard Orders","","","","","","0","0","0","0","0","0","0","0","0","0","0","0","0","0","-4.53","-4.53"
"Feb 20, 2017 3:08:47 PM PST","6296763221","Order","104-5595099-4660225","96-87LJ-NVG6","Jessica Simpson Fancy Love Eau de Parfum Spray for Women, 3.4 Fluid Ounce","1","amazon.com","Standard Orders","Seller","OCALA","FL","34472-9570","","26.00","0","5.34","0","0","0","0","0","0","0","0","-4.70","0","0","0","26.64"
"Feb 20, 2017 3:09:04 PM PST","6296763221","Shipping Services","104-5595099-4660225","","Shipping Label Purchased through Amazon","","","Standard Orders","","","","","","0","0","0","0","0","0","0","0","0","0","0","0","0","0","-4.53","-4.53"
"Feb 20, 2017 3:11:04 PM PST","6296763221","Order","104-1570749-3039410","96-87LJ-NVG6","Jessica Simpson Fancy Love Eau de Parfum Spray for Women, 3.4 Fluid Ounce","1","amazon.com","Standard Orders","Seller","CHICAGO","IL","60611-5768","","26.00","0","5.34","0","0","0","0","0","0","0","0","-4.70","0","0","0","26.64"
"Feb 20, 2017 3:11:22 PM PST","6296763221","Shipping Services","104-1570749-3039410","","Shipping Label Purchased through Amazon","","","Standard Orders","","","","","","0","0","0","0","0","0","0","0","0","0","0","0","0","0","-4.53","-4.53"
"Feb 20, 2017 3:12:21 PM PST","6296763221","Order","114-9568627-5581051","XO-M4OA-HKPK","Ed Hardy for Women 3.4 oz EDP Spray","1","amazon.com","Standard Orders","Seller","MARYVILLE","TN","37804-6040","","26.00","0","5.37","0","0","0","0","0","0","0","0","-4.71","0","0","0","26.66"
"Feb 20, 2017 3:12:39 PM PST","6296763221","Shipping Services","114-9568627-5581051","","Shipping Label Purchased through Amazon","","","Standard Orders","","","","","","0","0","0","0","0","0","0","0","0","0","0","0","0","0","-4.53","-4.53"
"Feb 20, 2017 3:17:25 PM PST","6296763221","Order","113-5604781-5013037","NJ-V413-D3O4","Candy Eau De Parfum Spray 80ml/2.7oz","1","amazon.com","Standard Orders","Seller","KING","NC","27021-8305","","75.00","0","5.24","0","0","0","0","0","0","0","0","-12.04","0","0","0","68.20"
"Feb 20, 2017 3:17:42 PM PST","6296763221","Shipping Services","113-5604781-5013037","","Shipping Label Purchased through Amazon","","","Standard Orders","","","","","","0","0","0","0","0","0","0","0","0","0","0","0","0","0","-4.40","-4.40"
"Feb 20, 2017 3:20:03 PM PST","6296763221","Order","109-8997534-6609055","8S-BF2V-JH39","Piver Pompeia Cologne 14.25 oz Splash","1","amazon.com","Standard Orders","Seller","ORLANDO","FL","32809-5696","","26.39","0","10.49","0","0","0","0","0","0","0","0","-5.53","0","0","0","31.35"
"Feb 20, 2017 3:20:22 PM PST","6296763221","Shipping Services","109-8997534-6609055","","Shipping Label Purchased through Amazon","","","Standard Orders","","","","","","0","0","0","0","0","0","0","0","0","0","0","0","0","0","-6.55","-6.55"
"Feb 20, 2017 3:22:59 PM PST","6296763221","Order","103-9076404-1593848","KF-2WDK-CCTQ","Narciso Rodriguez by Narciso Rodriguez for Him Men 3.3 oz Eau de Toilette Spray","1","amazon.com","Standard Orders","Seller","Chino Hills","CA","91709","","56.68","0","5.64","0","0","0","0","0","0","0","0","-9.35","0","0","0","52.97"
"Feb 20, 2017 3:23:17 PM PST","6296763221","Shipping Services","103-9076404-1593848","","Shipping Label Purchased through Amazon","","","Standard Orders","","","","","","0","0","0","0","0","0","0","0","0","0","0","0","0","0","-4.68","-4.68"
"Feb 20, 2017 3:28:49 PM PST","6296763221","Order","116-3500169-0705027","E3-KN4I-A54V","Women's Safari by Ralph Lauren Eau de Parfum Spray - 2.5 oz by RBS","1","amazon.com","Standard Orders","Seller","LA QUINTA","CA","92253-7727","","52.14","0","4.49","0","0","0","0","0","0","0","0","-8.49","0","0","0","48.14"
"Feb 20, 2017 3:29:06 PM PST","6296763221","Shipping Services","116-3500169-0705027","","Shipping Label Purchased through Amazon","","","Standard Orders","","","","","","0","0","0","0","0","0","0","0","0","0","0","0","0","0","-3.98","-3.98"
"Feb 20, 2017 3:30:45 PM PST","6296763221","Order","109-1594086-1786615","E3-KN4I-A54V","Women's Safari by Ralph Lauren Eau de Parfum Spray - 2.5 oz by RBS","1","amazon.com","Standard Orders","Seller","PORTLAND","OR","97229-3897","","52.14","0","4.49","0","0","0","0","0","0","0","0","-8.49","0","0","0","48.14"
"Feb 20, 2017 3:31:03 PM PST","6296763221","Shipping Services","109-1594086-1786615","","Shipping Label Purchased through Amazon","","","Standard Orders","","","","","","0","0","0","0","0","0","0","0","0","0","0","0","0","0","-3.98","-3.98"
"Feb 20, 2017 3:32:31 PM PST","6296763221","Order","105-4891142-2385013","E3-KN4I-A54V","Women's Safari by Ralph Lauren Eau de Parfum Spray - 2.5 oz by RBS","1","amazon.com","Standard Orders","Seller","Center","ND","58530","","52.14","0","4.49","0","0","0","0","0","0","0","0","-8.49","0","0","0","48.14"
"Feb 20, 2017 3:32:48 PM PST","6296763221","Shipping Services","105-4891142-2385013","","Shipping Label Purchased through Amazon","","","Standard Orders","","","","","","0","0","0","0","0","0","0","0","0","0","0","0","0","0","-3.98","-3.98"
"Feb 20, 2017 3:39:17 PM PST","6296763221","Order","111-0822526-2397808","E3-KN4I-A54V","Women's Safari by Ralph Lauren Eau de Parfum Spray - 2.5 oz by RBS","2","amazon.com","Standard Orders","Seller","MIDLAND","TX","79707-5040","","104.28","0","4.49","0","0","0","0","0","0","0","0","-16.32","0","0","0","92.45"
"Feb 20, 2017 3:39:33 PM PST","6296763221","Shipping Services","111-0822526-2397808","","Shipping Label Purchased through Amazon","","","Standard Orders","","","","","","0","0","0","0","0","0","0","0","0","0","0","0","0","0","-6.65","-6.65"
"Feb 20, 2017 3:43:30 PM PST","6296763221","Order","111-6275814-4025053","C2-QMD3-7JY4","Lady Million by Paco Rabanne Women's Eau De Parfum Spray 2.7 oz - 100% Authentic","1","amazon.com","Standard Orders","Seller","SEATAC","WA","98188-5021","","58.18","0","5.49","0","0","0","0","0","0","0","0","-9.55","0","0","0","54.12"
"Feb 20, 2017 3:43:48 PM PST","6296763221","Shipping Services","111-6275814-4025053","","Shipping Label Purchased through Amazon","","","Standard Orders","","","","","","0","0","0","0","0","0","0","0","0","0","0","0","0","0","-4.26","-4.26"
"Feb 20, 2017 3:51:44 PM PST","6296763221","Order","108-1573347-2274659","XO-M4OA-HKPK","Ed Hardy for Women 3.4 oz EDP Spray","1","amazon.com","Standard Orders","Seller","Mentor","Ohio","44060","","26.00","0","5.37","0","0","0","0","0","0","0","0","-4.71","0","0","0","26.66"
"Feb 20, 2017 3:52:02 PM PST","6296763221","Shipping Services","108-1573347-2274659","","Shipping Label Purchased through Amazon","","","Standard Orders","","","","","","0","0","0","0","0","0","0","0","0","0","0","0","0","0","-4.53","-4.53"
"Feb 20, 2017 3:57:32 PM PST","6296763221","Order","109-1738075-5339422","B0-T22T-R2PB","Kenneth Cole Reaction By Kenneth Cole Eau De Toilette Spray 3.4 Oz Men","1","amazon.com","Standard Orders","Seller","South Euclid","ohio","44121","","28.92","0","5.34","0","0","0","0","0","0","0","0","-5.14","0","0","0","29.12"
"Feb 20, 2017 3:57:51 PM PST","6296763221","Shipping Services","109-1738075-5339422","","Shipping Label Purchased through Amazon","","","Standard Orders","","","","","","0","0","0","0","0","0","0","0","0","0","0","0","0","0","-4.39","-4.39"
"Feb 20, 2017 4:02:05 PM PST","6296763221","Order","103-6730859-0382642","FI-6L5M-3BSG","Bvlgari Men's BLV Pour Homme EDT Spray,Blue,3.4 oz","1","amazon.com","Standard Orders","Seller","FRESH MEADOWS","NY","11366-1613","","30.00","0","5.54","0","0","0","0","0","0","0","0","-5.33","0","0","0","30.21"
"Feb 20, 2017 4:02:23 PM PST","6296763221","Shipping Services","103-6730859-0382642","","Shipping Label Purchased through Amazon","","","Standard Orders","","","","","","0","0","0","0","0","0","0","0","0","0","0","0","0","0","-4.53","-4.53"
"Feb 20, 2017 4:04:23 PM PST","6296763221","Order","108-2219521-0825024","N6-T97C-HZ2W","INSURRECTION by Reyane Tradition Men's Eau De Toilette Spray 3.4 oz - 100% Authentic","1","amazon.com","Standard Orders","Seller","WOODSIDE","NEW YORK","11377-7334","","16.00","0","5.49","0","0","0","0","0","0","0","0","-3.22","0","0","0","18.27"
"Feb 20, 2017 4:04:41 PM PST","6296763221","Shipping Services","108-2219521-0825024","","Shipping Label Purchased through Amazon","","","Standard Orders","","","","","","0","0","0","0","0","0","0","0","0","0","0","0","0","0","-4.53","-4.53"
"Feb 20, 2017 4:08:41 PM PST","6296763221","Shipping Services","112-9260807-3205021","","Shipping Label Purchased through Amazon","","","Standard Orders","","","","","","0","0","0","0","0","0","0","0","0","0","0","0","0","0","-6.20","-6.20"
"Feb 20, 2017 4:14:22 PM PST","6296763221","Order","111-2349337-3480234","BF-2O4Q-JYRE","Paco Rabanne 1 million Cologne for Men 6.8 oz Eau De Toilette Spray","1","amazon.com","Standard Orders","Seller","SHIOCTON","WI","54170-9353","","85.00","0","4.49","0","0","0","0","0","0","0","0","-13.42","0","0","0","76.07"
"Feb 20, 2017 4:14:39 PM PST","6296763221","Shipping Services","111-2349337-3480234","","Shipping Label Purchased through Amazon","","","Standard Orders","","","","","","0","0","0","0","0","0","0","0","0","0","0","0","0","0","-6.20","-6.20"
"Feb 20, 2017 4:18:38 PM PST","6296763221","Order","112-9260807-3205021","BF-2O4Q-JYRE","Paco Rabanne 1 million Cologne for Men 6.8 oz Eau De Toilette Spray","1","amazon.com","Standard Orders","Seller","COCONUT CREEK","FL","33073-2125","","88.06","0","4.49","0","0","0","0","0","0","0","0","-13.88","0","0","0","78.67"
"Feb 20, 2017 4:20:18 PM PST","6296763221","Order","104-3758061-3602638","N6-T97C-HZ2W","INSURRECTION by Reyane Tradition Men's Eau De Toilette Spray 3.4 oz - 100% Authentic","2","amazon.com","Standard Orders","Seller","bronx","new york","10469","","32.00","0","6.49","0","0","0","0","0","0","0","0","-5.78","0","0","0","32.71"
"Feb 20, 2017 4:20:37 PM PST","6296763221","Shipping Services","104-3758061-3602638","","Shipping Label Purchased through Amazon","","","Standard Orders","","","","","","0","0","0","0","0","0","0","0","0","0","0","0","0","0","-6.05","-6.05"
"Feb 20, 2017 4:30:04 PM PST","6296763221","Order","108-5587020-5678614","T4-K0CD-XXLJ","Parfums Chloe Eau de Parfum Spray for Women, See, 2.5 Ounce","1","amazon.com","Standard Orders","Seller","Lexington","KY","40513-1474","","63.35","0","5.33","0","0","0","0","0","0","0","0","-10.30","0","0","0","58.38"
"Feb 20, 2017 4:30:22 PM PST","6296763221","Shipping Services","108-5587020-5678614","","Shipping Label Purchased through Amazon","","","Standard Orders","","","","","","0","0","0","0","0","0","0","0","0","0","0","0","0","0","-4.54","-4.54"
"Feb 20, 2017 4:33:12 PM PST","6296763221","Order","107-6933114-5260213","T4-K0CD-XXLJ","Parfums Chloe Eau de Parfum Spray for Women, See, 2.5 Ounce","2","amazon.com","Standard Orders","Seller","CHARLOTTESVILLE","VA","22904-2008","","126.72","0","6.17","0","0","0","0","0","0","0","0","-19.94","0","0","0","112.95"
"Feb 20, 2017 4:33:30 PM PST","6296763221","Shipping Services","107-6933114-5260213","","Shipping Label Purchased through Amazon","","","Standard Orders","","","","","","0","0","0","0","0","0","0","0","0","0","0","0","0","0","-7.15","-7.15"
"Feb 20, 2017 4:38:26 PM PST","6296763221","Order","109-1567070-9517845","UL-Z4IG-PKXO","Curve Crush by Liz Claiborne for Men, Set (Cologne Spray 4.2 Ounce, Cologne Spray 0.5 Ounce, Skin Soother 3.4 Ounce, Deodorant Stick 2.6 Ounce)","1","amazon.com","Standard Orders","Seller","BERLIN","CT","06037-1375","","46.88","0","6.09","0","0","0","0","0","0","0","0","-7.95","0","0","0","45.02"
"Feb 20, 2017 4:38:44 PM PST","6296763221","Shipping Services","109-1567070-9517845","","Shipping Label Purchased through Amazon","","","Standard Orders","","","","","","0","0","0","0","0","0","0","0","0","0","0","0","0","0","-6.05","-6.05"
"Feb 20, 2017 4:51:58 PM PST","6296763221","Order","113-7487760-7863405","LD-H8FP-UF1F","Dunhill DESIRE BY ALFRED DUNHILL FOR MEN edt Perfume Spray 3.4 oz New","1","amazon.com","Standard Orders","Seller","SPRINGFIELD GARDENS","NY","11413","","75.21","0","4.49","0","0","0","0","0","0","0","0","-11.96","0","0","0","67.74"
"Feb 20, 2017 4:52:14 PM PST","6296763221","Shipping Services","113-7487760-7863405","","Shipping Label Purchased through Amazon","","","Standard Orders","","","","","","0","0","0","0","0","0","0","0","0","0","0","0","0","0","-4.54","-4.54"
"Feb 20, 2017 5:05:23 PM PST","6296763221","Order","116-7812501-0099436","W0-88Z2-COX9","Elizabeth Taylor 4 Piece White Diamonds Fragrance Gift Set for Women","1","amazon.com","Standard Orders","Seller","NORMAN","OK","73071-2309","","36.99","0","6.49","0","0","0","0","0","0","0","0","-6.52","0","0","0","36.96"
"Feb 20, 2017 5:05:41 PM PST","6296763221","Shipping Services","116-7812501-0099436","","Shipping Label Purchased through Amazon","","","Standard Orders","","","","","","0","0","0","0","0","0","0","0","0","0","0","0","0","0","-6.96","-6.96"
"Feb 20, 2017 5:07:13 PM PST","6296763221","Order","102-4400291-6657015","Y8-47ZI-IQRV","Liz Claiborne Women's Mambo 3-Piece Gift Set","1","amazon.com","Standard Orders","Seller","SAN JACINTO","CALIFORNIA","92583-5743","","20.75","0","6.14","0","0","0","0","0","0","0","0","-4.03","0","0","0","22.86"
"Feb 20, 2017 5:07:32 PM PST","6296763221","Shipping Services","102-4400291-6657015","","Shipping Label Purchased through Amazon","","","Standard Orders","","","","","","0","0","0","0","0","0","0","0","0","0","0","0","0","0","-7.34","-7.34"
"Feb 20, 2017 5:09:04 PM PST","6296763221","Order","113-1671302-6289034","4Z-TO36-AB6O","Perry Ellis 360 Red Fragrance Gift Set for Men","1","amazon.com","Standard Orders","Seller","Ellisville","MS","39437","","34.00","0","6.79","0","0","0","0","0","0","0","0","-6.12","0","0","0","34.67"
"Feb 20, 2017 5:09:23 PM PST","6296763221","Shipping Services","113-1671302-6289034","","Shipping Label Purchased through Amazon","","","Standard Orders","","","","","","0","0","0","0","0","0","0","0","0","0","0","0","0","0","-6.96","-6.96"
"Feb 20, 2017 5:12:21 PM PST","6296763221","Order","114-0880355-9403453","EM-BY9W-MLZ8","Kenneth Cole Vintage Black by Kenneth Cole Men's Gift Set -- 3.4 oz Eau De Toilette Spray + 3.4 oz After Shave Balm +2.6 oz Deodorant Stick - 100% Aut","1","amazon.com","Standard Orders","Seller","GAYLORD","MN","55334-2065","","28.38","0","5.49","0","0","0","0","0","0","0","0","-5.08","0","0","0","28.79"
"Feb 20, 2017 5:12:38 PM PST","6296763221","Shipping Services","114-0880355-9403453","","Shipping Label Purchased through Amazon","","","Standard Orders","","","","","","0","0","0","0","0","0","0","0","0","0","0","0","0","0","-6.83","-6.83"
"Feb 20, 2017 5:21:57 PM PST","6296763221","Order","111-2488175-6785807","JR-XXLL-R0UZ","NAUTICA BLUE by Nautica 3.4 Ounce / 100 ml Eau de Toilette Men Cologne Spray","3","amazon.com","Standard Orders","Seller","TUALATIN","OR","97062-6237","","30.12","0","4.64","0","0","0","0","0","0","0","0","-5.22","0","0","0","29.54"
"Feb 20, 2017 5:22:15 PM PST","6296763221","Shipping Services","111-2488175-6785807","","Shipping Label Purchased through Amazon","","","Standard Orders","","","","","","0","0","0","0","0","0","0","0","0","0","0","0","0","0","-6.55","-6.55"
"Feb 20, 2017 5:23:51 PM PST","6296763221","Order","114-2170655-7357839","JR-XXLL-R0UZ","NAUTICA BLUE by Nautica 3.4 Ounce / 100 ml Eau de Toilette Men Cologne Spray","1","amazon.com","Standard Orders","Seller","ELMONT","NY","11003-3722","","10.04","0","4.54","0","0","0","0","0","0","0","0","-2.19","0","0","0","12.39"
"Feb 20, 2017 5:24:10 PM PST","6296763221","Shipping Services","114-2170655-7357839","","Shipping Label Purchased through Amazon","","","Standard Orders","","","","","","0","0","0","0","0","0","0","0","0","0","0","0","0","0","-4.11","-4.11"
"Feb 21, 2017 12:18:29 PM PST","6297947271","Order","108-9144846-5295441","WV-00CM-6N23","White Linen by Estee Lauder For Women. Eau De Parfum Spray 3-Ounces","1","amazon.com","Standard Orders","Seller","Fredericksburg,","VA","22408","","77.71","0","5.04","0","0","0","0","0","0","0","0","-12.41","0","0","0","70.34"
"Feb 21, 2017 12:18:46 PM PST","6297947271","Shipping Services","108-9144846-5295441","","Shipping Label Purchased through Amazon","","","Standard Orders","","","","","","0","0","0","0","0","0","0","0","0","0","0","0","0","0","-4.26","-4.26"
"Feb 21, 2017 12:20:40 PM PST","6297947271","Shipping Services","105-0364769-9092260","","Shipping Label Purchased through Amazon","","","Standard Orders","","","","","","0","0","0","0","0","0","0","0","0","0","0","0","0","0","-3.84","-3.84"
"Feb 21, 2017 12:21:38 PM PST","6297947271","Order","105-0364769-9092260","AY-H3R8-PBQ6","Dana Navy Eau de Toilettes Spray for Women, 2.5 Ounce","1","amazon.com","Standard Orders","Seller","TYRONE","GA","30290-2752","","58.95","0","4.99","0","0","0","0","0","0","0","0","-9.59","0","0","0","54.35"
"Feb 21, 2017 12:23:49 PM PST","6297947271","Order","002-9226471-8061806","ZJ-QLSI-1Q79","Rihanna Rogue for Women 3 Piece Set","1","amazon.com","Standard Orders","Seller","NEWARK","NJ","07112-1360","","31.55","0","29.21","0","0","0","0","0","0","0","0","-9.11","0","0","0","51.65"
"Feb 21, 2017 12:24:08 PM PST","6297947271","Shipping Services","002-9226471-8061806","","Shipping Label Purchased through Amazon","","","Standard Orders","","","","","","0","0","0","0","0","0","0","0","0","0","0","0","0","0","-21.48","-21.48"
"Feb 21, 2017 12:35:35 PM PST","6297947271","Order","116-3179539-2689058","79-A9IS-KT66","Reb'L Fleur Rihanna Gift Set for Women","1","amazon.com","Standard Orders","Seller","PANORAMA CITY","CA","91402-1235","","31.00","0","6.83","0","0","0","0","0","0","0","0","-5.67","0","0","0","32.16"
"Feb 21, 2017 12:35:53 PM PST","6297947271","Shipping Services","116-3179539-2689058","","Shipping Label Purchased through Amazon","","","Standard Orders","","","","","","0","0","0","0","0","0","0","0","0","0","0","0","0","0","-7.34","-7.34"
"Feb 21, 2017 12:36:50 PM PST","6297947271","Order","114-9882487-9309011","AZ-P8G8-8YEZ","Jennifer Lopez Deseo By Jennifer Lopez For Women. Eau De Parfum Spray 1.7-Ounces","1","amazon.com","Standard Orders","Seller","VALLEY STREAM","NY","11580-3815","","22.01","0","4.98","0","0","0","0","0","0","0","0","-4.05","0","0","0","22.94"
"Feb 21, 2017 12:37:08 PM PST","6297947271","Shipping Services","114-9882487-9309011","","Shipping Label Purchased through Amazon","","","Standard Orders","","","","","","0","0","0","0","0","0","0","0","0","0","0","0","0","0","-3.69","-3.69"
"Feb 21, 2017 12:39:24 PM PST","6297947271","Order","113-1839388-0887437","0D-ZN8O-QQ8V","P O L O Black Fragrance for Men Luxury Perfume Spray 4.2 Oz. New with Box","1","amazon.com","Standard Orders","Seller","ASTORIA","NY","11103-2818","","56.82","0","4.49","0","0","0","0","0","0","0","0","-9.20","0","0","0","52.11"
"Feb 21, 2017 12:39:33 PM PST","6297947271","Shipping Services","113-1839388-0887437","","Shipping Label Purchased through Amazon","","","Standard Orders","","","","","","0","0","0","0","0","0","0","0","0","0","0","0","0","0","-4.54","-4.54"
"Feb 21, 2017 12:42:18 PM PST","6297947271","Order","107-4007835-5641866","JP-EA9F-MS6I","Bora Bora Liz Claiborne Cologne for Men 3.4 Oz New in Box","1","amazon.com","Standard Orders","Seller","DORAL","FL","33126-1501","","20.49","0","4.49","0","0","0","0","0","0","0","0","-3.75","0","0","0","21.23"
"Feb 21, 2017 12:42:35 PM PST","6297947271","Shipping Services","107-4007835-5641866","","Shipping Label Purchased through Amazon","","","Standard Orders","","","","","","0","0","0","0","0","0","0","0","0","0","0","0","0","0","-4.11","-4.11"
"Feb 21, 2017 12:46:55 PM PST","6297947271","Shipping Services","111-3825752-5265052","","Shipping Label Purchased through Amazon","","","Standard Orders","","","","","","0","0","0","0","0","0","0","0","0","0","0","0","0","0","-6.05","-6.05"
"Feb 21, 2017 12:48:38 PM PST","6297947271","Order","108-4883988-1809813","BF-2O4Q-JYRE","Paco Rabanne 1 million Cologne for Men 6.8 oz Eau De Toilette Spray","1","amazon.com","Standard Orders","Seller","ROSLINDALE","MA","02131-4742","","85.00","0","4.49","0","0","0","0","0","0","0","0","-13.42","0","0","0","76.07"
"Feb 21, 2017 12:48:57 PM PST","6297947271","Shipping Services","108-4883988-1809813","","Shipping Label Purchased through Amazon","","","Standard Orders","","","","","","0","0","0","0","0","0","0","0","0","0","0","0","0","0","-6.20","-6.20"
"Feb 21, 2017 12:50:17 PM PST","6297947271","Order","002-1275575-1610635","BF-2O4Q-JYRE","Paco Rabanne 1 million Cologne for Men 6.8 oz Eau De Toilette Spray","1","amazon.com","Standard Orders","Seller","NORTH LAUDERDALE","FL","33068-2725","","87.64","0","8.99","0","0","0","0","0","0","0","0","-14.49","0","0","0","82.14"
"Feb 21, 2017 12:50:34 PM PST","6297947271","Shipping Services","002-1275575-1610635","","Shipping Label Purchased through Amazon","","","Standard Orders","","","","","","0","0","0","0","0","0","0","0","0","0","0","0","0","0","-6.20","-6.20"
"Feb 21, 2017 12:52:40 PM PST","6297947271","Order","110-1837297-4673813","AO-S8GV-5G1E","Paris Hilton Gift Set for Women (Eau de Parfum Spray 3.4 Ounce, Eau de Parfum Spray 1 Ounce, Lotion, Bath and Shower Gel)","1","amazon.com","Standard Orders","Seller","WHEELING","IL","60090-5654","","38.66","0","6.29","0","0","0","0","0","0","0","0","-6.74","0","0","0","38.21"
"Feb 21, 2017 12:52:58 PM PST","6297947271","Shipping Services","110-1837297-4673813","","Shipping Label Purchased through Amazon","","","Standard Orders","","","","","","0","0","0","0","0","0","0","0","0","0","0","0","0","0","-6.83","-6.83"
"Feb 21, 2017 12:55:57 PM PST","6297947271","Order","112-4980707-7309026","OI-C2S7-9PQF","Curve Crush for Women by Liz Claiborne, Gift Set - 3.4 oz Eau De Toilette Spray + .5 oz Mini EDT Spray + 2.5 oz Body Lotion + 2.5 oz Shoer Gel","1","amazon.com","Standard Orders","Seller","APO","AP","96367-0066","","37.80","0","6.69","0","0","0","0","0","0","0","0","-6.67","0","0","0","37.82"
"Feb 21, 2017 12:56:14 PM PST","6297947271","Shipping Services","112-4980707-7309026","","Shipping Label Purchased through Amazon","","","Standard Orders","","","","","","0","0","0","0","0","0","0","0","0","0","0","0","0","0","-7.34","-7.34"
"Feb 21, 2017 12:57:54 PM PST","6297947271","Order","111-3825752-5265052","79-A9IS-KT66","Reb'L Fleur Rihanna Gift Set for Women","1","amazon.com","Standard Orders","Seller","NEW YORK","NY","10002-2183","","31.00","0","6.83","0","0","0","0","0","0","0","0","-5.67","0","0","0","32.16"
"Feb 21, 2017 1:02:15 PM PST","6297947271","Order","116-9509679-8782658","DT-GQQP-NJQJ","Thé Oné 3.4oz Eau De Parfum Sprày MéN by Dolcé ànd Gàbbànà","1","amazon.com","Standard Orders","Seller","Manhattan","kansas","66503","","75.21","0","8.99","0","0","0","0","0","0","0","0","-12.63","0","0","0","71.57"
"Feb 21, 2017 1:02:34 PM PST","6297947271","Shipping Services","116-9509679-8782658","","Shipping Label Purchased through Amazon","","","Standard Orders","","","","","","0","0","0","0","0","0","0","0","0","0","0","0","0","0","-6.20","-6.20"
"Feb 21, 2017 1:03:26 PM PST","6297947271","Order","116-1094677-2749001","DT-GQQP-NJQJ","Thé Oné 3.4oz Eau De Parfum Sprày MéN by Dolcé ànd Gàbbànà","1","amazon.com","Standard Orders","Seller","BRAINERD","MN","56401-7279","","77.33","0","4.49","0","0","0","0","0","0","0","0","-12.27","0","0","0","69.55"
"Feb 21, 2017 1:03:44 PM PST","6297947271","Shipping Services","116-1094677-2749001","","Shipping Label Purchased through Amazon","","","Standard Orders","","","","","","0","0","0","0","0","0","0","0","0","0","0","0","0","0","-6.20","-6.20"
"Feb 21, 2017 1:06:03 PM PST","6297947271","Order","112-3372209-5809033","8O-SMN1-5GF7","Still Jennifer Lopez By Jennifer Lopez For Women. Eau De Parfum Spray 3.4 Ounces","1","amazon.com","Standard Orders","Seller","GREENVILLE","NC","27834-2119","","17.00","0","5.14","0","0","0","0","0","0","0","0","-3.32","0","0","0","18.82"
"Feb 21, 2017 1:06:21 PM PST","6297947271","Shipping Services","112-3372209-5809033","","Shipping Label Purchased through Amazon","","","Standard Orders","","","","","","0","0","0","0","0","0","0","0","0","0","0","0","0","0","-4.25","-4.25"
"Feb 21, 2017 1:09:01 PM PST","6297947271","Shipping Services","107-9148097-8334661","","Shipping Label Purchased through Amazon","","","Standard Orders","","","","","","0","0","0","0","0","0","0","0","0","0","0","0","0","0","-4.25","-4.25"
"Feb 21, 2017 1:16:53 PM PST","6297947271","Order","103-5737153-4488248","BL-A9W8-YODE","Angel by Thierry Mugler Refillable Star Eau De Parfum Spray 3.4 oz New In Box","1","amazon.com","Standard Orders","Seller","DEL MAR","CA","92014-2603","","78.25","0","5.48","0","0","0","0","0","0","0","0","-12.56","0","0","0","71.17"
"Feb 21, 2017 1:17:12 PM PST","6297947271","Shipping Services","103-5737153-4488248","","Shipping Label Purchased through Amazon","","","Standard Orders","","","","","","0","0","0","0","0","0","0","0","0","0","0","0","0","0","-4.68","-4.68"
"Feb 21, 2017 1:20:14 PM PST","6297947271","Order","107-9148097-8334661","0A-MWXB-XHZW","KOURoS Body by Yves Saint Laurent Men's Eau De Toilette Spray 3.4 oz - 100% Authentic","1","amazon.com","Standard Orders","Seller","Lehigh Acres","Florida","33936","","29.25","0","5.24","0","0","0","0","0","0","0","0","-5.17","0","0","0","29.32"
"Feb 21, 2017 1:23:39 PM PST","6297947271","Order","106-4674278-6751411","L7-J8VL-OQ8K","Hanae Mori by Hanae Mori for Women - 3.4 Ounce EDT Spray","1","amazon.com","Standard Orders","Seller","COSTA MESA","CA","92626-2614","","29.00","0","5.11","0","0","0","0","0","0","0","0","-5.12","0","0","0","28.99"
"Feb 21, 2017 1:23:56 PM PST","6297947271","Shipping Services","106-4674278-6751411","","Shipping Label Purchased through Amazon","","","Standard Orders","","","","","","0","0","0","0","0","0","0","0","0","0","0","0","0","0","-4.25","-4.25"
"Feb 21, 2017 1:34:41 PM PST","6297947271","Order","104-9475160-3778621","T4-K0CD-XXLJ","Parfums Chloe Eau de Parfum Spray for Women, See, 2.5 Ounce","1","amazon.com","Standard Orders","Seller","PHILADELPHIA","PA","19104-6024","","63.36","0","5.33","0","0","0","0","0","0","0","0","-10.30","0","0","0","58.39"
"Feb 21, 2017 1:34:59 PM PST","6297947271","Shipping Services","104-9475160-3778621","","Shipping Label Purchased through Amazon","","","Standard Orders","","","","","","0","0","0","0","0","0","0","0","0","0","0","0","0","0","-4.54","-4.54"
"Feb 21, 2017 1:36:46 PM PST","6297947271","Order","107-9199085-3445020","PO-CX8T-9V0U","Nautica Voyage By Nautica For Men. Eau De Toilette Spray 3.4 oz","1","amazon.com","Standard Orders","Seller","Trujillo Alto","PR","00976","","12.00","0","5.09","0","0","0","0","0","0","0","0","-2.56","0","0","0","14.53"
"Feb 21, 2017 1:37:03 PM PST","6297947271","Shipping Services","107-9199085-3445020","","Shipping Label Purchased through Amazon","","","Standard Orders","","","","","","0","0","0","0","0","0","0","0","0","0","0","0","0","0","-4.39","-4.39"
"Feb 21, 2017 1:39:31 PM PST","6297947271","Order","107-2621038-8574640","T4-K0CD-XXLJ","Parfums Chloe Eau de Parfum Spray for Women, See, 2.5 Ounce","1","amazon.com","Standard Orders","Seller","ARDMORE","PA","19003-1440","","63.36","0","5.33","0","0","0","0","0","0","0","0","-10.30","0","0","0","58.39"
"Feb 21, 2017 1:39:49 PM PST","6297947271","Shipping Services","107-2621038-8574640","","Shipping Label Purchased through Amazon","","","Standard Orders","","","","","","0","0","0","0","0","0","0","0","0","0","0","0","0","0","-4.54","-4.54"
"Feb 21, 2017 1:47:12 PM PST","6297947271","Order","103-2645551-3234657","M8-4S0C-5VF4","Bvlgari Blv Ii Eau de Parfum Spray for Women, 2.5 Ounce","1","amazon.com","Standard Orders","Seller","LAS VEGAS","NV","89122-3702","","43.89","0","5.69","0","0","0","0","0","0","0","0","-7.44","0","0","0","42.14"
"Feb 21, 2017 1:47:30 PM PST","6297947271","Shipping Services","103-2645551-3234657","","Shipping Label Purchased through Amazon","","","Standard Orders","","","","","","0","0","0","0","0","0","0","0","0","0","0","0","0","0","-4.53","-4.53"
"Feb 21, 2017 1:58:19 PM PST","6297947271","Order","113-1822560-2758600","O0-MYX1-BO3A","CH.DIOR PURE POISON EDP SPRAY 3.4 OZ FRGLDY","1","amazon.com","Standard Orders","Seller","WASHINGTON","DC","20007-2232","","88.03","0","25.10","0","0","0","0","0","0","0","0","-16.97","0","0","0","96.16"
"Feb 21, 2017 1:58:37 PM PST","6297947271","Shipping Services","113-1822560-2758600","","Shipping Label Purchased through Amazon","","","Standard Orders","","","","","","0","0","0","0","0","0","0","0","0","0","0","0","0","0","-21.63","-21.63"
"Feb 21, 2017 1:59:41 PM PST","6297947271","Order","112-6399598-8108214","AZ-P8G8-8YEZ","Jennifer Lopez Deseo By Jennifer Lopez For Women. Eau De Parfum Spray 1.7-Ounces","1","amazon.com","Standard Orders","Seller","CONCORD","NC","28027-3912","","22.01","0","4.98","0","0","0","0","0","0","0","0","-4.05","0","0","0","22.94"
"Feb 21, 2017 1:59:59 PM PST","6297947271","Shipping Services","112-6399598-8108214","","Shipping Label Purchased through Amazon","","","Standard Orders","","","","","","0","0","0","0","0","0","0","0","0","0","0","0","0","0","-3.69","-3.69"
"Feb 21, 2017 2:06:35 PM PST","6297947271","Order","112-1806086-3054657","PO-CX8T-9V0U","Nautica Voyage By Nautica For Men. Eau De Toilette Spray 3.4 oz","1","amazon.com","Standard Orders","Seller","GARDEN CITY","NY","11530-5702","","12.00","0","4.32","0","0","0","0","0","0","0","0","-2.45","0","0","0","13.87"
"Feb 21, 2017 2:06:35 PM PST","6297947271","Order","112-1806086-3054657","LR-2UJP-H5K7","HANAE MORI Eau De Parfum Spray for Men, 3.4 Ounce","1","amazon.com","Standard Orders","Seller","GARDEN CITY","NY","11530-5702","","32.00","0","4.42","0","0","0","0","0","0","0","0","-5.46","0","0","0","30.96"
"Feb 21, 2017 2:06:35 PM PST","6297947271","Order","112-1806086-3054657","VC-93EI-BYED","Dreamer By Gianni Versace For Men. Eau De Toilette Spray 3.4 Ounces","1","amazon.com","Standard Orders","Seller","GARDEN CITY","NY","11530-5702","","28.00","0","4.54","0","0","0","0","0","0","0","0","-4.88","0","0","0","27.66"
"Feb 21, 2017 2:06:35 PM PST","6297947271","Order","112-1806086-3054657","XX-IIKY-4WS0","Cuba Gold by Cuba for Men - Gift Set - 3.4oz edt Spray, 6.7oz deodorant Spray, 3.3oz after shave, 1.17oz edt Spray with bucket","1","amazon.com","Standard Orders","Seller","GARDEN CITY","NY","11530-5702","","20.00","0","8.65","0","0","0","0","0","0","0","0","-4.30","0","0","0","24.35"
"Feb 21, 2017 2:06:35 PM PST","6297947271","Order","112-1806086-3054657","2Q-08OZ-MKHY","Uomo Moschino by Moschino for Men - 4.2 Ounce EDT Spray","1","amazon.com","Standard Orders","Seller","GARDEN CITY","NY","11530-5702","","20.00","0","4.69","0","0","0","0","0","0","0","0","-3.70","0","0","0","20.99"
"Feb 21, 2017 2:06:35 PM PST","6297947271","Order","112-1806086-3054657","1S-30BZ-LAID","Lucky You Lucky Brand Cologne Spray 3.4 Oz For Men","1","amazon.com","Standard Orders","Seller","GARDEN CITY","NY","11530-5702","","16.00","0","4.81","0","0","0","0","0","0","0","0","-3.12","0","0","0","17.69"
"Feb 21, 2017 2:06:35 PM PST","6297947271","Order","112-1806086-3054657","FE-XTY4-ABK0","1 Million by Paco Rabanne Men's Eau De Toilette Spray 6.7 oz - 100% Authentic","1","amazon.com","Standard Orders","Seller","GARDEN CITY","NY","11530-5702","","80.00","0","5.56","0","0","0","0","0","0","0","0","-12.83","0","0","0","72.73"
"Feb 21, 2017 2:06:35 PM PST","6297947271","Order","112-1806086-3054657","4O-7FPF-GYR8","Yves Saint Laurent L'Homme Eau De Toilette Spray, 6.7 Fl.Oz","1","amazon.com","Standard Orders","Seller","GARDEN CITY","NY","11530-5702","","80.00","0","6.16","0","0","0","0","0","0","0","0","-12.92","0","0","0","73.24"
"Feb 21, 2017 2:06:35 PM PST","6297947271","Order","112-1806086-3054657","J2-8P9O-5RCO","Versace Pour Homme By Gianni Versace Eau-de-toilette Spray for Men, 6.70 fl. oz","1","amazon.com","Standard Orders","Seller","GARDEN CITY","NY","11530-5702","","50.00","0","5.71","0","0","0","0","0","0","0","0","-8.36","0","0","0","47.35"
"Feb 21, 2017 2:06:37 PM PST","6297947271","Shipping Services","112-1806086-3054657","","Shipping Label Purchased through Amazon","","","Standard Orders","","","","","","0","0","0","0","0","0","0","0","0","0","0","0","0","0","-36.52","-36.52"
"Feb 21, 2017 2:07:37 PM PST","6297947271","Order","113-6348933-3454617","IL-IROW-9WPF","Cuba Gold by Cuba 20 x 1.17 oz Eau de Toilette Spray ( 1 Box )","1","amazon.com","Standard Orders","Seller","North Little Rock","AR","72116","","63.60","0","4.49","0","0","0","0","0","0","0","0","-10.21","0","0","0","57.88"
"Feb 21, 2017 2:07:56 PM PST","6297947271","Shipping Services","113-6348933-3454617","","Shipping Label Purchased through Amazon","","","Standard Orders","","","","","","0","0","0","0","0","0","0","0","0","0","0","0","0","0","-6.20","-6.20"
"Feb 21, 2017 2:11:18 PM PST","6297947271","Order","107-1096940-7849869","8S-BF2V-JH39","Piver Pompeia Cologne 14.25 oz Splash","1","amazon.com","Standard Orders","Seller","SYLVANIA","OH","43560-6145","","26.39","0","5.49","0","0","0","0","0","0","0","0","-4.78","0","0","0","27.10"
"Feb 21, 2017 2:11:35 PM PST","6297947271","Shipping Services","107-1096940-7849869","","Shipping Label Purchased through Amazon","","","Standard Orders","","","","","","0","0","0","0","0","0","0","0","0","0","0","0","0","0","-6.55","-6.55"
"Feb 21, 2017 2:15:34 PM PST","6297947271","Order","113-6986198-4404233","WR-AM4A-Y6QY","Paco Rabanne Invictus by Paco Rabanne Edt Spray 3.4 oz for Men","1","amazon.com","Standard Orders","Seller","MIAMI","FL","33166-5618","","58.47","0","5.37","0","0","0","0","0","0","0","0","-9.58","0","0","0","54.26"
"Feb 21, 2017 2:15:52 PM PST","6297947271","Shipping Services","113-6986198-4404233","","Shipping Label Purchased through Amazon","","","Standard Orders","","","","","","0","0","0","0","0","0","0","0","0","0","0","0","0","0","-4.68","-4.68"
"Feb 21, 2017 2:20:13 PM PST","6297947271","Order","111-4354574-0903404","M8-4S0C-5VF4","Bvlgari Blv Ii Eau de Parfum Spray for Women, 2.5 Ounce","1","amazon.com","Standard Orders","Seller","ELLINGTON","CT","06029-2512","","43.89","0","5.69","0","0","0","0","0","0","0","0","-7.44","0","0","0","42.14"
"Feb 21, 2017 2:20:30 PM PST","6297947271","Shipping Services","111-4354574-0903404","","Shipping Label Purchased through Amazon","","","Standard Orders","","","","","","0","0","0","0","0","0","0","0","0","0","0","0","0","0","-4.53","-4.53"
"Feb 21, 2017 4:59:23 PM PST","6297947271","Order","108-6101290-1476210","5R-2LX9-BGJ3","Jessica Mcclintock 2 Piece Gift Set for Women","1","amazon.com","Standard Orders","Seller","GAITHERSBURG","MD","20877-2811","","59.75","0","6.19","0","0","0","0","0","0","0","0","-9.89","0","0","0","56.05"
"Feb 21, 2017 4:59:42 PM PST","6297947271","Shipping Services","108-6101290-1476210","","Shipping Label Purchased through Amazon","","","Standard Orders","","","","","","0","0","0","0","0","0","0","0","0","0","0","0","0","0","-6.70","-6.70"
"Feb 21, 2017 5:04:28 PM PST","6297947271","Order","105-2373887-1666620","IL-IROW-9WPF","Cuba Gold by Cuba 20 x 1.17 oz Eau de Toilette Spray ( 1 Box )","1","amazon.com","Standard Orders","Seller","POMONA","CA","91766-6709","","63.60","0","4.49","0","0","0","0","0","0","0","0","-10.21","0","0","0","57.88"
"Feb 21, 2017 5:04:43 PM PST","6297947271","Shipping Services","105-2373887-1666620","","Shipping Label Purchased through Amazon","","","Standard Orders","","","","","","0","0","0","0","0","0","0","0","0","0","0","0","0","0","-6.20","-6.20"
"Feb 21, 2017 5:08:02 PM PST","6297947271","Order","103-5071874-3418633","L7-J8VL-OQ8K","Hanae Mori by Hanae Mori for Women - 3.4 Ounce EDT Spray","1","amazon.com","Standard Orders","Seller","FRISCO","TX","75034-6661","","29.00","0","9.92","0","0","0","0","0","0","0","0","-5.84","0","0","0","33.08"
"Feb 21, 2017 5:08:21 PM PST","6297947271","Shipping Services","103-5071874-3418633","","Shipping Label Purchased through Amazon","","","Standard Orders","","","","","","0","0","0","0","0","0","0","0","0","0","0","0","0","0","-6.05","-6.05"
"Feb 22, 2017 11:27:46 AM PST","6297947271","Order","114-5062855-4491407","21-NWUH-FKC6","Liz Claiborne Curve Men Gift Set (Spray, Skin Soother, Hair and Body Wash)","1","amazon.com","Standard Orders","Seller","Tuscaloosa","AL","35401","","34.34","0","29.45","0","0","0","0","0","0","0","0","-9.57","0","0","0","54.22"
"Feb 22, 2017 11:28:00 AM PST","6297947271","Shipping Services","114-5062855-4491407","","Shipping Label Purchased through Amazon","","","Standard Orders","","","","","","0","0","0","0","0","0","0","0","0","0","0","0","0","0","-20.91","-20.91"
"Feb 22, 2017 11:30:34 AM PST","6297947271","Order","115-9545518-5067405","WR-AM4A-Y6QY","Paco Rabanne Invictus by Paco Rabanne Edt Spray 3.4 oz for Men","1","amazon.com","Standard Orders","Seller","Rineyville","ky","40162","","58.47","0","5.37","0","0","0","0","0","0","0","0","-9.58","0","0","0","54.26"
"Feb 22, 2017 11:30:51 AM PST","6297947271","Shipping Services","115-9545518-5067405","","Shipping Label Purchased through Amazon","","","Standard Orders","","","","","","0","0","0","0","0","0","0","0","0","0","0","0","0","0","-4.68","-4.68"
"Feb 22, 2017 11:33:33 AM PST","6297947271","Order","112-6440602-9769804","BF-2O4Q-JYRE","Paco Rabanne 1 million Cologne for Men 6.8 oz Eau De Toilette Spray","1","amazon.com","Standard Orders","Seller","Nashua","NH","03063","","84.99","0","4.49","0","0","0","0","0","0","0","0","-13.42","0","0","0","76.06"
"Feb 22, 2017 11:33:51 AM PST","6297947271","Shipping Services","112-6440602-9769804","","Shipping Label Purchased through Amazon","","","Standard Orders","","","","","","0","0","0","0","0","0","0","0","0","0","0","0","0","0","-6.20","-6.20"
"Feb 22, 2017 11:35:30 AM PST","6297947271","Order","106-0922348-8540202","BF-2O4Q-JYRE","Paco Rabanne 1 million Cologne for Men 6.8 oz Eau De Toilette Spray","1","amazon.com","Standard Orders","Seller","DETROIT LAKES","MN","56501-4813","","84.66","0","4.49","0","0","0","0","0","0","0","0","-13.37","0","0","0","75.78"
"Feb 22, 2017 11:35:46 AM PST","6297947271","Shipping Services","106-0922348-8540202","","Shipping Label Purchased through Amazon","","","Standard Orders","","","","","","0","0","0","0","0","0","0","0","0","0","0","0","0","0","-6.20","-6.20"
"Feb 22, 2017 11:37:18 AM PST","6297947271","Order","105-9136239-5785826","OI-C2S7-9PQF","Curve Crush for Women by Liz Claiborne, Gift Set - 3.4 oz Eau De Toilette Spray + .5 oz Mini EDT Spray + 2.5 oz Body Lotion + 2.5 oz Shoer Gel","1","amazon.com","Standard Orders","Seller","MOULTONBOROUGH","NH","03254-3608","","37.79","0","6.69","0","0","0","0","0","0","0","0","-6.67","0","0","0","37.81"
"Feb 22, 2017 11:37:35 AM PST","6297947271","Shipping Services","105-9136239-5785826","","Shipping Label Purchased through Amazon","","","Standard Orders","","","","","","0","0","0","0","0","0","0","0","0","0","0","0","0","0","-6.70","-6.70"
"Feb 22, 2017 11:38:57 AM PST","6297947271","Order","105-3214335-2936238","BF-2O4Q-JYRE","Paco Rabanne 1 million Cologne for Men 6.8 oz Eau De Toilette Spray","1","amazon.com","Standard Orders","Seller","KIRKLAND","WA","98034-5271","","84.66","0","8.99","0","0","0","0","0","0","0","0","-14.05","0","0","0","79.60"
"Feb 22, 2017 11:39:16 AM PST","6297947271","Shipping Services","105-3214335-2936238","","Shipping Label Purchased through Amazon","","","Standard Orders","","","","","","0","0","0","0","0","0","0","0","0","0","0","0","0","0","-6.20","-6.20"
"Feb 22, 2017 11:40:43 AM PST","6297947271","Order","102-3259845-0386661","0D-ZN8O-QQ8V","P O L O Black Fragrance for Men Luxury Perfume Spray 4.2 Oz. New with Box","1","amazon.com","Standard Orders","Seller","PHILADELPHIA","PA","19104-2318","","56.82","0","4.49","0","0","0","0","0","0","0","0","-9.20","0","0","0","52.11"
"Feb 22, 2017 11:40:58 AM PST","6297947271","Shipping Services","102-3259845-0386661","","Shipping Label Purchased through Amazon","","","Standard Orders","","","","","","0","0","0","0","0","0","0","0","0","0","0","0","0","0","-4.54","-4.54"
"Feb 22, 2017 11:42:47 AM PST","6297947271","Order","109-2173482-8665856","BF-N7MD-D4X3","Perry Ellis 360 Eau de Toilette Spray Gift Set for Women, 3 Count","1","amazon.com","Standard Orders","Seller","BRONX","NY","10468-3001","","29.43","0","5.74","0","0","0","0","0","0","0","0","-5.28","0","0","0","29.89"
"Feb 22, 2017 11:43:05 AM PST","6297947271","Shipping Services","109-2173482-8665856","","Shipping Label Purchased through Amazon","","","Standard Orders","","","","","","0","0","0","0","0","0","0","0","0","0","0","0","0","0","-6.05","-6.05"
"Feb 22, 2017 11:44:52 AM PST","6297947271","Order","107-4780580-8342601","29-42OH-YMGJ","Fujiyama By Succes De Paris For Women. Eau De Parfum Spray 3.3 Ounces","1","amazon.com","Standard Orders","Seller","MIAMI","FL","33173-3609","","9.89","0","5.19","0","0","0","0","0","0","0","0","-2.26","0","0","0","12.82"
"Feb 22, 2017 11:45:10 AM PST","6297947271","Shipping Services","107-4780580-8342601","","Shipping Label Purchased through Amazon","","","Standard Orders","","","","","","0","0","0","0","0","0","0","0","0","0","0","0","0","0","-4.25","-4.25"
"Feb 22, 2017 12:36:37 PM PST","6297947271","Order","002-1489738-5129854","8S-BF2V-JH39","Piver Pompeia Cologne 14.25 oz Splash","1","amazon.com","Standard Orders","Seller","WEST PALM BEACH","FL","33411-6459","","26.39","0","5.49","0","0","0","0","0","0","0","0","-4.78","0","0","0","27.10"
"Feb 22, 2017 12:36:54 PM PST","6297947271","Shipping Services","002-1489738-5129854","","Shipping Label Purchased through Amazon","","","Standard Orders","","","","","","0","0","0","0","0","0","0","0","0","0","0","0","0","0","-6.55","-6.55"
"Feb 22, 2017 12:43:22 PM PST","6297947271","Order","102-5369903-9301042","C2-QMD3-7JY4","Lady Million by Paco Rabanne Women's Eau De Parfum Spray 2.7 oz - 100% Authentic","1","amazon.com","Standard Orders","Seller","MANASSAS","VA","20109-1912","","58.18","0","5.49","0","0","0","0","0","0","0","0","-9.55","0","0","0","54.12"
"Feb 22, 2017 12:43:40 PM PST","6297947271","Shipping Services","102-5369903-9301042","","Shipping Label Purchased through Amazon","","","Standard Orders","","","","","","0","0","0","0","0","0","0","0","0","0","0","0","0","0","-4.26","-4.26"
"Feb 22, 2017 12:45:16 PM PST","6297947271","Order","112-6953495-0236252","WR-AM4A-Y6QY","Paco Rabanne Invictus by Paco Rabanne Edt Spray 3.4 oz for Men","1","amazon.com","Standard Orders","Seller","WILLOWBROOK","IL","60527-2576","","58.47","0","5.37","0","0","0","0","0","0","0","0","-9.58","0","0","0","54.26"
"Feb 22, 2017 12:45:34 PM PST","6297947271","Shipping Services","112-6953495-0236252","","Shipping Label Purchased through Amazon","","","Standard Orders","","","","","","0","0","0","0","0","0","0","0","0","0","0","0","0","0","-4.68","-4.68"
"Feb 22, 2017 12:48:41 PM PST","6297947271","Order","104-5900010-4804259","TS-80RJ-6XZ4","Cool Water By Davidoff For Men Edt Spray 6.7 Oz","1","amazon.com","Standard Orders","Seller","MAKAWAO","HI","96768-8881","","34.00","0","14.57","0","0","0","0","0","0","0","0","-7.29","0","0","0","41.28"
"Feb 22, 2017 12:48:56 PM PST","6297947271","Shipping Services","104-5900010-4804259","","Shipping Label Purchased through Amazon","","","Standard Orders","","","","","","0","0","0","0","0","0","0","0","0","0","0","0","0","0","-6.05","-6.05"
"Feb 22, 2017 12:51:28 PM PST","6297947271","Order","112-6368424-9193854","B0-30LP-CY8E","Jessica Simpson Fancy Love  Gift Set for Women (Eau de Parfum Spray 3.4 Ounce, Lotion 4 Ounce, Lotion 3 Ounce, Bath and Shower Cream, Eau de Parfum Sp","1","amazon.com","Standard Orders","Seller","ROCHESTER","NY","14624","","55.88","0","6.89","0","0","0","0","0","0","0","0","-9.42","0","0","0","53.35"
"Feb 22, 2017 12:51:46 PM PST","6297947271","Shipping Services","112-6368424-9193854","","Shipping Label Purchased through Amazon","","","Standard Orders","","","","","","0","0","0","0","0","0","0","0","0","0","0","0","0","0","-6.85","-6.85"
"Feb 22, 2017 1:08:40 PM PST","6297947271","Order","106-4107942-6993047","KG-EP0K-7LTJ","Jus De Amour for Women","1","amazon.com","Standard Orders","Seller","WASHINGTON","DC","20032-1143","","8.90","0","5.34","0","0","0","0","0","0","0","0","-2.14","0","0","0","12.10"
"Feb 22, 2017 1:08:57 PM PST","6297947271","Shipping Services","106-4107942-6993047","","Shipping Label Purchased through Amazon","","","Standard Orders","","","","","","0","0","0","0","0","0","0","0","0","0","0","0","0","0","-4.53","-4.53"
"Feb 22, 2017 1:13:07 PM PST","6297947271","Order","102-8106054-6837003","O0-MYX1-BO3A","CH.DIOR PURE POISON EDP SPRAY 3.4 OZ FRGLDY","1","amazon.com","Standard Orders","Seller","HAYDEN","ID","83835-9639","","87.96","0","5.19","0","0","0","0","0","0","0","0","-13.97","0","0","0","79.18"
"Feb 22, 2017 1:13:26 PM PST","6297947271","Shipping Services","102-8106054-6837003","","Shipping Label Purchased through Amazon","","","Standard Orders","","","","","","0","0","0","0","0","0","0","0","0","0","0","0","0","0","-4.40","-4.40"
"Feb 22, 2017 1:25:27 PM PST","6297947271","Order","106-4355525-1245802","PF-MR4Q-7ERM","Aromatics Elixir/Clinique Edp Spray 3.4 Oz (W)","1","amazon.com","Standard Orders","Seller","TEQUESTA","FL","33469-2232","","50.33","0","1.58","0","0","0","0","0","0","0","0","-7.79","0","0","0","44.12"
"Feb 22, 2017 1:25:27 PM PST","6297947271","Order","106-4355525-1245802","PF-MR4Q-7ERM","Aromatics Elixir/Clinique Edp Spray 3.4 Oz (W)","1","amazon.com","Standard Orders","Seller","TEQUESTA","FL","33469-2232","","50.33","0","1.59","0","0","0","0","0","0","0","0","-7.79","0","0","0","44.13"
"Feb 22, 2017 1:25:27 PM PST","6297947271","Order","106-4355525-1245802","PF-MR4Q-7ERM","Aromatics Elixir/Clinique Edp Spray 3.4 Oz (W)","1","amazon.com","Standard Orders","Seller","TEQUESTA","FL","33469-2232","","50.33","0","1.59","0","0","0","0","0","0","0","0","-7.79","0","0","0","44.13"
"Feb 22, 2017 1:25:43 PM PST","6297947271","Shipping Services","106-4355525-1245802","","Shipping Label Purchased through Amazon","","","Standard Orders","","","","","","0","0","0","0","0","0","0","0","0","0","0","0","0","0","-6.65","-6.65"
"Feb 22, 2017 1:43:11 PM PST","6297947271","Order","104-3628964-9524258","5R-2LX9-BGJ3","Jessica Mcclintock 2 Piece Gift Set for Women","1","amazon.com","Standard Orders","Seller","VICTORIA","MN","55386-4570","","59.75","0","6.19","0","0","0","0","0","0","0","0","-9.89","0","0","0","56.05"
"Feb 22, 2017 1:43:29 PM PST","6297947271","Shipping Services","104-3628964-9524258","","Shipping Label Purchased through Amazon","","","Standard Orders","","","","","","0","0","0","0","0","0","0","0","0","0","0","0","0","0","-6.70","-6.70"
"Feb 22, 2017 1:53:51 PM PST","6297947271","Order","104-2730616-6520204","5N-570F-UTZV","TrésorL'eau De Parfum (50 Ml/1.7 Oz)Trésor","1","amazon.com","Standard Orders","Seller","MARANA","AZ","85658-4634","","64.49","0","4.49","0","0","0","0","0","0","0","0","-10.35","0","0","0","58.63"
"Feb 22, 2017 1:54:08 PM PST","6297947271","Shipping Services","104-2730616-6520204","","Shipping Label Purchased through Amazon","","","Standard Orders","","","","","","0","0","0","0","0","0","0","0","0","0","0","0","0","0","-3.84","-3.84"
"Feb 23, 2017 1:34:41 PM PST","6299438871","Order","002-3783851-9002614","DE-DIB0-KEZR","Paris Hilton Sheer By Paris Hilton For Women Eau De Parfum Spray, 1.7-Ounce","1","amazon.com","Standard Orders","Seller","AUBURN","WA","98092-3149","","17.00","0","24.20","0","0","0","0","0","0","0","0","-6.18","0","0","0","35.02"
"Feb 23, 2017 1:34:58 PM PST","6299438871","Shipping Services","002-3783851-9002614","","Shipping Label Purchased through Amazon","","","Standard Orders","","","","","","0","0","0","0","0","0","0","0","0","0","0","0","0","0","-21.48","-21.48"
"Feb 23, 2017 1:36:27 PM PST","6299438871","Order","116-0146820-3071440","M8-PEDR-E2QE","Clipsal 3.4 Fl. oz. Eau De Toilette Spray Men","1","amazon.com","Standard Orders","Seller","COMMACK","NY","11725-2120","","9.50","0","4.99","0","0","0","0","0","0","0","0","-2.17","0","0","0","12.32"
"Feb 23, 2017 1:36:46 PM PST","6299438871","Shipping Services","116-0146820-3071440","","Shipping Label Purchased through Amazon","","","Standard Orders","","","","","","0","0","0","0","0","0","0","0","0","0","0","0","0","0","-4.53","-4.53"
"Feb 23, 2017 1:38:09 PM PST","6299438871","Order","115-7482211-4851466","DT-GQQP-NJQJ","Thé Oné 3.4oz Eau De Parfum Sprày MéN by Dolcé ànd Gàbbànà","1","amazon.com","Standard Orders","Seller","CRYSTAL","MN","55422-1915","","65.00","0","4.49","0","0","0","0","0","0","0","0","-10.42","0","0","0","59.07"
"Feb 23, 2017 1:38:26 PM PST","6299438871","Shipping Services","115-7482211-4851466","","Shipping Label Purchased through Amazon","","","Standard Orders","","","","","","0","0","0","0","0","0","0","0","0","0","0","0","0","0","-6.20","-6.20"
"Feb 23, 2017 1:39:44 PM PST","6299438871","Order","115-5659164-9854604","DE-DIB0-KEZR","Paris Hilton Sheer By Paris Hilton For Women Eau De Parfum Spray, 1.7-Ounce","1","amazon.com","Standard Orders","Seller","ONTARIO","CA","91764-4305","","17.00","0","4.89","0","0","0","0","0","0","0","0","-1.38","0","0","0","20.51"
"Feb 23, 2017 1:40:02 PM PST","6299438871","Shipping Services","115-5659164-9854604","","Shipping Label Purchased through Amazon","","","Standard Orders","","","","","","0","0","0","0","0","0","0","0","0","0","0","0","0","0","-3.14","-3.14"
"Feb 23, 2017 1:41:03 PM PST","6299438871","Order","111-0843857-0901035","AZ-P8G8-8YEZ","Jennifer Lopez Deseo By Jennifer Lopez For Women. Eau De Parfum Spray 1.7-Ounces","1","amazon.com","Standard Orders","Seller","BRENTWOOD","NY","11717-1750","","22.01","0","4.98","0","0","0","0","0","0","0","0","-4.05","0","0","0","22.94"
"Feb 23, 2017 1:41:17 PM PST","6299438871","Shipping Services","111-0843857-0901035","","Shipping Label Purchased through Amazon","","","Standard Orders","","","","","","0","0","0","0","0","0","0","0","0","0","0","0","0","0","-3.69","-3.69"
"Feb 23, 2017 1:43:08 PM PST","6299438871","Order","109-8090082-7366640","1O-YSQR-VEK9","1 Million Fragrance By Paco Rabanne 3pc Travel Edition Gift Set . 3.4 Fl.Oz. Eau De Toilette Spray + 3.4 S/G Men+15ml spray Mini For Men","1","amazon.com","Standard Orders","Seller","JACKSON HOLE","WY","83001-8572","","74.85","0","4.49","0","0","0","0","0","0","0","0","-11.90","0","0","0","67.44"
"Feb 23, 2017 1:43:23 PM PST","6299438871","Shipping Services","109-8090082-7366640","","Shipping Label Purchased through Amazon","","","Standard Orders","","","","","","0","0","0","0","0","0","0","0","0","0","0","0","0","0","-6.70","-6.70"
"Feb 23, 2017 1:44:16 PM PST","6299438871","Order","106-8042293-9535411","KG-EP0K-7LTJ","Jus De Amour for Women","1","amazon.com","Standard Orders","Seller","MANHATTAN","NY","10029-3330","","8.90","0","5.34","0","0","0","0","0","0","0","0","-2.14","0","0","0","12.10"
"Feb 23, 2017 1:44:34 PM PST","6299438871","Shipping Services","106-8042293-9535411","","Shipping Label Purchased through Amazon","","","Standard Orders","","","","","","0","0","0","0","0","0","0","0","0","0","0","0","0","0","-4.53","-4.53"
"Feb 23, 2017 1:45:56 PM PST","6299438871","Shipping Services","106-2133130-0350625","","Shipping Label Purchased through Amazon","","","Standard Orders","","","","","","0","0","0","0","0","0","0","0","0","0","0","0","0","0","-3.14","-3.14"
"Feb 23, 2017 1:46:53 PM PST","6299438871","Order","105-8261761-1661012","WR-AM4A-Y6QY","Paco Rabanne Invictus by Paco Rabanne Edt Spray 3.4 oz for Men","1","amazon.com","Standard Orders","Seller","MIAMI","FL","33166-5616","","58.47","0","5.37","0","0","0","0","0","0","0","0","-9.58","0","0","0","54.26"
"Feb 23, 2017 1:47:11 PM PST","6299438871","Shipping Services","105-8261761-1661012","","Shipping Label Purchased through Amazon","","","Standard Orders","","","","","","0","0","0","0","0","0","0","0","0","0","0","0","0","0","-4.68","-4.68"
"Feb 23, 2017 1:48:30 PM PST","6299438871","Order","104-9074176-6664269","DE-DIB0-KEZR","Paris Hilton Sheer By Paris Hilton For Women Eau De Parfum Spray, 1.7-Ounce","2","amazon.com","Standard Orders","Seller","AMARILLO","TX","79124-1807","","34.00","0","5.29","0","0","0","0","0","0","0","0","-2.48","0","0","0","36.81"
"Feb 23, 2017 1:48:48 PM PST","6299438871","Shipping Services","104-9074176-6664269","","Shipping Label Purchased through Amazon","","","Standard Orders","","","","","","0","0","0","0","0","0","0","0","0","0","0","0","0","0","-4.39","-4.39"
"Feb 23, 2017 1:49:48 PM PST","6299438871","Order","103-6948014-3370608","KG-EP0K-7LTJ","Jus De Amour for Women","2","amazon.com","Standard Orders","Seller","Chicago","IL","60625","","17.80","0","6.19","0","0","0","0","0","0","0","0","-3.60","0","0","0","20.39"
"Feb 23, 2017 1:50:07 PM PST","6299438871","Shipping Services","103-6948014-3370608","","Shipping Label Purchased through Amazon","","","Standard Orders","","","","","","0","0","0","0","0","0","0","0","0","0","0","0","0","0","-6.05","-6.05"
"Feb 23, 2017 1:52:30 PM PST","6299438871","Order","102-3198657-7631427","0C-RXJ7-ZQYM","360 by Perry Ellis for Women - 6.8 Ounce EDT Spray","1","amazon.com","Standard Orders","Seller","c ape may","NJ","08204","","29.00","0","5.59","0","0","0","0","0","0","0","0","-5.19","0","0","0","29.40"
"Feb 23, 2017 1:52:49 PM PST","6299438871","Shipping Services","102-3198657-7631427","","Shipping Label Purchased through Amazon","","","Standard Orders","","","","","","0","0","0","0","0","0","0","0","0","0","0","0","0","0","-6.05","-6.05"
"Feb 23, 2017 1:53:31 PM PST","6299438871","Order","106-2133130-0350625","DE-DIB0-KEZR","Paris Hilton Sheer By Paris Hilton For Women Eau De Parfum Spray, 1.7-Ounce","1","amazon.com","Standard Orders","Seller","WARREN","MI","48088-4228","","17.00","0","4.89","0","0","0","0","0","0","0","0","-1.38","0","0","0","20.51"
"Feb 23, 2017 1:54:40 PM PST","6299438871","Order","116-7922340-1691441","77-JUYN-Z0L9","Giorgió Armáni Sì Eau de Parfum 3.4 oz for Women + Free Glittery Eyeshadow","1","amazon.com","Standard Orders","Seller","LAKE PLACID","FL","33852-5195","","105.48","0","4.49","0","0","0","0","0","0","0","0","-16.50","0","0","0","93.47"
"Feb 23, 2017 1:54:59 PM PST","6299438871","Shipping Services","116-7922340-1691441","","Shipping Label Purchased through Amazon","","","Standard Orders","","","","","","0","0","0","0","0","0","0","0","0","0","0","0","0","0","-6.65","-6.65"
"Feb 23, 2017 1:56:09 PM PST","6299438871","Order","112-6150953-4137813","DE-DIB0-KEZR","Paris Hilton Sheer By Paris Hilton For Women Eau De Parfum Spray, 1.7-Ounce","1","amazon.com","Standard Orders","Seller","CARLISLE","KY","40311-9214","","17.00","0","4.89","0","0","0","0","0","0","0","0","-3.28","0","0","0","18.61"
"Feb 23, 2017 1:56:27 PM PST","6299438871","Shipping Services","112-6150953-4137813","","Shipping Label Purchased through Amazon","","","Standard Orders","","","","","","0","0","0","0","0","0","0","0","0","0","0","0","0","0","-3.14","-3.14"
"Feb 23, 2017 1:57:43 PM PST","6299438871","Order","109-7064273-7126636","E3-KN4I-A54V","Women's Safari by Ralph Lauren Eau de Parfum Spray - 2.5 oz by RBS","2","amazon.com","Standard Orders","Seller","Johnstown","NY","12095","","104.28","0","8.99","0","0","0","0","0","0","0","0","-17.00","0","0","0","96.27"
"Feb 23, 2017 1:58:02 PM PST","6299438871","Shipping Services","109-7064273-7126636","","Shipping Label Purchased through Amazon","","","Standard Orders","","","","","","0","0","0","0","0","0","0","0","0","0","0","0","0","0","-6.65","-6.65"
"Feb 23, 2017 1:58:52 PM PST","6299438871","Order","107-8634767-6242628","B0-30LP-CY8E","Jessica Simpson Fancy Love  Gift Set for Women (Eau de Parfum Spray 3.4 Ounce, Lotion 4 Ounce, Lotion 3 Ounce, Bath and Shower Cream, Eau de Parfum Sp","1","amazon.com","Standard Orders","Seller","CATTARAUGUS","NY","14719-9605","","55.46","0","6.89","0","0","0","0","0","0","0","0","-9.35","0","0","0","53.00"
"Feb 23, 2017 1:59:10 PM PST","6299438871","Shipping Services","107-8634767-6242628","","Shipping Label Purchased through Amazon","","","Standard Orders","","","","","","0","0","0","0","0","0","0","0","0","0","0","0","0","0","-6.85","-6.85"
"Feb 23, 2017 2:03:23 PM PST","6299438871","Order","107-1220900-4275459","5R-2LX9-BGJ3","Jessica Mcclintock 2 Piece Gift Set for Women","1","amazon.com","Standard Orders","Seller","Lewistown","Montana","59457","","59.78","0","6.19","0","0","0","0","0","0","0","0","-9.90","0","0","0","56.07"
"Feb 23, 2017 2:03:40 PM PST","6299438871","Shipping Services","107-1220900-4275459","","Shipping Label Purchased through Amazon","","","Standard Orders","","","","","","0","0","0","0","0","0","0","0","0","0","0","0","0","0","-6.70","-6.70"
"Feb 23, 2017 2:05:06 PM PST","6299438871","Order","106-6409941-1190665","TJ-E71K-IYKR","Paul Sebastian Cologne for Men, 8.0 Fluid Ounce","1","amazon.com","Standard Orders","Seller","CHESWICK","PA","15024-1508","","21.00","0","3.45","0","0","0","0","0","0","0","0","-3.67","0","0","0","20.78"
"Feb 23, 2017 2:05:06 PM PST","6299438871","Order","106-6409941-1190665","QK-J38X-EWNW","Halston 1-12 by Halston for Men, Cologne Spray, 4.2-Ounce","1","amazon.com","Standard Orders","Seller","CHESWICK","PA","15024-1508","","7.99","0","2.99","0","0","0","0","0","0","0","0","-1.65","0","0","0","9.33"
"Feb 23, 2017 2:05:24 PM PST","6299438871","Shipping Services","106-6409941-1190665","","Shipping Label Purchased through Amazon","","","Standard Orders","","","","","","0","0","0","0","0","0","0","0","0","0","0","0","0","0","-6.55","-6.55"
"Feb 23, 2017 2:06:34 PM PST","6299438871","Order","105-6788285-7929030","PY-AVNH-TGD3","SEE BY CHLOE by Chloe Gift Set for WOMEN: EAU DE PARFUM SPRAY 2.5 OZ & BODY LOTION 2.5 OZ & SHOWER GEL 2.5 OZ","1","amazon.com","Standard Orders","Seller","CORAL GABLES","FL","33134-2382","","67.00","0","6.89","0","0","0","0","0","0","0","0","-11.08","0","0","0","62.81"
"Feb 23, 2017 2:06:52 PM PST","6299438871","Shipping Services","105-6788285-7929030","","Shipping Label Purchased through Amazon","","","Standard Orders","","","","","","0","0","0","0","0","0","0","0","0","0","0","0","0","0","-4.68","-4.68"
"Feb 23, 2017 2:07:49 PM PST","6299438871","Order","104-8642538-1885864","WR-AM4A-Y6QY","Paco Rabanne Invictus by Paco Rabanne Edt Spray 3.4 oz for Men","1","amazon.com","Standard Orders","Seller","MIAMI","FL","33195-9157","","58.47","0","5.37","0","0","0","0","0","0","0","0","-9.58","0","0","0","54.26"
"Feb 23, 2017 2:08:06 PM PST","6299438871","Shipping Services","104-8642538-1885864","","Shipping Label Purchased through Amazon","","","Standard Orders","","","","","","0","0","0","0","0","0","0","0","0","0","0","0","0","0","-4.68","-4.68"
"Feb 23, 2017 2:09:06 PM PST","6299438871","Order","103-9501899-4584220","VH-EQQ1-0YO5","NAUTICA CLASSIC by Nautica 3.4 Ounce / 100 ml Eau de Toilette Men Cologne Spray","1","amazon.com","Standard Orders","Seller","plymouth","ma","02360","","10.22","0","4.54","0","0","0","0","0","0","0","0","-2.21","0","0","0","12.55"
"Feb 23, 2017 2:09:24 PM PST","6299438871","Shipping Services","103-9501899-4584220","","Shipping Label Purchased through Amazon","","","Standard Orders","","","","","","0","0","0","0","0","0","0","0","0","0","0","0","0","0","-4.11","-4.11"
"Feb 23, 2017 2:10:08 PM PST","6299438871","Order","103-6957870-6769813","DE-DIB0-KEZR","Paris Hilton Sheer By Paris Hilton For Women Eau De Parfum Spray, 1.7-Ounce","1","amazon.com","Standard Orders","Seller","ALTADENA","CA","91001-2440","","17.00","0","4.89","0","0","0","0","0","0","0","0","-3.28","0","0","0","18.61"
"Feb 23, 2017 2:10:25 PM PST","6299438871","Shipping Services","103-6957870-6769813","","Shipping Label Purchased through Amazon","","","Standard Orders","","","","","","0","0","0","0","0","0","0","0","0","0","0","0","0","0","-3.14","-3.14"
"Feb 23, 2017 2:11:24 PM PST","6299438871","Order","103-6642019-1194652","WS-JIP0-VTQU","Jessica Simpson Fancy Love by Jessica Simpson for Women. Eau De Parfum Spray 3.4-Ounce","1","amazon.com","Standard Orders","Seller","OAKLAND","CA","94606-4167","","28.00","0","5.39","0","0","0","0","0","0","0","0","-5.01","0","0","0","28.38"
"Feb 23, 2017 2:11:41 PM PST","6299438871","Shipping Services","103-6642019-1194652","","Shipping Label Purchased through Amazon","","","Standard Orders","","","","","","0","0","0","0","0","0","0","0","0","0","0","0","0","0","-4.53","-4.53"
"Feb 24, 2017 12:14:18 PM PST","6300321131","Order","115-5157156-5294619","IL-IROW-9WPF","Cuba Gold by Cuba 20 x 1.17 oz Eau de Toilette Spray ( 1 Box )","1","amazon.com","Standard Orders","Seller","REYNOLDS","GA","31076-2951","","63.60","0","4.49","0","0","0","0","0","0","0","0","-10.21","0","0","0","57.88"
"Feb 24, 2017 12:14:45 PM PST","6300321131","Shipping Services","115-5157156-5294619","","Shipping Label Purchased through Amazon","","","Standard Orders","","","","","","0","0","0","0","0","0","0","0","0","0","0","0","0","0","-6.20","-6.20"
"Feb 24, 2017 12:16:11 PM PST","6300321131","Order","115-0153192-9870636","2V-ZT5H-G840","AZZARO Eau de Toilette Spray for Men, 3.3 Ounce","1","amazon.com","Standard Orders","Seller","HUMBLE","TX","77396-3726","","25.00","0","5.14","0","0","0","0","0","0","0","0","-4.52","0","0","0","25.62"
"Feb 24, 2017 12:16:28 PM PST","6300321131","Shipping Services","115-0153192-9870636","","Shipping Label Purchased through Amazon","","","Standard Orders","","","","","","0","0","0","0","0","0","0","0","0","0","0","0","0","0","-4.25","-4.25"
"Feb 24, 2017 12:17:25 PM PST","6300321131","Order","112-9257558-0188233","DE-DIB0-KEZR","Paris Hilton Sheer By Paris Hilton For Women Eau De Parfum Spray, 1.7-Ounce","1","amazon.com","Standard Orders","Seller","LAKEWOOD","CO","80232-5648","","17.00","0","4.89","0","0","0","0","0","0","0","0","-3.28","0","0","0","18.61"
"Feb 24, 2017 12:17:44 PM PST","6300321131","Shipping Services","112-9257558-0188233","","Shipping Label Purchased through Amazon","","","Standard Orders","","","","","","0","0","0","0","0","0","0","0","0","0","0","0","0","0","-3.14","-3.14"
"Feb 24, 2017 12:19:17 PM PST","6300321131","Order","109-9826291-1761053","VQ-3EX0-LMJP","Parfums Rivera Night Dreams Eau de Parfum Spray, 3.4 Ounce","1","amazon.com","Standard Orders","Seller","CENTRAL ISLIP","NY","11722-4004","","19.00","0","5.94","0","0","0","0","0","0","0","0","-3.74","0","0","0","21.20"
"Feb 24, 2017 12:19:35 PM PST","6300321131","Shipping Services","109-9826291-1761053","","Shipping Label Purchased through Amazon","","","Standard Orders","","","","","","0","0","0","0","0","0","0","0","0","0","0","0","0","0","-6.05","-6.05"
"Feb 24, 2017 12:20:45 PM PST","6300321131","Order","108-1947863-6532261","DE-DIB0-KEZR","Paris Hilton Sheer By Paris Hilton For Women Eau De Parfum Spray, 1.7-Ounce","1","amazon.com","Standard Orders","Seller","HUNTSVILLE","AL","35810-3614","","17.00","0","4.89","0","0","0","0","0","0","0","0","-3.28","0","0","0","18.61"
"Feb 24, 2017 12:20:58 PM PST","6300321131","Shipping Services","108-1947863-6532261","","Shipping Label Purchased through Amazon","","","Standard Orders","","","","","","0","0","0","0","0","0","0","0","0","0","0","0","0","0","-3.14","-3.14"
"Feb 24, 2017 12:22:23 PM PST","6300321131","Order","108-1814189-7901847","AZ-P8G8-8YEZ","Jennifer Lopez Deseo By Jennifer Lopez For Women. Eau De Parfum Spray 1.7-Ounces","1","amazon.com","Standard Orders","Seller","CHICAGO","IL","60612-3728","","22.01","0","4.98","0","0","0","0","0","0","0","0","-4.05","0","0","0","22.94"
"Feb 24, 2017 12:22:42 PM PST","6300321131","Shipping Services","108-1814189-7901847","","Shipping Label Purchased through Amazon","","","Standard Orders","","","","","","0","0","0","0","0","0","0","0","0","0","0","0","0","0","-3.69","-3.69"
"Feb 24, 2017 12:24:05 PM PST","6300321131","Order","106-6816951-1209025","1W-5PTN-4YN0","Piver 489564 Reve Dor by Piver Cologne Splash 14.25 oz","1","amazon.com","Standard Orders","Seller","Boston","Massachusetts","02124","","26.58","0","6.49","0","0","0","0","0","0","0","0","-4.96","0","0","0","28.11"
"Feb 24, 2017 12:24:22 PM PST","6300321131","Shipping Services","106-6816951-1209025","","Shipping Label Purchased through Amazon","","","Standard Orders","","","","","","0","0","0","0","0","0","0","0","0","0","0","0","0","0","-6.55","-6.55"
"Feb 24, 2017 12:25:40 PM PST","6300321131","Order","104-3782321-2028247","8X-4L9P-TFCB","Sexual By Michel Germain For Men. Eau De Toilette Spray 4.2 Ounces","1","amazon.com","Standard Orders","Seller","sandy springs","ga","30350","","38.00","0","5.39","0","0","0","0","0","0","0","0","-6.51","0","0","0","36.88"
"Feb 24, 2017 12:25:58 PM PST","6300321131","Shipping Services","104-3782321-2028247","","Shipping Label Purchased through Amazon","","","Standard Orders","","","","","","0","0","0","0","0","0","0","0","0","0","0","0","0","0","-4.53","-4.53"
"Feb 24, 2017 12:27:43 PM PST","6300321131","Order","116-2279613-4713062","DT-GQQP-NJQJ","Thé Oné 3.4oz Eau De Parfum Sprày MéN by Dolcé ànd Gàbbànà","1","amazon.com","Standard Orders","Seller","STATE UNIVERSITY","AR","72467-0601","","64.60","0","4.49","0","0","0","0","0","0","0","0","-10.36","0","0","0","58.73"
"Feb 24, 2017 12:28:01 PM PST","6300321131","Shipping Services","116-2279613-4713062","","Shipping Label Purchased through Amazon","","","Standard Orders","","","","","","0","0","0","0","0","0","0","0","0","0","0","0","0","0","-6.20","-6.20"
"Feb 24, 2017 12:29:03 PM PST","6300321131","Order","103-1190990-8070663","2L-YX0W-CS37","Johan B Merveille Eau De Parfum Spray for Women, 3.4 Ounce","1","amazon.com","Standard Orders","Seller","ISLIP TERRACE","NY","11752-1304","","15.00","0","5.34","0","0","0","0","0","0","0","0","-3.05","0","0","0","17.29"
"Feb 24, 2017 12:29:22 PM PST","6300321131","Shipping Services","103-1190990-8070663","","Shipping Label Purchased through Amazon","","","Standard Orders","","","","","","0","0","0","0","0","0","0","0","0","0","0","0","0","0","-4.39","-4.39"
"Feb 24, 2017 12:30:27 PM PST","6300321131","Order","002-6018704-9961802","DE-DIB0-KEZR","Paris Hilton Sheer By Paris Hilton For Women Eau De Parfum Spray, 1.7-Ounce","1","amazon.com","Standard Orders","Seller","SAYVILLE","NY","11782-1113","","17.00","0","4.89","0","0","0","0","0","0","0","0","-3.28","0","0","0","18.61"
"Feb 24, 2017 12:30:44 PM PST","6300321131","Shipping Services","002-6018704-9961802","","Shipping Label Purchased through Amazon","","","Standard Orders","","","","","","0","0","0","0","0","0","0","0","0","0","0","0","0","0","-3.14","-3.14"
"Feb 24, 2017 12:31:48 PM PST","6300321131","Order","002-5244523-2960250","DE-DIB0-KEZR","Paris Hilton Sheer By Paris Hilton For Women Eau De Parfum Spray, 1.7-Ounce","1","amazon.com","Standard Orders","Seller","San Diego","CA","92110","","17.00","0","4.89","0","0","0","0","0","0","0","0","-3.28","0","0","0","18.61"
"Feb 24, 2017 12:32:05 PM PST","6300321131","Shipping Services","002-5244523-2960250","","Shipping Label Purchased through Amazon","","","Standard Orders","","","","","","0","0","0","0","0","0","0","0","0","0","0","0","0","0","-3.14","-3.14"
"Feb 24, 2017 12:34:25 PM PST","6300321131","Order","109-8074054-7604230","WS-JIP0-VTQU","Jessica Simpson Fancy Love by Jessica Simpson for Women. Eau De Parfum Spray 3.4-Ounce","1","amazon.com","Standard Orders","Seller","HOWELL","NJ","07731-5013","","28.00","0","5.39","0","0","0","0","0","0","0","0","-5.01","0","0","0","28.38"
"Feb 24, 2017 12:34:44 PM PST","6300321131","Shipping Services","109-8074054-7604230","","Shipping Label Purchased through Amazon","","","Standard Orders","","","","","","0","0","0","0","0","0","0","0","0","0","0","0","0","0","-4.53","-4.53"
"Feb 24, 2017 12:36:00 PM PST","6300321131","Order","109-6230851-2129069","DE-DIB0-KEZR","Paris Hilton Sheer By Paris Hilton For Women Eau De Parfum Spray, 1.7-Ounce","1","amazon.com","Standard Orders","Seller","BRONX","NY","10467-5907","","17.00","0","4.89","0","0","0","0","0","0","0","0","-3.28","0","0","0","18.61"
"Feb 24, 2017 12:36:17 PM PST","6300321131","Shipping Services","109-6230851-2129069","","Shipping Label Purchased through Amazon","","","Standard Orders","","","","","","0","0","0","0","0","0","0","0","0","0","0","0","0","0","-3.14","-3.14"
"Feb 24, 2017 12:37:59 PM PST","6300321131","Order","108-6638854-3533042","DT-GQQP-NJQJ","Thé Oné 3.4oz Eau De Parfum Sprày MéN by Dolcé ànd Gàbbànà","1","amazon.com","Standard Orders","Seller","LAKE ELSINORE","CA","92530-4475","","74.78","0","4.49","0","0","0","0","0","0","0","0","-11.89","0","0","0","67.38"
"Feb 24, 2017 12:38:16 PM PST","6300321131","Shipping Services","108-6638854-3533042","","Shipping Label Purchased through Amazon","","","Standard Orders","","","","","","0","0","0","0","0","0","0","0","0","0","0","0","0","0","-6.20","-6.20"
"Feb 24, 2017 12:41:53 PM PST","6300321131","Order","107-6593716-8008221","WR-AM4A-Y6QY","Paco Rabanne Invictus by Paco Rabanne Edt Spray 3.4 oz for Men","1","amazon.com","Standard Orders","Seller","Bronx","NY","10472","","58.29","0","5.37","0","0","0","0","0","0","0","0","-9.55","0","0","0","54.11"
"Feb 24, 2017 12:42:10 PM PST","6300321131","Shipping Services","107-6593716-8008221","","Shipping Label Purchased through Amazon","","","Standard Orders","","","","","","0","0","0","0","0","0","0","0","0","0","0","0","0","0","-4.68","-4.68"
"Feb 24, 2017 12:46:18 PM PST","6300321131","Order","108-3799775-0677050","3G-59KJ-77Q3","Essence Eau De Musc Narciso Rodriguez by Narciso Rodriguez Eau De Toilette Spray for Women, 2.5 Ounce","1","amazon.com","Standard Orders","Seller","Lincoln","Tx","78948","","41.00","0","5.24","0","0","0","0","0","0","0","0","-6.94","0","0","0","39.30"
"Feb 24, 2017 12:46:37 PM PST","6300321131","Shipping Services","108-3799775-0677050","","Shipping Label Purchased through Amazon","","","Standard Orders","","","","","","0","0","0","0","0","0","0","0","0","0","0","0","0","0","-4.25","-4.25"
"Feb 24, 2017 12:48:12 PM PST","6300321131","Order","105-1564526-4560238","DE-DIB0-KEZR","Paris Hilton Sheer By Paris Hilton For Women Eau De Parfum Spray, 1.7-Ounce","1","amazon.com","Standard Orders","Seller","MILLSAP","TX","76066-9659","","17.00","0","4.89","0","0","0","0","0","0","0","0","-3.28","0","0","0","18.61"
"Feb 24, 2017 12:48:30 PM PST","6300321131","Shipping Services","105-1564526-4560238","","Shipping Label Purchased through Amazon","","","Standard Orders","","","","","","0","0","0","0","0","0","0","0","0","0","0","0","0","0","-3.14","-3.14"
"Feb 24, 2017 12:49:36 PM PST","6300321131","Order","104-4555881-5146622","WS-JIP0-VTQU","Jessica Simpson Fancy Love by Jessica Simpson for Women. Eau De Parfum Spray 3.4-Ounce","1","amazon.com","Standard Orders","Seller","Hamilton Sq.","New Jersey","08690","","28.00","0","10.34","0","0","0","0","0","0","0","0","-5.75","0","0","0","32.59"
"Feb 24, 2017 12:49:55 PM PST","6300321131","Shipping Services","104-4555881-5146622","","Shipping Label Purchased through Amazon","","","Standard Orders","","","","","","0","0","0","0","0","0","0","0","0","0","0","0","0","0","-4.53","-4.53"
"Feb 24, 2017 12:52:11 PM PST","6300321131","Order","104-1376768-9987463","V7-OPJ5-JUXX","Curve Connect/Liz Claiborne Edt Spray 3.4 Oz (W)","1","amazon.com","Standard Orders","Seller","East Falmouth","ma","02536","","15.00","0","5.23","0","0","0","0","0","0","0","0","-3.03","0","0","0","17.20"
"Feb 24, 2017 12:52:29 PM PST","6300321131","Shipping Services","104-1376768-9987463","","Shipping Label Purchased through Amazon","","","Standard Orders","","","","","","0","0","0","0","0","0","0","0","0","0","0","0","0","0","-4.25","-4.25"
"Feb 24, 2017 12:58:40 PM PST","6300321131","Order","002-2105426-1114600","WS-JIP0-VTQU","Jessica Simpson Fancy Love by Jessica Simpson for Women. Eau De Parfum Spray 3.4-Ounce","1","amazon.com","Standard Orders","Seller","MCCLEARY","WASHINGTON","98557-9301","","28.00","0","5.39","0","0","0","0","0","0","0","0","-5.01","0","0","0","28.38"
"Feb 24, 2017 12:58:58 PM PST","6300321131","Shipping Services","002-2105426-1114600","","Shipping Label Purchased through Amazon","","","Standard Orders","","","","","","0","0","0","0","0","0","0","0","0","0","0","0","0","0","-4.53","-4.53"
"Feb 24, 2017 1:06:23 PM PST","6300321131","Order","111-0980061-0365845","KG-EP0K-7LTJ","Jus De Amour for Women","2","amazon.com","Standard Orders","Seller","MOUNTVILLE","PA","17554-1864","","17.80","0","6.19","0","0","0","0","0","0","0","0","-3.60","0","0","0","20.39"
"Feb 24, 2017 1:06:42 PM PST","6300321131","Shipping Services","111-0980061-0365845","","Shipping Label Purchased through Amazon","","","Standard Orders","","","","","","0","0","0","0","0","0","0","0","0","0","0","0","0","0","-6.05","-6.05"
"Feb 24, 2017 1:08:01 PM PST","6300321131","Order","104-0696015-9054669","DE-DIB0-KEZR","Paris Hilton Sheer By Paris Hilton For Women Eau De Parfum Spray, 1.7-Ounce","1","amazon.com","Standard Orders","Seller","EL PASO","TEXAS","79938-8697","","17.00","0","4.89","0","0","0","0","0","0","0","0","-3.28","0","0","0","18.61"
"Feb 24, 2017 1:08:20 PM PST","6300321131","Shipping Services","104-0696015-9054669","","Shipping Label Purchased through Amazon","","","Standard Orders","","","","","","0","0","0","0","0","0","0","0","0","0","0","0","0","0","-3.14","-3.14"
"Feb 24, 2017 1:10:21 PM PST","6300321131","Order","103-8809501-4803420","AZ-P8G8-8YEZ","Jennifer Lopez Deseo By Jennifer Lopez For Women. Eau De Parfum Spray 1.7-Ounces","1","amazon.com","Standard Orders","Seller","NASHVILLE","TN","37211-5563","","22.01","0","4.98","0","0","0","0","0","0","0","0","-4.05","0","0","0","22.94"
"Feb 24, 2017 1:10:39 PM PST","6300321131","Shipping Services","103-8809501-4803420","","Shipping Label Purchased through Amazon","","","Standard Orders","","","","","","0","0","0","0","0","0","0","0","0","0","0","0","0","0","-3.69","-3.69"
"Feb 25, 2017 7:03:49 AM PST","6300321131","Transfer","","","To your account ending in: 6276, Bank Transfer ID: 091000015744645","","","Standard Orders","","","","","","0","0","0","0","0","0","0","0","0","0","0","0","0","0","-2,039.26","-2,039.26"
"Feb 25, 2017 5:37:37 PM PST","6300321131","Order","115-0907790-6577815","5Q-II9L-8MGB","Van Cleef and Arpels Midnight In Paris Eau de Toilette Spray for Men, 2.5 Ounce","1","amazon.com","Standard Orders","Seller","GLADSTONE","MI","49837-1322","","37.66","0","5.02","0","0","0","0","0","0","0","0","-6.40","0","0","0","36.28"
"Feb 25, 2017 5:37:56 PM PST","6300321131","Shipping Services","115-0907790-6577815","","Shipping Label Purchased through Amazon","","","Standard Orders","","","","","","0","0","0","0","0","0","0","0","0","0","0","0","0","0","-3.83","-3.83"
"Feb 25, 2017 5:38:52 PM PST","6300321131","Order","114-4264815-9914637","5Q-II9L-8MGB","Van Cleef and Arpels Midnight In Paris Eau de Toilette Spray for Men, 2.5 Ounce","1","amazon.com","Standard Orders","Seller","ORRVILLE","OH","44667-9608","","37.66","0","5.02","0","0","0","0","0","0","0","0","-6.40","0","0","0","36.28"
"Feb 25, 2017 5:39:09 PM PST","6300321131","Shipping Services","114-4264815-9914637","","Shipping Label Purchased through Amazon","","","Standard Orders","","","","","","0","0","0","0","0","0","0","0","0","0","0","0","0","0","-3.83","-3.83"
"Feb 25, 2017 5:40:27 PM PST","6300321131","Shipping Services","112-7849501-2567469","","Shipping Label Purchased through Amazon","","","Standard Orders","","","","","","0","0","0","0","0","0","0","0","0","0","0","0","0","0","-6.05","-6.05"
"Feb 25, 2017 5:41:55 PM PST","6300321131","Order","111-6270557-5638618","DE-DIB0-KEZR","Paris Hilton Sheer By Paris Hilton For Women Eau De Parfum Spray, 1.7-Ounce","1","amazon.com","Standard Orders","Seller","Phoenix","Arizona","85053","","17.00","0","9.59","0","0","0","0","0","0","0","0","-3.99","0","0","0","22.60"
"Feb 25, 2017 5:42:14 PM PST","6300321131","Shipping Services","111-6270557-5638618","","Shipping Label Purchased through Amazon","","","Standard Orders","","","","","","0","0","0","0","0","0","0","0","0","0","0","0","0","0","-6.05","-6.05"
"Feb 25, 2017 5:50:51 PM PST","6300321131","Order","112-1285385-3877050","1O-YSQR-VEK9","1 Million Fragrance By Paco Rabanne 3pc Travel Edition Gift Set . 3.4 Fl.Oz. Eau De Toilette Spray + 3.4 S/G Men+15ml spray Mini For Men","1","amazon.com","Standard Orders","Seller","NEWPORT NEWS","VA","23601-2425","","74.85","0","4.49","0","0","0","0","0","0","0","0","-11.90","0","0","0","67.44"
"Feb 25, 2017 5:51:07 PM PST","6300321131","Shipping Services","112-1285385-3877050","","Shipping Label Purchased through Amazon","","","Standard Orders","","","","","","0","0","0","0","0","0","0","0","0","0","0","0","0","0","-6.70","-6.70"
"Feb 25, 2017 5:51:15 PM PST","6300321131","Order","112-7849501-2567469","KG-EP0K-7LTJ","Jus De Amour for Women","2","amazon.com","Standard Orders","Seller","ROCHESTER","NY","14621-4104","","17.80","0","6.19","0","0","0","0","0","0","0","0","-3.60","0","0","0","20.39"
"Feb 25, 2017 5:53:03 PM PST","6300321131","Order","111-0646991-9117824","7N-MCB6-8NX2","Joop By Joop! Gift Set -- 4.2 Oz Eau De Toilette Spray + 2.5 Oz After Shave For Men","1","amazon.com","Standard Orders","Seller","DENTON","TX","76203-5017","","31.85","0","10.49","0","0","0","0","0","0","0","0","-6.35","0","0","0","35.99"
"Feb 25, 2017 5:53:21 PM PST","6300321131","Shipping Services","111-0646991-9117824","","Shipping Label Purchased through Amazon","","","Standard Orders","","","","","","0","0","0","0","0","0","0","0","0","0","0","0","0","0","-6.55","-6.55"
"Feb 25, 2017 5:54:29 PM PST","6300321131","Order","111-0059403-6108260","KG-EP0K-7LTJ","Jus De Amour for Women","1","amazon.com","Standard Orders","Seller","BROOKLYN","NY","11207-1213","","8.90","0","5.34","0","0","0","0","0","0","0","0","-2.14","0","0","0","12.10"
"Feb 25, 2017 5:54:45 PM PST","6300321131","Shipping Services","111-0059403-6108260","","Shipping Label Purchased through Amazon","","","Standard Orders","","","","","","0","0","0","0","0","0","0","0","0","0","0","0","0","0","-4.53","-4.53"
"Feb 25, 2017 5:56:23 PM PST","6300321131","Shipping Services","109-0760723-3986637","","Shipping Label Purchased through Amazon","","","Standard Orders","","","","","","0","0","0","0","0","0","0","0","0","0","0","0","0","0","-3.14","-3.14"
"Feb 25, 2017 5:58:19 PM PST","6300321131","Order","108-1028845-2409047","BF-2O4Q-JYRE","Paco Rabanne 1 million Cologne for Men 6.8 oz Eau De Toilette Spray","1","amazon.com","Standard Orders","Seller","MIAMI","FL","33195-4875","","84.00","0","4.49","0","0","0","0","0","0","0","0","-13.27","0","0","0","75.22"
"Feb 25, 2017 5:58:38 PM PST","6300321131","Shipping Services","108-1028845-2409047","","Shipping Label Purchased through Amazon","","","Standard Orders","","","","","","0","0","0","0","0","0","0","0","0","0","0","0","0","0","-6.20","-6.20"
"Feb 25, 2017 5:59:52 PM PST","6300321131","Order","107-7570287-4009857","2V-ZT5H-G840","AZZARO Eau de Toilette Spray for Men, 3.3 Ounce","1","amazon.com","Standard Orders","Seller","CRANSTON","RI","02920-8311","","25.00","0","5.14","0","0","0","0","0","0","0","0","-4.52","0","0","0","25.62"
"Feb 25, 2017 6:00:10 PM PST","6300321131","Shipping Services","107-7570287-4009857","","Shipping Label Purchased through Amazon","","","Standard Orders","","","","","","0","0","0","0","0","0","0","0","0","0","0","0","0","0","-4.25","-4.25"
"Feb 25, 2017 6:01:28 PM PST","6300321131","Order","107-3648032-4864269","5Q-II9L-8MGB","Van Cleef and Arpels Midnight In Paris Eau de Toilette Spray for Men, 2.5 Ounce","1","amazon.com","Standard Orders","Seller","Detroit","Michigan","48212","","37.66","0","5.02","0","0","0","0","0","0","0","0","-6.40","0","0","0","36.28"
"Feb 25, 2017 6:01:47 PM PST","6300321131","Shipping Services","107-3648032-4864269","","Shipping Label Purchased through Amazon","","","Standard Orders","","","","","","0","0","0","0","0","0","0","0","0","0","0","0","0","0","-3.83","-3.83"
"Feb 25, 2017 6:03:03 PM PST","6300321131","Order","106-2234531-4965000","OB-A9DI-TZR0","Sakamichi Ice Eau De Parfum Spray for Men, 3.4 Ounce","1","amazon.com","Standard Orders","Seller","CARSON","CA","90745-2727","","6.00","0","5.14","0","0","0","0","0","0","0","0","-1.67","0","0","0","9.47"
"Feb 25, 2017 6:03:21 PM PST","6300321131","Shipping Services","106-2234531-4965000","","Shipping Label Purchased through Amazon","","","Standard Orders","","","","","","0","0","0","0","0","0","0","0","0","0","0","0","0","0","-3.97","-3.97"
"Feb 25, 2017 6:04:38 PM PST","6300321131","Order","105-3540140-1249014","5Q-II9L-8MGB","Van Cleef and Arpels Midnight In Paris Eau de Toilette Spray for Men, 2.5 Ounce","1","amazon.com","Standard Orders","Seller","WICHITA","KS","67203-2315","","37.66","0","5.02","0","0","0","0","0","0","0","0","-6.40","0","0","0","36.28"
"Feb 25, 2017 6:04:54 PM PST","6300321131","Shipping Services","105-3540140-1249014","","Shipping Label Purchased through Amazon","","","Standard Orders","","","","","","0","0","0","0","0","0","0","0","0","0","0","0","0","0","-3.83","-3.83"
"Feb 25, 2017 6:05:56 PM PST","6300321131","Order","102-1678162-3461060","5Q-II9L-8MGB","Van Cleef and Arpels Midnight In Paris Eau de Toilette Spray for Men, 2.5 Ounce","1","amazon.com","Standard Orders","Seller","Toa Alta","PR","00953","","37.66","0","5.02","0","0","0","0","0","0","0","0","-6.40","0","0","0","36.28"
"Feb 25, 2017 6:06:14 PM PST","6300321131","Shipping Services","102-1678162-3461060","","Shipping Label Purchased through Amazon","","","Standard Orders","","","","","","0","0","0","0","0","0","0","0","0","0","0","0","0","0","-3.83","-3.83"
"Feb 25, 2017 6:07:08 PM PST","6300321131","Order","109-0760723-3986637","DE-DIB0-KEZR","Paris Hilton Sheer By Paris Hilton For Women Eau De Parfum Spray, 1.7-Ounce","1","amazon.com","Standard Orders","Seller","MADISON","GA","30650-3614","","17.00","0","4.89","0","0","0","0","0","0","0","0","-3.28","0","0","0","18.61"
"Feb 25, 2017 6:07:21 PM PST","6300321131","Order","102-0068356-9338679","0D-ZN8O-QQ8V","P O L O Black Fragrance for Men Luxury Perfume Spray 4.2 Oz. New with Box","1","amazon.com","Standard Orders","Seller","FLASHER","ND","58535-9706","","57.68","0","4.49","0","0","0","0","0","0","0","0","-9.33","0","0","0","52.84"
"Feb 25, 2017 6:07:40 PM PST","6300321131","Shipping Services","102-0068356-9338679","","Shipping Label Purchased through Amazon","","","Standard Orders","","","","","","0","0","0","0","0","0","0","0","0","0","0","0","0","0","-4.54","-4.54"
"Feb 25, 2017 6:17:27 PM PST","6300321131","Order","106-6582103-9643451","21-NWUH-FKC6","Liz Claiborne Curve Men Gift Set (Spray, Skin Soother, Hair and Body Wash)","1","amazon.com","Standard Orders","Seller","ESCONDIDO","CA","92029-5417","","34.34","0","6.64","0","0","0","0","0","0","0","0","-6.15","0","0","0","34.83"
"Feb 25, 2017 6:17:43 PM PST","6300321131","Shipping Services","106-6582103-9643451","","Shipping Label Purchased through Amazon","","","Standard Orders","","","","","","0","0","0","0","0","0","0","0","0","0","0","0","0","0","-6.55","-6.55"
"Feb 26, 2017 5:43:29 PM PST","6301642831","Order","116-8953600-9930658","BF-N7MD-D4X3","Perry Ellis 360 Eau de Toilette Spray Gift Set for Women, 3 Count","1","amazon.com","Standard Orders","Seller","ATLANTA","GA","30314-2075","","38.45","0","5.74","0","0","0","0","0","0","0","0","-6.63","0","0","0","37.56"
"Feb 26, 2017 5:43:39 PM PST","6301642831","Shipping Services","116-8953600-9930658","","Shipping Label Purchased through Amazon","","","Standard Orders","","","","","","0","0","0","0","0","0","0","0","0","0","0","0","0","0","-6.05","-6.05"
"Feb 26, 2017 5:46:22 PM PST","6301642831","Order","116-7643841-9836226","DE-DIB0-KEZR","Paris Hilton Sheer By Paris Hilton For Women Eau De Parfum Spray, 1.7-Ounce","1","amazon.com","Standard Orders","Seller","FREMONT","OHIO","43420-8985","","17.00","0","4.89","0","0","0","0","0","0","0","0","-3.28","0","0","0","18.61"
"Feb 26, 2017 5:46:39 PM PST","6301642831","Shipping Services","116-7643841-9836226","","Shipping Label Purchased through Amazon","","","Standard Orders","","","","","","0","0","0","0","0","0","0","0","0","0","0","0","0","0","-3.14","-3.14"
"Feb 26, 2017 5:47:36 PM PST","6301642831","Order","116-2033469-3482610","M8-PEDR-E2QE","Clipsal 3.4 Fl. oz. Eau De Toilette Spray Men","1","amazon.com","Standard Orders","Seller","Jamaica","NY","11435-4626","","9.50","0","4.99","0","0","0","0","0","0","0","0","-2.17","0","0","0","12.32"
"Feb 26, 2017 5:47:54 PM PST","6301642831","Shipping Services","116-2033469-3482610","","Shipping Label Purchased through Amazon","","","Standard Orders","","","","","","0","0","0","0","0","0","0","0","0","0","0","0","0","0","-4.53","-4.53"
"Feb 26, 2017 5:48:52 PM PST","6301642831","Order","116-1360208-6986632","DE-DIB0-KEZR","Paris Hilton Sheer By Paris Hilton For Women Eau De Parfum Spray, 1.7-Ounce","1","amazon.com","Standard Orders","Seller","BROOKLYN","NY","11226-5127","","17.00","0","4.89","0","0","0","0","0","0","0","0","-3.28","0","0","0","18.61"
"Feb 26, 2017 5:49:10 PM PST","6301642831","Shipping Services","116-1360208-6986632","","Shipping Label Purchased through Amazon","","","Standard Orders","","","","","","0","0","0","0","0","0","0","0","0","0","0","0","0","0","-3.14","-3.14"
"Feb 26, 2017 5:57:35 PM PST","6301642831","Order","115-2757019-5247445","3G-59KJ-77Q3","Essence Eau De Musc Narciso Rodriguez by Narciso Rodriguez Eau De Toilette Spray for Women, 2.5 Ounce","1","amazon.com","Standard Orders","Seller","LOS ALAMOS","NM","87544-2649","","41.00","0","5.24","0","0","0","0","0","0","0","0","-6.94","0","0","0","39.30"
"Feb 26, 2017 5:57:54 PM PST","6301642831","Shipping Services","115-2757019-5247445","","Shipping Label Purchased through Amazon","","","Standard Orders","","","","","","0","0","0","0","0","0","0","0","0","0","0","0","0","0","-4.25","-4.25"
"Feb 26, 2017 5:59:14 PM PST","6301642831","Order","114-7373244-3641853","KG-EP0K-7LTJ","Jus De Amour for Women","1","amazon.com","Standard Orders","Seller","CALDWELL","NJ","07006-6130","","8.90","0","5.34","0","0","0","0","0","0","0","0","-2.14","0","0","0","12.10"
"Feb 26, 2017 5:59:32 PM PST","6301642831","Shipping Services","114-7373244-3641853","","Shipping Label Purchased through Amazon","","","Standard Orders","","","","","","0","0","0","0","0","0","0","0","0","0","0","0","0","0","-4.53","-4.53"
"Feb 26, 2017 6:01:07 PM PST","6301642831","Order","113-1730752-8000244","U8-09UB-MXWE","Dolly Girl By Anna Sui For Women. Eau De Toilette Spray 2.5 Ounces","1","amazon.com","Standard Orders","Seller","San Diego","Ca","92126","","84.81","0","5.49","0","0","0","0","0","0","0","0","-13.55","0","0","0","76.75"
"Feb 26, 2017 6:01:25 PM PST","6301642831","Shipping Services","113-1730752-8000244","","Shipping Label Purchased through Amazon","","","Standard Orders","","","","","","0","0","0","0","0","0","0","0","0","0","0","0","0","0","-3.98","-3.98"
"Feb 26, 2017 6:02:34 PM PST","6301642831","Order","111-4848640-8168201","KF-2WDK-CCTQ","Narciso Rodriguez by Narciso Rodriguez for Him Men 3.3 oz Eau de Toilette Spray","1","amazon.com","Standard Orders","Seller","SUGAR LAND","TX","77478-4226","","56.67","0","5.64","0","0","0","0","0","0","0","0","-9.35","0","0","0","52.96"
"Feb 26, 2017 6:02:51 PM PST","6301642831","Shipping Services","111-4848640-8168201","","Shipping Label Purchased through Amazon","","","Standard Orders","","","","","","0","0","0","0","0","0","0","0","0","0","0","0","0","0","-4.68","-4.68"
"Feb 26, 2017 6:05:52 PM PST","6301642831","Order","108-8883899-9100217","RC-G86T-IHG1","Ellen Tracy By Ellen Tracy For Women. Eau De Parfum Spray 3.4 Ounces","2","amazon.com","Standard Orders","Seller","BROOKLYN","NY","11220-5011","","21.98","0","5.49","0","0","0","0","0","0","0","0","-4.12","0","0","0","23.35"
"Feb 26, 2017 6:06:09 PM PST","6301642831","Shipping Services","108-8883899-9100217","","Shipping Label Purchased through Amazon","","","Standard Orders","","","","","","0","0","0","0","0","0","0","0","0","0","0","0","0","0","-6.05","-6.05"
"Feb 26, 2017 6:08:11 PM PST","6301642831","Order","108-1348976-5123401","79-A9IS-KT66","Reb'L Fleur Rihanna Gift Set for Women","1","amazon.com","Standard Orders","Seller","willoughby","oh","44094","","31.00","0","6.83","0","0","0","0","0","0","0","0","-5.67","0","0","0","32.16"
"Feb 26, 2017 6:08:29 PM PST","6301642831","Shipping Services","108-1348976-5123401","","Shipping Label Purchased through Amazon","","","Standard Orders","","","","","","0","0","0","0","0","0","0","0","0","0","0","0","0","0","-6.67","-6.67"
"Feb 26, 2017 6:09:11 PM PST","6301642831","Order","107-6293174-6355415","KG-EP0K-7LTJ","Jus De Amour for Women","2","amazon.com","Standard Orders","Seller","New York","NY","10027","","17.80","0","6.19","0","0","0","0","0","0","0","0","-3.60","0","0","0","20.39"
"Feb 26, 2017 6:09:30 PM PST","6301642831","Shipping Services","107-6293174-6355415","","Shipping Label Purchased through Amazon","","","Standard Orders","","","","","","0","0","0","0","0","0","0","0","0","0","0","0","0","0","-6.05","-6.05"
"Feb 26, 2017 6:10:32 PM PST","6301642831","Order","107-5666347-9928238","72-CU1L-SLHE","Cuba Variety By Cuba For Men. Set-4 Piece Mini Variety With Cuba Gold, Red, Blue, & Orange & All Are .17 OZ","1","amazon.com","Standard Orders","Seller","MURPHY","NC","28906-7097","","25.00","0","4.59","0","0","0","0","0","0","0","0","-4.44","0","0","0","25.15"
"Feb 26, 2017 6:10:51 PM PST","6301642831","Shipping Services","107-5666347-9928238","","Shipping Label Purchased through Amazon","","","Standard Orders","","","","","","0","0","0","0","0","0","0","0","0","0","0","0","0","0","-3.83","-3.83"
"Feb 26, 2017 6:11:54 PM PST","6301642831","Order","107-4193768-5909065","DE-DIB0-KEZR","Paris Hilton Sheer By Paris Hilton For Women Eau De Parfum Spray, 1.7-Ounce","1","amazon.com","Standard Orders","Seller","MIAMI","FLORIDA","33195-2641","","17.00","0","4.89","0","0","0","0","0","0","0","0","-3.28","0","0","0","18.61"
"Feb 26, 2017 6:12:12 PM PST","6301642831","Shipping Services","107-4193768-5909065","","Shipping Label Purchased through Amazon","","","Standard Orders","","","","","","0","0","0","0","0","0","0","0","0","0","0","0","0","0","-3.14","-3.14"
"Feb 26, 2017 6:14:14 PM PST","6301642831","Order","106-9856247-8153866","PY-AVNH-TGD3","SEE BY CHLOE by Chloe Gift Set for WOMEN: EAU DE PARFUM SPRAY 2.5 OZ & BODY LOTION 2.5 OZ & SHOWER GEL 2.5 OZ","1","amazon.com","Standard Orders","Seller","BROOKLYN","NY","11224-1837","","67.00","0","6.89","0","0","0","0","0","0","0","0","-11.08","0","0","0","62.81"
"Feb 26, 2017 6:14:32 PM PST","6301642831","Shipping Services","106-9856247-8153866","","Shipping Label Purchased through Amazon","","","Standard Orders","","","","","","0","0","0","0","0","0","0","0","0","0","0","0","0","0","-6.20","-6.20"
"Feb 26, 2017 6:15:12 PM PST","6301642831","Order","106-7014808-2282616","DE-DIB0-KEZR","Paris Hilton Sheer By Paris Hilton For Women Eau De Parfum Spray, 1.7-Ounce","1","amazon.com","Standard Orders","Seller","West Hazleton","Pa","18202","","17.00","0","4.89","0","0","0","0","0","0","0","0","-3.28","0","0","0","18.61"
"Feb 26, 2017 6:15:29 PM PST","6301642831","Shipping Services","106-7014808-2282616","","Shipping Label Purchased through Amazon","","","Standard Orders","","","","","","0","0","0","0","0","0","0","0","0","0","0","0","0","0","-3.14","-3.14"
"Feb 26, 2017 6:16:46 PM PST","6301642831","Order","105-8101487-9522622","KF-2WDK-CCTQ","Narciso Rodriguez by Narciso Rodriguez for Him Men 3.3 oz Eau de Toilette Spray","1","amazon.com","Standard Orders","Seller","CHESAPEAKE","VA","23323-1275","","56.67","0","5.64","0","0","0","0","0","0","0","0","-9.35","0","0","0","52.96"
"Feb 26, 2017 6:17:05 PM PST","6301642831","Shipping Services","105-8101487-9522622","","Shipping Label Purchased through Amazon","","","Standard Orders","","","","","","0","0","0","0","0","0","0","0","0","0","0","0","0","0","-4.68","-4.68"
"Feb 26, 2017 6:18:22 PM PST","6301642831","Order","105-8054017-3953008","S1-DW1Y-AURW","Secret Wish By Anna Sui For Women. Eau De Toilette Spray 2.5 OZ","1","amazon.com","Standard Orders","Seller","BATESVILLE","AR","72501-4236","","44.88","0","5.11","0","0","0","0","0","0","0","0","-7.50","0","0","0","42.49"
"Feb 26, 2017 6:18:38 PM PST","6301642831","Shipping Services","105-8054017-3953008","","Shipping Label Purchased through Amazon","","","Standard Orders","","","","","","0","0","0","0","0","0","0","0","0","0","0","0","0","0","-3.97","-3.97"
"Feb 26, 2017 6:19:57 PM PST","6301642831","Order","105-5308741-1301824","TV-IBUQ-JLBR","White Diamonds by Elizabeth Taylor for Women, Set","1","amazon.com","Standard Orders","Seller","FLINT","MI","48532-3014","","42.31","0","6.59","0","0","0","0","0","0","0","0","-7.34","0","0","0","41.56"
"Feb 26, 2017 6:20:14 PM PST","6301642831","Shipping Services","105-5308741-1301824","","Shipping Label Purchased through Amazon","","","Standard Orders","","","","","","0","0","0","0","0","0","0","0","0","0","0","0","0","0","-6.93","-6.93"
"Feb 26, 2017 6:20:57 PM PST","6301642831","Order","105-4468526-9113862","XO-M4OA-HKPK","Ed Hardy for Women 3.4 oz EDP Spray","1","amazon.com","Standard Orders","Seller","ROCKLIN","CA","95765-4942","","26.00","0","5.37","0","0","0","0","0","0","0","0","-4.71","0","0","0","26.66"
"Feb 26, 2017 6:21:14 PM PST","6301642831","Shipping Services","105-4468526-9113862","","Shipping Label Purchased through Amazon","","","Standard Orders","","","","","","0","0","0","0","0","0","0","0","0","0","0","0","0","0","-4.53","-4.53"
"Feb 26, 2017 6:22:21 PM PST","6301642831","Order","103-4976454-4457019","IL-IROW-9WPF","Cuba Gold by Cuba 20 x 1.17 oz Eau de Toilette Spray ( 1 Box )","1","amazon.com","Standard Orders","Seller","ALEXANDRIA","VA","22312-1440","","63.60","0","4.49","0","0","0","0","0","0","0","0","-10.21","0","0","0","57.88"
"Feb 26, 2017 6:22:39 PM PST","6301642831","Shipping Services","103-4976454-4457019","","Shipping Label Purchased through Amazon","","","Standard Orders","","","","","","0","0","0","0","0","0","0","0","0","0","0","0","0","0","-6.20","-6.20"
"Feb 26, 2017 6:23:48 PM PST","6301642831","Order","103-2945175-0903421","B0-30LP-CY8E","Jessica Simpson Fancy Love  Gift Set for Women (Eau de Parfum Spray 3.4 Ounce, Lotion 4 Ounce, Lotion 3 Ounce, Bath and Shower Cream, Eau de Parfum Sp","1","amazon.com","Standard Orders","Seller","WAUWATOSA","WI","53213-1326","","54.74","0","12.59","0","0","0","0","0","0","0","0","-10.10","0","0","0","57.23"
"Feb 26, 2017 6:24:06 PM PST","6301642831","Shipping Services","103-2945175-0903421","","Shipping Label Purchased through Amazon","","","Standard Orders","","","","","","0","0","0","0","0","0","0","0","0","0","0","0","0","0","-8.36","-8.36"
"Feb 26, 2017 6:25:08 PM PST","6301642831","Order","002-8722075-4957060","IL-IROW-9WPF","Cuba Gold by Cuba 20 x 1.17 oz Eau de Toilette Spray ( 1 Box )","1","amazon.com","Standard Orders","Seller","medina","ohio","44256","","63.60","0","4.49","0","0","0","0","0","0","0","0","-10.21","0","0","0","57.88"
"Feb 26, 2017 6:25:27 PM PST","6301642831","Shipping Services","002-8722075-4957060","","Shipping Label Purchased through Amazon","","","Standard Orders","","","","","","0","0","0","0","0","0","0","0","0","0","0","0","0","0","-6.20","-6.20"
"Feb 26, 2017 6:26:34 PM PST","6301642831","Order","002-6503810-5556225","KG-EP0K-7LTJ","Jus De Amour for Women","1","amazon.com","Standard Orders","Seller","Austin","TX","78704","","8.90","0","5.34","0","0","0","0","0","0","0","0","-2.14","0","0","0","12.10"
"Feb 26, 2017 6:26:52 PM PST","6301642831","Shipping Services","002-6503810-5556225","","Shipping Label Purchased through Amazon","","","Standard Orders","","","","","","0","0","0","0","0","0","0","0","0","0","0","0","0","0","-4.53","-4.53"
"Feb 27, 2017 5:02:56 AM PST","6302279501","Transfer","","","To your account ending in: 6276, Bank Transfer ID: 091000018163444","","","Standard Orders","","","","","","0","0","0","0","0","0","0","0","0","0","0","0","0","0","-2,370.10","-2,370.10"
"Feb 27, 2017 12:48:35 PM PST","6302279501","Refund","105-5308741-1301824","TV-IBUQ-JLBR","White Diamonds by Elizabeth Taylor for Women, Set","1","amazon.com","Standard Orders","Seller","FLINT","MI","48532-3014","","-42.31","0","-6.59","0","0","0","0","0","0","0","0","5.87","0","0","0","-43.03"
"Feb 27, 2017 12:49:17 PM PST","6302279501","Order","107-5221689-7311426","N6-T97C-HZ2W","INSURRECTION by Reyane Tradition Men's Eau De Toilette Spray 3.4 oz - 100% Authentic","1","amazon.com","Standard Orders","Seller","BROOKLYN","NEW YORK","11226-8521","","16.00","0","26.00","0","0","0","0","0","0","0","0","-6.30","0","0","0","35.70"
"Feb 27, 2017 12:49:35 PM PST","6302279501","Shipping Services","107-5221689-7311426","","Shipping Label Purchased through Amazon","","","Standard Orders","","","","","","0","0","0","0","0","0","0","0","0","0","0","0","0","0","-6.05","-6.05"
"Feb 27, 2017 12:51:21 PM PST","6302279501","Order","111-6281337-2223433","2V-ZT5H-G840","AZZARO Eau de Toilette Spray for Men, 3.3 Ounce","1","amazon.com","Standard Orders","Seller","Ciales","Puerto Rico","00638","","25.00","0","2.90","0","0","0","0","0","0","0","0","-4.19","0","0","0","23.71"
"Feb 27, 2017 12:51:21 PM PST","6302279501","Order","111-6281337-2223433","GR-FCK2-0ICA","Insurrection Pure II By Reyane Tradition 3.0 Oz / 90 Ml Eau De Toilette Spray for Men","1","amazon.com","Standard Orders","Seller","Ciales","Puerto Rico","00638","","18.56","0","3.39","0","0","0","0","0","0","0","0","-3.29","0","0","0","18.66"
"Feb 27, 2017 12:51:37 PM PST","6302279501","Shipping Services","111-6281337-2223433","","Shipping Label Purchased through Amazon","","","Standard Orders","","","","","","0","0","0","0","0","0","0","0","0","0","0","0","0","0","-6.05","-6.05"
"Feb 27, 2017 12:53:44 PM PST","6302279501","Order","106-5176085-7439462","YZ-GZR9-NRHJ","Jean Paul Gaultier Le Male Eau de Toilettes Spray, 2.5 Fluid Ounce","1","amazon.com","Standard Orders","Seller","NEWBURGH","NY","12550-1039","","43.11","0","5.14","0","0","0","0","0","0","0","0","-7.24","0","0","0","41.01"
"Feb 27, 2017 12:54:02 PM PST","6302279501","Shipping Services","106-5176085-7439462","","Shipping Label Purchased through Amazon","","","Standard Orders","","","","","","0","0","0","0","0","0","0","0","0","0","0","0","0","0","-4.25","-4.25"
"Feb 27, 2017 12:55:36 PM PST","6302279501","Order","108-6635444-7282660","YZ-GZR9-NRHJ","Jean Paul Gaultier Le Male Eau de Toilettes Spray, 2.5 Fluid Ounce","1","amazon.com","Standard Orders","Seller","PUEBLO","CO","81005-6507","","38.00","0","5.14","0","0","0","0","0","0","0","0","-6.47","0","0","0","36.67"
"Feb 27, 2017 12:55:53 PM PST","6302279501","Shipping Services","108-6635444-7282660","","Shipping Label Purchased through Amazon","","","Standard Orders","","","","","","0","0","0","0","0","0","0","0","0","0","0","0","0","0","-4.25","-4.25"
"Feb 27, 2017 1:08:33 PM PST","6302279501","Order","113-6663508-0841048","WR-AM4A-Y6QY","Paco Rabanne Invictus by Paco Rabanne Edt Spray 3.4 oz for Men","1","amazon.com","Standard Orders","Seller","HYATTSVILLE","MD","20783-4468","","58.02","0","5.37","0","0","0","0","0","0","0","0","-9.51","0","0","0","53.88"
"Feb 27, 2017 1:08:43 PM PST","6302279501","Shipping Services","113-6663508-0841048","","Shipping Label Purchased through Amazon","","","Standard Orders","","","","","","0","0","0","0","0","0","0","0","0","0","0","0","0","0","-4.68","-4.68"
"Feb 27, 2017 1:10:41 PM PST","6302279501","Order","112-1609117-2645864","WR-AM4A-Y6QY","Paco Rabanne Invictus by Paco Rabanne Edt Spray 3.4 oz for Men","1","amazon.com","Standard Orders","Seller","Birmingham","AL","35215","","58.00","0","5.37","0","0","0","0","0","0","0","0","-9.51","0","0","0","53.86"
"Feb 27, 2017 1:10:59 PM PST","6302279501","Shipping Services","112-1609117-2645864","","Shipping Label Purchased through Amazon","","","Standard Orders","","","","","","0","0","0","0","0","0","0","0","0","0","0","0","0","0","-4.68","-4.68"
"Feb 27, 2017 1:13:32 PM PST","6302279501","Order","111-8107455-2589025","DT-GQQP-NJQJ","Thé Oné 3.4oz Eau De Parfum Sprày MéN by Dolcé ànd Gàbbànà","1","amazon.com","Standard Orders","Seller","GRAND PRAIRIE","TX","75052-4492","","66.44","0","4.49","0","0","0","0","0","0","0","0","-10.64","0","0","0","60.29"
"Feb 27, 2017 1:13:51 PM PST","6302279501","Shipping Services","111-8107455-2589025","","Shipping Label Purchased through Amazon","","","Standard Orders","","","","","","0","0","0","0","0","0","0","0","0","0","0","0","0","0","-6.20","-6.20"
"Feb 27, 2017 1:15:05 PM PST","6302279501","Order","111-4571952-8618639","DT-GQQP-NJQJ","Thé Oné 3.4oz Eau De Parfum Sprày MéN by Dolcé ànd Gàbbànà","1","amazon.com","Standard Orders","Seller","MARYVILLE","MO","64468-2124","","69.74","0","4.49","0","0","0","0","0","0","0","0","-11.13","0","0","0","63.10"
"Feb 27, 2017 1:15:23 PM PST","6302279501","Shipping Services","111-4571952-8618639","","Shipping Label Purchased through Amazon","","","Standard Orders","","","","","","0","0","0","0","0","0","0","0","0","0","0","0","0","0","-6.20","-6.20"
"Feb 27, 2017 1:17:04 PM PST","6302279501","Order","108-3913452-9357803","DT-GQQP-NJQJ","Thé Oné 3.4oz Eau De Parfum Sprày MéN by Dolcé ànd Gàbbànà","1","amazon.com","Standard Orders","Seller","NORTHRIDGE","CALIFORNIA","91324-4915","","70.34","0","4.49","0","0","0","0","0","0","0","0","-11.22","0","0","0","63.61"
"Feb 27, 2017 1:17:16 PM PST","6302279501","Shipping Services","108-3913452-9357803","","Shipping Label Purchased through Amazon","","","Standard Orders","","","","","","0","0","0","0","0","0","0","0","0","0","0","0","0","0","-6.20","-6.20"
"Feb 27, 2017 1:20:22 PM PST","6302279501","Shipping Services","106-3440904-8644251","","Shipping Label Purchased through Amazon","","","Standard Orders","","","","","","0","0","0","0","0","0","0","0","0","0","0","0","0","0","-9.81","-9.81"
"Feb 27, 2017 1:20:31 PM PST","6302279501","Order","106-3440904-8644251","BF-N7MD-D4X3","Perry Ellis 360 Eau de Toilette Spray Gift Set for Women, 3 Count","1","amazon.com","Standard Orders","Seller","MIAMI","FL","33142-7325","","38.45","0","2.75","0","0","0","0","0","0","0","0","-6.18","0","0","0","35.02"
"Feb 27, 2017 1:20:31 PM PST","6302279501","Order","106-3440904-8644251","BF-N7MD-D4X3","Perry Ellis 360 Eau de Toilette Spray Gift Set for Women, 3 Count","1","amazon.com","Standard Orders","Seller","MIAMI","FL","33142-7325","","38.45","0","2.75","0","0","0","0","0","0","0","0","-6.18","0","0","0","35.02"
"Feb 27, 2017 1:20:31 PM PST","6302279501","Order","106-3440904-8644251","BF-N7MD-D4X3","Perry Ellis 360 Eau de Toilette Spray Gift Set for Women, 3 Count","1","amazon.com","Standard Orders","Seller","MIAMI","FL","33142-7325","","38.45","0","2.74","0","0","0","0","0","0","0","0","-6.18","0","0","0","35.01"
"Feb 27, 2017 1:21:41 PM PST","6302279501","Order","105-0765619-1408246","DT-GQQP-NJQJ","Thé Oné 3.4oz Eau De Parfum Sprày MéN by Dolcé ànd Gàbbànà","1","amazon.com","Standard Orders","Seller","LORANGER","LA","70446-3220","","69.38","0","8.99","0","0","0","0","0","0","0","0","-11.76","0","0","0","66.61"
"Feb 27, 2017 1:21:59 PM PST","6302279501","Shipping Services","105-0765619-1408246","","Shipping Label Purchased through Amazon","","","Standard Orders","","","","","","0","0","0","0","0","0","0","0","0","0","0","0","0","0","-6.20","-6.20"
"Feb 27, 2017 1:23:53 PM PST","6302279501","Order","105-0367375-0660206","NJ-V413-D3O4","Candy Eau De Parfum Spray 80ml/2.7oz","1","amazon.com","Standard Orders","Seller","SAINT ANTHONY","ID","83445-2063","","75.00","0","5.24","0","0","0","0","0","0","0","0","-12.04","0","0","0","68.20"
"Feb 27, 2017 1:24:08 PM PST","6302279501","Shipping Services","105-0367375-0660206","","Shipping Label Purchased through Amazon","","","Standard Orders","","","","","","0","0","0","0","0","0","0","0","0","0","0","0","0","0","-4.40","-4.40"
"Feb 27, 2017 1:25:38 PM PST","6302279501","Order","104-8263350-5897053","FZ-6CI2-LY2F","Samsara By Guerlain For Women. Eau De Parfum Spray 1.7 Ounces","1","amazon.com","Standard Orders","Seller","FREEPORT","IL","61032-5757","","40.58","0","4.89","0","0","0","0","0","0","0","0","-6.82","0","0","0","38.65"
"Feb 27, 2017 1:25:54 PM PST","6302279501","Shipping Services","104-8263350-5897053","","Shipping Label Purchased through Amazon","","","Standard Orders","","","","","","0","0","0","0","0","0","0","0","0","0","0","0","0","0","-3.14","-3.14"
"Feb 27, 2017 1:26:59 PM PST","6302279501","Order","103-7611284-8446629","DT-GQQP-NJQJ","Thé Oné 3.4oz Eau De Parfum Sprày MéN by Dolcé ànd Gàbbànà","1","amazon.com","Standard Orders","Seller","Edwards","Il","61528","","71.30","0","4.49","0","0","0","0","0","0","0","0","-11.37","0","0","0","64.42"
"Feb 27, 2017 1:27:15 PM PST","6302279501","Shipping Services","103-7611284-8446629","","Shipping Label Purchased through Amazon","","","Standard Orders","","","","","","0","0","0","0","0","0","0","0","0","0","0","0","0","0","-6.20","-6.20"
"Feb 27, 2017 1:28:46 PM PST","6302279501","Order","002-4988255-9820232","7R-3UPR-4TP8","Perry Ellis 18 Intense by Perry Ellis for Men - 3.4 Ounce EDT Spray","2","amazon.com","Standard Orders","Seller","MIAMI BEACH","FL","33139-1866","","49.30","0","6.09","0","0","0","0","0","0","0","0","-8.32","0","0","0","47.07"
"Feb 27, 2017 1:29:02 PM PST","6302279501","Shipping Services","002-4988255-9820232","","Shipping Label Purchased through Amazon","","","Standard Orders","","","","","","0","0","0","0","0","0","0","0","0","0","0","0","0","0","-6.05","-6.05"
"Feb 27, 2017 1:30:41 PM PST","6302279501","Order","104-3808820-1902607","79-A9IS-KT66","Reb'L Fleur Rihanna Gift Set for Women","1","amazon.com","Standard Orders","Seller","ORLANDO","FL","32810-1747","","31.00","0","6.83","0","0","0","0","0","0","0","0","-5.67","0","0","0","32.16"
"Feb 27, 2017 1:30:59 PM PST","6302279501","Shipping Services","104-3808820-1902607","","Shipping Label Purchased through Amazon","","","Standard Orders","","","","","","0","0","0","0","0","0","0","0","0","0","0","0","0","0","-6.83","-6.83"
"Feb 27, 2017 1:33:49 PM PST","6302279501","Order","116-6303568-1618629","N6-T97C-HZ2W","INSURRECTION by Reyane Tradition Men's Eau De Toilette Spray 3.4 oz - 100% Authentic","1","amazon.com","Standard Orders","Seller","winter haven","fl","33881","","16.00","0","5.49","0","0","0","0","0","0","0","0","-3.22","0","0","0","18.27"
"Feb 27, 2017 1:34:07 PM PST","6302279501","Shipping Services","116-6303568-1618629","","Shipping Label Purchased through Amazon","","","Standard Orders","","","","","","0","0","0","0","0","0","0","0","0","0","0","0","0","0","-4.53","-4.53"
"Feb 27, 2017 1:35:41 PM PST","6302279501","Order","115-7676022-9137048","SW-0LHS-MBDD","Versace Eros Eau de Toilette Spray for Men, 3.4 Fluid Ounce","1","amazon.com","Standard Orders","Seller","APO","AP","96260","","44.00","0","5.33","0","0","0","0","0","0","0","0","-7.40","0","0","0","41.93"
"Feb 27, 2017 1:35:58 PM PST","6302279501","Shipping Services","115-7676022-9137048","","Shipping Label Purchased through Amazon","","","Standard Orders","","","","","","0","0","0","0","0","0","0","0","0","0","0","0","0","0","-4.53","-4.53"
"Feb 27, 2017 1:37:15 PM PST","6302279501","Order","114-7884252-4116267","7R-3UPR-4TP8","Perry Ellis 18 Intense by Perry Ellis for Men - 3.4 Ounce EDT Spray","1","amazon.com","Standard Orders","Seller","CHICAGO","IL","60623-3219","","24.65","0","5.29","0","0","0","0","0","0","0","0","-4.49","0","0","0","25.45"
"Feb 27, 2017 1:37:32 PM PST","6302279501","Shipping Services","114-7884252-4116267","","Shipping Label Purchased through Amazon","","","Standard Orders","","","","","","0","0","0","0","0","0","0","0","0","0","0","0","0","0","-4.53","-4.53"
"Feb 27, 2017 1:38:28 PM PST","6302279501","Order","113-9167549-1025064","AZ-P8G8-8YEZ","Jennifer Lopez Deseo By Jennifer Lopez For Women. Eau De Parfum Spray 1.7-Ounces","1","amazon.com","Standard Orders","Seller","CROWLEY","TX","76036-3689","","22.01","0","4.98","0","0","0","0","0","0","0","0","-4.05","0","0","0","22.94"
"Feb 27, 2017 1:38:45 PM PST","6302279501","Shipping Services","113-9167549-1025064","","Shipping Label Purchased through Amazon","","","Standard Orders","","","","","","0","0","0","0","0","0","0","0","0","0","0","0","0","0","-3.69","-3.69"
"Feb 27, 2017 1:40:02 PM PST","6302279501","Order","105-3154751-4626603","OS-I26L-G8FT","Gwen Stefani L By Gwen Stefani For Women. Eau De Parfum Spray 1.7-Ounces","1","amazon.com","Standard Orders","Seller","NORWALK","CT","06851-1543","","16.00","0","5.15","0","0","0","0","0","0","0","0","-3.17","0","0","0","17.98"
"Feb 27, 2017 1:40:18 PM PST","6302279501","Shipping Services","105-3154751-4626603","","Shipping Label Purchased through Amazon","","","Standard Orders","","","","","","0","0","0","0","0","0","0","0","0","0","0","0","0","0","-4.11","-4.11"
"Feb 27, 2017 1:41:47 PM PST","6302279501","Order","002-2103844-9223465","KG-EP0K-7LTJ","Jus De Amour for Women","1","amazon.com","Standard Orders","Seller","elk grove","ca","95757","","8.90","0","5.34","0","0","0","0","0","0","0","0","-2.14","0","0","0","12.10"
"Feb 27, 2017 1:42:05 PM PST","6302279501","Shipping Services","002-2103844-9223465","","Shipping Label Purchased through Amazon","","","Standard Orders","","","","","","0","0","0","0","0","0","0","0","0","0","0","0","0","0","-4.53","-4.53"
"Feb 27, 2017 1:43:51 PM PST","6302279501","Order","106-6871500-1234600","WR-AM4A-Y6QY","Paco Rabanne Invictus by Paco Rabanne Edt Spray 3.4 oz for Men","1","amazon.com","Standard Orders","Seller","NEVADA","TX","75173-8323","","58.00","0","5.37","0","0","0","0","0","0","0","0","-9.51","0","0","0","53.86"
"Feb 27, 2017 1:44:09 PM PST","6302279501","Shipping Services","106-6871500-1234600","","Shipping Label Purchased through Amazon","","","Standard Orders","","","","","","0","0","0","0","0","0","0","0","0","0","0","0","0","0","-4.68","-4.68"
"Feb 27, 2017 1:47:52 PM PST","6302279501","Order","112-0166431-8597024","T4-K0CD-XXLJ","Parfums Chloe Eau de Parfum Spray for Women, See, 2.5 Ounce","1","amazon.com","Standard Orders","Seller","Philadelphia","PA","19111-1814","","62.66","0","5.33","0","0","0","0","0","0","0","0","-10.20","0","0","0","57.79"
"Feb 27, 2017 1:48:10 PM PST","6302279501","Shipping Services","112-0166431-8597024","","Shipping Label Purchased through Amazon","","","Standard Orders","","","","","","0","0","0","0","0","0","0","0","0","0","0","0","0","0","-4.54","-4.54"
"Feb 27, 2017 1:52:31 PM PST","6302279501","Order","115-8232194-3104219","GM-ZQK0-9GM1","One Direction 'Between Us' Eau de Parfum Spray 3.4oz/100ml New In Box","1","amazon.com","Standard Orders","Seller","Summerville","SC","29483","","19.28","0","5.42","0","0","0","0","0","0","0","0","-3.71","0","0","0","20.99"
"Feb 27, 2017 1:52:49 PM PST","6302279501","Shipping Services","115-8232194-3104219","","Shipping Label Purchased through Amazon","","","Standard Orders","","","","","","0","0","0","0","0","0","0","0","0","0","0","0","0","0","-4.53","-4.53"
"Feb 27, 2017 1:53:47 PM PST","6302279501","Order","105-1739185-1333825","GM-ZQK0-9GM1","One Direction 'Between Us' Eau de Parfum Spray 3.4oz/100ml New In Box","1","amazon.com","Standard Orders","Seller","EL PASO","TX","79908-3237","","19.29","0","5.42","0","0","0","0","0","0","0","0","-3.71","0","0","0","21.00"
"Feb 27, 2017 1:54:05 PM PST","6302279501","Shipping Services","105-1739185-1333825","","Shipping Label Purchased through Amazon","","","Standard Orders","","","","","","0","0","0","0","0","0","0","0","0","0","0","0","0","0","-4.53","-4.53"
"Feb 27, 2017 1:58:37 PM PST","6302279501","Order","113-2074377-2053809","1W-5PTN-4YN0","Piver 489564 Reve Dor by Piver Cologne Splash 14.25 oz","1","amazon.com","Standard Orders","Seller","DEARBORN","MI","48126-1564","","26.58","0","6.49","0","0","0","0","0","0","0","0","-4.96","0","0","0","28.11"
"Feb 27, 2017 1:58:53 PM PST","6302279501","Shipping Services","113-2074377-2053809","","Shipping Label Purchased through Amazon","","","Standard Orders","","","","","","0","0","0","0","0","0","0","0","0","0","0","0","0","0","-6.55","-6.55"
"Feb 27, 2017 2:02:33 PM PST","6302279501","Order","109-3543366-3316204","T4-K0CD-XXLJ","Parfums Chloe Eau de Parfum Spray for Women, See, 2.5 Ounce","1","amazon.com","Standard Orders","Seller","SHERMAN OAKS","CA","91423-2148","","62.56","0","5.33","0","0","0","0","0","0","0","0","-10.18","0","0","0","57.71"
"Feb 27, 2017 2:02:52 PM PST","6302279501","Shipping Services","109-3543366-3316204","","Shipping Label Purchased through Amazon","","","Standard Orders","","","","","","0","0","0","0","0","0","0","0","0","0","0","0","0","0","-6.70","-6.70"
"Feb 27, 2017 2:05:10 PM PST","6302279501","Order","106-2644152-6843426","T4-K0CD-XXLJ","Parfums Chloe Eau de Parfum Spray for Women, See, 2.5 Ounce","1","amazon.com","Standard Orders","Seller","BETHLEHEM","PENNSYLVANIA","18017-6022","","62.76","0","5.33","0","0","0","0","0","0","0","0","-10.21","0","0","0","57.88"
"Feb 27, 2017 2:05:27 PM PST","6302279501","Shipping Services","106-2644152-6843426","","Shipping Label Purchased through Amazon","","","Standard Orders","","","","","","0","0","0","0","0","0","0","0","0","0","0","0","0","0","-6.20","-6.20"
"Feb 27, 2017 2:11:45 PM PST","6302279501","Order","002-1851716-5691465","CK-ABPU-KWNZ","JESSICA MCCLINTOCK Perfume By JESSICA MCCLINTOCK For WOMEN","1","amazon.com","Standard Orders","Seller","RALEIGH","NC","27613-6337","","24.00","0","5.29","0","0","0","0","0","0","0","0","-4.39","0","0","0","24.90"
"Feb 27, 2017 2:12:01 PM PST","6302279501","Shipping Services","002-1851716-5691465","","Shipping Label Purchased through Amazon","","","Standard Orders","","","","","","0","0","0","0","0","0","0","0","0","0","0","0","0","0","-4.39","-4.39"
"Feb 27, 2017 2:14:16 PM PST","6302279501","Order","002-9235857-0575406","T4-K0CD-XXLJ","Parfums Chloe Eau de Parfum Spray for Women, See, 2.5 Ounce","1","amazon.com","Standard Orders","Seller","MOUNTAIN VIEW","CA","94040-2835","","62.76","0","5.33","0","0","0","0","0","0","0","0","-10.21","0","0","0","57.88"
"Feb 27, 2017 2:14:30 PM PST","6302279501","Shipping Services","002-9235857-0575406","","Shipping Label Purchased through Amazon","","","Standard Orders","","","","","","0","0","0","0","0","0","0","0","0","0","0","0","0","0","-7.49","-7.49"
"Feb 28, 2017 1:01:26 PM PST","6303131361","Shipping Services","112-0538743-5817053","","Shipping Label Purchased through Amazon","","","Standard Orders","","","","","","0","0","0","0","0","0","0","0","0","0","0","0","0","0","-3.69","-3.69"
"Feb 28, 2017 1:02:21 PM PST","6303131361","Shipping Services","102-5096819-0485800","","Shipping Label Purchased through Amazon","","","Standard Orders","","","","","","0","0","0","0","0","0","0","0","0","0","0","0","0","0","-3.69","-3.69"
"Feb 28, 2017 4:22:15 PM PST","6303131361","Order","102-5096819-0485800","AZ-P8G8-8YEZ","Jennifer Lopez Deseo By Jennifer Lopez For Women. Eau De Parfum Spray 1.7-Ounces","1","amazon.com","Standard Orders","Seller","AYLETT","VA","23009-4181","","22.01","0","4.98","0","0","0","0","0","0","0","0","-4.05","0","0","0","22.94"
"Feb 28, 2017 4:33:36 PM PST","6303131361","Order","112-0538743-5817053","AZ-P8G8-8YEZ","Jennifer Lopez Deseo By Jennifer Lopez For Women. Eau De Parfum Spray 1.7-Ounces","1","amazon.com","Standard Orders","Seller","CHICAGO","IL","60619-2511","","22.01","0","9.73","0","0","0","0","0","0","0","0","-4.76","0","0","0","26.98"
