"Includes Amazon Marketplace, Fulfillment by Amazon (FBA), and Amazon Webstore transactions"
"All amounts in USD, unless specified"
"Definitions:"
"Sales tax collected: Includes sales tax collected from buyers for product sales, shipping, and gift wrap."
"Selling fees: Includes variable closing fees and referral fees."
"Other transaction fees: Includes shipping chargebacks, shipping holdbacks, per-item fees  and sales tax collection fees."
"Other: Includes non-order transaction amounts. For more details, see the ""Type"" and ""Description"" columns for each order ID."
"date/time","settlement id","type","order id","sku","description","quantity","marketplace","account type","fulfillment","order city","order state","order postal","tax collection model","product sales","product sales tax","shipping credits","shipping credits tax","gift wrap credits","giftwrap credits tax","Regulatory Fee","Tax On Regulatory Fee","promotional rebates","promotional rebates tax","marketplace withheld tax","selling fees","fba fees","other transaction fees","other","total"
"Mar 1, 2017 10:59:56 AM PST","6303131361","Order","108-8468545-4649814","YD-5B40-1IEG","Crush by Rihanna for Women 3 Piece Set Includes: 3.4 oz Eau de Parfum Spray + 3.0 oz Body Lotion + 0.2 oz Eau de Parfum Rollerball","1","amazon.com","Standard Orders","Seller","CHICAGO","IL","60612-3728","","38.81","0","7.17","0","0","0","0","0","0","0","0","-6.90","0","0","0","39.08"
"Mar 1, 2017 11:00:14 AM PST","6303131361","Shipping Services","108-8468545-4649814","","Shipping Label Purchased through Amazon","","","Standard Orders","","","","","","0","0","0","0","0","0","0","0","0","0","0","0","0","0","-8.21","-8.21"
"Mar 1, 2017 11:01:44 AM PST","6303131361","Order","105-9713206-4514641","YD-5B40-1IEG","Crush by Rihanna for Women 3 Piece Set Includes: 3.4 oz Eau de Parfum Spray + 3.0 oz Body Lotion + 0.2 oz Eau de Parfum Rollerball","1","amazon.com","Standard Orders","Seller","LEBANON","NJ","08833-2162","","38.81","0","7.17","0","0","0","0","0","0","0","0","-6.90","0","0","0","39.08"
"Mar 1, 2017 11:02:01 AM PST","6303131361","Shipping Services","105-9713206-4514641","","Shipping Label Purchased through Amazon","","","Standard Orders","","","","","","0","0","0","0","0","0","0","0","0","0","0","0","0","0","-6.63","-6.63"
"Mar 1, 2017 11:03:01 AM PST","6303131361","Order","002-9380283-9413867","YD-5B40-1IEG","Crush by Rihanna for Women 3 Piece Set Includes: 3.4 oz Eau de Parfum Spray + 3.0 oz Body Lotion + 0.2 oz Eau de Parfum Rollerball","1","amazon.com","Standard Orders","Seller","Evergreen Park","IL","60805","","38.81","0","7.17","0","0","0","0","0","0","0","0","-6.90","0","0","0","39.08"
"Mar 1, 2017 11:03:12 AM PST","6303131361","Shipping Services","002-9380283-9413867","","Shipping Label Purchased through Amazon","","","Standard Orders","","","","","","0","0","0","0","0","0","0","0","0","0","0","0","0","0","-8.21","-8.21"
"Mar 1, 2017 11:14:20 AM PST","6303131361","Order","115-3326782-4528216","DT-GQQP-NJQJ","Thé Oné 3.4oz Eau De Parfum Sprày MéN by Dolcé ànd Gàbbànà","1","amazon.com","Standard Orders","Seller","FLUSHING","NY","11358-2617","","62.00","0","4.49","0","0","0","0","0","0","0","0","-9.97","0","0","0","56.52"
"Mar 1, 2017 11:14:37 AM PST","6303131361","Shipping Services","115-3326782-4528216","","Shipping Label Purchased through Amazon","","","Standard Orders","","","","","","0","0","0","0","0","0","0","0","0","0","0","0","0","0","-6.20","-6.20"
"Mar 1, 2017 11:16:52 AM PST","6303131361","Order","111-7027014-7696261","1W-5PTN-4YN0","Piver 489564 Reve Dor by Piver Cologne Splash 14.25 oz","1","amazon.com","Standard Orders","Seller","TWIN FALLS","ID","83301-5967","","26.58","0","6.49","0","0","0","0","0","0","0","0","-4.96","0","0","0","28.11"
"Mar 1, 2017 11:17:09 AM PST","6303131361","Shipping Services","111-7027014-7696261","","Shipping Label Purchased through Amazon","","","Standard Orders","","","","","","0","0","0","0","0","0","0","0","0","0","0","0","0","0","-6.55","-6.55"
"Mar 1, 2017 11:18:11 AM PST","6303131361","Order","108-8508774-5153008","DT-GQQP-NJQJ","Thé Oné 3.4oz Eau De Parfum Sprày MéN by Dolcé ànd Gàbbànà","1","amazon.com","Standard Orders","Seller","ST LOUIS PARK","MN","55416-2616","","60.86","0","8.99","0","0","0","0","0","0","0","0","-10.48","0","0","0","59.37"
"Mar 1, 2017 11:18:29 AM PST","6303131361","Shipping Services","108-8508774-5153008","","Shipping Label Purchased through Amazon","","","Standard Orders","","","","","","0","0","0","0","0","0","0","0","0","0","0","0","0","0","-6.20","-6.20"
"Mar 1, 2017 11:20:00 AM PST","6303131361","Order","108-6162328-4061027","77-JUYN-Z0L9","Giorgió Armáni Sì Eau de Parfum 3.4 oz for Women + Free Glittery Eyeshadow","1","amazon.com","Standard Orders","Seller","Elkhart","IN","46517","","105.48","0","4.49","0","0","0","0","0","0","0","0","-16.50","0","0","0","93.47"
"Mar 1, 2017 11:20:19 AM PST","6303131361","Shipping Services","108-6162328-4061027","","Shipping Label Purchased through Amazon","","","Standard Orders","","","","","","0","0","0","0","0","0","0","0","0","0","0","0","0","0","-6.65","-6.65"
"Mar 1, 2017 11:21:53 AM PST","6303131361","Order","107-7387378-6061033","DE-DIB0-KEZR","Paris Hilton Sheer By Paris Hilton For Women Eau De Parfum Spray, 1.7-Ounce","1","amazon.com","Standard Orders","Seller","ELGIN","IL","60120-5057","","17.00","0","4.89","0","0","0","0","0","0","0","0","-3.28","0","0","0","18.61"
"Mar 1, 2017 11:22:11 AM PST","6303131361","Shipping Services","107-7387378-6061033","","Shipping Label Purchased through Amazon","","","Standard Orders","","","","","","0","0","0","0","0","0","0","0","0","0","0","0","0","0","-3.07","-3.07"
"Mar 1, 2017 11:23:08 AM PST","6303131361","Order","106-2841377-0010616","8S-BF2V-JH39","Piver Pompeia Cologne 14.25 oz Splash","1","amazon.com","Standard Orders","Seller","Bronx","NY","10461","","26.39","0","5.49","0","0","0","0","0","0","0","0","-4.78","0","0","0","27.10"
"Mar 1, 2017 11:23:26 AM PST","6303131361","Shipping Services","106-2841377-0010616","","Shipping Label Purchased through Amazon","","","Standard Orders","","","","","","0","0","0","0","0","0","0","0","0","0","0","0","0","0","-6.05","-6.05"
"Mar 1, 2017 11:24:49 AM PST","6303131361","Order","105-9616132-5716263","TV-IBUQ-JLBR","White Diamonds by Elizabeth Taylor for Women, Set","1","amazon.com","Standard Orders","Seller","SAN ANTONIO","TX","78227-2394","","42.31","0","12.14","0","0","0","0","0","0","0","0","-8.17","0","0","0","46.28"
"Mar 1, 2017 11:25:06 AM PST","6303131361","Shipping Services","105-9616132-5716263","","Shipping Label Purchased through Amazon","","","Standard Orders","","","","","","0","0","0","0","0","0","0","0","0","0","0","0","0","0","-6.55","-6.55"
"Mar 1, 2017 11:26:08 AM PST","6303131361","Order","105-5177722-1233805","79-A9IS-KT66","Reb'L Fleur Rihanna Gift Set for Women","1","amazon.com","Standard Orders","Seller","BROOKLYN","NY","11233","","31.00","0","6.83","0","0","0","0","0","0","0","0","-5.67","0","0","0","32.16"
"Mar 1, 2017 11:26:26 AM PST","6303131361","Shipping Services","105-5177722-1233805","","Shipping Label Purchased through Amazon","","","Standard Orders","","","","","","0","0","0","0","0","0","0","0","0","0","0","0","0","0","-6.05","-6.05"
"Mar 1, 2017 11:27:49 AM PST","6303131361","Order","105-4826696-7471453","C2-QMD3-7JY4","Lady Million by Paco Rabanne Women's Eau De Parfum Spray 2.7 oz - 100% Authentic","1","amazon.com","Standard Orders","Seller","PARLIN","NJ","08859-1306","","58.13","0","5.49","0","0","0","0","0","0","0","0","-9.54","0","0","0","54.08"
"Mar 1, 2017 11:28:07 AM PST","6303131361","Shipping Services","105-4826696-7471453","","Shipping Label Purchased through Amazon","","","Standard Orders","","","","","","0","0","0","0","0","0","0","0","0","0","0","0","0","0","-4.19","-4.19"
"Mar 1, 2017 11:29:27 AM PST","6303131361","Order","105-0798500-7272248","TV-IBUQ-JLBR","White Diamonds by Elizabeth Taylor for Women, Set","1","amazon.com","Standard Orders","Seller","SAN DIEGO","CA","92154-8565","","42.31","0","6.59","0","0","0","0","0","0","0","0","-7.34","0","0","0","41.56"
"Mar 1, 2017 11:29:46 AM PST","6303131361","Shipping Services","105-0798500-7272248","","Shipping Label Purchased through Amazon","","","Standard Orders","","","","","","0","0","0","0","0","0","0","0","0","0","0","0","0","0","-6.55","-6.55"
"Mar 1, 2017 11:31:14 AM PST","6303131361","Order","103-8965900-1167448","DT-GQQP-NJQJ","Thé Oné 3.4oz Eau De Parfum Sprày MéN by Dolcé ànd Gàbbànà","1","amazon.com","Standard Orders","Seller","HENDERSON","NV","89012-2601","","62.06","0","4.49","0","0","0","0","0","0","0","0","-9.98","0","0","0","56.57"
"Mar 1, 2017 11:31:30 AM PST","6303131361","Shipping Services","103-8965900-1167448","","Shipping Label Purchased through Amazon","","","Standard Orders","","","","","","0","0","0","0","0","0","0","0","0","0","0","0","0","0","-6.20","-6.20"
"Mar 1, 2017 11:32:48 AM PST","6303131361","Order","103-4750726-0337814","WR-AM4A-Y6QY","Paco Rabanne Invictus by Paco Rabanne Edt Spray 3.4 oz for Men","1","amazon.com","Standard Orders","Seller","Rolla","ND","58367","","58.00","0","5.37","0","0","0","0","0","0","0","0","-9.51","0","0","0","53.86"
"Mar 1, 2017 11:33:04 AM PST","6303131361","Shipping Services","103-4750726-0337814","","Shipping Label Purchased through Amazon","","","Standard Orders","","","","","","0","0","0","0","0","0","0","0","0","0","0","0","0","0","-4.61","-4.61"
"Mar 1, 2017 11:34:20 AM PST","6303131361","Order","103-3581094-3792222","DT-GQQP-NJQJ","Thé Oné 3.4oz Eau De Parfum Sprày MéN by Dolcé ànd Gàbbànà","1","amazon.com","Standard Orders","Seller","ORLANDO","FLORIDA","32828-7490","","63.74","0","4.49","0","0","0","0","0","0","0","0","-10.23","0","0","0","58.00"
"Mar 1, 2017 11:34:40 AM PST","6303131361","Shipping Services","103-3581094-3792222","","Shipping Label Purchased through Amazon","","","Standard Orders","","","","","","0","0","0","0","0","0","0","0","0","0","0","0","0","0","-6.20","-6.20"
"Mar 1, 2017 11:35:45 AM PST","6303131361","Order","102-6242129-9466662","7V-Z250-XMQX","Fidji Eau De Toillette Spray - 1.7 oz","1","amazon.com","Standard Orders","Seller","New York","New York","10022","","30.48","0","4.51","0","0","0","0","0","0","0","0","-5.25","0","0","0","29.74"
"Mar 1, 2017 11:36:02 AM PST","6303131361","Shipping Services","102-6242129-9466662","","Shipping Label Purchased through Amazon","","","Standard Orders","","","","","","0","0","0","0","0","0","0","0","0","0","0","0","0","0","-3.07","-3.07"
"Mar 1, 2017 11:37:59 AM PST","6303131361","Order","002-5304789-3397866","11-CAS2-52RJ","Jessica Mcclintock By Jessica Mcclintock For Women. Gift Set (eau De Parfum Spray 3.4 Oz+ Body Lotion 5.0 Oz)","1","amazon.com","Standard Orders","Seller","MIAMI","FL","33175-2217","","67.89","0","6.19","0","0","0","0","0","0","0","0","-11.11","0","0","0","62.97"
"Mar 1, 2017 11:38:17 AM PST","6303131361","Shipping Services","002-5304789-3397866","","Shipping Label Purchased through Amazon","","","Standard Orders","","","","","","0","0","0","0","0","0","0","0","0","0","0","0","0","0","-6.70","-6.70"
"Mar 1, 2017 11:40:21 AM PST","6303131361","Order","108-6908886-8346628","AC-ETIP-SEWO","Realm By Erox Corporation For Women. Eau De Toilette Spray 1.7 Oz.","1","amazon.com","Standard Orders","Seller","WALTON HILLS","OH","44146-5127","","39.74","0","5.24","0","0","0","0","0","0","0","0","-6.75","0","0","0","38.23"
"Mar 1, 2017 11:40:39 AM PST","6303131361","Shipping Services","108-6908886-8346628","","Shipping Label Purchased through Amazon","","","Standard Orders","","","","","","0","0","0","0","0","0","0","0","0","0","0","0","0","0","-3.07","-3.07"
"Mar 1, 2017 11:41:40 AM PST","6303131361","Order","115-2296806-3840234","1O-YSQR-VEK9","1 Million Fragrance By Paco Rabanne 3pc Travel Edition Gift Set . 3.4 Fl.Oz. Eau De Toilette Spray + 3.4 S/G Men+15ml spray Mini For Men","1","amazon.com","Standard Orders","Seller","SAN FRANCISCO","CA","94110-4605","","74.85","0","4.49","0","0","0","0","0","0","0","0","-11.90","0","0","0","67.44"
"Mar 1, 2017 11:41:55 AM PST","6303131361","Shipping Services","115-2296806-3840234","","Shipping Label Purchased through Amazon","","","Standard Orders","","","","","","0","0","0","0","0","0","0","0","0","0","0","0","0","0","-6.70","-6.70"
"Mar 1, 2017 11:43:19 AM PST","6303131361","Shipping Services","111-6929393-9545063","","Shipping Label Purchased through Amazon","","","Standard Orders","","","","","","0","0","0","0","0","0","0","0","0","0","0","0","0","0","-6.20","-6.20"
"Mar 1, 2017 11:45:01 AM PST","6303131361","Order","108-6895707-7127464","DE-DIB0-KEZR","Paris Hilton Sheer By Paris Hilton For Women Eau De Parfum Spray, 1.7-Ounce","1","amazon.com","Standard Orders","Seller","APO","AP","96260-5476","","17.00","0","2.65","0","0","0","0","0","0","0","0","-2.95","0","0","0","16.70"
"Mar 1, 2017 11:45:01 AM PST","6303131361","Order","108-6895707-7127464","79-A9IS-KT66","Reb'L Fleur Rihanna Gift Set for Women","1","amazon.com","Standard Orders","Seller","APO","AP","96260-5476","","31.00","0","4.58","0","0","0","0","0","0","0","0","-5.34","0","0","0","30.24"
"Mar 1, 2017 11:45:17 AM PST","6303131361","Shipping Services","108-6895707-7127464","","Shipping Label Purchased through Amazon","","","Standard Orders","","","","","","0","0","0","0","0","0","0","0","0","0","0","0","0","0","-10.27","-10.27"
"Mar 1, 2017 11:46:35 AM PST","6303131361","Order","103-4329996-8438669","5O-9Q6D-NGOA","Chrome Legend by Azzaro For Men. Eau De Toilette Spray 4.2-Ounces","1","amazon.com","Standard Orders","Seller","APO","AP","96319-0056","","18.29","0","5.29","0","0","0","0","0","0","0","0","-3.54","0","0","0","20.04"
"Mar 1, 2017 11:46:52 AM PST","6303131361","Shipping Services","103-4329996-8438669","","Shipping Label Purchased through Amazon","","","Standard Orders","","","","","","0","0","0","0","0","0","0","0","0","0","0","0","0","0","-4.32","-4.32"
"Mar 1, 2017 11:51:33 AM PST","6303131361","Order","111-6929393-9545063","DT-GQQP-NJQJ","Thé Oné 3.4oz Eau De Parfum Sprày MéN by Dolcé ànd Gàbbànà","1","amazon.com","Standard Orders","Seller","SOUTH EASTON","MA","02375-1258","","67.88","0","4.49","0","0","0","0","0","0","0","0","-10.86","0","0","0","61.51"
"Mar 1, 2017 12:30:30 PM PST","6303131361","Order","114-6956644-3433008","JK-130P-A3PQ","Tiamo by Parfum Blaze Eau De Toilette Spray 3.4 oz","1","amazon.com","Standard Orders","Seller","WILLIAMSBURG","VA","23185-6200","","12.49","0","5.49","0","0","0","0","0","0","0","0","-2.70","0","0","0","15.28"
"Mar 1, 2017 12:30:48 PM PST","6303131361","Shipping Services","114-6956644-3433008","","Shipping Label Purchased through Amazon","","","Standard Orders","","","","","","0","0","0","0","0","0","0","0","0","0","0","0","0","0","-4.46","-4.46"
"Mar 1, 2017 12:36:05 PM PST","6303131361","Order","113-0104144-9993010","6X-OAGI-GJJO","Bvlgari Green Tea By Bvlgari For Men and Women, Cologne Spray, 2.5-Ounce Bottle","1","amazon.com","Standard Orders","Seller","NEW YORK","NY","10013-2145","","121.36","0","5.02","0","0","0","0","0","0","0","0","-18.96","0","0","0","107.42"
"Mar 1, 2017 12:36:23 PM PST","6303131361","Shipping Services","113-0104144-9993010","","Shipping Label Purchased through Amazon","","","Standard Orders","","","","","","0","0","0","0","0","0","0","0","0","0","0","0","0","0","-4.64","-4.64"
"Mar 1, 2017 1:05:05 PM PST","6303131361","Order","114-4054352-1125843","BF-N7MD-D4X3","Perry Ellis 360 Eau de Toilette Spray Gift Set for Women, 3 Count","1","amazon.com","Standard Orders","Seller","NEW CASTLE","DE","19720-2810","","38.45","0","5.74","0","0","0","0","0","0","0","0","-6.63","0","0","0","37.56"
"Mar 1, 2017 1:05:23 PM PST","6303131361","Shipping Services","114-4054352-1125843","","Shipping Label Purchased through Amazon","","","Standard Orders","","","","","","0","0","0","0","0","0","0","0","0","0","0","0","0","0","-6.05","-6.05"
"Mar 1, 2017 1:06:21 PM PST","6303131361","Order","113-5968199-1524206","TV-IBUQ-JLBR","White Diamonds by Elizabeth Taylor for Women, Set","1","amazon.com","Standard Orders","Seller","EAST POINT","GA","30344-3563","","42.31","0","6.59","0","0","0","0","0","0","0","0","-7.34","0","0","0","41.56"
"Mar 1, 2017 1:06:39 PM PST","6303131361","Shipping Services","113-5968199-1524206","","Shipping Label Purchased through Amazon","","","Standard Orders","","","","","","0","0","0","0","0","0","0","0","0","0","0","0","0","0","-6.55","-6.55"
"Mar 1, 2017 1:29:45 PM PST","6303131361","Order","116-4423022-1646601","DE-DIB0-KEZR","Paris Hilton Sheer By Paris Hilton For Women Eau De Parfum Spray, 1.7-Ounce","1","amazon.com","Standard Orders","Seller","RENO","NV","89519-6016","","17.00","0","4.89","0","0","0","0","0","0","0","0","-3.28","0","0","0","18.61"
"Mar 1, 2017 1:30:03 PM PST","6303131361","Shipping Services","116-4423022-1646601","","Shipping Label Purchased through Amazon","","","Standard Orders","","","","","","0","0","0","0","0","0","0","0","0","0","0","0","0","0","-3.07","-3.07"
"Mar 1, 2017 1:30:55 PM PST","6303131361","Order","114-0763009-0381817","DE-DIB0-KEZR","Paris Hilton Sheer By Paris Hilton For Women Eau De Parfum Spray, 1.7-Ounce","1","amazon.com","Standard Orders","Seller","STATEN ISLAND","NY","10304-2546","","17.00","0","4.89","0","0","0","0","0","0","0","0","-3.28","0","0","0","18.61"
"Mar 1, 2017 1:31:13 PM PST","6303131361","Shipping Services","114-0763009-0381817","","Shipping Label Purchased through Amazon","","","Standard Orders","","","","","","0","0","0","0","0","0","0","0","0","0","0","0","0","0","-3.07","-3.07"
"Mar 1, 2017 1:32:59 PM PST","6303131361","Order","111-9923431-6548263","FI-6L5M-3BSG","Bvlgari Men's BLV Pour Homme EDT Spray,Blue,3.4 oz","1","amazon.com","Standard Orders","Seller","IRVING","TX","75038-6970","","33.00","0","5.54","0","0","0","0","0","0","0","0","-5.78","0","0","0","32.76"
"Mar 1, 2017 1:33:17 PM PST","6303131361","Shipping Services","111-9923431-6548263","","Shipping Label Purchased through Amazon","","","Standard Orders","","","","","","0","0","0","0","0","0","0","0","0","0","0","0","0","0","-4.46","-4.46"
"Mar 1, 2017 1:36:01 PM PST","6303131361","Order","111-5066339-8092255","DT-GQQP-NJQJ","Thé Oné 3.4oz Eau De Parfum Sprày MéN by Dolcé ànd Gàbbànà","1","amazon.com","Standard Orders","Seller","MOULTRIE","GA","31768-5227","","63.32","0","4.49","0","0","0","0","0","0","0","0","-10.17","0","0","0","57.64"
"Mar 1, 2017 1:36:18 PM PST","6303131361","Shipping Services","111-5066339-8092255","","Shipping Label Purchased through Amazon","","","Standard Orders","","","","","","0","0","0","0","0","0","0","0","0","0","0","0","0","0","-6.20","-6.20"
"Mar 1, 2017 1:37:21 PM PST","6303131361","Order","109-5092100-0184213","IL-IROW-9WPF","Cuba Gold by Cuba 20 x 1.17 oz Eau de Toilette Spray ( 1 Box )","1","amazon.com","Standard Orders","Seller","LEADVILLE","CO","80461-3752","","63.60","0","4.49","0","0","0","0","0","0","0","0","-10.21","0","0","0","57.88"
"Mar 1, 2017 1:38:30 PM PST","6303131361","Shipping Services","109-5092100-0184213","","Shipping Label Purchased through Amazon","","","Standard Orders","","","","","","0","0","0","0","0","0","0","0","0","0","0","0","0","0","-6.20","-6.20"
"Mar 1, 2017 1:39:04 PM PST","6303131361","Order","107-7364765-0614647","OB-A9DI-TZR0","Sakamichi Ice Eau De Parfum Spray for Men, 3.4 Ounce","1","amazon.com","Standard Orders","Seller","RIVERDALE","GA","30274-1704","","6.00","0","5.14","0","0","0","0","0","0","0","0","-1.67","0","0","0","9.47"
"Mar 1, 2017 1:39:22 PM PST","6303131361","Shipping Services","107-7364765-0614647","","Shipping Label Purchased through Amazon","","","Standard Orders","","","","","","0","0","0","0","0","0","0","0","0","0","0","0","0","0","-3.90","-3.90"
"Mar 1, 2017 1:40:18 PM PST","6303131361","Order","106-4432884-7216233","O0-MYX1-BO3A","Pure Poison by Christian Dior 3.4 oz EDP Spray","1","amazon.com","Standard Orders","Seller","Ann Arbor","Michigan","48105","","88.03","0","5.19","0","0","0","0","0","0","0","0","-13.98","0","0","0","79.24"
"Mar 1, 2017 1:40:37 PM PST","6303131361","Shipping Services","106-4432884-7216233","","Shipping Label Purchased through Amazon","","","Standard Orders","","","","","","0","0","0","0","0","0","0","0","0","0","0","0","0","0","-4.33","-4.33"
"Mar 1, 2017 1:41:52 PM PST","6303131361","Order","106-4357716-6689821","C7-6Y6H-8ED9","JEAN PAUL GAULTIER by Jean Paul Gaultier - Women - Eau De Parfum Spray 3.3 oz","1","amazon.com","Standard Orders","Seller","MURFREESBORO","TN","37129-1371","","74.70","0","5.24","0","0","0","0","0","0","0","0","-11.99","0","0","0","67.95"
"Mar 1, 2017 1:42:10 PM PST","6303131361","Shipping Services","106-4357716-6689821","","Shipping Label Purchased through Amazon","","","Standard Orders","","","","","","0","0","0","0","0","0","0","0","0","0","0","0","0","0","-4.61","-4.61"
"Mar 1, 2017 1:43:23 PM PST","6303131361","Order","105-3993016-4117002","1O-YSQR-VEK9","1 Million Fragrance By Paco Rabanne 3pc Travel Edition Gift Set . 3.4 Fl.Oz. Eau De Toilette Spray + 3.4 S/G Men+15ml spray Mini For Men","1","amazon.com","Standard Orders","Seller","EDISON","NJ","08837-2418","","74.82","0","8.99","0","0","0","0","0","0","0","0","-12.57","0","0","0","71.24"
"Mar 1, 2017 1:43:42 PM PST","6303131361","Shipping Services","105-3993016-4117002","","Shipping Label Purchased through Amazon","","","Standard Orders","","","","","","0","0","0","0","0","0","0","0","0","0","0","0","0","0","-6.20","-6.20"
"Mar 1, 2017 1:44:43 PM PST","6303131361","Order","105-3058029-9489000","1O-YSQR-VEK9","1 Million Fragrance By Paco Rabanne 3pc Travel Edition Gift Set . 3.4 Fl.Oz. Eau De Toilette Spray + 3.4 S/G Men+15ml spray Mini For Men","1","amazon.com","Standard Orders","Seller","SYRACUSE","NY","13203-1026","","74.82","0","4.49","0","0","0","0","0","0","0","0","-11.90","0","0","0","67.41"
"Mar 1, 2017 1:45:03 PM PST","6303131361","Shipping Services","105-3058029-9489000","","Shipping Label Purchased through Amazon","","","Standard Orders","","","","","","0","0","0","0","0","0","0","0","0","0","0","0","0","0","-6.71","-6.71"
"Mar 1, 2017 1:46:08 PM PST","6303131361","Order","104-5483809-9813851","TV-IBUQ-JLBR","White Diamonds by Elizabeth Taylor for Women, Set","1","amazon.com","Standard Orders","Seller","MORAGA","CA","94556-3104","","42.31","0","6.59","0","0","0","0","0","0","0","0","-7.34","0","0","0","41.56"
"Mar 1, 2017 1:46:26 PM PST","6303131361","Shipping Services","104-5483809-9813851","","Shipping Label Purchased through Amazon","","","Standard Orders","","","","","","0","0","0","0","0","0","0","0","0","0","0","0","0","0","-7.34","-7.34"
"Mar 1, 2017 1:47:31 PM PST","6303131361","Order","103-9926924-9999437","DT-GQQP-NJQJ","Thé Oné 3.4oz Eau De Parfum Sprày MéN by Dolcé ànd Gàbbànà","1","amazon.com","Standard Orders","Seller","HENDERSON","NV","89012-2601","","67.70","0","4.49","0","0","0","0","0","0","0","0","-10.83","0","0","0","61.36"
"Mar 1, 2017 1:47:48 PM PST","6303131361","Shipping Services","103-9926924-9999437","","Shipping Label Purchased through Amazon","","","Standard Orders","","","","","","0","0","0","0","0","0","0","0","0","0","0","0","0","0","-6.20","-6.20"
"Mar 1, 2017 1:48:38 PM PST","6303131361","Order","102-6496644-8662654","TV-IBUQ-JLBR","White Diamonds by Elizabeth Taylor for Women, Set","1","amazon.com","Standard Orders","Seller","BEL AIR","MD","21014-4627","","42.31","0","6.59","0","0","0","0","0","0","0","0","-7.34","0","0","0","41.56"
"Mar 1, 2017 1:48:55 PM PST","6303131361","Shipping Services","102-6496644-8662654","","Shipping Label Purchased through Amazon","","","Standard Orders","","","","","","0","0","0","0","0","0","0","0","0","0","0","0","0","0","-6.05","-6.05"
"Mar 1, 2017 1:49:45 PM PST","6303131361","Order","002-1972559-9385866","1O-YSQR-VEK9","1 Million Fragrance By Paco Rabanne 3pc Travel Edition Gift Set . 3.4 Fl.Oz. Eau De Toilette Spray + 3.4 S/G Men+15ml spray Mini For Men","1","amazon.com","Standard Orders","Seller","BURLESON","TX","76028-7560","","74.82","0","8.99","0","0","0","0","0","0","0","0","-12.57","0","0","0","71.24"
"Mar 1, 2017 1:50:04 PM PST","6303131361","Shipping Services","002-1972559-9385866","","Shipping Label Purchased through Amazon","","","Standard Orders","","","","","","0","0","0","0","0","0","0","0","0","0","0","0","0","0","-7.11","-7.11"
"Mar 1, 2017 1:51:00 PM PST","6303131361","Order","111-1125996-5782647","C2-QMD3-7JY4","Lady Million by Paco Rabanne Women's Eau De Parfum Spray 2.7 oz - 100% Authentic","1","amazon.com","Standard Orders","Seller","MIAMI","FL","33166-3017","","58.13","0","5.49","0","0","0","0","0","0","0","0","-9.54","0","0","0","54.08"
"Mar 1, 2017 1:51:19 PM PST","6303131361","Shipping Services","111-1125996-5782647","","Shipping Label Purchased through Amazon","","","Standard Orders","","","","","","0","0","0","0","0","0","0","0","0","0","0","0","0","0","-4.19","-4.19"
"Mar 1, 2017 1:52:37 PM PST","6303131361","Order","109-5617689-3651432","2V-ZT5H-G840","AZZARO Eau de Toilette Spray for Men, 3.3 Ounce","1","amazon.com","Standard Orders","Seller","FORT LAUDERDALE","FL","33330-4436","","25.00","0","5.14","0","0","0","0","0","0","0","0","-4.52","0","0","0","25.62"
"Mar 1, 2017 1:52:53 PM PST","6303131361","Shipping Services","109-5617689-3651432","","Shipping Label Purchased through Amazon","","","Standard Orders","","","","","","0","0","0","0","0","0","0","0","0","0","0","0","0","0","-4.18","-4.18"
"Mar 1, 2017 1:53:59 PM PST","6303131361","Order","105-9742106-1691425","P2-MNXD-603C","TSAR by Van Cleef & Arpels Eau De Toilette Spray 3.4 oz for Men","1","amazon.com","Standard Orders","Seller","BRADY","TX","76825-4934","","30.56","0","5.49","0","0","0","0","0","0","0","0","-5.41","0","0","0","30.64"
"Mar 1, 2017 1:54:17 PM PST","6303131361","Shipping Services","105-9742106-1691425","","Shipping Label Purchased through Amazon","","","Standard Orders","","","","","","0","0","0","0","0","0","0","0","0","0","0","0","0","0","-4.04","-4.04"
"Mar 1, 2017 1:55:14 PM PST","6303131361","Order","105-8940985-7473841","2V-ZT5H-G840","AZZARO Eau de Toilette Spray for Men, 3.3 Ounce","1","amazon.com","Standard Orders","Seller","TROY","OH","45373-8749","","25.00","0","5.14","0","0","0","0","0","0","0","0","-4.52","0","0","0","25.62"
"Mar 1, 2017 1:55:33 PM PST","6303131361","Shipping Services","105-8940985-7473841","","Shipping Label Purchased through Amazon","","","Standard Orders","","","","","","0","0","0","0","0","0","0","0","0","0","0","0","0","0","-4.18","-4.18"
"Mar 1, 2017 1:56:45 PM PST","6303131361","Order","104-8377699-0210666","0D-ZN8O-QQ8V","P O L O Black Fragrance for Men Luxury Perfume Spray 4.2 Oz. New with Box","1","amazon.com","Standard Orders","Seller","CHEVY CHASE","MARYLAND","20815","","57.68","0","4.49","0","0","0","0","0","0","0","0","-9.33","0","0","0","52.84"
"Mar 1, 2017 1:57:03 PM PST","6303131361","Shipping Services","104-8377699-0210666","","Shipping Label Purchased through Amazon","","","Standard Orders","","","","","","0","0","0","0","0","0","0","0","0","0","0","0","0","0","-4.47","-4.47"
"Mar 1, 2017 1:57:57 PM PST","6303131361","Order","104-8692027-1696252","WR-AM4A-Y6QY","Paco Rabanne Invictus by Paco Rabanne Edt Spray 3.4 oz for Men","1","amazon.com","Standard Orders","Seller","MOORE HAVEN","FL","33471-1241","","58.00","0","5.37","0","0","0","0","0","0","0","0","-9.51","0","0","0","53.86"
"Mar 1, 2017 1:58:14 PM PST","6303131361","Shipping Services","104-8692027-1696252","","Shipping Label Purchased through Amazon","","","Standard Orders","","","","","","0","0","0","0","0","0","0","0","0","0","0","0","0","0","-4.61","-4.61"
"Mar 1, 2017 1:59:21 PM PST","6303131361","Order","104-0352522-1766667","N6-T97C-HZ2W","INSURRECTION by Reyane Tradition Men's Eau De Toilette Spray 3.4 oz - 100% Authentic","1","amazon.com","Standard Orders","Seller","VIRGINIA BEACH","VA","23464-7019","","16.00","0","5.49","0","0","0","0","0","0","0","0","-3.22","0","0","0","18.27"
"Mar 1, 2017 1:59:39 PM PST","6303131361","Shipping Services","104-0352522-1766667","","Shipping Label Purchased through Amazon","","","Standard Orders","","","","","","0","0","0","0","0","0","0","0","0","0","0","0","0","0","-4.46","-4.46"
"Mar 1, 2017 2:09:31 PM PST","6303131361","Order","108-5935660-2630652","0A-MWXB-XHZW","KOURoS Body by Yves Saint Laurent Men's Eau De Toilette Spray 3.4 oz - 100% Authentic","2","amazon.com","Standard Orders","Seller","ORLANDO","FL","32819-6521","","70.00","0","11.24","0","0","0","0","0","0","0","0","-12.18","0","0","0","69.06"
"Mar 1, 2017 2:09:47 PM PST","6303131361","Shipping Services","108-5935660-2630652","","Shipping Label Purchased through Amazon","","","Standard Orders","","","","","","0","0","0","0","0","0","0","0","0","0","0","0","0","0","-6.20","-6.20"
"Mar 1, 2017 2:10:54 PM PST","6303131361","Order","106-0579010-7408231","IL-IROW-9WPF","Cuba Gold by Cuba 20 x 1.17 oz Eau de Toilette Spray ( 1 Box )","1","amazon.com","Standard Orders","Seller","ROCKVILLE","MD","20850-2375","","63.60","0","4.49","0","0","0","0","0","0","0","0","-10.21","0","0","0","57.88"
"Mar 1, 2017 2:11:11 PM PST","6303131361","Shipping Services","106-0579010-7408231","","Shipping Label Purchased through Amazon","","","Standard Orders","","","","","","0","0","0","0","0","0","0","0","0","0","0","0","0","0","-6.20","-6.20"
"Mar 1, 2017 2:13:34 PM PST","6303131361","Order","102-8182376-1710605","B0-30LP-CY8E","Jessica Simpson Fancy Love  Gift Set for Women (Eau de Parfum Spray 3.4 Ounce, Lotion 4 Ounce, Lotion 3 Ounce, Bath and Shower Cream, Eau de Parfum Sp","1","amazon.com","Standard Orders","Seller","SAINT ALBANS","NY","11412-3242","","54.14","0","6.89","0","0","0","0","0","0","0","0","-9.15","0","0","0","51.88"
"Mar 1, 2017 2:13:51 PM PST","6303131361","Shipping Services","102-8182376-1710605","","Shipping Label Purchased through Amazon","","","Standard Orders","","","","","","0","0","0","0","0","0","0","0","0","0","0","0","0","0","-6.20","-6.20"
"Mar 1, 2017 4:51:07 PM PST","6303131361","Order","107-3361291-2586623","ZJ-QLSI-1Q79","Rihanna Rogue for Women 3 Piece Set","1","amazon.com","Standard Orders","Seller","SALISBURY","MD","21804-6542","","31.85","0","6.56","0","0","0","0","0","0","0","0","-5.76","0","0","0","32.65"
"Mar 1, 2017 4:51:25 PM PST","6303131361","Shipping Services","107-3361291-2586623","","Shipping Label Purchased through Amazon","","","Standard Orders","","","","","","0","0","0","0","0","0","0","0","0","0","0","0","0","0","-6.56","-6.56"
"Mar 2, 2017 3:47:59 AM PST","6304560341","Refund","109-8997534-6609055","8S-BF2V-JH39","Piver Pompeia Cologne 14.25 oz Splash","1","amazon.com","Standard Orders","Seller","ORLANDO","FL","32809-5696","","-26.39","0","-10.49","0","0","0","0","0","0","0","0","4.42","0","0","-1.06","-33.52"
"Mar 2, 2017 12:19:59 PM PST","6304560341","Order","116-3586246-4949006","FR-KNWO-Y6UC","Rihanna Riri Eau De Parfum Spray for Women, 3.4 Fluid Ounce","1","amazon.com","Standard Orders","Seller","partlow","virginia","22534","","23.20","0","6.14","0","0","0","0","0","0","0","0","-4.40","0","0","0","24.94"
"Mar 2, 2017 12:20:17 PM PST","6304560341","Shipping Services","116-3586246-4949006","","Shipping Label Purchased through Amazon","","","Standard Orders","","","","","","0","0","0","0","0","0","0","0","0","0","0","0","0","0","-4.46","-4.46"
"Mar 2, 2017 12:24:24 PM PST","6304560341","Order","115-0846101-2208248","JK-130P-A3PQ","Tiamo by Parfum Blaze Eau De Toilette Spray 3.4 oz","1","amazon.com","Standard Orders","Seller","Gurabo","PR","00778-9655","","12.49","0","5.49","0","0","0","0","0","0","0","0","-2.70","0","0","0","15.28"
"Mar 2, 2017 12:24:43 PM PST","6304560341","Shipping Services","115-0846101-2208248","","Shipping Label Purchased through Amazon","","","Standard Orders","","","","","","0","0","0","0","0","0","0","0","0","0","0","0","0","0","-4.46","-4.46"
"Mar 2, 2017 12:25:52 PM PST","6304560341","Order","114-5858677-8341061","2L-YX0W-CS37","Johan B Merveille Eau De Parfum Spray for Women, 3.4 Ounce","1","amazon.com","Standard Orders","Seller","GONZALES","LA","70737-5709","","15.00","0","5.34","0","0","0","0","0","0","0","0","-3.05","0","0","0","17.29"
"Mar 2, 2017 12:26:10 PM PST","6304560341","Shipping Services","114-5858677-8341061","","Shipping Label Purchased through Amazon","","","Standard Orders","","","","","","0","0","0","0","0","0","0","0","0","0","0","0","0","0","-4.32","-4.32"
"Mar 2, 2017 12:28:55 PM PST","6304560341","Order","112-2241209-5219457","FR-KNWO-Y6UC","Rihanna Riri Eau De Parfum Spray for Women, 3.4 Fluid Ounce","1","amazon.com","Standard Orders","Seller","COLUMBUS","OH","43228-6345","","23.20","0","6.14","0","0","0","0","0","0","0","0","-4.40","0","0","0","24.94"
"Mar 2, 2017 12:29:27 PM PST","6304560341","Shipping Services","112-2241209-5219457","","Shipping Label Purchased through Amazon","","","Standard Orders","","","","","","0","0","0","0","0","0","0","0","0","0","0","0","0","0","-4.46","-4.46"
"Mar 2, 2017 12:30:02 PM PST","6304560341","Order","112-2237129-0151453","FZ-6CI2-LY2F","Samsara By Guerlain For Women. Eau De Parfum Spray 1.7 Ounces","1","amazon.com","Standard Orders","Seller","SPRINGFIELD GARDENS","NEW YORK","11413-3902","","40.58","0","4.89","0","0","0","0","0","0","0","0","-6.82","0","0","0","38.65"
"Mar 2, 2017 12:30:20 PM PST","6304560341","Shipping Services","112-2237129-0151453","","Shipping Label Purchased through Amazon","","","Standard Orders","","","","","","0","0","0","0","0","0","0","0","0","0","0","0","0","0","-3.07","-3.07"
"Mar 2, 2017 12:31:28 PM PST","6304560341","Order","111-4019209-0774642","1O-YSQR-VEK9","1 Million Fragrance By Paco Rabanne 3pc Travel Edition Gift Set . 3.4 Fl.Oz. Eau De Toilette Spray + 3.4 S/G Men+15ml spray Mini For Men","1","amazon.com","Standard Orders","Seller","NEWARK","NJ","07105-2118","","74.82","0","8.99","0","0","0","0","0","0","0","0","-12.57","0","0","0","71.24"
"Mar 2, 2017 12:31:43 PM PST","6304560341","Shipping Services","111-4019209-0774642","","Shipping Label Purchased through Amazon","","","Standard Orders","","","","","","0","0","0","0","0","0","0","0","0","0","0","0","0","0","-6.20","-6.20"
"Mar 2, 2017 12:32:37 PM PST","6304560341","Order","111-0839998-2207465","IL-IROW-9WPF","Cuba Gold by Cuba 20 x 1.17 oz Eau de Toilette Spray ( 1 Box )","1","amazon.com","Standard Orders","Seller","CORDELE","GA","31015-2141","","63.60","0","4.49","0","0","0","0","0","0","0","0","-10.21","0","0","0","57.88"
"Mar 2, 2017 12:32:55 PM PST","6304560341","Shipping Services","111-0839998-2207465","","Shipping Label Purchased through Amazon","","","Standard Orders","","","","","","0","0","0","0","0","0","0","0","0","0","0","0","0","0","-6.20","-6.20"
"Mar 2, 2017 12:35:08 PM PST","6304560341","Order","109-8315950-6801851","E3-KN4I-A54V","Women's Safari by Ralph Lauren Eau de Parfum Spray - 2.5 oz by RBS","2","amazon.com","Standard Orders","Seller","MANSFIELD","TX","76063-4009","","104.28","0","4.49","0","0","0","0","0","0","0","0","-16.32","0","0","0","92.45"
"Mar 2, 2017 12:35:28 PM PST","6304560341","Shipping Services","109-8315950-6801851","","Shipping Label Purchased through Amazon","","","Standard Orders","","","","","","0","0","0","0","0","0","0","0","0","0","0","0","0","0","-6.65","-6.65"
"Mar 2, 2017 12:36:35 PM PST","6304560341","Order","109-3420758-3973038","BF-2O4Q-JYRE","Paco Rabanne 1 million Cologne for Men 6.8 oz Eau De Toilette Spray","1","amazon.com","Standard Orders","Seller","PLYMOUTH","IN","46563-1039","","84.00","0","4.49","0","0","0","0","0","0","0","0","-13.27","0","0","0","75.22"
"Mar 2, 2017 12:36:45 PM PST","6304560341","Shipping Services","109-3420758-3973038","","Shipping Label Purchased through Amazon","","","Standard Orders","","","","","","0","0","0","0","0","0","0","0","0","0","0","0","0","0","-6.20","-6.20"
"Mar 2, 2017 12:37:46 PM PST","6304560341","Order","109-1671405-4793824","DE-DIB0-KEZR","Paris Hilton Sheer By Paris Hilton For Women Eau De Parfum Spray, 1.7-Ounce","1","amazon.com","Standard Orders","Seller","PASS CHRISTIAN","MS","39571-6209","","17.00","0","4.89","0","0","0","0","0","0","0","0","-3.28","0","0","0","18.61"
"Mar 2, 2017 12:38:04 PM PST","6304560341","Shipping Services","109-1671405-4793824","","Shipping Label Purchased through Amazon","","","Standard Orders","","","","","","0","0","0","0","0","0","0","0","0","0","0","0","0","0","-3.07","-3.07"
"Mar 2, 2017 12:39:12 PM PST","6304560341","Order","109-0821680-3772218","Q6-WPSC-SKZE","Tiamo Perfume For Women By Parfum Blaze","1","amazon.com","Standard Orders","Seller","Wilmington","NC","28401","","8.10","0","5.49","0","0","0","0","0","0","0","0","-2.04","0","0","0","11.55"
"Mar 2, 2017 12:39:30 PM PST","6304560341","Shipping Services","109-0821680-3772218","","Shipping Label Purchased through Amazon","","","Standard Orders","","","","","","0","0","0","0","0","0","0","0","0","0","0","0","0","0","-4.32","-4.32"
"Mar 2, 2017 12:40:29 PM PST","6304560341","Order","108-9071725-8267420","C2-QMD3-7JY4","Lady Million by Paco Rabanne Women's Eau De Parfum Spray 2.7 oz - 100% Authentic","1","amazon.com","Standard Orders","Seller","Bridge City","LA","70094","","58.13","0","5.49","0","0","0","0","0","0","0","0","-9.54","0","0","0","54.08"
"Mar 2, 2017 12:40:46 PM PST","6304560341","Shipping Services","108-9071725-8267420","","Shipping Label Purchased through Amazon","","","Standard Orders","","","","","","0","0","0","0","0","0","0","0","0","0","0","0","0","0","-4.19","-4.19"
"Mar 2, 2017 12:41:50 PM PST","6304560341","Order","107-4419020-7477040","5R-2LX9-BGJ3","Jessica Mcclintock 2 Piece Gift Set for Women","1","amazon.com","Standard Orders","Seller","SEATTLE","WA","98108-4119","","50.04","0","6.19","0","0","0","0","0","0","0","0","-8.43","0","0","0","47.80"
"Mar 2, 2017 12:42:09 PM PST","6304560341","Shipping Services","107-4419020-7477040","","Shipping Label Purchased through Amazon","","","Standard Orders","","","","","","0","0","0","0","0","0","0","0","0","0","0","0","0","0","-6.70","-6.70"
"Mar 2, 2017 12:43:10 PM PST","6304560341","Order","107-0186186-3857863","2L-YX0W-CS37","Johan B Merveille Eau De Parfum Spray for Women, 3.4 Ounce","2","amazon.com","Standard Orders","Seller","SAUCIER","MS","39574-6608","","30.00","0","6.19","0","0","0","0","0","0","0","0","-5.44","0","0","0","30.75"
"Mar 2, 2017 12:43:13 PM PST","6304560341","Shipping Services","107-0186186-3857863","","Shipping Label Purchased through Amazon","","","Standard Orders","","","","","","0","0","0","0","0","0","0","0","0","0","0","0","0","0","-6.05","-6.05"
"Mar 2, 2017 12:44:35 PM PST","6304560341","Order","105-8809236-1785819","DE-DIB0-KEZR","Paris Hilton Sheer By Paris Hilton For Women Eau De Parfum Spray, 1.7-Ounce","2","amazon.com","Standard Orders","Seller","LANCASTER","CA","93534-3815","","34.00","0","5.29","0","0","0","0","0","0","0","0","-5.90","0","0","0","33.39"
"Mar 2, 2017 12:44:54 PM PST","6304560341","Shipping Services","105-8809236-1785819","","Shipping Label Purchased through Amazon","","","Standard Orders","","","","","","0","0","0","0","0","0","0","0","0","0","0","0","0","0","-4.32","-4.32"
"Mar 2, 2017 12:46:36 PM PST","6304560341","Order","002-6436342-1456220","DE-DIB0-KEZR","Paris Hilton Sheer By Paris Hilton For Women Eau De Parfum Spray, 1.7-Ounce","1","amazon.com","Standard Orders","Seller","PALMDALE","CA","93551-1132","","17.00","0","4.89","0","0","0","0","0","0","0","0","-3.28","0","0","0","18.61"
"Mar 2, 2017 12:46:53 PM PST","6304560341","Shipping Services","002-6436342-1456220","","Shipping Label Purchased through Amazon","","","Standard Orders","","","","","","0","0","0","0","0","0","0","0","0","0","0","0","0","0","-3.07","-3.07"
"Mar 2, 2017 12:47:54 PM PST","6304560341","Order","116-7685974-5129048","2L-YX0W-CS37","Johan B Merveille Eau De Parfum Spray for Women, 3.4 Ounce","1","amazon.com","Standard Orders","Seller","Baltimore","md","21223","","15.00","0","5.34","0","0","0","0","0","0","0","0","-3.05","0","0","0","17.29"
"Mar 2, 2017 12:48:12 PM PST","6304560341","Shipping Services","116-7685974-5129048","","Shipping Label Purchased through Amazon","","","Standard Orders","","","","","","0","0","0","0","0","0","0","0","0","0","0","0","0","0","-4.32","-4.32"
"Mar 2, 2017 12:49:15 PM PST","6304560341","Order","116-7223880-7277844","2L-YX0W-CS37","Johan B Merveille Eau De Parfum Spray for Women, 3.4 Ounce","1","amazon.com","Standard Orders","Seller","Fort Worth","TX","76119-6535","","15.00","0","5.34","0","0","0","0","0","0","0","0","-3.05","0","0","0","17.29"
"Mar 2, 2017 12:49:34 PM PST","6304560341","Shipping Services","116-7223880-7277844","","Shipping Label Purchased through Amazon","","","Standard Orders","","","","","","0","0","0","0","0","0","0","0","0","0","0","0","0","0","-4.32","-4.32"
"Mar 2, 2017 12:53:20 PM PST","6304560341","Order","114-1120197-9101012","W4-6TKK-M8MV","Faberge - BRUT Cologne Spray (Original-Glass Bottle) - 3 oz","5","amazon.com","Standard Orders","Seller","El Paso","TX","79936-5733","","50.00","0","7.04","0","0","0","0","0","0","0","0","-8.55","0","0","0","48.49"
"Mar 2, 2017 12:53:37 PM PST","6304560341","Shipping Services","114-1120197-9101012","","Shipping Label Purchased through Amazon","","","Standard Orders","","","","","","0","0","0","0","0","0","0","0","0","0","0","0","0","0","-6.55","-6.55"
"Mar 2, 2017 12:54:55 PM PST","6304560341","Shipping Services","106-5089414-9279468","","Shipping Label Purchased through Amazon","","","Standard Orders","","","","","","0","0","0","0","0","0","0","0","0","0","0","0","0","0","-4.64","-4.64"
"Mar 2, 2017 12:56:08 PM PST","6304560341","Order","102-6371410-5975465","BF-N7MD-D4X3","Perry Ellis 360 Eau de Toilette Spray Gift Set for Women, 3 Count","1","amazon.com","Standard Orders","Seller","ARVERNE","NY","11692-1326","","38.45","0","5.74","0","0","0","0","0","0","0","0","-6.63","0","0","0","37.56"
"Mar 2, 2017 12:56:23 PM PST","6304560341","Shipping Services","102-6371410-5975465","","Shipping Label Purchased through Amazon","","","Standard Orders","","","","","","0","0","0","0","0","0","0","0","0","0","0","0","0","0","-6.05","-6.05"
"Mar 2, 2017 12:57:42 PM PST","6304560341","Order","102-2743577-6325852","6X-OAGI-GJJO","Bvlgari Green Tea By Bvlgari For Men and Women, Cologne Spray, 2.5-Ounce Bottle","1","amazon.com","Standard Orders","Seller","LAREDO","TX","78041-2951","","121.22","0","9.79","0","0","0","0","0","0","0","0","-19.65","0","0","0","111.36"
"Mar 2, 2017 12:58:00 PM PST","6304560341","Shipping Services","102-2743577-6325852","","Shipping Label Purchased through Amazon","","","Standard Orders","","","","","","0","0","0","0","0","0","0","0","0","0","0","0","0","0","-6.65","-6.65"
"Mar 2, 2017 1:05:25 PM PST","6304560341","Order","106-5089414-9279468","6X-OAGI-GJJO","Bvlgari Green Tea By Bvlgari For Men and Women, Cologne Spray, 2.5-Ounce Bottle","1","amazon.com","Standard Orders","Seller","Philadelphia","PA","19118-3626","","121.22","0","5.02","0","0","0","0","0","0","0","0","-18.94","0","0","0","107.30"
"Mar 2, 2017 1:17:35 PM PST","6304560341","Order","112-7269387-9948244","DT-GQQP-NJQJ","Thé Oné 3.4oz Eau De Parfum Sprày MéN by Dolcé ànd Gàbbànà","1","amazon.com","Standard Orders","Seller","ROCKLIN","CALIFORNIA","95677-3420","","67.70","0","4.49","0","0","0","0","0","0","0","0","-10.83","0","0","0","61.36"
"Mar 2, 2017 1:17:52 PM PST","6304560341","Shipping Services","112-7269387-9948244","","Shipping Label Purchased through Amazon","","","Standard Orders","","","","","","0","0","0","0","0","0","0","0","0","0","0","0","0","0","-6.20","-6.20"
"Mar 2, 2017 1:19:23 PM PST","6304560341","Order","106-3052584-1756209","AC-ETIP-SEWO","Realm By Erox Corporation For Women. Eau De Toilette Spray 1.7 Oz.","1","amazon.com","Standard Orders","Seller","MARKSVILLE","LA","71351-4806","","39.74","0","10.12","0","0","0","0","0","0","0","0","-7.48","0","0","0","42.38"
"Mar 2, 2017 1:19:42 PM PST","6304560341","Shipping Services","106-3052584-1756209","","Shipping Label Purchased through Amazon","","","Standard Orders","","","","","","0","0","0","0","0","0","0","0","0","0","0","0","0","0","-6.05","-6.05"
"Mar 2, 2017 1:21:02 PM PST","6304560341","Order","112-5348208-1056219","DT-GQQP-NJQJ","Thé Oné 3.4oz Eau De Parfum Sprày MéN by Dolcé ànd Gàbbànà","1","amazon.com","Standard Orders","Seller","LAUDERDALE LAKES","FL","33309-4312","","73.28","0","8.99","0","0","0","0","0","0","0","0","-12.34","0","0","0","69.93"
"Mar 2, 2017 1:21:20 PM PST","6304560341","Shipping Services","112-5348208-1056219","","Shipping Label Purchased through Amazon","","","Standard Orders","","","","","","0","0","0","0","0","0","0","0","0","0","0","0","0","0","-6.20","-6.20"
"Mar 2, 2017 1:25:35 PM PST","6304560341","Order","115-4796265-1949008","AO-S8GV-5G1E","Paris Hilton Gift Set for Women (Eau de Parfum Spray 3.4 Ounce, Eau de Parfum Spray 1 Ounce, Lotion, Bath and Shower Gel)","1","amazon.com","Standard Orders","Seller","BLACKFOOT","ID","83221-2671","","37.52","0","6.29","0","0","0","0","0","0","0","0","-6.57","0","0","0","37.24"
"Mar 2, 2017 1:25:54 PM PST","6304560341","Shipping Services","115-4796265-1949008","","Shipping Label Purchased through Amazon","","","Standard Orders","","","","","","0","0","0","0","0","0","0","0","0","0","0","0","0","0","-7.34","-7.34"
"Mar 3, 2017 3:04:06 AM PST","6304560341","Transfer","","","To your account ending in: 6276, Bank Transfer ID: 091000013860067","","","Standard Orders","","","","","","0","0","0","0","0","0","0","0","0","0","0","0","0","0","-1,819.12","-1,819.12"
"Mar 3, 2017 12:26:12 PM PST","6304560341","Order","116-2596362-5897854","2L-YX0W-CS37","Johan B Merveille Eau De Parfum Spray for Women, 3.4 Ounce","1","amazon.com","Standard Orders","Seller","Fort Worth","TX","76119-6535","","15.00","0","5.34","0","0","0","0","0","0","0","0","-3.05","0","0","0","17.29"
"Mar 3, 2017 12:26:35 PM PST","6304560341","Shipping Services","116-2596362-5897854","","Shipping Label Purchased through Amazon","","","Standard Orders","","","","","","0","0","0","0","0","0","0","0","0","0","0","0","0","0","-4.46","-4.46"
"Mar 3, 2017 12:46:08 PM PST","6304560341","Order","115-6365187-5199440","11-CAS2-52RJ","Jessica Mcclintock By Jessica Mcclintock For Women. Gift Set (eau De Parfum Spray 3.4 Oz+ Body Lotion 5.0 Oz)","1","amazon.com","Standard Orders","Seller","Rumson","Nj","07760","","67.89","0","6.19","0","0","0","0","0","0","0","0","-11.11","0","0","0","62.97"
"Mar 3, 2017 12:46:26 PM PST","6304560341","Shipping Services","115-6365187-5199440","","Shipping Label Purchased through Amazon","","","Standard Orders","","","","","","0","0","0","0","0","0","0","0","0","0","0","0","0","0","-6.20","-6.20"
"Mar 3, 2017 12:48:36 PM PST","6304560341","Order","115-3535057-3427403","74-DRG6-NKAA","Estee Lauder Purse Beautiful Eau de Parfum Spray for Women, 6 Count","1","amazon.com","Standard Orders","Seller","VIRGINIA BEACH","VA","23455-6530","","59.50","0","5.09","0","0","0","0","0","0","0","0","-9.69","0","0","0","54.90"
"Mar 3, 2017 12:48:54 PM PST","6304560341","Shipping Services","115-3535057-3427403","","Shipping Label Purchased through Amazon","","","Standard Orders","","","","","","0","0","0","0","0","0","0","0","0","0","0","0","0","0","-6.70","-6.70"
"Mar 3, 2017 12:50:28 PM PST","6304560341","Order","114-3339154-4689018","21-NWUH-FKC6","Liz Claiborne Curve Men Gift Set (Spray, Skin Soother, Hair and Body Wash)","1","amazon.com","Standard Orders","Seller","PHILADELPHIA","PA","19140-1732","","34.34","0","6.64","0","0","0","0","0","0","0","0","-6.15","0","0","0","34.83"
"Mar 3, 2017 12:50:45 PM PST","6304560341","Shipping Services","114-3339154-4689018","","Shipping Label Purchased through Amazon","","","Standard Orders","","","","","","0","0","0","0","0","0","0","0","0","0","0","0","0","0","-6.05","-6.05"
"Mar 3, 2017 12:51:36 PM PST","6304560341","Order","112-8311169-4593809","5R-2LX9-BGJ3","Jessica Mcclintock 2 Piece Gift Set for Women","1","amazon.com","Standard Orders","Seller","NORTHFIELD","NJ","08225-2252","","59.75","0","6.19","0","0","0","0","0","0","0","0","-9.89","0","0","0","56.05"
"Mar 3, 2017 12:51:55 PM PST","6304560341","Shipping Services","112-8311169-4593809","","Shipping Label Purchased through Amazon","","","Standard Orders","","","","","","0","0","0","0","0","0","0","0","0","0","0","0","0","0","-6.20","-6.20"
"Mar 3, 2017 12:53:06 PM PST","6304560341","Order","112-1977307-9640206","DT-GQQP-NJQJ","Thé Oné 3.4oz Eau De Parfum Sprày MéN by Dolcé ànd Gàbbànà","1","amazon.com","Standard Orders","Seller","VERNON","CT","06066-5001","","68.30","0","8.99","0","0","0","0","0","0","0","0","-11.59","0","0","0","65.70"
"Mar 3, 2017 12:53:25 PM PST","6304560341","Shipping Services","112-1977307-9640206","","Shipping Label Purchased through Amazon","","","Standard Orders","","","","","","0","0","0","0","0","0","0","0","0","0","0","0","0","0","-6.20","-6.20"
"Mar 3, 2017 12:54:15 PM PST","6304560341","Order","111-0562719-2969033","B0-30LP-CY8E","Jessica Simpson Fancy Love  Gift Set for Women (Eau de Parfum Spray 3.4 Ounce, Lotion 4 Ounce, Lotion 3 Ounce, Bath and Shower Cream, Eau de Parfum Sp","1","amazon.com","Standard Orders","Seller","COPIAGUE","NY","11726-5324","","53.24","0","6.89","0","0","0","0","0","0","0","0","-9.02","0","0","0","51.11"
"Mar 3, 2017 12:54:33 PM PST","6304560341","Shipping Services","111-0562719-2969033","","Shipping Label Purchased through Amazon","","","Standard Orders","","","","","","0","0","0","0","0","0","0","0","0","0","0","0","0","0","-6.20","-6.20"
"Mar 3, 2017 12:55:36 PM PST","6304560341","Order","109-8317894-0282656","2L-YX0W-CS37","Johan B Merveille Eau De Parfum Spray for Women, 3.4 Ounce","1","amazon.com","Standard Orders","Seller","NORMAL","IL","61761-8202","","15.00","0","5.34","0","0","0","0","0","0","0","0","-3.05","0","0","0","17.29"
"Mar 3, 2017 12:55:53 PM PST","6304560341","Shipping Services","109-8317894-0282656","","Shipping Label Purchased through Amazon","","","Standard Orders","","","","","","0","0","0","0","0","0","0","0","0","0","0","0","0","0","-4.46","-4.46"
"Mar 3, 2017 12:58:45 PM PST","6304560341","Order","109-4002368-0590644","74-DRG6-NKAA","Estee Lauder Purse Beautiful Eau de Parfum Spray for Women, 6 Count","1","amazon.com","Standard Orders","Seller","Sugar Grove","IL","60554","","59.50","0","5.09","0","0","0","0","0","0","0","0","-9.69","0","0","0","54.90"
"Mar 3, 2017 12:59:03 PM PST","6304560341","Shipping Services","109-4002368-0590644","","Shipping Label Purchased through Amazon","","","Standard Orders","","","","","","0","0","0","0","0","0","0","0","0","0","0","0","0","0","-4.61","-4.61"
"Mar 3, 2017 1:01:25 PM PST","6304560341","Order","109-3065130-4619464","KG-EP0K-7LTJ","Jus De Amour for Women","2","amazon.com","Standard Orders","Seller","PHILADELPHIA","PA","19143-2405","","16.00","0","6.19","0","0","0","0","0","0","0","0","-3.34","0","0","0","18.85"
"Mar 3, 2017 1:01:43 PM PST","6304560341","Shipping Services","109-3065130-4619464","","Shipping Label Purchased through Amazon","","","Standard Orders","","","","","","0","0","0","0","0","0","0","0","0","0","0","0","0","0","-6.05","-6.05"
"Mar 3, 2017 1:02:38 PM PST","6304560341","Order","108-9304274-8929806","DT-GQQP-NJQJ","Thé Oné 3.4oz Eau De Parfum Sprày MéN by Dolcé ànd Gàbbànà","1","amazon.com","Standard Orders","Seller","MIDDLEFIELD","OHIO","44062-9337","","67.58","0","8.99","0","0","0","0","0","0","0","0","-11.49","0","0","0","65.08"
"Mar 3, 2017 1:02:55 PM PST","6304560341","Shipping Services","108-9304274-8929806","","Shipping Label Purchased through Amazon","","","Standard Orders","","","","","","0","0","0","0","0","0","0","0","0","0","0","0","0","0","-6.20","-6.20"
"Mar 3, 2017 1:04:05 PM PST","6304560341","Order","108-0868095-7444216","JK-130P-A3PQ","Tiamo by Parfum Blaze Eau De Toilette Spray 3.4 oz","2","amazon.com","Standard Orders","Seller","CHULA VISTA","CA","91913-1521","","24.98","0","6.49","0","0","0","0","0","0","0","0","-4.72","0","0","0","26.75"
"Mar 3, 2017 1:04:23 PM PST","6304560341","Shipping Services","108-0868095-7444216","","Shipping Label Purchased through Amazon","","","Standard Orders","","","","","","0","0","0","0","0","0","0","0","0","0","0","0","0","0","-6.05","-6.05"
"Mar 3, 2017 1:05:16 PM PST","6304560341","Order","107-9127199-7295430","74-DRG6-NKAA","Estee Lauder Purse Beautiful Eau de Parfum Spray for Women, 6 Count","1","amazon.com","Standard Orders","Seller","WEST BRANCH","MI","48661-1433","","59.50","0","5.09","0","0","0","0","0","0","0","0","-9.69","0","0","0","54.90"
"Mar 3, 2017 1:05:33 PM PST","6304560341","Shipping Services","107-9127199-7295430","","Shipping Label Purchased through Amazon","","","Standard Orders","","","","","","0","0","0","0","0","0","0","0","0","0","0","0","0","0","-4.61","-4.61"
"Mar 3, 2017 1:06:30 PM PST","6304560341","Order","107-6353334-3431445","C2-QMD3-7JY4","Lady Million by Paco Rabanne Women's Eau De Parfum Spray 2.7 oz - 100% Authentic","1","amazon.com","Standard Orders","Seller","BAY HARBOR ISLANDS","FL","33154-3830","","58.13","0","5.49","0","0","0","0","0","0","0","0","-9.54","0","0","0","54.08"
"Mar 3, 2017 1:06:49 PM PST","6304560341","Shipping Services","107-6353334-3431445","","Shipping Label Purchased through Amazon","","","Standard Orders","","","","","","0","0","0","0","0","0","0","0","0","0","0","0","0","0","-4.19","-4.19"
"Mar 3, 2017 1:08:06 PM PST","6304560341","Order","107-3750680-0786647","NJ-V413-D3O4","Candy Eau De Parfum Spray 80ml/2.7oz","1","amazon.com","Standard Orders","Seller","Wyandotte","MI","48192","","75.00","0","5.24","0","0","0","0","0","0","0","0","-12.04","0","0","0","68.20"
"Mar 3, 2017 1:08:24 PM PST","6304560341","Shipping Services","107-3750680-0786647","","Shipping Label Purchased through Amazon","","","Standard Orders","","","","","","0","0","0","0","0","0","0","0","0","0","0","0","0","0","-4.33","-4.33"
"Mar 3, 2017 1:09:59 PM PST","6304560341","Order","106-4853791-9511424","AZ-P8G8-8YEZ","Jennifer Lopez Deseo By Jennifer Lopez For Women. Eau De Parfum Spray 1.7-Ounces","1","amazon.com","Standard Orders","Seller","CAMARILLO","CA","93010-3147","","22.01","0","4.98","0","0","0","0","0","0","0","0","-4.05","0","0","0","22.94"
"Mar 3, 2017 1:10:17 PM PST","6304560341","Shipping Services","106-4853791-9511424","","Shipping Label Purchased through Amazon","","","Standard Orders","","","","","","0","0","0","0","0","0","0","0","0","0","0","0","0","0","-3.62","-3.62"
"Mar 3, 2017 1:11:06 PM PST","6304560341","Order","103-8056787-1551425","7R-3UPR-4TP8","Perry Ellis 18 Intense by Perry Ellis for Men - 3.4 Ounce EDT Spray","2","amazon.com","Standard Orders","Seller","St Joseph","MICHIGAN","49085","","49.30","0","6.09","0","0","0","0","0","0","0","0","-8.32","0","0","0","47.07"
"Mar 3, 2017 1:11:25 PM PST","6304560341","Shipping Services","103-8056787-1551425","","Shipping Label Purchased through Amazon","","","Standard Orders","","","","","","0","0","0","0","0","0","0","0","0","0","0","0","0","0","-6.05","-6.05"
"Mar 3, 2017 1:12:06 PM PST","6304560341","Order","103-0381501-5098614","2L-YX0W-CS37","Johan B Merveille Eau De Parfum Spray for Women, 3.4 Ounce","1","amazon.com","Standard Orders","Seller","LIVE OAK","FL","32064-3237","","15.00","0","5.34","0","0","0","0","0","0","0","0","-3.05","0","0","0","17.29"
"Mar 3, 2017 1:12:24 PM PST","6304560341","Shipping Services","103-0381501-5098614","","Shipping Label Purchased through Amazon","","","Standard Orders","","","","","","0","0","0","0","0","0","0","0","0","0","0","0","0","0","-4.46","-4.46"
"Mar 3, 2017 1:13:10 PM PST","6304560341","Order","002-4506357-5402656","FI-6L5M-3BSG","Bvlgari Men's BLV Pour Homme EDT Spray,Blue,3.4 oz","1","amazon.com","Standard Orders","Seller","WESTERN SPRINGS","IL","60558-1279","","33.00","0","5.54","0","0","0","0","0","0","0","0","-5.78","0","0","0","32.76"
"Mar 3, 2017 1:13:27 PM PST","6304560341","Shipping Services","002-4506357-5402656","","Shipping Label Purchased through Amazon","","","Standard Orders","","","","","","0","0","0","0","0","0","0","0","0","0","0","0","0","0","-4.46","-4.46"
"Mar 3, 2017 1:14:25 PM PST","6304560341","Order","116-7180687-0774602","2L-YX0W-CS37","Johan B Merveille Eau De Parfum Spray for Women, 3.4 Ounce","1","amazon.com","Standard Orders","Seller","Fort Worth","TX","76119-6535","","15.00","0","5.34","0","0","0","0","0","0","0","0","-3.05","0","0","0","17.29"
"Mar 3, 2017 1:14:43 PM PST","6304560341","Shipping Services","116-7180687-0774602","","Shipping Label Purchased through Amazon","","","Standard Orders","","","","","","0","0","0","0","0","0","0","0","0","0","0","0","0","0","-4.46","-4.46"
"Mar 3, 2017 1:16:28 PM PST","6304560341","Order","116-0681407-3260240","GR-FCK2-0ICA","Insurrection Pure II By Reyane Tradition 3.0 Oz / 90 Ml Eau De Toilette Spray for Men","1","amazon.com","Standard Orders","Seller","HIALEAH","FL","33015-6958","","18.56","0","5.64","0","0","0","0","0","0","0","0","-3.63","0","0","0","20.57"
"Mar 3, 2017 1:16:46 PM PST","6304560341","Shipping Services","116-0681407-3260240","","Shipping Label Purchased through Amazon","","","Standard Orders","","","","","","0","0","0","0","0","0","0","0","0","0","0","0","0","0","-6.05","-6.05"
"Mar 3, 2017 1:18:07 PM PST","6304560341","Order","115-8093247-4769850","N6-T97C-HZ2W","INSURRECTION by Reyane Tradition Men's Eau De Toilette Spray 3.4 oz - 100% Authentic","1","amazon.com","Standard Orders","Seller","DORAL","FL","33198-1534","","16.00","0","5.49","0","0","0","0","0","0","0","0","-3.22","0","0","0","18.27"
"Mar 3, 2017 1:18:25 PM PST","6304560341","Shipping Services","115-8093247-4769850","","Shipping Label Purchased through Amazon","","","Standard Orders","","","","","","0","0","0","0","0","0","0","0","0","0","0","0","0","0","-4.46","-4.46"
"Mar 3, 2017 1:19:40 PM PST","6304560341","Order","111-7721397-8438653","OB-A9DI-TZR0","Sakamichi Ice Eau De Parfum Spray for Men, 3.4 Ounce","1","amazon.com","Standard Orders","Seller","Newark","NJ","07103","","6.00","0","5.14","0","0","0","0","0","0","0","0","-1.67","0","0","0","9.47"
"Mar 3, 2017 1:19:58 PM PST","6304560341","Shipping Services","111-7721397-8438653","","Shipping Label Purchased through Amazon","","","Standard Orders","","","","","","0","0","0","0","0","0","0","0","0","0","0","0","0","0","-3.90","-3.90"
"Mar 3, 2017 1:21:06 PM PST","6304560341","Order","104-6952195-5422664","AO-S8GV-5G1E","Paris Hilton Gift Set for Women (Eau de Parfum Spray 3.4 Ounce, Eau de Parfum Spray 1 Ounce, Lotion, Bath and Shower Gel)","1","amazon.com","Standard Orders","Seller","WARREN","MI","48088-4228","","37.52","0","6.29","0","0","0","0","0","0","0","0","-6.57","0","0","0","37.24"
"Mar 3, 2017 1:21:24 PM PST","6304560341","Shipping Services","104-6952195-5422664","","Shipping Label Purchased through Amazon","","","Standard Orders","","","","","","0","0","0","0","0","0","0","0","0","0","0","0","0","0","-6.67","-6.67"
"Mar 3, 2017 1:22:22 PM PST","6304560341","Order","111-9912889-3096251","N6-T97C-HZ2W","INSURRECTION by Reyane Tradition Men's Eau De Toilette Spray 3.4 oz - 100% Authentic","2","amazon.com","Standard Orders","Seller","texarkana","arkansas","71854","","32.00","0","6.49","0","0","0","0","0","0","0","0","-5.78","0","0","0","32.71"
"Mar 3, 2017 1:22:41 PM PST","6304560341","Shipping Services","111-9912889-3096251","","Shipping Label Purchased through Amazon","","","Standard Orders","","","","","","0","0","0","0","0","0","0","0","0","0","0","0","0","0","-6.55","-6.55"
"Mar 3, 2017 1:24:03 PM PST","6304560341","Shipping Services","103-6138496-6364204","","Shipping Label Purchased through Amazon","","","Standard Orders","","","","","","0","0","0","0","0","0","0","0","0","0","0","0","0","0","-6.70","-6.70"
"Mar 3, 2017 1:26:27 PM PST","6304560341","Order","108-7146323-1346606","C1-6NK7-7FDY","Arsenal Blue By Gilles Cantuel For Men. Eau De Parfum Spray 3.4 Oz.","1","amazon.com","Standard Orders","Seller","DORAL","FL","33122-1614","","14.70","0","5.49","0","0","0","0","0","0","0","0","-3.03","0","0","0","17.16"
"Mar 3, 2017 1:26:42 PM PST","6304560341","Shipping Services","108-7146323-1346606","","Shipping Label Purchased through Amazon","","","Standard Orders","","","","","","0","0","0","0","0","0","0","0","0","0","0","0","0","0","-4.46","-4.46"
"Mar 3, 2017 1:33:09 PM PST","6304560341","Order","103-6138496-6364204","1O-YSQR-VEK9","1 Million Fragrance By Paco Rabanne 3pc Travel Edition Gift Set . 3.4 Fl.Oz. Eau De Toilette Spray + 3.4 S/G Men+15ml spray Mini For Men","1","amazon.com","Standard Orders","Seller","MIAMI","FL","33198-1534","","74.82","0","4.49","0","0","0","0","0","0","0","0","-11.90","0","0","0","67.41"
"Mar 3, 2017 1:38:10 PM PST","6304560341","Order","116-6619257-9207407","5R-2LX9-BGJ3","Jessica Mcclintock 2 Piece Gift Set for Women","1","amazon.com","Standard Orders","Seller","cincinnati","oh","45242","","59.75","0","6.19","0","0","0","0","0","0","0","0","-9.89","0","0","0","56.05"
"Mar 3, 2017 1:38:27 PM PST","6304560341","Shipping Services","116-6619257-9207407","","Shipping Label Purchased through Amazon","","","Standard Orders","","","","","","0","0","0","0","0","0","0","0","0","0","0","0","0","0","-6.82","-6.82"
"Mar 3, 2017 1:43:18 PM PST","6304560341","Order","116-5226726-6402634","2L-YX0W-CS37","Johan B Merveille Eau De Parfum Spray for Women, 3.4 Ounce","2","amazon.com","Standard Orders","Seller","APOLLO BEACH","FL","33572-2688","","30.00","0","6.19","0","0","0","0","0","0","0","0","-5.44","0","0","0","30.75"
"Mar 3, 2017 1:43:37 PM PST","6304560341","Shipping Services","116-5226726-6402634","","Shipping Label Purchased through Amazon","","","Standard Orders","","","","","","0","0","0","0","0","0","0","0","0","0","0","0","0","0","-6.05","-6.05"
"Mar 3, 2017 1:44:36 PM PST","6304560341","Order","113-7359097-9683438","2L-YX0W-CS37","Johan B Merveille Eau De Parfum Spray for Women, 3.4 Ounce","1","amazon.com","Standard Orders","Seller","CHARLOTTE","NC","28214-2604","","15.00","0","5.34","0","0","0","0","0","0","0","0","-3.05","0","0","0","17.29"
"Mar 3, 2017 1:44:54 PM PST","6304560341","Shipping Services","113-7359097-9683438","","Shipping Label Purchased through Amazon","","","Standard Orders","","","","","","0","0","0","0","0","0","0","0","0","0","0","0","0","0","-4.46","-4.46"
"Mar 3, 2017 1:49:48 PM PST","6304560341","Order","109-0841600-3101038","FI-6L5M-3BSG","Bvlgari Men's BLV Pour Homme EDT Spray,Blue,3.4 oz","1","amazon.com","Standard Orders","Seller","ALBUQUERQUE","NM","87123-3916","","33.00","0","5.54","0","0","0","0","0","0","0","0","-5.78","0","0","0","32.76"
"Mar 3, 2017 1:50:07 PM PST","6304560341","Shipping Services","109-0841600-3101038","","Shipping Label Purchased through Amazon","","","Standard Orders","","","","","","0","0","0","0","0","0","0","0","0","0","0","0","0","0","-4.46","-4.46"
"Mar 5, 2017 6:06:01 AM PST","6305919791","Transfer","","","To your account ending in: 6276, Bank Transfer ID: 091000014513668","","","Standard Orders","","","","","","0","0","0","0","0","0","0","0","0","0","0","0","0","0","-5,519.16","-5,519.16"
"Mar 5, 2017 4:49:12 PM PST","6305919791","Order","111-7157101-1444245","FI-6L5M-3BSG","Bvlgari Men's BLV Pour Homme EDT Spray,Blue,3.4 oz","1","amazon.com","Standard Orders","Seller","IRVINE","CA","92612-4643","","33.00","0","5.54","0","0","0","0","0","0","0","0","-5.78","0","0","0","32.76"
"Mar 5, 2017 4:49:30 PM PST","6305919791","Shipping Services","111-7157101-1444245","","Shipping Label Purchased through Amazon","","","Standard Orders","","","","","","0","0","0","0","0","0","0","0","0","0","0","0","0","0","-4.46","-4.46"
"Mar 5, 2017 4:50:58 PM PST","6305919791","Shipping Services","116-9382182-5759454","","Shipping Label Purchased through Amazon","","","Standard Orders","","","","","","0","0","0","0","0","0","0","0","0","0","0","0","0","0","-6.20","-6.20"
"Mar 5, 2017 4:57:15 PM PST","6305919791","Order","116-7202470-4281006","VQ-3EX0-LMJP","Parfums Rivera Night Dreams Eau de Parfum Spray, 3.4 Ounce","2","amazon.com","Standard Orders","Seller","BROCKTON","MA","02302-1746","","31.70","0","7.39","0","0","0","0","0","0","0","0","-5.86","0","0","0","33.23"
"Mar 5, 2017 4:57:33 PM PST","6305919791","Shipping Services","116-7202470-4281006","","Shipping Label Purchased through Amazon","","","Standard Orders","","","","","","0","0","0","0","0","0","0","0","0","0","0","0","0","0","-6.56","-6.56"
"Mar 5, 2017 4:58:33 PM PST","6305919791","Order","116-2534750-9559438","KF-2WDK-CCTQ","Narciso Rodriguez by Narciso Rodriguez for Him Men 3.3 oz Eau de Toilette Spray","2","amazon.com","Standard Orders","Seller","MONROE","CT","06468-1962","","113.34","0","6.79","0","0","0","0","0","0","0","0","-18.02","0","0","0","102.11"
"Mar 5, 2017 4:58:51 PM PST","6305919791","Shipping Services","116-2534750-9559438","","Shipping Label Purchased through Amazon","","","Standard Orders","","","","","","0","0","0","0","0","0","0","0","0","0","0","0","0","0","-6.65","-6.65"
"Mar 5, 2017 5:00:15 PM PST","6305919791","Order","116-1662209-7094612","N6-T97C-HZ2W","INSURRECTION by Reyane Tradition Men's Eau De Toilette Spray 3.4 oz - 100% Authentic","1","amazon.com","Standard Orders","Seller","ORLANDO","FL","32818-3964","","16.00","0","5.49","0","0","0","0","0","0","0","0","-3.22","0","0","0","18.27"
"Mar 5, 2017 5:00:33 PM PST","6305919791","Shipping Services","116-1662209-7094612","","Shipping Label Purchased through Amazon","","","Standard Orders","","","","","","0","0","0","0","0","0","0","0","0","0","0","0","0","0","-4.46","-4.46"
"Mar 5, 2017 5:01:12 PM PST","6305919791","Order","116-9382182-5759454","FE-XTY4-ABK0","1 Million by Paco Rabanne Men's Eau De Toilette Spray 6.7 oz - 100% Authentic","1","amazon.com","Standard Orders","Seller","MIAMI","FL","33177-1046","","84.62","0","5.49","0","0","0","0","0","0","0","0","-13.52","0","0","0","76.59"
"Mar 5, 2017 5:01:41 PM PST","6305919791","Order","115-6852153-4197830","2L-YX0W-CS37","Johan B Merveille Eau De Parfum Spray for Women, 3.4 Ounce","1","amazon.com","Standard Orders","Seller","SIOUX FALLS","SD","57104-4532","","23.62","0","5.34","0","0","0","0","0","0","0","0","-4.34","0","0","0","24.62"
"Mar 5, 2017 5:01:58 PM PST","6305919791","Shipping Services","115-6852153-4197830","","Shipping Label Purchased through Amazon","","","Standard Orders","","","","","","0","0","0","0","0","0","0","0","0","0","0","0","0","0","-4.46","-4.46"
"Mar 5, 2017 5:02:53 PM PST","6305919791","Order","115-6341555-9219455","BF-2O4Q-JYRE","Paco Rabanne 1 million Cologne for Men 6.8 oz Eau De Toilette Spray","1","amazon.com","Standard Orders","Seller","Valllejo","Ca","94591","","83.48","0","4.49","0","0","0","0","0","0","0","0","-13.20","0","0","0","74.77"
"Mar 5, 2017 5:03:11 PM PST","6305919791","Shipping Services","115-6341555-9219455","","Shipping Label Purchased through Amazon","","","Standard Orders","","","","","","0","0","0","0","0","0","0","0","0","0","0","0","0","0","-6.20","-6.20"
"Mar 5, 2017 5:04:13 PM PST","6305919791","Order","114-8585355-6993026","2L-YX0W-CS37","Johan B Merveille Eau De Parfum Spray for Women, 3.4 Ounce","1","amazon.com","Standard Orders","Seller","MIAMI","FL","33196-4381","","20.00","0","5.34","0","0","0","0","0","0","0","0","-3.80","0","0","0","21.54"
"Mar 5, 2017 5:04:30 PM PST","6305919791","Shipping Services","114-8585355-6993026","","Shipping Label Purchased through Amazon","","","Standard Orders","","","","","","0","0","0","0","0","0","0","0","0","0","0","0","0","0","-4.46","-4.46"
"Mar 5, 2017 5:05:28 PM PST","6305919791","Order","114-7870261-5572247","KG-EP0K-7LTJ","Jus De Amour for Women","2","amazon.com","Standard Orders","Seller","YAKIMA","WA","98901-7940","","16.00","0","6.19","0","0","0","0","0","0","0","0","-3.34","0","0","0","18.85"
"Mar 5, 2017 5:05:46 PM PST","6305919791","Shipping Services","114-7870261-5572247","","Shipping Label Purchased through Amazon","","","Standard Orders","","","","","","0","0","0","0","0","0","0","0","0","0","0","0","0","0","-6.55","-6.55"
"Mar 5, 2017 5:06:35 PM PST","6305919791","Order","114-0354160-7657022","6X-OAGI-GJJO","Bvlgari Green Tea By Bvlgari For Men and Women, Cologne Spray, 2.5-Ounce Bottle","1","amazon.com","Standard Orders","Seller","SARASOTA","FL","34233-2158","","120.94","0","5.02","0","0","0","0","0","0","0","0","-18.89","0","0","0","107.07"
"Mar 5, 2017 5:06:52 PM PST","6305919791","Shipping Services","114-0354160-7657022","","Shipping Label Purchased through Amazon","","","Standard Orders","","","","","","0","0","0","0","0","0","0","0","0","0","0","0","0","0","-4.64","-4.64"
"Mar 5, 2017 5:07:34 PM PST","6305919791","Order","113-0353099-3037060","DE-DIB0-KEZR","Paris Hilton Sheer By Paris Hilton For Women Eau De Parfum Spray, 1.7-Ounce","1","amazon.com","Standard Orders","Seller","WOODVILLE","MS","39669-1371","","17.00","0","4.89","0","0","0","0","0","0","0","0","-3.28","0","0","0","18.61"
"Mar 5, 2017 5:07:52 PM PST","6305919791","Shipping Services","113-0353099-3037060","","Shipping Label Purchased through Amazon","","","Standard Orders","","","","","","0","0","0","0","0","0","0","0","0","0","0","0","0","0","-3.07","-3.07"
"Mar 5, 2017 5:09:21 PM PST","6305919791","Order","112-8832290-0049866","FR-KNWO-Y6UC","Rihanna Riri Eau De Parfum Spray for Women, 3.4 Fluid Ounce","1","amazon.com","Standard Orders","Seller","MIAMI","FLORIDA","33166-2616","","29.20","0","6.14","0","0","0","0","0","0","0","0","-5.30","0","0","0","30.04"
"Mar 5, 2017 5:09:32 PM PST","6305919791","Shipping Services","112-8832290-0049866","","Shipping Label Purchased through Amazon","","","Standard Orders","","","","","","0","0","0","0","0","0","0","0","0","0","0","0","0","0","-6.05","-6.05"
"Mar 5, 2017 5:10:59 PM PST","6305919791","Order","111-4179658-8344262","AZ-P8G8-8YEZ","Jennifer Lopez Deseo By Jennifer Lopez For Women. Eau De Parfum Spray 1.7-Ounces","1","amazon.com","Standard Orders","Seller","Bayville","NJ","08721-2214","","22.01","0","4.98","0","0","0","0","0","0","0","0","-4.05","0","0","0","22.94"
"Mar 5, 2017 5:11:17 PM PST","6305919791","Shipping Services","111-4179658-8344262","","Shipping Label Purchased through Amazon","","","Standard Orders","","","","","","0","0","0","0","0","0","0","0","0","0","0","0","0","0","-3.62","-3.62"
"Mar 5, 2017 5:12:16 PM PST","6305919791","Order","111-1188940-3832205","BF-2O4Q-JYRE","Paco Rabanne 1 million Cologne for Men 6.8 oz Eau De Toilette Spray","1","amazon.com","Standard Orders","Seller","North Port","FL","34287-2369","","83.48","0","4.49","0","0","0","0","0","0","0","0","-13.20","0","0","0","74.77"
"Mar 5, 2017 5:12:34 PM PST","6305919791","Shipping Services","111-1188940-3832205","","Shipping Label Purchased through Amazon","","","Standard Orders","","","","","","0","0","0","0","0","0","0","0","0","0","0","0","0","0","-6.20","-6.20"
"Mar 5, 2017 5:14:59 PM PST","6305919791","Order","109-8560613-9557068","IL-IROW-9WPF","Cuba Gold by Cuba 20 x 1.17 oz Eau de Toilette Spray ( 1 Box )","2","amazon.com","Standard Orders","Seller","NASHVILLE","TN","37210-2038","","127.20","0","4.49","0","0","0","0","0","0","0","0","-19.76","0","0","0","111.93"
"Mar 5, 2017 5:15:19 PM PST","6305919791","Shipping Services","109-8560613-9557068","","Shipping Label Purchased through Amazon","","","Standard Orders","","","","","","0","0","0","0","0","0","0","0","0","0","0","0","0","0","-7.43","-7.43"
"Mar 5, 2017 5:16:01 PM PST","6305919791","Order","108-5023699-5169834","FZ-6CI2-LY2F","Samsara By Guerlain For Women. Eau De Parfum Spray 1.7 Ounces","1","amazon.com","Standard Orders","Seller","WESTERVILLE","OH","43081-2224","","40.58","0","4.89","0","0","0","0","0","0","0","0","-6.82","0","0","0","38.65"
"Mar 5, 2017 5:16:19 PM PST","6305919791","Shipping Services","108-5023699-5169834","","Shipping Label Purchased through Amazon","","","Standard Orders","","","","","","0","0","0","0","0","0","0","0","0","0","0","0","0","0","-3.07","-3.07"
"Mar 5, 2017 5:20:51 PM PST","6305919791","Order","108-3362466-2785841","BF-2O4Q-JYRE","Paco Rabanne 1 million Cologne for Men 6.8 oz Eau De Toilette Spray","1","amazon.com","Standard Orders","Seller","MIAMI","FL","33177","","83.45","0","4.49","0","0","0","0","0","0","0","0","-13.19","0","0","0","74.75"
"Mar 5, 2017 5:21:09 PM PST","6305919791","Shipping Services","108-3362466-2785841","","Shipping Label Purchased through Amazon","","","Standard Orders","","","","","","0","0","0","0","0","0","0","0","0","0","0","0","0","0","-6.20","-6.20"
"Mar 5, 2017 5:22:11 PM PST","6305919791","Order","107-7037730-4737052","2L-YX0W-CS37","Johan B Merveille Eau De Parfum Spray for Women, 3.4 Ounce","2","amazon.com","Standard Orders","Seller","BILOXI","MS","39532-9395","","40.00","0","6.19","0","0","0","0","0","0","0","0","-6.94","0","0","0","39.25"
"Mar 5, 2017 5:22:27 PM PST","6305919791","Shipping Services","107-7037730-4737052","","Shipping Label Purchased through Amazon","","","Standard Orders","","","","","","0","0","0","0","0","0","0","0","0","0","0","0","0","0","-6.55","-6.55"
"Mar 5, 2017 5:25:10 PM PST","6305919791","Order","107-6055213-3801040","SN-PKZV-54ZF","Jil Sander Style by Jil Sander for Women Eau De Parfum Spray, 2.5 Ounce","2","amazon.com","Standard Orders","Seller","WEST MIAMI","FL","33144","","229.86","0","5.63","0","0","0","0","0","0","0","0","-35.32","0","0","0","200.17"
"Mar 5, 2017 5:25:28 PM PST","6305919791","Shipping Services","107-6055213-3801040","","Shipping Label Purchased through Amazon","","","Standard Orders","","","","","","0","0","0","0","0","0","0","0","0","0","0","0","0","0","-7.10","-7.10"
"Mar 5, 2017 5:26:14 PM PST","6305919791","Order","107-2019360-7217845","1O-YSQR-VEK9","1 Million Fragrance By Paco Rabanne 3pc Travel Edition Gift Set . 3.4 Fl.Oz. Eau De Toilette Spray + 3.4 S/G Men+15ml spray Mini For Men","1","amazon.com","Standard Orders","Seller","MIAMI","FL","33166-2396","","74.78","0","4.49","0","0","0","0","0","0","0","0","-11.89","0","0","0","67.38"
"Mar 5, 2017 5:26:33 PM PST","6305919791","Shipping Services","107-2019360-7217845","","Shipping Label Purchased through Amazon","","","Standard Orders","","","","","","0","0","0","0","0","0","0","0","0","0","0","0","0","0","-6.70","-6.70"
"Mar 5, 2017 5:27:35 PM PST","6305919791","Order","106-8604895-4277826","K8-72HV-X2PM","Joop Pour Homme Eau de Toilette Spray for Men, 4.2 Fluid Ounce","1","amazon.com","Standard Orders","Seller","TOLEDO","OH","43613-3224","","22.00","0","5.34","0","0","0","0","0","0","0","0","-4.10","0","0","0","23.24"
"Mar 5, 2017 5:27:54 PM PST","6305919791","Shipping Services","106-8604895-4277826","","Shipping Label Purchased through Amazon","","","Standard Orders","","","","","","0","0","0","0","0","0","0","0","0","0","0","0","0","0","-4.32","-4.32"
"Mar 5, 2017 5:28:41 PM PST","6305919791","Order","106-5395654-2600244","PO-CX8T-9V0U","Nautica Voyage By Nautica For Men. Eau De Toilette Spray 3.4 oz","1","amazon.com","Standard Orders","Seller","Tinian","MP","96952","","15.00","0","5.09","0","0","0","0","0","0","0","0","-3.01","0","0","0","17.08"
"Mar 5, 2017 5:28:59 PM PST","6305919791","Shipping Services","106-5395654-2600244","","Shipping Label Purchased through Amazon","","","Standard Orders","","","","","","0","0","0","0","0","0","0","0","0","0","0","0","0","0","-4.32","-4.32"
"Mar 5, 2017 5:30:00 PM PST","6305919791","Order","104-2871987-1442653","VH-EQQ1-0YO5","NAUTICA CLASSIC by Nautica 3.4 Ounce / 100 ml Eau de Toilette Men Cologne Spray","2","amazon.com","Standard Orders","Seller","SPRINGFIELD","VA","22150-3705","","20.44","0","4.59","0","0","0","0","0","0","0","0","-3.76","0","0","0","21.27"
"Mar 5, 2017 5:30:19 PM PST","6305919791","Shipping Services","104-2871987-1442653","","Shipping Label Purchased through Amazon","","","Standard Orders","","","","","","0","0","0","0","0","0","0","0","0","0","0","0","0","0","-6.05","-6.05"
"Mar 5, 2017 5:31:55 PM PST","6305919791","Order","103-6323016-5500231","8S-BF2V-JH39","Piver Pompeia Cologne 14.25 oz Splash","1","amazon.com","Standard Orders","Seller","JERSEY CITY","NEW JERSEY","07305-2718","","26.39","0","3.25","0","0","0","0","0","0","0","0","-4.45","0","0","0","25.19"
"Mar 5, 2017 5:31:55 PM PST","6305919791","Order","103-6323016-5500231","1W-5PTN-4YN0","Piver 489564 Reve Dor by Piver Cologne Splash 14.25 oz","1","amazon.com","Standard Orders","Seller","JERSEY CITY","NEW JERSEY","07305-2718","","26.58","0","4.24","0","0","0","0","0","0","0","0","-4.62","0","0","0","26.20"
"Mar 5, 2017 5:32:12 PM PST","6305919791","Shipping Services","103-6323016-5500231","","Shipping Label Purchased through Amazon","","","Standard Orders","","","","","","0","0","0","0","0","0","0","0","0","0","0","0","0","0","-6.20","-6.20"
"Mar 5, 2017 5:33:38 PM PST","6305919791","Order","103-5580355-0413805","KF-2WDK-CCTQ","Narciso Rodriguez by Narciso Rodriguez for Him Men 3.3 oz Eau de Toilette Spray","1","amazon.com","Standard Orders","Seller","Astoria","NY","11102","","56.67","0","5.64","0","0","0","0","0","0","0","0","-9.35","0","0","0","52.96"
"Mar 5, 2017 5:33:53 PM PST","6305919791","Shipping Services","103-5580355-0413805","","Shipping Label Purchased through Amazon","","","Standard Orders","","","","","","0","0","0","0","0","0","0","0","0","0","0","0","0","0","-6.20","-6.20"
"Mar 5, 2017 5:35:07 PM PST","6305919791","Order","102-5521268-9477024","C7-6Y6H-8ED9","JEAN PAUL GAULTIER by Jean Paul Gaultier - Women - Eau De Parfum Spray 3.3 oz","1","amazon.com","Standard Orders","Seller","BOULDER CITY","NEVADA","89005-3531","","74.70","0","5.24","0","0","0","0","0","0","0","0","-11.99","0","0","0","67.95"
"Mar 5, 2017 5:35:22 PM PST","6305919791","Shipping Services","102-5521268-9477024","","Shipping Label Purchased through Amazon","","","Standard Orders","","","","","","0","0","0","0","0","0","0","0","0","0","0","0","0","0","-4.61","-4.61"
"Mar 5, 2017 5:36:13 PM PST","6305919791","Order","102-3388333-5880216","N6-T97C-HZ2W","INSURRECTION by Reyane Tradition Men's Eau De Toilette Spray 3.4 oz - 100% Authentic","1","amazon.com","Standard Orders","Seller","ALLENTOWN","PA","18102-2226","","16.00","0","5.49","0","0","0","0","0","0","0","0","-3.22","0","0","0","18.27"
"Mar 5, 2017 5:36:32 PM PST","6305919791","Shipping Services","102-3388333-5880216","","Shipping Label Purchased through Amazon","","","Standard Orders","","","","","","0","0","0","0","0","0","0","0","0","0","0","0","0","0","-4.46","-4.46"
"Mar 5, 2017 5:37:52 PM PST","6305919791","Order","102-2999239-9099442","6X-OAGI-GJJO","Bvlgari Green Tea By Bvlgari For Men and Women, Cologne Spray, 2.5-Ounce Bottle","1","amazon.com","Standard Orders","Seller","Soquel","CA","95073","","120.94","0","5.02","0","0","0","0","0","0","0","0","-18.89","0","0","0","107.07"
"Mar 5, 2017 5:38:08 PM PST","6305919791","Shipping Services","102-2999239-9099442","","Shipping Label Purchased through Amazon","","","Standard Orders","","","","","","0","0","0","0","0","0","0","0","0","0","0","0","0","0","-4.64","-4.64"
"Mar 5, 2017 5:39:16 PM PST","6305919791","Order","002-7775420-1873038","54-CD73-HJUT","Curve By Liz Claiborne For Men. Cologne Spray 4.2 Oz.","1","amazon.com","Standard Orders","Seller","GLENDALE","NY","11385-7236","","21.00","0","5.28","0","0","0","0","0","0","0","0","-3.94","0","0","0","22.34"
"Mar 5, 2017 5:39:26 PM PST","6305919791","Shipping Services","002-7775420-1873038","","Shipping Label Purchased through Amazon","","","Standard Orders","","","","","","0","0","0","0","0","0","0","0","0","0","0","0","0","0","-4.32","-4.32"
"Mar 5, 2017 5:40:27 PM PST","6305919791","Order","002-6256627-3543407","1W-5PTN-4YN0","Piver 489564 Reve Dor by Piver Cologne Splash 14.25 oz","1","amazon.com","Standard Orders","Seller","BRENTWOOD","MO","63144-1159","","26.58","0","6.49","0","0","0","0","0","0","0","0","-4.96","0","0","0","28.11"
"Mar 5, 2017 5:40:45 PM PST","6305919791","Shipping Services","002-6256627-3543407","","Shipping Label Purchased through Amazon","","","Standard Orders","","","","","","0","0","0","0","0","0","0","0","0","0","0","0","0","0","-6.83","-6.83"
"Mar 5, 2017 5:41:48 PM PST","6305919791","Order","002-1496021-5789843","2V-ZT5H-G840","AZZARO Eau de Toilette Spray for Men, 3.3 Ounce","1","amazon.com","Standard Orders","Seller","CHARLESTON","WV","25314-1538","","25.00","0","5.14","0","0","0","0","0","0","0","0","-4.52","0","0","0","25.62"
"Mar 5, 2017 5:42:06 PM PST","6305919791","Shipping Services","002-1496021-5789843","","Shipping Label Purchased through Amazon","","","Standard Orders","","","","","","0","0","0","0","0","0","0","0","0","0","0","0","0","0","-4.18","-4.18"
"Mar 5, 2017 5:49:25 PM PST","6305919791","Order","103-3479738-9736230","IV-RL8L-D8TV","Arsenal Grey FOR MEN by Gilles Cantuel - 3.4 oz EDP Spray (Wood Box)","1","amazon.com","Standard Orders","Seller","YONKERS","NEW YORK","10710-5802","","23.09","0","8.99","0","0","0","0","0","0","0","0","-4.81","0","0","0","27.27"
"Mar 5, 2017 5:49:42 PM PST","6305919791","Shipping Services","103-3479738-9736230","","Shipping Label Purchased through Amazon","","","Standard Orders","","","","","","0","0","0","0","0","0","0","0","0","0","0","0","0","0","-6.05","-6.05"
"Mar 6, 2017 1:10:18 PM PST","6307012381","Order","114-2327953-7129009","BL-T5K9-7G6S","Diesel Plus Plus 2.5oz 3pc Gift Set for Man","1","amazon.com","Standard Orders","Seller","TULSA","OK","74136-7236","","19.34","0","6.47","0","0","0","0","0","0","0","0","-3.87","0","0","0","21.94"
"Mar 6, 2017 1:10:37 PM PST","6307012381","Shipping Services","114-2327953-7129009","","Shipping Label Purchased through Amazon","","","Standard Orders","","","","","","0","0","0","0","0","0","0","0","0","0","0","0","0","0","-6.96","-6.96"
"Mar 6, 2017 1:11:46 PM PST","6307012381","Order","112-5375138-2723413","6X-OAGI-GJJO","Bvlgari Green Tea By Bvlgari For Men and Women, Cologne Spray, 2.5-Ounce Bottle","1","amazon.com","Standard Orders","Seller","SANTA MONICA","CA","90403-4519","","119.44","0","5.02","0","0","0","0","0","0","0","0","-18.67","0","0","0","105.79"
"Mar 6, 2017 1:12:01 PM PST","6307012381","Shipping Services","112-5375138-2723413","","Shipping Label Purchased through Amazon","","","Standard Orders","","","","","","0","0","0","0","0","0","0","0","0","0","0","0","0","0","-4.64","-4.64"
"Mar 6, 2017 1:15:31 PM PST","6307012381","Shipping Services","112-5274063-1671423","","Shipping Label Purchased through Amazon","","","Standard Orders","","","","","","0","0","0","0","0","0","0","0","0","0","0","0","0","0","-7.49","-7.49"
"Mar 6, 2017 1:23:49 PM PST","6307012381","Order","112-5274063-1671423","IL-IROW-9WPF","Cuba Gold by Cuba 20 x 1.17 oz Eau de Toilette Spray ( 1 Box )","1","amazon.com","Standard Orders","Seller","San Jose","California","95111","","63.60","0","4.49","0","0","0","0","0","0","0","0","-10.21","0","0","0","57.88"
"Mar 6, 2017 1:29:28 PM PST","6307012381","Order","112-2781661-2389059","Z7-YFWK-ATDZ","Radiance by Britney Spears, Eau De Parfum Spray, 3.3-Ounce","1","amazon.com","Standard Orders","Seller","Caguas","Puerto Rico","00725","","25.00","0","5.28","0","0","0","0","0","0","0","0","-4.54","0","0","0","25.74"
"Mar 6, 2017 1:29:44 PM PST","6307012381","Shipping Services","112-2781661-2389059","","Shipping Label Purchased through Amazon","","","Standard Orders","","","","","","0","0","0","0","0","0","0","0","0","0","0","0","0","0","-4.46","-4.46"
"Mar 6, 2017 1:31:30 PM PST","6307012381","Order","116-0683172-5407438","L6-7BBT-S6UQ","FAHRENHEIT by Christian Dior EDT SPRAY 3.4 OZ for MEN","1","amazon.com","Standard Orders","Seller","moorpark","ca","93021","","71.18","0","4.99","0","0","0","0","0","0","0","0","-11.43","0","0","0","64.74"
"Mar 6, 2017 1:31:47 PM PST","6307012381","Shipping Services","116-0683172-5407438","","Shipping Label Purchased through Amazon","","","Standard Orders","","","","","","0","0","0","0","0","0","0","0","0","0","0","0","0","0","-4.33","-4.33"
"Mar 6, 2017 1:32:46 PM PST","6307012381","Order","112-1417524-7371428","2L-YX0W-CS37","Johan B Merveille Eau De Parfum Spray for Women, 3.4 Ounce","1","amazon.com","Standard Orders","Seller","TAMPA","FL","33616-1628","","23.62","0","5.34","0","0","0","0","0","0","0","0","-4.34","0","0","0","24.62"
"Mar 6, 2017 1:33:04 PM PST","6307012381","Shipping Services","112-1417524-7371428","","Shipping Label Purchased through Amazon","","","Standard Orders","","","","","","0","0","0","0","0","0","0","0","0","0","0","0","0","0","-4.46","-4.46"
"Mar 6, 2017 1:34:40 PM PST","6307012381","Order","109-6659884-1301057","L6-7BBT-S6UQ","FAHRENHEIT by Christian Dior EDT SPRAY 3.4 OZ for MEN","1","amazon.com","Standard Orders","Seller","BROOKLYN","NEW YORK","11211-2132","","71.18","0","4.99","0","0","0","0","0","0","0","0","-11.43","0","0","0","64.74"
"Mar 6, 2017 1:34:58 PM PST","6307012381","Shipping Services","109-6659884-1301057","","Shipping Label Purchased through Amazon","","","Standard Orders","","","","","","0","0","0","0","0","0","0","0","0","0","0","0","0","0","-4.33","-4.33"
"Mar 6, 2017 1:36:26 PM PST","6307012381","Order","108-3197032-0872216","1O-YSQR-VEK9","1 Million Fragrance By Paco Rabanne 3pc Travel Edition Gift Set . 3.4 Fl.Oz. Eau De Toilette Spray + 3.4 S/G Men+15ml spray Mini For Men","1","amazon.com","Standard Orders","Seller","BOSTON","MA","02118-1716","","74.78","0","4.49","0","0","0","0","0","0","0","0","-11.89","0","0","0","67.38"
"Mar 6, 2017 1:36:40 PM PST","6307012381","Shipping Services","108-3197032-0872216","","Shipping Label Purchased through Amazon","","","Standard Orders","","","","","","0","0","0","0","0","0","0","0","0","0","0","0","0","0","-6.71","-6.71"
"Mar 6, 2017 1:38:34 PM PST","6307012381","Order","105-5126353-3552212","K8-72HV-X2PM","Joop Pour Homme Eau de Toilette Spray for Men, 4.2 Fluid Ounce","3","amazon.com","Standard Orders","Seller","METAIRIE","LA","70001-1306","","66.00","0","7.04","0","0","0","0","0","0","0","0","-10.95","0","0","0","62.09"
"Mar 6, 2017 1:38:52 PM PST","6307012381","Shipping Services","105-5126353-3552212","","Shipping Label Purchased through Amazon","","","Standard Orders","","","","","","0","0","0","0","0","0","0","0","0","0","0","0","0","0","-6.70","-6.70"
"Mar 6, 2017 1:41:33 PM PST","6307012381","Order","104-3206915-0654625","IO-HZ2V-OAW9","Viktor & Rolf Flowerbomb Eau De Parfum 100ml / 3.4 Oz","1","amazon.com","Standard Orders","Seller","Cayey","PR","00736","","106.53","0","4.55","0","0","0","0","0","0","0","0","-16.66","0","0","0","94.42"
"Mar 6, 2017 1:41:50 PM PST","6307012381","Shipping Services","104-3206915-0654625","","Shipping Label Purchased through Amazon","","","Standard Orders","","","","","","0","0","0","0","0","0","0","0","0","0","0","0","0","0","-7.15","-7.15"
"Mar 6, 2017 1:42:51 PM PST","6307012381","Order","104-2056912-8143446","BF-2O4Q-JYRE","Paco Rabanne 1 million Cologne for Men 6.8 oz Eau De Toilette Spray","1","amazon.com","Standard Orders","Seller","memphis","tn","38103","","83.45","0","4.49","0","0","0","0","0","0","0","0","-13.19","0","0","0","74.75"
"Mar 6, 2017 1:43:09 PM PST","6307012381","Shipping Services","104-2056912-8143446","","Shipping Label Purchased through Amazon","","","Standard Orders","","","","","","0","0","0","0","0","0","0","0","0","0","0","0","0","0","-6.20","-6.20"
"Mar 6, 2017 1:44:00 PM PST","6307012381","Order","104-0761545-7932208","O0-MYX1-BO3A","Pure Poison by Christian Dior 3.4 oz EDP Spray","1","amazon.com","Standard Orders","Seller","GREENVILLE","WI","54942-8411","","88.03","0","5.19","0","0","0","0","0","0","0","0","-13.98","0","0","0","79.24"
"Mar 6, 2017 1:44:18 PM PST","6307012381","Shipping Services","104-0761545-7932208","","Shipping Label Purchased through Amazon","","","Standard Orders","","","","","","0","0","0","0","0","0","0","0","0","0","0","0","0","0","-4.33","-4.33"
"Mar 6, 2017 1:45:25 PM PST","6307012381","Order","103-9426796-0358629","BF-2O4Q-JYRE","Paco Rabanne 1 million Cologne for Men 6.8 oz Eau De Toilette Spray","1","amazon.com","Standard Orders","Seller","MIAMI","FL","33122-1310","","83.47","0","4.49","0","0","0","0","0","0","0","0","-13.19","0","0","0","74.77"
"Mar 6, 2017 1:45:43 PM PST","6307012381","Shipping Services","103-9426796-0358629","","Shipping Label Purchased through Amazon","","","Standard Orders","","","","","","0","0","0","0","0","0","0","0","0","0","0","0","0","0","-6.20","-6.20"
"Mar 6, 2017 1:47:09 PM PST","6307012381","Order","103-5689170-4041857","6D-4JJ7-1GSK","Nina Ricci Eau de Parfum Spray, Premier Jour, 3.3 Fluid Ounce","2","amazon.com","Standard Orders","Seller","CHEVY CHASE","MD","20815-3011","","68.00","0","6.09","0","0","0","0","0","0","0","0","-11.12","0","0","0","62.97"
"Mar 6, 2017 1:47:28 PM PST","6307012381","Shipping Services","103-5689170-4041857","","Shipping Label Purchased through Amazon","","","Standard Orders","","","","","","0","0","0","0","0","0","0","0","0","0","0","0","0","0","-6.70","-6.70"
"Mar 6, 2017 1:48:15 PM PST","6307012381","Order","103-2982394-6191440","AZ-P8G8-8YEZ","Jennifer Lopez Deseo By Jennifer Lopez For Women. Eau De Parfum Spray 1.7-Ounces","1","amazon.com","Standard Orders","Seller","TOLEDO","OH","43608-2134","","22.01","0","4.98","0","0","0","0","0","0","0","0","-4.05","0","0","0","22.94"
"Mar 6, 2017 1:48:32 PM PST","6307012381","Shipping Services","103-2982394-6191440","","Shipping Label Purchased through Amazon","","","Standard Orders","","","","","","0","0","0","0","0","0","0","0","0","0","0","0","0","0","-3.62","-3.62"
"Mar 6, 2017 1:49:42 PM PST","6307012381","Order","102-7384962-2824266","O0-MYX1-BO3A","Pure Poison by Christian Dior 3.4 oz EDP Spray","1","amazon.com","Standard Orders","Seller","SARASOTA","FL","34249-2602","","88.03","0","10.04","0","0","0","0","0","0","0","0","-14.71","0","0","0","83.36"
"Mar 6, 2017 1:49:58 PM PST","6307012381","Shipping Services","102-7384962-2824266","","Shipping Label Purchased through Amazon","","","Standard Orders","","","","","","0","0","0","0","0","0","0","0","0","0","0","0","0","0","-6.20","-6.20"
"Mar 6, 2017 1:50:54 PM PST","6307012381","Order","102-3782433-3485829","BF-N7MD-D4X3","Perry Ellis 360 Eau de Toilette Spray Gift Set for Women, 3 Count","1","amazon.com","Standard Orders","Seller","KINGMAN","AZ","86401-3830","","38.45","0","5.74","0","0","0","0","0","0","0","0","-6.63","0","0","0","37.56"
"Mar 6, 2017 1:51:12 PM PST","6307012381","Shipping Services","102-3782433-3485829","","Shipping Label Purchased through Amazon","","","Standard Orders","","","","","","0","0","0","0","0","0","0","0","0","0","0","0","0","0","-6.05","-6.05"
"Mar 6, 2017 1:52:28 PM PST","6307012381","Order","115-8778455-8061835","BF-2O4Q-JYRE","Paco Rabanne 1 million Cologne for Men 6.8 oz Eau De Toilette Spray","1","amazon.com","Standard Orders","Seller","AURORA","CO","80015-5123","","83.44","0","4.49","0","0","0","0","0","0","0","0","-13.19","0","0","0","74.74"
"Mar 6, 2017 1:52:44 PM PST","6307012381","Shipping Services","115-8778455-8061835","","Shipping Label Purchased through Amazon","","","Standard Orders","","","","","","0","0","0","0","0","0","0","0","0","0","0","0","0","0","-6.20","-6.20"
"Mar 6, 2017 1:55:22 PM PST","6307012381","Order","115-5141786-3751417","RL-Z1OR-5MCR","Elizabeth Taylor White Diamonds 4-Piece Gift Set","1","amazon.com","Standard Orders","Seller","Perkasie","pa","18944","","45.77","0","6.44","0","0","0","0","0","0","0","0","-7.83","0","0","0","44.38"
"Mar 6, 2017 1:55:40 PM PST","6307012381","Shipping Services","115-5141786-3751417","","Shipping Label Purchased through Amazon","","","Standard Orders","","","","","","0","0","0","0","0","0","0","0","0","0","0","0","0","0","-6.05","-6.05"
"Mar 6, 2017 1:56:28 PM PST","6307012381","Order","114-0925588-8653008","2L-YX0W-CS37","Johan B Merveille Eau De Parfum Spray for Women, 3.4 Ounce","1","amazon.com","Standard Orders","Seller","monumet","colorado","80132","","23.62","0","5.34","0","0","0","0","0","0","0","0","-4.34","0","0","0","24.62"
"Mar 6, 2017 1:56:45 PM PST","6307012381","Shipping Services","114-0925588-8653008","","Shipping Label Purchased through Amazon","","","Standard Orders","","","","","","0","0","0","0","0","0","0","0","0","0","0","0","0","0","-4.46","-4.46"
"Mar 6, 2017 1:57:43 PM PST","6307012381","Order","105-4034121-2541057","74-DRG6-NKAA","Estee Lauder Purse Beautiful Eau de Parfum Spray for Women, 6 Count","1","amazon.com","Standard Orders","Seller","METAIRIE","LA","70001-1306","","59.50","0","5.09","0","0","0","0","0","0","0","0","-9.69","0","0","0","54.90"
"Mar 6, 2017 1:58:00 PM PST","6307012381","Shipping Services","105-4034121-2541057","","Shipping Label Purchased through Amazon","","","Standard Orders","","","","","","0","0","0","0","0","0","0","0","0","0","0","0","0","0","-4.61","-4.61"
"Mar 6, 2017 1:59:33 PM PST","6307012381","Order","111-4672715-6431432","DT-GQQP-NJQJ","Thé Oné 3.4oz Eau De Parfum Sprày MéN by Dolcé ànd Gàbbànà","1","amazon.com","Standard Orders","Seller","BROOKSVILLE","FL","34604-8197","","62.24","0","8.99","0","0","0","0","0","0","0","0","-10.68","0","0","0","60.55"
"Mar 6, 2017 1:59:53 PM PST","6307012381","Shipping Services","111-4672715-6431432","","Shipping Label Purchased through Amazon","","","Standard Orders","","","","","","0","0","0","0","0","0","0","0","0","0","0","0","0","0","-6.20","-6.20"
"Mar 6, 2017 2:03:31 PM PST","6307012381","Order","112-4488515-9693818","DT-GQQP-NJQJ","Thé Oné 3.4oz Eau De Parfum Sprày MéN by Dolcé ànd Gàbbànà","1","amazon.com","Standard Orders","Seller","SOUTH SAN FRANCISCO","CA","94080-4569","","64.52","0","4.49","0","0","0","0","0","0","0","0","-10.35","0","0","0","58.66"
"Mar 6, 2017 2:03:49 PM PST","6307012381","Shipping Services","112-4488515-9693818","","Shipping Label Purchased through Amazon","","","Standard Orders","","","","","","0","0","0","0","0","0","0","0","0","0","0","0","0","0","-6.20","-6.20"
"Mar 6, 2017 2:04:46 PM PST","6307012381","Order","112-3394554-7707462","DT-GQQP-NJQJ","Thé Oné 3.4oz Eau De Parfum Sprày MéN by Dolcé ànd Gàbbànà","1","amazon.com","Standard Orders","Seller","UNIONDALE","NY","11553-2218","","63.38","0","4.49","0","0","0","0","0","0","0","0","-10.18","0","0","0","57.69"
"Mar 6, 2017 2:05:04 PM PST","6307012381","Shipping Services","112-3394554-7707462","","Shipping Label Purchased through Amazon","","","Standard Orders","","","","","","0","0","0","0","0","0","0","0","0","0","0","0","0","0","-6.20","-6.20"
"Mar 6, 2017 2:05:57 PM PST","6307012381","Order","103-3796027-4457844","DT-GQQP-NJQJ","Thé Oné 3.4oz Eau De Parfum Sprày MéN by Dolcé ànd Gàbbànà","1","amazon.com","Standard Orders","Seller","Beavercreek","OH","45434","","65.40","0","4.49","0","0","0","0","0","0","0","0","-10.48","0","0","0","59.41"
"Mar 6, 2017 2:06:15 PM PST","6307012381","Shipping Services","103-3796027-4457844","","Shipping Label Purchased through Amazon","","","Standard Orders","","","","","","0","0","0","0","0","0","0","0","0","0","0","0","0","0","-6.20","-6.20"
"Mar 6, 2017 2:10:28 PM PST","6307012381","Order","103-6278200-8009028","21-NWUH-FKC6","Liz Claiborne Curve Men Gift Set (Spray, Skin Soother, Hair and Body Wash)","1","amazon.com","Standard Orders","Seller","SAINT ALBANS","NEW YORK","11412-1412","","34.34","0","6.64","0","0","0","0","0","0","0","0","-6.15","0","0","0","34.83"
"Mar 6, 2017 2:10:46 PM PST","6307012381","Shipping Services","103-6278200-8009028","","Shipping Label Purchased through Amazon","","","Standard Orders","","","","","","0","0","0","0","0","0","0","0","0","0","0","0","0","0","-6.05","-6.05"
"Mar 6, 2017 2:11:34 PM PST","6307012381","Order","104-6192820-9528216","UL-Z4IG-PKXO","Curve Crush by Liz Claiborne for Men, Set (Cologne Spray 4.2 Ounce, Cologne Spray 0.5 Ounce, Skin Soother 3.4 Ounce, Deodorant Stick 2.6 Ounce)","1","amazon.com","Standard Orders","Seller","VINELAND","NJ","08360-9300","","46.88","0","6.09","0","0","0","0","0","0","0","0","-7.95","0","0","0","45.02"
"Mar 6, 2017 2:11:52 PM PST","6307012381","Shipping Services","104-6192820-9528216","","Shipping Label Purchased through Amazon","","","Standard Orders","","","","","","0","0","0","0","0","0","0","0","0","0","0","0","0","0","-6.05","-6.05"
"Mar 6, 2017 2:13:07 PM PST","6307012381","Order","114-7212363-9886642","KD-JYY3-7NCA","Anna Sui Forbidden Affair Eau de Toilette Spray for Women, 2.5 Ounce","1","amazon.com","Standard Orders","Seller","Kennebunk","ME","04043","","27.43","0","5.15","0","0","0","0","0","0","0","0","-4.89","0","0","0","27.69"
"Mar 6, 2017 2:13:24 PM PST","6307012381","Shipping Services","114-7212363-9886642","","Shipping Label Purchased through Amazon","","","Standard Orders","","","","","","0","0","0","0","0","0","0","0","0","0","0","0","0","0","-4.04","-4.04"
"Mar 6, 2017 2:16:46 PM PST","6307012381","Order","111-4661577-4489019","IL-IROW-9WPF","Cuba Gold by Cuba 20 x 1.17 oz Eau de Toilette Spray ( 1 Box )","1","amazon.com","Standard Orders","Seller","SAN FRANCISCO","CA","94133-1966","","63.60","0","4.49","0","0","0","0","0","0","0","0","-10.21","0","0","0","57.88"
"Mar 6, 2017 2:17:04 PM PST","6307012381","Shipping Services","111-4661577-4489019","","Shipping Label Purchased through Amazon","","","Standard Orders","","","","","","0","0","0","0","0","0","0","0","0","0","0","0","0","0","-7.49","-7.49"
"Mar 7, 2017 3:03:34 AM PST","6307920481","Transfer","","","To your account ending in: 6276, Bank Transfer ID: 091000013458396","","","Standard Orders","","","","","","0","0","0","0","0","0","0","0","0","0","0","0","0","0","-852.54","-852.54"
"Mar 7, 2017 11:59:03 AM PST","6307920481","Order","116-6681996-5613008","BF-2O4Q-JYRE","Paco Rabanne 1 million Cologne for Men 6.8 oz Eau De Toilette Spray","1","amazon.com","Standard Orders","Seller","MIAMI","FL","33238","","83.39","0","4.49","0","0","0","0","0","0","0","0","-13.18","0","0","0","74.70"
"Mar 7, 2017 11:59:22 AM PST","6307920481","Shipping Services","116-6681996-5613008","","Shipping Label Purchased through Amazon","","","Standard Orders","","","","","","0","0","0","0","0","0","0","0","0","0","0","0","0","0","-6.20","-6.20"
"Mar 7, 2017 12:00:29 PM PST","6307920481","Order","115-6965119-3604257","1O-YSQR-VEK9","1 Million Fragrance By Paco Rabanne 3pc Travel Edition Gift Set . 3.4 Fl.Oz. Eau De Toilette Spray + 3.4 S/G Men+15ml spray Mini For Men","1","amazon.com","Standard Orders","Seller","EL SOBRANTE","CALIFORNIA","94803-2907","","74.78","0","4.49","0","0","0","0","0","0","0","0","-11.89","0","0","0","67.38"
"Mar 7, 2017 12:00:48 PM PST","6307920481","Shipping Services","115-6965119-3604257","","Shipping Label Purchased through Amazon","","","Standard Orders","","","","","","0","0","0","0","0","0","0","0","0","0","0","0","0","0","-6.70","-6.70"
"Mar 7, 2017 12:02:46 PM PST","6307920481","Order","112-6520850-2130612","BF-2O4Q-JYRE","Paco Rabanne 1 million Cologne for Men 6.8 oz Eau De Toilette Spray","1","amazon.com","Standard Orders","Seller","Los Angeles","CA","90046","","83.38","0","4.49","0","0","0","0","0","0","0","0","-13.18","0","0","0","74.69"
"Mar 7, 2017 12:02:59 PM PST","6307920481","Shipping Services","112-6520850-2130612","","Shipping Label Purchased through Amazon","","","Standard Orders","","","","","","0","0","0","0","0","0","0","0","0","0","0","0","0","0","-6.20","-6.20"
"Mar 7, 2017 12:04:21 PM PST","6307920481","Order","112-1298114-1088245","AZ-P8G8-8YEZ","Jennifer Lopez Deseo By Jennifer Lopez For Women. Eau De Parfum Spray 1.7-Ounces","1","amazon.com","Standard Orders","Seller","Lee's Summit","MO","64086","","22.01","0","4.98","0","0","0","0","0","0","0","0","-4.05","0","0","0","22.94"
"Mar 7, 2017 12:04:38 PM PST","6307920481","Shipping Services","112-1298114-1088245","","Shipping Label Purchased through Amazon","","","Standard Orders","","","","","","0","0","0","0","0","0","0","0","0","0","0","0","0","0","-3.62","-3.62"
"Mar 7, 2017 12:05:36 PM PST","6307920481","Order","111-8728050-3687466","BF-N7MD-D4X3","Perry Ellis 360 Eau de Toilette Spray Gift Set for Women, 3 Count","1","amazon.com","Standard Orders","Seller","TAYLOR","MI","48180-4897","","38.45","0","5.74","0","0","0","0","0","0","0","0","-6.63","0","0","0","37.56"
"Mar 7, 2017 12:05:54 PM PST","6307920481","Shipping Services","111-8728050-3687466","","Shipping Label Purchased through Amazon","","","Standard Orders","","","","","","0","0","0","0","0","0","0","0","0","0","0","0","0","0","-6.05","-6.05"
"Mar 7, 2017 12:06:52 PM PST","6307920481","Order","111-8545632-7253015","B0-30LP-CY8E","Jessica Simpson Fancy Love  Gift Set for Women (Eau de Parfum Spray 3.4 Ounce, Lotion 4 Ounce, Lotion 3 Ounce, Bath and Shower Cream, Eau de Parfum Sp","1","amazon.com","Standard Orders","Seller","VIRGINIA BEACH","VA","23456-4819","","52.58","0","6.89","0","0","0","0","0","0","0","0","-8.92","0","0","0","50.55"
"Mar 7, 2017 12:07:10 PM PST","6307920481","Shipping Services","111-8545632-7253015","","Shipping Label Purchased through Amazon","","","Standard Orders","","","","","","0","0","0","0","0","0","0","0","0","0","0","0","0","0","-6.71","-6.71"
"Mar 7, 2017 12:08:05 PM PST","6307920481","Order","111-0859795-1920269","1O-YSQR-VEK9","1 Million Fragrance By Paco Rabanne 3pc Travel Edition Gift Set . 3.4 Fl.Oz. Eau De Toilette Spray + 3.4 S/G Men+15ml spray Mini For Men","1","amazon.com","Standard Orders","Seller","BRENTON","WV","24818-0101","","74.78","0","4.49","0","0","0","0","0","0","0","0","-11.89","0","0","0","67.38"
"Mar 7, 2017 12:08:24 PM PST","6307920481","Shipping Services","111-0859795-1920269","","Shipping Label Purchased through Amazon","","","Standard Orders","","","","","","0","0","0","0","0","0","0","0","0","0","0","0","0","0","-6.82","-6.82"
"Mar 7, 2017 12:09:35 PM PST","6307920481","Order","109-6725421-9249846","BF-2O4Q-JYRE","Paco Rabanne 1 million Cologne for Men 6.8 oz Eau De Toilette Spray","1","amazon.com","Standard Orders","Seller","MEMPHIS","TENNESSEE","38116-6315","","83.44","0","4.49","0","0","0","0","0","0","0","0","-13.19","0","0","0","74.74"
"Mar 7, 2017 12:09:54 PM PST","6307920481","Shipping Services","109-6725421-9249846","","Shipping Label Purchased through Amazon","","","Standard Orders","","","","","","0","0","0","0","0","0","0","0","0","0","0","0","0","0","-6.20","-6.20"
"Mar 7, 2017 12:11:54 PM PST","6307920481","Order","108-4244190-9166666","LX-M8AL-F5HX","Diamonds & Rubies By Elizabeth Taylor For Women. Set-edt Spray 3.3 Ounces & Body Lotion 3.3 Ounces","1","amazon.com","Standard Orders","Seller","WESTON","FL","33331-3143","","14.55","0","5.69","0","0","0","0","0","0","0","0","-3.04","0","0","0","17.20"
"Mar 7, 2017 12:12:12 PM PST","6307920481","Shipping Services","108-4244190-9166666","","Shipping Label Purchased through Amazon","","","Standard Orders","","","","","","0","0","0","0","0","0","0","0","0","0","0","0","0","0","-6.96","-6.96"
"Mar 7, 2017 12:12:58 PM PST","6307920481","Order","107-3309106-9833063","JK-130P-A3PQ","Tiamo by Parfum Blaze Eau De Toilette Spray 3.4 oz","2","amazon.com","Standard Orders","Seller","MACON","GA","31204-1109","","24.98","0","6.49","0","0","0","0","0","0","0","0","-4.72","0","0","0","26.75"
"Mar 7, 2017 12:13:16 PM PST","6307920481","Shipping Services","107-3309106-9833063","","Shipping Label Purchased through Amazon","","","Standard Orders","","","","","","0","0","0","0","0","0","0","0","0","0","0","0","0","0","-6.05","-6.05"
"Mar 7, 2017 12:16:02 PM PST","6307920481","Order","106-2732063-3661004","1W-5PTN-4YN0","Piver 489564 Reve Dor by Piver Cologne Splash 14.25 oz","4","amazon.com","Standard Orders","Seller","FAR ROCKAWAY","NY","11691-1845","","106.32","0","12.49","0","0","0","0","0","0","0","0","-17.84","0","0","0","100.97"
"Mar 7, 2017 12:16:12 PM PST","6307920481","Shipping Services","106-2732063-3661004","","Shipping Label Purchased through Amazon","","","Standard Orders","","","","","","0","0","0","0","0","0","0","0","0","0","0","0","0","0","-7.52","-7.52"
"Mar 7, 2017 12:17:24 PM PST","6307920481","Order","102-6154204-7611418","72-CU1L-SLHE","Cuba Variety By Cuba For Men. Set-4 Piece Mini Variety With Cuba Gold, Red, Blue, & Orange & All Are .17 OZ","1","amazon.com","Standard Orders","Seller","WARREN","MI","48092-4604","","25.00","0","4.59","0","0","0","0","0","0","0","0","-4.44","0","0","0","25.15"
"Mar 7, 2017 12:17:40 PM PST","6307920481","Shipping Services","102-6154204-7611418","","Shipping Label Purchased through Amazon","","","Standard Orders","","","","","","0","0","0","0","0","0","0","0","0","0","0","0","0","0","-3.90","-3.90"
"Mar 7, 2017 12:19:59 PM PST","6307920481","Order","109-2313951-1235403","1W-5PTN-4YN0","Piver 489564 Reve Dor by Piver Cologne Splash 14.25 oz","1","amazon.com","Standard Orders","Seller","PORT SAINT LUCIE","FLORIDA","34953-5015","","26.58","0","6.49","0","0","0","0","0","0","0","0","-4.96","0","0","0","28.11"
"Mar 7, 2017 12:20:17 PM PST","6307920481","Shipping Services","109-2313951-1235403","","Shipping Label Purchased through Amazon","","","Standard Orders","","","","","","0","0","0","0","0","0","0","0","0","0","0","0","0","0","-6.55","-6.55"
"Mar 7, 2017 12:45:17 PM PST","6307920481","Order","102-7926103-4188238","2L-YX0W-CS37","Johan B Merveille Eau De Parfum Spray for Women, 3.4 Ounce","2","amazon.com","Standard Orders","Seller","FLOURTOWN","PA","19031-1636","","47.24","0","6.19","0","0","0","0","0","0","0","0","-8.02","0","0","0","45.41"
"Mar 7, 2017 12:45:36 PM PST","6307920481","Shipping Services","102-7926103-4188238","","Shipping Label Purchased through Amazon","","","Standard Orders","","","","","","0","0","0","0","0","0","0","0","0","0","0","0","0","0","-6.05","-6.05"
"Mar 7, 2017 12:52:22 PM PST","6307920481","Order","103-7128736-6569814","U3-5ZZB-YJPI","Bvlgari Jasmin Noir by Bvlgari for Women - 3.4 Ounce EDP Spray","1","amazon.com","Standard Orders","Seller","Tacoma","WA","98422","","48.00","0","5.44","0","0","0","0","0","0","0","0","-8.02","0","0","0","45.42"
"Mar 7, 2017 12:52:40 PM PST","6307920481","Shipping Services","103-7128736-6569814","","Shipping Label Purchased through Amazon","","","Standard Orders","","","","","","0","0","0","0","0","0","0","0","0","0","0","0","0","0","-4.46","-4.46"
"Mar 7, 2017 12:58:36 PM PST","6307920481","Order","116-3757135-0292206","IV-RL8L-D8TV","Arsenal Grey FOR MEN by Gilles Cantuel - 3.4 oz EDP Spray (Wood Box)","2","amazon.com","Standard Orders","Seller","SPRING VALLEY","NY","10977-5601","","46.18","0","4.49","0","0","0","0","0","0","0","0","-7.60","0","0","0","43.07"
"Mar 7, 2017 12:58:54 PM PST","6307920481","Shipping Services","116-3757135-0292206","","Shipping Label Purchased through Amazon","","","Standard Orders","","","","","","0","0","0","0","0","0","0","0","0","0","0","0","0","0","-6.05","-6.05"
"Mar 7, 2017 1:05:41 PM PST","6307920481","Order","112-2048388-4387432","DW-0241-VP6R","PALOMA PICASSO For Women By PALOMA PICASSO Eau De Parfum Spray,3.4 Oz","1","amazon.com","Standard Orders","Seller","NEW ALBANY","IN","47150-9223","","44.00","0","5.29","0","0","0","0","0","0","0","0","-7.39","0","0","0","41.90"
"Mar 7, 2017 1:05:57 PM PST","6307920481","Shipping Services","112-2048388-4387432","","Shipping Label Purchased through Amazon","","","Standard Orders","","","","","","0","0","0","0","0","0","0","0","0","0","0","0","0","0","-4.32","-4.32"
"Mar 8, 2017 5:04:11 AM PST","6307920481","Transfer","","","To your account ending in: 6276, Bank Transfer ID: 091000014859265","","","Standard Orders","","","","","","0","0","0","0","0","0","0","0","0","0","0","0","0","0","-1,657.35","-1,657.35"
"Mar 8, 2017 10:40:12 AM PST","6307920481","Refund","109-5092100-0184213","IL-IROW-9WPF","Cuba Gold by Cuba 20 x 1.17 oz Eau de Toilette Spray ( 1 Box )","1","amazon.com","Standard Orders","Seller","LEADVILLE","CO","80461-3752","","-63.60","0","-4.49","0","0","0","0","0","0","0","0","8.17","0","0","0","-59.92"
"Mar 8, 2017 12:15:42 PM PST","6307920481","Order","113-5201502-7544207","BF-2O4Q-JYRE","Paco Rabanne 1 million Cologne for Men 6.8 oz Eau De Toilette Spray","1","amazon.com","Standard Orders","Seller","SAVANNAH","GA","31401-2207","","83.45","0","4.49","0","0","0","0","0","0","0","0","-13.19","0","0","0","74.75"
"Mar 8, 2017 12:16:21 PM PST","6307920481","Shipping Services","113-5201502-7544207","","Shipping Label Purchased through Amazon","","","Standard Orders","","","","","","0","0","0","0","0","0","0","0","0","0","0","0","0","0","-6.20","-6.20"
"Mar 8, 2017 12:17:32 PM PST","6307920481","Order","109-2618017-5615407","CJ-JW74-TNWI","ED HARDY by Christian Audigier EAU DE PARFUM SPRAY 3.4 OZ WOMEN Christian Audigier","1","amazon.com","Standard Orders","Seller","FORT WAYNE","IN","46804-2314","","26.38","0","4.59","0","0","0","0","0","0","0","0","-4.65","0","0","0","26.32"
"Mar 8, 2017 12:18:10 PM PST","6307920481","Shipping Services","109-2618017-5615407","","Shipping Label Purchased through Amazon","","","Standard Orders","","","","","","0","0","0","0","0","0","0","0","0","0","0","0","0","0","-4.32","-4.32"
"Mar 8, 2017 12:19:23 PM PST","6307920481","Order","103-5826710-4569843","BF-2O4Q-JYRE","Paco Rabanne 1 million Cologne for Men 6.8 oz Eau De Toilette Spray","1","amazon.com","Standard Orders","Seller","MIAMI","FL","33130-5217","","83.31","0","4.49","0","0","0","0","0","0","0","0","-13.17","0","0","0","74.63"
"Mar 8, 2017 12:20:01 PM PST","6307920481","Shipping Services","103-5826710-4569843","","Shipping Label Purchased through Amazon","","","Standard Orders","","","","","","0","0","0","0","0","0","0","0","0","0","0","0","0","0","-6.20","-6.20"
"Mar 8, 2017 12:21:55 PM PST","6307920481","Order","115-9922899-6684210","IL-IROW-9WPF","Cuba Gold by Cuba 20 x 1.17 oz Eau de Toilette Spray ( 1 Box )","1","amazon.com","Standard Orders","Seller","DALLAS","TX","75231-0414","","63.60","0","4.49","0","0","0","0","0","0","0","0","-10.21","0","0","0","57.88"
"Mar 8, 2017 12:22:33 PM PST","6307920481","Shipping Services","115-9922899-6684210","","Shipping Label Purchased through Amazon","","","Standard Orders","","","","","","0","0","0","0","0","0","0","0","0","0","0","0","0","0","-7.11","-7.11"
"Mar 8, 2017 12:23:50 PM PST","6307920481","Order","106-4438887-4510655","N6-T97C-HZ2W","INSURRECTION by Reyane Tradition Men's Eau De Toilette Spray 3.4 oz - 100% Authentic","1","amazon.com","Standard Orders","Seller","DORAL","FL","33195-4007","","16.00","0","5.49","0","0","0","0","0","0","0","0","-3.22","0","0","0","18.27"
"Mar 8, 2017 12:24:26 PM PST","6307920481","Shipping Services","106-4438887-4510655","","Shipping Label Purchased through Amazon","","","Standard Orders","","","","","","0","0","0","0","0","0","0","0","0","0","0","0","0","0","-4.46","-4.46"
"Mar 8, 2017 12:25:42 PM PST","6307920481","Order","103-6842282-8103441","PO-CX8T-9V0U","Nautica Voyage By Nautica For Men. Eau De Toilette Spray 3.4 oz","1","amazon.com","Standard Orders","Seller","MANASSAS","VA","20110-3011","","15.00","0","5.09","0","0","0","0","0","0","0","0","-3.01","0","0","0","17.08"
"Mar 8, 2017 12:26:19 PM PST","6307920481","Shipping Services","103-6842282-8103441","","Shipping Label Purchased through Amazon","","","Standard Orders","","","","","","0","0","0","0","0","0","0","0","0","0","0","0","0","0","-4.32","-4.32"
"Mar 8, 2017 12:28:04 PM PST","6307920481","Order","106-3574531-4133004","5R-2LX9-BGJ3","Jessica Mcclintock 2 Piece Gift Set for Women","1","amazon.com","Standard Orders","Seller","SAN DIEGO","CA","92103-6635","","59.75","0","6.19","0","0","0","0","0","0","0","0","-9.89","0","0","0","56.05"
"Mar 8, 2017 12:28:42 PM PST","6307920481","Shipping Services","106-3574531-4133004","","Shipping Label Purchased through Amazon","","","Standard Orders","","","","","","0","0","0","0","0","0","0","0","0","0","0","0","0","0","-7.49","-7.49"
"Mar 8, 2017 12:31:07 PM PST","6307920481","Order","103-9051643-8492218","4Z-TO36-AB6O","Perry Ellis 360 Red Fragrance Gift Set for Men","1","amazon.com","Standard Orders","Seller","PARADISE","CA","95967-1261","","30.00","0","6.79","0","0","0","0","0","0","0","0","-5.52","0","0","0","31.27"
"Mar 8, 2017 12:31:46 PM PST","6307920481","Shipping Services","103-9051643-8492218","","Shipping Label Purchased through Amazon","","","Standard Orders","","","","","","0","0","0","0","0","0","0","0","0","0","0","0","0","0","-7.34","-7.34"
"Mar 8, 2017 12:57:24 PM PST","6307920481","Order","002-7514265-3259409","74-DRG6-NKAA","Estee Lauder Purse Beautiful Eau de Parfum Spray for Women, 6 Count","1","amazon.com","Standard Orders","Seller","WESTMINSTER","CA","92683-6531","","59.50","0","5.09","0","0","0","0","0","0","0","0","-9.69","0","0","0","54.90"
"Mar 8, 2017 12:58:02 PM PST","6307920481","Shipping Services","002-7514265-3259409","","Shipping Label Purchased through Amazon","","","Standard Orders","","","","","","0","0","0","0","0","0","0","0","0","0","0","0","0","0","-4.33","-4.33"
"Mar 8, 2017 1:02:56 PM PST","6307920481","Shipping Services","111-1324226-4950605","","Shipping Label Purchased through Amazon","","","Standard Orders","","","","","","0","0","0","0","0","0","0","0","0","0","0","0","0","0","-4.04","-4.04"
"Mar 8, 2017 1:16:04 PM PST","6307920481","Shipping Services","111-6253132-7843407","","Shipping Label Purchased through Amazon","","","Standard Orders","","","","","","0","0","0","0","0","0","0","0","0","0","0","0","0","0","-3.62","-3.62"
"Mar 8, 2017 1:17:24 PM PST","6307920481","Shipping Services","116-3219270-3146660","","Shipping Label Purchased through Amazon","","","Standard Orders","","","","","","0","0","0","0","0","0","0","0","0","0","0","0","0","0","-4.61","-4.61"
"Mar 8, 2017 1:20:25 PM PST","6307920481","Shipping Services","106-3768738-4784216","","Shipping Label Purchased through Amazon","","","Standard Orders","","","","","","0","0","0","0","0","0","0","0","0","0","0","0","0","0","-6.20","-6.20"
"Mar 8, 2017 1:23:16 PM PST","6307920481","Shipping Services","115-9872219-8253866","","Shipping Label Purchased through Amazon","","","Standard Orders","","","","","","0","0","0","0","0","0","0","0","0","0","0","0","0","0","-3.62","-3.62"
"Mar 8, 2017 1:33:28 PM PST","6307920481","Shipping Services","002-3503480-2759455","","Shipping Label Purchased through Amazon","","","Standard Orders","","","","","","0","0","0","0","0","0","0","0","0","0","0","0","0","0","-3.77","-3.77"
"Mar 8, 2017 1:46:46 PM PST","6307920481","Shipping Services","116-5924937-3502653","","Shipping Label Purchased through Amazon","","","Standard Orders","","","","","","0","0","0","0","0","0","0","0","0","0","0","0","0","0","-9.21","-9.21"
"Mar 8, 2017 1:48:08 PM PST","6307920481","Shipping Services","113-7925469-1461801","","Shipping Label Purchased through Amazon","","","Standard Orders","","","","","","0","0","0","0","0","0","0","0","0","0","0","0","0","0","-6.05","-6.05"
"Mar 8, 2017 1:50:55 PM PST","6307920481","Shipping Services","104-6982243-0455467","","Shipping Label Purchased through Amazon","","","Standard Orders","","","","","","0","0","0","0","0","0","0","0","0","0","0","0","0","0","-6.20","-6.20"
"Mar 8, 2017 1:56:39 PM PST","6307920481","Order","116-5924937-3502653","BL-T5K9-7G6S","Diesel Plus Plus 2.5oz 3pc Gift Set for Man","2","amazon.com","Standard Orders","Seller","Miami","Florida","33198-1534","","38.68","0","8.45","0","0","0","0","0","0","0","0","-7.08","0","0","0","40.05"
"Mar 8, 2017 1:57:32 PM PST","6307920481","Order","002-3503480-2759455","5N-570F-UTZV","TrésorL'eau De Parfum (50 Ml/1.7 Oz)Trésor","1","amazon.com","Standard Orders","Seller","WELDON","CA","93283-9746","","64.40","0","4.49","0","0","0","0","0","0","0","0","-10.33","0","0","0","58.56"
"Mar 8, 2017 1:57:50 PM PST","6307920481","Order","111-6253132-7843407","AZ-P8G8-8YEZ","Jennifer Lopez Deseo By Jennifer Lopez For Women. Eau De Parfum Spray 1.7-Ounces","1","amazon.com","Standard Orders","Seller","ZAPATA","TX","78076-4020","","22.01","0","4.98","0","0","0","0","0","0","0","0","-4.05","0","0","0","22.94"
"Mar 8, 2017 1:58:16 PM PST","6307920481","Order","116-3219270-3146660","C7-6Y6H-8ED9","JEAN PAUL GAULTIER by Jean Paul Gaultier - Women - Eau De Parfum Spray 3.3 oz","1","amazon.com","Standard Orders","Seller","Brush Prairie","WA","98606-3225","","74.70","0","5.24","0","0","0","0","0","0","0","0","-11.99","0","0","0","67.95"
"Mar 8, 2017 1:58:36 PM PST","6307920481","Order","113-7925469-1461801","D4-VWXV-T8IR","Nautica Voyage Eau De Toilette, 6.7 oz","1","amazon.com","Standard Orders","Seller","NEW YORK","NY","10022-2588","","30.00","0","5.89","0","0","0","0","0","0","0","0","-5.38","0","0","0","30.51"
"Mar 8, 2017 2:00:56 PM PST","6307920481","Order","104-6982243-0455467","M3-3VWU-4RL2","Jean Paul Gaultier Le Male By Jean Paul Gaultier For Men. Eau De Toilette Spray 4.2 Oz.","1","amazon.com","Standard Orders","Seller","CHICAGO","IL","60647-5025","","53.00","0","5.50","0","0","0","0","0","0","0","0","-8.78","0","0","0","49.72"
"Mar 8, 2017 2:02:30 PM PST","6307920481","Order","106-3768738-4784216","DT-GQQP-NJQJ","Thé Oné 3.4oz Eau De Parfum Sprày MéN by Dolcé ànd Gàbbànà","1","amazon.com","Standard Orders","Seller","BURBANK","CA","91504-2549","","62.06","0","4.49","0","0","0","0","0","0","0","0","-9.98","0","0","0","56.57"
"Mar 8, 2017 2:04:53 PM PST","6307920481","Shipping Services","103-8400899-2867406","","Shipping Label Purchased through Amazon","","","Standard Orders","","","","","","0","0","0","0","0","0","0","0","0","0","0","0","0","0","-6.55","-6.55"
"Mar 8, 2017 2:06:39 PM PST","6307920481","Order","111-1324226-4950605","VH-EQQ1-0YO5","NAUTICA CLASSIC by Nautica 3.4 Ounce / 100 ml Eau de Toilette Men Cologne Spray","1","amazon.com","Standard Orders","Seller","HOUSTON","TX","77027-2943","","10.22","0","4.54","0","0","0","0","0","0","0","0","-2.21","0","0","0","12.55"
"Mar 8, 2017 2:06:59 PM PST","6307920481","Order","115-9872219-8253866","AZ-P8G8-8YEZ","Jennifer Lopez Deseo By Jennifer Lopez For Women. Eau De Parfum Spray 1.7-Ounces","1","amazon.com","Standard Orders","Seller","LAS VEGAS","NV","89117-6410","","22.01","0","4.98","0","0","0","0","0","0","0","0","-4.05","0","0","0","22.94"
"Mar 8, 2017 2:14:53 PM PST","6307920481","Order","103-8400899-2867406","D4-VWXV-T8IR","Nautica Voyage Eau De Toilette, 6.7 oz","1","amazon.com","Standard Orders","Seller","MIAMI","FL","33142-2927","","30.07","0","5.89","0","0","0","0","0","0","0","0","-5.39","0","0","0","30.57"
"Mar 9, 2017 12:37:37 PM PST","6309421601","Order","115-6807510-4994613","D4-VWXV-T8IR","Nautica Voyage Eau De Toilette, 6.7 oz","2","amazon.com","Standard Orders","Seller","ALVIN","TX","77511-5609","","60.14","0","7.29","0","0","0","0","0","0","0","0","-10.12","0","0","0","57.31"
"Mar 9, 2017 12:38:01 PM PST","6309421601","Shipping Services","115-6807510-4994613","","Shipping Label Purchased through Amazon","","","Standard Orders","","","","","","0","0","0","0","0","0","0","0","0","0","0","0","0","0","-6.70","-6.70"
"Mar 9, 2017 12:41:14 PM PST","6309421601","Order","114-1620263-0073853","D4-VWXV-T8IR","Nautica Voyage Eau De Toilette, 6.7 oz","1","amazon.com","Standard Orders","Seller","ALBUQUERQUE","NM","87105-4622","","30.07","0","5.89","0","0","0","0","0","0","0","0","-5.39","0","0","0","30.57"
"Mar 9, 2017 12:41:52 PM PST","6309421601","Shipping Services","114-1620263-0073853","","Shipping Label Purchased through Amazon","","","Standard Orders","","","","","","0","0","0","0","0","0","0","0","0","0","0","0","0","0","-6.05","-6.05"
"Mar 9, 2017 12:45:12 PM PST","6309421601","Order","113-7286696-7649060","BF-2O4Q-JYRE","Paco Rabanne 1 million Cologne for Men 6.8 oz Eau De Toilette Spray","1","amazon.com","Standard Orders","Seller","PERTH AMBOY","NJ","08861-2955","","83.18","0","4.49","0","0","0","0","0","0","0","0","-13.15","0","0","0","74.52"
"Mar 9, 2017 12:45:51 PM PST","6309421601","Shipping Services","113-7286696-7649060","","Shipping Label Purchased through Amazon","","","Standard Orders","","","","","","0","0","0","0","0","0","0","0","0","0","0","0","0","0","-6.20","-6.20"
"Mar 9, 2017 12:46:47 PM PST","6309421601","Order","113-1358722-0307458","BF-2O4Q-JYRE","Paco Rabanne 1 million Cologne for Men 6.8 oz Eau De Toilette Spray","1","amazon.com","Standard Orders","Seller","ELIZABETH","NJ","07202-1120","","83.26","0","4.49","0","0","0","0","0","0","0","0","-13.16","0","0","0","74.59"
"Mar 9, 2017 12:47:24 PM PST","6309421601","Shipping Services","113-1358722-0307458","","Shipping Label Purchased through Amazon","","","Standard Orders","","","","","","0","0","0","0","0","0","0","0","0","0","0","0","0","0","-6.20","-6.20"
"Mar 9, 2017 12:48:21 PM PST","6309421601","Order","113-0202067-6101038","KF-2WDK-CCTQ","Narciso Rodriguez by Narciso Rodriguez for Him Men 3.3 oz Eau de Toilette Spray","1","amazon.com","Standard Orders","Seller","NATIONAL CITY","CA","91950-6068","","56.67","0","5.64","0","0","0","0","0","0","0","0","-9.35","0","0","0","52.96"
"Mar 9, 2017 12:48:58 PM PST","6309421601","Shipping Services","113-0202067-6101038","","Shipping Label Purchased through Amazon","","","Standard Orders","","","","","","0","0","0","0","0","0","0","0","0","0","0","0","0","0","-4.61","-4.61"
"Mar 9, 2017 12:49:24 PM PST","6309421601","Order","112-9973338-5610647","D4-VWXV-T8IR","Nautica Voyage Eau De Toilette, 6.7 oz","1","amazon.com","Standard Orders","Seller","DEARBORN HEIGHTS","MI","48127-2673","","30.07","0","5.89","0","0","0","0","0","0","0","0","-5.39","0","0","0","30.57"
"Mar 9, 2017 12:50:01 PM PST","6309421601","Shipping Services","112-9973338-5610647","","Shipping Label Purchased through Amazon","","","Standard Orders","","","","","","0","0","0","0","0","0","0","0","0","0","0","0","0","0","-6.05","-6.05"
"Mar 9, 2017 12:55:53 PM PST","6309421601","Order","112-7854765-1400256","LX-TSWW-29S8","White Diamonds By Elizabeth Taylor Edt Spray 3.3 Oz for Women","1","amazon.com","Standard Orders","Seller","TAMPA","FLORIDA","33624-6938","","23.00","0","5.50","0","0","0","0","0","0","0","0","-4.28","0","0","0","24.22"
"Mar 9, 2017 12:56:30 PM PST","6309421601","Shipping Services","112-7854765-1400256","","Shipping Label Purchased through Amazon","","","Standard Orders","","","","","","0","0","0","0","0","0","0","0","0","0","0","0","0","0","-4.04","-4.04"
"Mar 9, 2017 12:57:18 PM PST","6309421601","Order","109-1943302-0987442","AZ-P8G8-8YEZ","Jennifer Lopez Deseo By Jennifer Lopez For Women. Eau De Parfum Spray 1.7-Ounces","1","amazon.com","Standard Orders","Seller","HAWTHORNE","NJ","07506-1424","","22.83","0","4.98","0","0","0","0","0","0","0","0","-4.17","0","0","0","23.64"
"Mar 9, 2017 12:57:55 PM PST","6309421601","Shipping Services","109-1943302-0987442","","Shipping Label Purchased through Amazon","","","Standard Orders","","","","","","0","0","0","0","0","0","0","0","0","0","0","0","0","0","-3.62","-3.62"
"Mar 9, 2017 12:59:17 PM PST","6309421601","Order","108-3570739-2945803","1O-M08O-A0OC","Víva La Juícy Gold by Juícy Couture Women's 3.4 Oz EDP Spray","1","amazon.com","Standard Orders","Seller","FLETCHER","NC","28732-9713","","60.47","0","4.49","0","0","0","0","0","0","0","0","-9.74","0","0","0","55.22"
"Mar 9, 2017 12:59:55 PM PST","6309421601","Shipping Services","108-3570739-2945803","","Shipping Label Purchased through Amazon","","","Standard Orders","","","","","","0","0","0","0","0","0","0","0","0","0","0","0","0","0","-6.20","-6.20"
"Mar 9, 2017 1:00:48 PM PST","6309421601","Order","108-1731056-3449833","KD-JYY3-7NCA","Anna Sui Forbidden Affair Eau de Toilette Spray for Women, 2.5 Ounce","1","amazon.com","Standard Orders","Seller","TWENTYNINE PALMS","CA","92277-4909","","27.03","0","5.15","0","0","0","0","0","0","0","0","-4.83","0","0","0","27.35"
"Mar 9, 2017 1:01:26 PM PST","6309421601","Shipping Services","108-1731056-3449833","","Shipping Label Purchased through Amazon","","","Standard Orders","","","","","","0","0","0","0","0","0","0","0","0","0","0","0","0","0","-4.04","-4.04"
"Mar 9, 2017 1:07:41 PM PST","6309421601","Order","112-5237876-3977051","DT-GQQP-NJQJ","Thé Oné 3.4oz Eau De Parfum Sprày MéN by Dolcé ànd Gàbbànà","1","amazon.com","Standard Orders","Seller","SILOAM SPRINGS","AR","72761","","71.30","0","4.49","0","0","0","0","0","0","0","0","-11.37","0","0","0","64.42"
"Mar 9, 2017 1:08:20 PM PST","6309421601","Shipping Services","112-5237876-3977051","","Shipping Label Purchased through Amazon","","","Standard Orders","","","","","","0","0","0","0","0","0","0","0","0","0","0","0","0","0","-6.20","-6.20"
"Mar 9, 2017 1:09:22 PM PST","6309421601","Order","104-0244189-5979417","DT-GQQP-NJQJ","Thé Oné 3.4oz Eau De Parfum Sprày MéN by Dolcé ànd Gàbbànà","1","amazon.com","Standard Orders","Seller","TUCSON","AZ","85708-1260","","67.04","0","4.49","0","0","0","0","0","0","0","0","-10.73","0","0","0","60.80"
"Mar 9, 2017 1:09:59 PM PST","6309421601","Shipping Services","104-0244189-5979417","","Shipping Label Purchased through Amazon","","","Standard Orders","","","","","","0","0","0","0","0","0","0","0","0","0","0","0","0","0","-6.20","-6.20"
"Mar 9, 2017 1:13:12 PM PST","6309421601","Order","103-7892329-5721008","IL-IROW-9WPF","Cuba Gold by Cuba 20 x 1.17 oz Eau de Toilette Spray ( 1 Box )","1","amazon.com","Standard Orders","Seller","HYANNIS","MA","02601-2576","","63.60","0","8.99","0","0","0","0","0","0","0","0","-10.89","0","0","0","61.70"
"Mar 9, 2017 1:13:49 PM PST","6309421601","Shipping Services","103-7892329-5721008","","Shipping Label Purchased through Amazon","","","Standard Orders","","","","","","0","0","0","0","0","0","0","0","0","0","0","0","0","0","-6.71","-6.71"
"Mar 9, 2017 1:19:24 PM PST","6309421601","Order","102-5485483-6017010","VQ-3EX0-LMJP","Parfums Rivera Night Dreams Eau de Parfum Spray, 3.4 Ounce","2","amazon.com","Standard Orders","Seller","ELMHURST","NY","11373-3996","","30.10","0","7.39","0","0","0","0","0","0","0","0","-5.62","0","0","0","31.87"
"Mar 9, 2017 1:20:00 PM PST","6309421601","Shipping Services","102-5485483-6017010","","Shipping Label Purchased through Amazon","","","Standard Orders","","","","","","0","0","0","0","0","0","0","0","0","0","0","0","0","0","-6.05","-6.05"
"Mar 9, 2017 1:20:27 PM PST","6309421601","Order","002-5754009-1850614","C7-6Y6H-8ED9","JEAN PAUL GAULTIER by Jean Paul Gaultier - Women - Eau De Parfum Spray 3.3 oz","1","amazon.com","Standard Orders","Seller","Las Vegas","NV","89147","","74.70","0","5.24","0","0","0","0","0","0","0","0","-11.99","0","0","0","67.95"
"Mar 9, 2017 1:21:03 PM PST","6309421601","Shipping Services","002-5754009-1850614","","Shipping Label Purchased through Amazon","","","Standard Orders","","","","","","0","0","0","0","0","0","0","0","0","0","0","0","0","0","-4.61","-4.61"
"Mar 9, 2017 1:21:48 PM PST","6309421601","Order","116-2365208-0985066","2L-YX0W-CS37","Johan B Merveille Eau De Parfum Spray for Women, 3.4 Ounce","1","amazon.com","Standard Orders","Seller","Saint Petersburg","FL","33704-3337","","23.62","0","5.34","0","0","0","0","0","0","0","0","-4.34","0","0","0","24.62"
"Mar 9, 2017 1:22:24 PM PST","6309421601","Shipping Services","116-2365208-0985066","","Shipping Label Purchased through Amazon","","","Standard Orders","","","","","","0","0","0","0","0","0","0","0","0","0","0","0","0","0","-4.46","-4.46"
"Mar 9, 2017 1:23:02 PM PST","6309421601","Order","114-9364476-9263442","BF-2O4Q-JYRE","Paco Rabanne 1 million Cologne for Men 6.8 oz Eau De Toilette Spray","1","amazon.com","Standard Orders","Seller","BARTLETT","TN","38135-2584","","83.17","0","4.49","0","0","0","0","0","0","0","0","-13.15","0","0","0","74.51"
"Mar 9, 2017 1:23:40 PM PST","6309421601","Shipping Services","114-9364476-9263442","","Shipping Label Purchased through Amazon","","","Standard Orders","","","","","","0","0","0","0","0","0","0","0","0","0","0","0","0","0","-6.20","-6.20"
"Mar 9, 2017 1:24:09 PM PST","6309421601","Order","114-1813907-4585018","2V-ZT5H-G840","AZZARO Eau de Toilette Spray for Men, 3.3 Ounce","1","amazon.com","Standard Orders","Seller","Pleasanton","CA","94566-4782","","25.00","0","5.14","0","0","0","0","0","0","0","0","-4.52","0","0","0","25.62"
"Mar 9, 2017 1:24:47 PM PST","6309421601","Shipping Services","114-1813907-4585018","","Shipping Label Purchased through Amazon","","","Standard Orders","","","","","","0","0","0","0","0","0","0","0","0","0","0","0","0","0","-4.18","-4.18"
"Mar 9, 2017 1:25:36 PM PST","6309421601","Order","113-6009671-6197833","JK-130P-A3PQ","Tiamo by Parfum Blaze Eau De Toilette Spray 3.4 oz","2","amazon.com","Standard Orders","Seller","ANN ARBOR","MI","48108-2515","","24.96","0","6.49","0","0","0","0","0","0","0","0","-4.72","0","0","0","26.73"
"Mar 9, 2017 1:26:14 PM PST","6309421601","Shipping Services","113-6009671-6197833","","Shipping Label Purchased through Amazon","","","Standard Orders","","","","","","0","0","0","0","0","0","0","0","0","0","0","0","0","0","-6.55","-6.55"
"Mar 9, 2017 1:27:54 PM PST","6309421601","Order","113-0989766-5457040","2H-UFI0-YXC6","Ferrari Scuderia Red Eau De Toilette Spray, 4.2 Ounce","1","amazon.com","Standard Orders","Seller","MIAMI","FL","33192-2987","","21.77","0","5.20","0","0","0","0","0","0","0","0","-4.05","0","0","0","22.92"
"Mar 9, 2017 1:28:32 PM PST","6309421601","Shipping Services","113-0989766-5457040","","Shipping Label Purchased through Amazon","","","Standard Orders","","","","","","0","0","0","0","0","0","0","0","0","0","0","0","0","0","-4.18","-4.18"
"Mar 9, 2017 1:29:04 PM PST","6309421601","Order","112-4332439-1754653","VH-EQQ1-0YO5","NAUTICA CLASSIC by Nautica 3.4 Ounce / 100 ml Eau de Toilette Men Cologne Spray","1","amazon.com","Standard Orders","Seller","HENRICO","VIRGINIA","23229-5717","","10.22","0","4.54","0","0","0","0","0","0","0","0","-2.21","0","0","0","12.55"
"Mar 9, 2017 1:29:42 PM PST","6309421601","Shipping Services","112-4332439-1754653","","Shipping Label Purchased through Amazon","","","Standard Orders","","","","","","0","0","0","0","0","0","0","0","0","0","0","0","0","0","-4.04","-4.04"
"Mar 9, 2017 1:30:44 PM PST","6309421601","Order","111-9990055-4411441","KL-8PVL-1OE5","TABU EAU DE COLOGNE SPRAY IN VIOLIN BOTTLE 3.0 FL. OZ. BY DANA CLASSIC FRAGRANCES","2","amazon.com","Standard Orders","Seller","PINE RIVER","MN","56474-6129","","26.00","0","5.69","0","0","0","0","0","0","0","0","-4.76","0","0","0","26.93"
"Mar 9, 2017 1:31:23 PM PST","6309421601","Shipping Services","111-9990055-4411441","","Shipping Label Purchased through Amazon","","","Standard Orders","","","","","","0","0","0","0","0","0","0","0","0","0","0","0","0","0","-6.05","-6.05"
"Mar 9, 2017 1:31:48 PM PST","6309421601","Order","108-6253695-8154611","N6-T97C-HZ2W","INSURRECTION by Reyane Tradition Men's Eau De Toilette Spray 3.4 oz - 100% Authentic","1","amazon.com","Standard Orders","Seller","BELTSVILLE","MD","20705-1832","","16.00","0","5.49","0","0","0","0","0","0","0","0","-3.22","0","0","0","18.27"
"Mar 9, 2017 1:32:26 PM PST","6309421601","Shipping Services","108-6253695-8154611","","Shipping Label Purchased through Amazon","","","Standard Orders","","","","","","0","0","0","0","0","0","0","0","0","0","0","0","0","0","-4.46","-4.46"
"Mar 9, 2017 1:33:16 PM PST","6309421601","Order","107-5315719-2676249","C7-6Y6H-8ED9","JEAN PAUL GAULTIER by Jean Paul Gaultier - Women - Eau De Parfum Spray 3.3 oz","1","amazon.com","Standard Orders","Seller","Aventura","FL","33180","","74.70","0","5.24","0","0","0","0","0","0","0","0","-11.99","0","0","0","67.95"
"Mar 9, 2017 1:33:54 PM PST","6309421601","Shipping Services","107-5315719-2676249","","Shipping Label Purchased through Amazon","","","Standard Orders","","","","","","0","0","0","0","0","0","0","0","0","0","0","0","0","0","-4.61","-4.61"
"Mar 9, 2017 1:34:35 PM PST","6309421601","Order","105-1554884-5058633","2V-ZT5H-G840","AZZARO Eau de Toilette Spray for Men, 3.3 Ounce","1","amazon.com","Standard Orders","Seller","MIRAMAR","FL","33023-5912","","25.00","0","5.14","0","0","0","0","0","0","0","0","-4.52","0","0","0","25.62"
"Mar 9, 2017 1:35:11 PM PST","6309421601","Shipping Services","105-1554884-5058633","","Shipping Label Purchased through Amazon","","","Standard Orders","","","","","","0","0","0","0","0","0","0","0","0","0","0","0","0","0","-4.18","-4.18"
"Mar 9, 2017 1:35:45 PM PST","6309421601","Order","104-9330020-5453847","OS-I26L-G8FT","Gwen Stefani L By Gwen Stefani For Women. Eau De Parfum Spray 1.7-Ounces","1","amazon.com","Standard Orders","Seller","HOUSTON","TX","77084-1813","","17.82","0","5.15","0","0","0","0","0","0","0","0","-3.45","0","0","0","19.52"
"Mar 9, 2017 1:36:23 PM PST","6309421601","Shipping Services","104-9330020-5453847","","Shipping Label Purchased through Amazon","","","Standard Orders","","","","","","0","0","0","0","0","0","0","0","0","0","0","0","0","0","-4.04","-4.04"
"Mar 9, 2017 1:36:50 PM PST","6309421601","Order","103-8859467-8496216","6X-OAGI-GJJO","Bvlgari Green Tea By Bvlgari For Men and Women, Cologne Spray, 2.5-Ounce Bottle","1","amazon.com","Standard Orders","Seller","PALM BEACH","FL","33480-4124","","117.07","0","5.02","0","0","0","0","0","0","0","0","-18.31","0","0","0","103.78"
"Mar 9, 2017 1:37:27 PM PST","6309421601","Shipping Services","103-8859467-8496216","","Shipping Label Purchased through Amazon","","","Standard Orders","","","","","","0","0","0","0","0","0","0","0","0","0","0","0","0","0","-4.64","-4.64"
"Mar 10, 2017 11:36:09 AM PST","6310525291","Order","116-0779737-9166626","JV-B0NK-CR8U","360 Red by Perry Ellis for Men - 3.4 Ounce EDT Spray","1","amazon.com","Standard Orders","Seller","Stafford","TX","77477","","21.00","0","4.98","0","0","0","0","0","0","0","0","-3.90","0","0","0","22.08"
"Mar 10, 2017 11:36:35 AM PST","6310525291","Shipping Services","116-0779737-9166626","","Shipping Label Purchased through Amazon","","","Standard Orders","","","","","","0","0","0","0","0","0","0","0","0","0","0","0","0","0","-4.18","-4.18"
"Mar 10, 2017 11:38:15 AM PST","6310525291","Order","113-3487414-9725021","7U-NSLF-DU93","Paris Hilton Can Can for Women Gift Set (Eau de Parfum Spray, Lotion, Bath and Shower Gel, Perfume Stick)","1","amazon.com","Standard Orders","Seller","PAHOKEE","FL","33476-1301","","31.41","0","6.25","0","0","0","0","0","0","0","0","-5.65","0","0","0","32.01"
"Mar 10, 2017 11:38:54 AM PST","6310525291","Shipping Services","113-3487414-9725021","","Shipping Label Purchased through Amazon","","","Standard Orders","","","","","","0","0","0","0","0","0","0","0","0","0","0","0","0","0","-6.96","-6.96"
"Mar 10, 2017 11:39:24 AM PST","6310525291","Order","112-1252110-5969835","I2-99NI-SH4B","360 by Perry Ellis for Men Eau De Toilette Spray, 3.4 Ounce","1","amazon.com","Standard Orders","Seller","SANTA MONICA","CA","90401-3212","","21.00","0","5.39","0","0","0","0","0","0","0","0","-3.96","0","0","0","22.43"
"Mar 10, 2017 11:40:00 AM PST","6310525291","Shipping Services","112-1252110-5969835","","Shipping Label Purchased through Amazon","","","Standard Orders","","","","","","0","0","0","0","0","0","0","0","0","0","0","0","0","0","-4.18","-4.18"
"Mar 10, 2017 11:40:44 AM PST","6310525291","Order","112-0622415-9374603","RL-Z1OR-5MCR","Elizabeth Taylor White Diamonds 4-Piece Gift Set","1","amazon.com","Standard Orders","Seller","KENOSHA","WI","53144-3416","","42.94","0","6.44","0","0","0","0","0","0","0","0","-7.41","0","0","0","41.97"
"Mar 10, 2017 11:41:22 AM PST","6310525291","Shipping Services","112-0622415-9374603","","Shipping Label Purchased through Amazon","","","Standard Orders","","","","","","0","0","0","0","0","0","0","0","0","0","0","0","0","0","-6.83","-6.83"
"Mar 10, 2017 11:42:21 AM PST","6310525291","Order","111-0143862-0213071","VQ-3EX0-LMJP","Parfums Rivera Night Dreams Eau de Parfum Spray, 3.4 Ounce","1","amazon.com","Standard Orders","Seller","PHILADELPHIA","PA","19120-1950","","15.85","0","5.94","0","0","0","0","0","0","0","0","-3.27","0","0","0","18.52"
"Mar 10, 2017 11:42:57 AM PST","6310525291","Shipping Services","111-0143862-0213071","","Shipping Label Purchased through Amazon","","","Standard Orders","","","","","","0","0","0","0","0","0","0","0","0","0","0","0","0","0","-6.05","-6.05"
"Mar 10, 2017 11:43:48 AM PST","6310525291","Order","105-7774288-4624240","6D-4JJ7-1GSK","Nina Ricci Eau de Parfum Spray, Premier Jour, 3.3 Fluid Ounce","1","amazon.com","Standard Orders","Seller","New York","NY","10024","","34.00","0","5.29","0","0","0","0","0","0","0","0","-5.89","0","0","0","33.40"
"Mar 10, 2017 11:44:26 AM PST","6310525291","Shipping Services","105-7774288-4624240","","Shipping Label Purchased through Amazon","","","Standard Orders","","","","","","0","0","0","0","0","0","0","0","0","0","0","0","0","0","-4.32","-4.32"
"Mar 10, 2017 11:45:03 AM PST","6310525291","Order","102-5081197-5674611","IL-IROW-9WPF","Cuba Gold by Cuba 20 x 1.17 oz Eau de Toilette Spray ( 1 Box )","1","amazon.com","Standard Orders","Seller","O FALLON","MO","63368-7502","","63.60","0","8.99","0","0","0","0","0","0","0","0","-10.89","0","0","0","61.70"
"Mar 10, 2017 11:45:42 AM PST","6310525291","Shipping Services","102-5081197-5674611","","Shipping Label Purchased through Amazon","","","Standard Orders","","","","","","0","0","0","0","0","0","0","0","0","0","0","0","0","0","-6.98","-6.98"
"Mar 10, 2017 11:46:15 AM PST","6310525291","Order","116-4583637-5065045","N6-T97C-HZ2W","INSURRECTION by Reyane Tradition Men's Eau De Toilette Spray 3.4 oz - 100% Authentic","1","amazon.com","Standard Orders","Seller","SCITUATE","MA","02066-3220","","16.00","0","5.49","0","0","0","0","0","0","0","0","-3.22","0","0","0","18.27"
"Mar 10, 2017 11:46:55 AM PST","6310525291","Shipping Services","116-4583637-5065045","","Shipping Label Purchased through Amazon","","","Standard Orders","","","","","","0","0","0","0","0","0","0","0","0","0","0","0","0","0","-4.46","-4.46"
"Mar 10, 2017 11:48:39 AM PST","6310525291","Order","103-2985547-4461802","O0-MYX1-BO3A","Pure Poison by Christian Dior 3.4 oz EDP Spray","5","amazon.com","Standard Orders","Seller","SUNNYVALE","CA","94086-9017","","433.15","0","14.24","0","0","0","0","0","0","0","0","-67.10","0","0","0","380.29"
"Mar 10, 2017 11:49:17 AM PST","6310525291","Shipping Services","103-2985547-4461802","","Shipping Label Purchased through Amazon","","","Standard Orders","","","","","","0","0","0","0","0","0","0","0","0","0","0","0","0","0","-9.29","-9.29"
"Mar 10, 2017 11:56:22 AM PST","6310525291","Order","113-0057999-9944250","C2-QMD3-7JY4","Lady Million by Paco Rabanne Women's Eau De Parfum Spray 2.7 oz - 100% Authentic","1","amazon.com","Standard Orders","Seller","MIAMI","FL","33166-2721","","58.09","0","5.49","0","0","0","0","0","0","0","0","-9.54","0","0","0","54.04"
"Mar 10, 2017 11:56:59 AM PST","6310525291","Shipping Services","113-0057999-9944250","","Shipping Label Purchased through Amazon","","","Standard Orders","","","","","","0","0","0","0","0","0","0","0","0","0","0","0","0","0","-4.19","-4.19"
"Mar 10, 2017 11:57:30 AM PST","6310525291","Order","111-2150873-1351456","C2-QMD3-7JY4","Lady Million by Paco Rabanne Women's Eau De Parfum Spray 2.7 oz - 100% Authentic","1","amazon.com","Standard Orders","Seller","LAS VEGAS","NV","89146-8033","","58.09","0","5.49","0","0","0","0","0","0","0","0","-9.54","0","0","0","54.04"
"Mar 10, 2017 11:58:09 AM PST","6310525291","Shipping Services","111-2150873-1351456","","Shipping Label Purchased through Amazon","","","Standard Orders","","","","","","0","0","0","0","0","0","0","0","0","0","0","0","0","0","-4.19","-4.19"
"Mar 10, 2017 11:58:58 AM PST","6310525291","Order","106-8633908-4290620","KL-8PVL-1OE5","TABU EAU DE COLOGNE SPRAY IN VIOLIN BOTTLE 3.0 FL. OZ. BY DANA CLASSIC FRAGRANCES","1","amazon.com","Standard Orders","Seller","FREMONT","CA","94539-8401","","13.00","0","5.09","0","0","0","0","0","0","0","0","-2.71","0","0","0","15.38"
"Mar 10, 2017 11:59:35 AM PST","6310525291","Shipping Services","106-8633908-4290620","","Shipping Label Purchased through Amazon","","","Standard Orders","","","","","","0","0","0","0","0","0","0","0","0","0","0","0","0","0","-3.90","-3.90"
"Mar 10, 2017 12:00:52 PM PST","6310525291","Order","103-2138280-0249827","DT-GQQP-NJQJ","Thé Oné 3.4oz Eau De Parfum Sprày MéN by Dolcé ànd Gàbbànà","1","amazon.com","Standard Orders","Seller","AUSTIN","TX","78757-1263","","69.98","0","4.49","0","0","0","0","0","0","0","0","-11.17","0","0","0","63.30"
"Mar 10, 2017 12:01:31 PM PST","6310525291","Shipping Services","103-2138280-0249827","","Shipping Label Purchased through Amazon","","","Standard Orders","","","","","","0","0","0","0","0","0","0","0","0","0","0","0","0","0","-6.20","-6.20"
"Mar 10, 2017 12:02:11 PM PST","6310525291","Order","105-9606366-3796205","1W-5PTN-4YN0","Piver 489564 Reve Dor by Piver Cologne Splash 14.25 oz","1","amazon.com","Standard Orders","Seller","Mesquite","TX","75180","","26.58","0","6.49","0","0","0","0","0","0","0","0","-4.96","0","0","0","28.11"
"Mar 10, 2017 12:02:49 PM PST","6310525291","Shipping Services","105-9606366-3796205","","Shipping Label Purchased through Amazon","","","Standard Orders","","","","","","0","0","0","0","0","0","0","0","0","0","0","0","0","0","-6.55","-6.55"
"Mar 10, 2017 12:04:23 PM PST","6310525291","Order","103-3793813-7985063","OS-I26L-G8FT","Gwen Stefani L By Gwen Stefani For Women. Eau De Parfum Spray 1.7-Ounces","1","amazon.com","Standard Orders","Seller","ESCONDIDO","CA","92029-2214","","17.82","0","5.15","0","0","0","0","0","0","0","0","-3.45","0","0","0","19.52"
"Mar 10, 2017 12:05:00 PM PST","6310525291","Shipping Services","103-3793813-7985063","","Shipping Label Purchased through Amazon","","","Standard Orders","","","","","","0","0","0","0","0","0","0","0","0","0","0","0","0","0","-4.04","-4.04"
"Mar 11, 2017 6:04:05 AM PST","6311310251","Transfer","","","To your account ending in: 6276, Bank Transfer ID: 091000015987735","","","Standard Orders","","","","","","0","0","0","0","0","0","0","0","0","0","0","0","0","0","-1,313.82","-1,313.82"
"Mar 11, 2017 1:34:23 PM PST","6311310251","Service Fee","","","Subscription","","Amazon.com","Standard Orders","","","","","","0","0","0","0","0","0","0","0","0","0","0","0","0","0","-39.99","-39.99"
"Mar 11, 2017 1:44:50 PM PST","6311310251","Refund","106-4355525-1245802","PF-MR4Q-7ERM","Aromatics Elixir/Clinique Edp Spray 3.4 Oz (W)","1","amazon.com","Standard Orders","Seller","TEQUESTA","FL","33469-2232","","-42.00","0","0","0","0","0","0","0","0","0","0","5.04","0","0","0","-36.96"
"Mar 11, 2017 1:44:50 PM PST","6311310251","Refund","106-4355525-1245802","PF-MR4Q-7ERM","Aromatics Elixir/Clinique Edp Spray 3.4 Oz (W)","1","amazon.com","Standard Orders","Seller","TEQUESTA","FL","33469-2232","","-42.00","0","0","0","0","0","0","0","0","0","0","5.04","0","0","0","-36.96"
"Mar 12, 2017 6:07:58 AM PDT","6311310251","Transfer","","","To your account ending in: 6276, Bank Transfer ID: 091000011282994","","","Standard Orders","","","","","","0","0","0","0","0","0","0","0","0","0","0","0","0","0","-1,405.81","-1,405.81"
"Mar 12, 2017 5:38:45 PM PDT","6311310251","Order","116-6869671-1822640","5O-L8CN-X1ZE","Perry Ellis 18 Intense by Perry Ellis for Men - 3.4 Ounce EDT Spray","1","amazon.com","Standard Orders","Seller","BURKE","VA","22015-2138","","27.73","0","5.29","0","0","0","0","0","0","0","0","-4.95","0","0","0","28.07"
"Mar 12, 2017 5:39:22 PM PDT","6311310251","Shipping Services","116-6869671-1822640","","Shipping Label Purchased through Amazon","","","Standard Orders","","","","","","0","0","0","0","0","0","0","0","0","0","0","0","0","0","-4.46","-4.46"
"Mar 12, 2017 5:40:07 PM PDT","6311310251","Order","116-0534986-7330633","W4-6TKK-M8MV","BRUT by Faberge Cologne Spray (Original-Glass Bottle) 3 oz","1","amazon.com","Standard Orders","Seller","Burien","WA","98168-5401","","9.94","0","5.00","0","0","0","0","0","0","0","0","-2.24","0","0","0","12.70"
"Mar 12, 2017 5:40:46 PM PDT","6311310251","Shipping Services","116-0534986-7330633","","Shipping Label Purchased through Amazon","","","Standard Orders","","","","","","0","0","0","0","0","0","0","0","0","0","0","0","0","0","-3.76","-3.76"
"Mar 12, 2017 5:42:18 PM PDT","6311310251","Order","115-4475313-3667420","2L-YX0W-CS37","Johan B Merveille Eau De Parfum Spray for Women, 3.4 Ounce","1","amazon.com","Standard Orders","Seller","Burleson","Texas","76028","","23.62","0","5.34","0","0","0","0","0","0","0","0","-4.34","0","0","0","24.62"
"Mar 12, 2017 5:42:55 PM PDT","6311310251","Shipping Services","115-4475313-3667420","","Shipping Label Purchased through Amazon","","","Standard Orders","","","","","","0","0","0","0","0","0","0","0","0","0","0","0","0","0","-4.46","-4.46"
"Mar 12, 2017 5:43:35 PM PDT","6311310251","Order","115-1429387-9003460","JV-B0NK-CR8U","360 Red by Perry Ellis for Men - 3.4 Ounce EDT Spray","1","amazon.com","Standard Orders","Seller","JACKSONVILLE","FL","32257-7589","","21.00","0","4.98","0","0","0","0","0","0","0","0","-3.90","0","0","0","22.08"
"Mar 12, 2017 5:44:13 PM PDT","6311310251","Shipping Services","115-1429387-9003460","","Shipping Label Purchased through Amazon","","","Standard Orders","","","","","","0","0","0","0","0","0","0","0","0","0","0","0","0","0","-4.18","-4.18"
"Mar 12, 2017 5:44:47 PM PDT","6311310251","Order","114-9328108-4756228","HI-CVK1-9JN5","Fidji By Guy Laroche For Women. Eau De Toilette Spray 1.7 Ounces","1","amazon.com","Standard Orders","Seller","Temple","TX","76502","","28.70","0","4.84","0","0","0","0","0","0","0","0","-5.03","0","0","0","28.51"
"Mar 12, 2017 5:45:26 PM PDT","6311310251","Shipping Services","114-9328108-4756228","","Shipping Label Purchased through Amazon","","","Standard Orders","","","","","","0","0","0","0","0","0","0","0","0","0","0","0","0","0","-3.07","-3.07"
"Mar 12, 2017 5:46:13 PM PDT","6311310251","Order","114-5565091-8276234","VQ-3EX0-LMJP","Parfums Rivera Night Dreams Eau de Parfum Spray, 3.4 Ounce","1","amazon.com","Standard Orders","Seller","NEWARK","NJ","07112-2189","","15.05","0","5.94","0","0","0","0","0","0","0","0","-3.15","0","0","0","17.84"
"Mar 12, 2017 5:46:51 PM PDT","6311310251","Shipping Services","114-5565091-8276234","","Shipping Label Purchased through Amazon","","","Standard Orders","","","","","","0","0","0","0","0","0","0","0","0","0","0","0","0","0","-6.05","-6.05"
"Mar 12, 2017 5:49:04 PM PDT","6311310251","Order","114-0038605-9249051","HI-CVK1-9JN5","Fidji By Guy Laroche For Women. Eau De Toilette Spray 1.7 Ounces","3","amazon.com","Standard Orders","Seller","NAPLES","FL","34108-6725","","86.10","0","5.54","0","0","0","0","0","0","0","0","-13.74","0","0","0","77.90"
"Mar 12, 2017 5:49:42 PM PDT","6311310251","Shipping Services","114-0038605-9249051","","Shipping Label Purchased through Amazon","","","Standard Orders","","","","","","0","0","0","0","0","0","0","0","0","0","0","0","0","0","-6.20","-6.20"
"Mar 12, 2017 5:50:43 PM PDT","6311310251","Order","113-3739712-2487439","68-N1IB-CBI6","Tiamo Emotion Eau De Toilette 3.4 Fl.oz. for Men","1","amazon.com","Standard Orders","Seller","NEWARK","NJ","07106-1220","","17.98","0","4.49","0","0","0","0","0","0","0","0","-3.37","0","0","0","19.10"
"Mar 12, 2017 5:51:22 PM PDT","6311310251","Shipping Services","113-3739712-2487439","","Shipping Label Purchased through Amazon","","","Standard Orders","","","","","","0","0","0","0","0","0","0","0","0","0","0","0","0","0","-4.46","-4.46"
"Mar 12, 2017 5:51:52 PM PDT","6311310251","Order","113-2559157-8988253","JV-B0NK-CR8U","360 Red by Perry Ellis for Men - 3.4 Ounce EDT Spray","1","amazon.com","Standard Orders","Seller","BALTIMORE","MARYLAND","21205-3240","","20.00","0","4.98","0","0","0","0","0","0","0","0","-3.75","0","0","0","21.23"
"Mar 12, 2017 5:52:29 PM PDT","6311310251","Shipping Services","113-2559157-8988253","","Shipping Label Purchased through Amazon","","","Standard Orders","","","","","","0","0","0","0","0","0","0","0","0","0","0","0","0","0","-4.18","-4.18"
"Mar 12, 2017 5:53:15 PM PDT","6311310251","Order","112-9169117-1383439","VQ-3EX0-LMJP","Parfums Rivera Night Dreams Eau de Parfum Spray, 3.4 Ounce","2","amazon.com","Standard Orders","Seller","MIAMI GARDENS","FL","33056-1162","","31.70","0","7.39","0","0","0","0","0","0","0","0","-5.86","0","0","0","33.23"
"Mar 12, 2017 5:53:43 PM PDT","6311310251","Shipping Services","112-9169117-1383439","","Shipping Label Purchased through Amazon","","","Standard Orders","","","","","","0","0","0","0","0","0","0","0","0","0","0","0","0","0","-6.96","-6.96"
"Mar 12, 2017 6:00:23 PM PDT","6311310251","Shipping Services","111-4394457-9990619","","Shipping Label Purchased through Amazon","","","Standard Orders","","","","","","0","0","0","0","0","0","0","0","0","0","0","0","0","0","-6.05","-6.05"
"Mar 12, 2017 6:02:07 PM PDT","6311310251","Order","111-1033725-0669845","74-DRG6-NKAA","Estee Lauder Purse Beautiful Eau de Parfum Spray for Women, 6 Count","1","amazon.com","Standard Orders","Seller","MOUNTAIN VIEW","CA","94040-2074","","59.49","0","9.89","0","0","0","0","0","0","0","0","-10.41","0","0","0","58.97"
"Mar 12, 2017 6:02:46 PM PDT","6311310251","Shipping Services","111-1033725-0669845","","Shipping Label Purchased through Amazon","","","Standard Orders","","","","","","0","0","0","0","0","0","0","0","0","0","0","0","0","0","-7.49","-7.49"
"Mar 12, 2017 6:03:07 PM PDT","6311310251","Order","109-9064625-6194628","KG-EP0K-7LTJ","Jus De Amour for Women","1","amazon.com","Standard Orders","Seller","Chicago","IL","60610","","7.50","0","5.34","0","0","0","0","0","0","0","0","-1.93","0","0","0","10.91"
"Mar 12, 2017 6:03:45 PM PDT","6311310251","Shipping Services","109-9064625-6194628","","Shipping Label Purchased through Amazon","","","Standard Orders","","","","","","0","0","0","0","0","0","0","0","0","0","0","0","0","0","-4.46","-4.46"
"Mar 12, 2017 6:04:37 PM PDT","6311310251","Order","109-7890868-5945035","JK-130P-A3PQ","Tiamo by Parfum Blaze Eau De Toilette Spray 3.4 oz","1","amazon.com","Standard Orders","Seller","BRECKENRIDGE","CO","80424-8710","","12.48","0","5.49","0","0","0","0","0","0","0","0","-2.70","0","0","0","15.27"
"Mar 12, 2017 6:05:15 PM PDT","6311310251","Shipping Services","109-7890868-5945035","","Shipping Label Purchased through Amazon","","","Standard Orders","","","","","","0","0","0","0","0","0","0","0","0","0","0","0","0","0","-4.46","-4.46"
"Mar 12, 2017 6:05:52 PM PDT","6311310251","Order","109-6616336-5125031","4L-HLO9-1FMP","Kenneth Cole Black By Kenneth Cole For Men","1","amazon.com","Standard Orders","Seller","COLUMBUS","OHIO","43209-1126","","27.00","0","5.15","0","0","0","0","0","0","0","0","-4.82","0","0","0","27.33"
"Mar 12, 2017 6:06:31 PM PDT","6311310251","Shipping Services","109-6616336-5125031","","Shipping Label Purchased through Amazon","","","Standard Orders","","","","","","0","0","0","0","0","0","0","0","0","0","0","0","0","0","-4.04","-4.04"
"Mar 12, 2017 6:07:05 PM PDT","6311310251","Order","108-9932938-7557854","2R-XBDJ-90C7","Carolina Herrera 212 Vip Rose Eau de Parfum Spray for Women, 1.7 Ounce","1","amazon.com","Standard Orders","Seller","AURORA","OH","44202-8002","","43.95","0","5.33","0","0","0","0","0","0","0","0","-7.39","0","0","0","41.89"
"Mar 12, 2017 6:07:33 PM PDT","6311310251","Shipping Services","108-9932938-7557854","","Shipping Label Purchased through Amazon","","","Standard Orders","","","","","","0","0","0","0","0","0","0","0","0","0","0","0","0","0","-4.32","-4.32"
"Mar 12, 2017 6:09:01 PM PDT","6311310251","Order","108-1797657-5357015","MH-E253-RB4H","LALIQUE by Lalique Eau De Parfum Spray (Lion) 4.2 oz for Men","2","amazon.com","Standard Orders","Seller","Fort Lauderdale","Florida","33311","","60.00","0","6.29","0","0","0","0","0","0","0","0","-9.94","0","0","0","56.35"
"Mar 12, 2017 6:09:39 PM PDT","6311310251","Shipping Services","108-1797657-5357015","","Shipping Label Purchased through Amazon","","","Standard Orders","","","","","","0","0","0","0","0","0","0","0","0","0","0","0","0","0","-6.70","-6.70"
"Mar 12, 2017 6:10:16 PM PDT","6311310251","Order","107-9557011-3874611","IL-IROW-9WPF","Cuba Gold by Cuba 20 x 1.17 oz Eau de Toilette Spray ( 1 Box )","1","amazon.com","Standard Orders","Seller","GRANBURY","TX","76048-2675","","63.60","0","4.49","0","0","0","0","0","0","0","0","-10.21","0","0","0","57.88"
"Mar 12, 2017 6:10:21 PM PDT","6311310251","Order","111-4394457-9990619","BF-N7MD-D4X3","Perry Ellis 360 Eau de Toilette Spray Gift Set for Women, 3 Count","1","amazon.com","Standard Orders","Seller","DORAL","FL","33122-2250","","38.45","0","5.74","0","0","0","0","0","0","0","0","-6.63","0","0","0","37.56"
"Mar 12, 2017 6:10:55 PM PDT","6311310251","Shipping Services","107-9557011-3874611","","Shipping Label Purchased through Amazon","","","Standard Orders","","","","","","0","0","0","0","0","0","0","0","0","0","0","0","0","0","-7.11","-7.11"
"Mar 12, 2017 6:11:32 PM PDT","6311310251","Order","107-5792648-0265862","HI-CVK1-9JN5","Fidji By Guy Laroche For Women. Eau De Toilette Spray 1.7 Ounces","1","amazon.com","Standard Orders","Seller","MIAMI","FL","33166-6844","","28.70","0","4.84","0","0","0","0","0","0","0","0","-5.03","0","0","0","28.51"
"Mar 12, 2017 6:12:06 PM PDT","6311310251","Shipping Services","107-5792648-0265862","","Shipping Label Purchased through Amazon","","","Standard Orders","","","","","","0","0","0","0","0","0","0","0","0","0","0","0","0","0","-3.07","-3.07"
"Mar 12, 2017 6:12:42 PM PDT","6311310251","Order","107-5736182-6786628","FR-KNWO-Y6UC","Rihanna Riri Eau De Parfum Spray for Women, 3.4 Fluid Ounce","1","amazon.com","Standard Orders","Seller","SAN FERNANDO","CA","91340-1047","","29.00","0","6.14","0","0","0","0","0","0","0","0","-5.27","0","0","0","29.87"
"Mar 12, 2017 6:13:20 PM PDT","6311310251","Shipping Services","107-5736182-6786628","","Shipping Label Purchased through Amazon","","","Standard Orders","","","","","","0","0","0","0","0","0","0","0","0","0","0","0","0","0","-6.05","-6.05"
"Mar 12, 2017 6:14:44 PM PDT","6311310251","Order","107-2308335-6813817","IL-IROW-9WPF","Cuba Gold by Cuba 20 x 1.17 oz Eau de Toilette Spray ( 1 Box )","1","amazon.com","Standard Orders","Seller","NASHVILLE","TN","37214-3643","","63.60","0","4.49","0","0","0","0","0","0","0","0","-10.21","0","0","0","57.88"
"Mar 12, 2017 6:15:13 PM PDT","6311310251","Shipping Services","107-2308335-6813817","","Shipping Label Purchased through Amazon","","","Standard Orders","","","","","","0","0","0","0","0","0","0","0","0","0","0","0","0","0","-6.98","-6.98"
"Mar 12, 2017 6:16:15 PM PDT","6311310251","Order","106-9814750-1053024","M8-PEDR-E2QE","Clipsal 3.4 Fl. oz. Eau De Toilette Spray Men","1","amazon.com","Standard Orders","Seller","ORANGE","NJ","07051-0121","","9.47","0","4.99","0","0","0","0","0","0","0","0","-2.17","0","0","0","12.29"
"Mar 12, 2017 6:16:49 PM PDT","6311310251","Shipping Services","106-9814750-1053024","","Shipping Label Purchased through Amazon","","","Standard Orders","","","","","","0","0","0","0","0","0","0","0","0","0","0","0","0","0","-4.46","-4.46"
"Mar 12, 2017 6:17:17 PM PDT","6311310251","Order","106-7401132-2076208","2L-YX0W-CS37","Johan B Merveille Eau De Parfum Spray for Women, 3.4 Ounce","1","amazon.com","Standard Orders","Seller","citrus springs","fl","34434","","23.62","0","5.34","0","0","0","0","0","0","0","0","-4.34","0","0","0","24.62"
"Mar 12, 2017 6:17:54 PM PDT","6311310251","Shipping Services","106-7401132-2076208","","Shipping Label Purchased through Amazon","","","Standard Orders","","","","","","0","0","0","0","0","0","0","0","0","0","0","0","0","0","-4.46","-4.46"
"Mar 12, 2017 6:18:59 PM PDT","6311310251","Order","106-4668894-2897028","PZ-0R9P-IQ14","Bora Bora By Liz Claiborne For Women Gift Set","1","amazon.com","Standard Orders","Seller","CORDOVA","TN","38016-5766","","22.24","0","6.44","0","0","0","0","0","0","0","0","-4.30","0","0","0","24.38"
"Mar 12, 2017 6:19:37 PM PDT","6311310251","Shipping Services","106-4668894-2897028","","Shipping Label Purchased through Amazon","","","Standard Orders","","","","","","0","0","0","0","0","0","0","0","0","0","0","0","0","0","-6.83","-6.83"
"Mar 12, 2017 6:20:04 PM PDT","6311310251","Order","106-4650444-3216207","W4-6TKK-M8MV","BRUT by Faberge Cologne Spray (Original-Glass Bottle) 3 oz","1","amazon.com","Standard Orders","Seller","NAPLES","FL","34104-9501","","9.94","0","5.00","0","0","0","0","0","0","0","0","-2.24","0","0","0","12.70"
"Mar 12, 2017 6:20:40 PM PDT","6311310251","Shipping Services","106-4650444-3216207","","Shipping Label Purchased through Amazon","","","Standard Orders","","","","","","0","0","0","0","0","0","0","0","0","0","0","0","0","0","-3.76","-3.76"
"Mar 12, 2017 6:21:12 PM PDT","6311310251","Order","106-0214338-5445073","2R-XBDJ-90C7","Carolina Herrera 212 Vip Rose Eau de Parfum Spray for Women, 1.7 Ounce","1","amazon.com","Standard Orders","Seller","MIAMI","FL","33179-2265","","43.95","0","5.33","0","0","0","0","0","0","0","0","-7.39","0","0","0","41.89"
"Mar 12, 2017 6:21:49 PM PDT","6311310251","Shipping Services","106-0214338-5445073","","Shipping Label Purchased through Amazon","","","Standard Orders","","","","","","0","0","0","0","0","0","0","0","0","0","0","0","0","0","-4.32","-4.32"
"Mar 12, 2017 6:23:00 PM PDT","6311310251","Order","104-9319875-6720200","JV-B0NK-CR8U","360 Red by Perry Ellis for Men - 3.4 Ounce EDT Spray","2","amazon.com","Standard Orders","Seller","Whitehall","PA","18052","","42.00","0","5.47","0","0","0","0","0","0","0","0","-7.12","0","0","0","40.35"
"Mar 12, 2017 6:23:41 PM PDT","6311310251","Shipping Services","104-9319875-6720200","","Shipping Label Purchased through Amazon","","","Standard Orders","","","","","","0","0","0","0","0","0","0","0","0","0","0","0","0","0","-6.05","-6.05"
"Mar 12, 2017 6:24:35 PM PDT","6311310251","Order","104-5285919-0763422","7R-3UPR-4TP8","Perry Ellis 18 Intense by Perry Ellis for Men - 3.4 Ounce EDT Spray","1","amazon.com","Standard Orders","Seller","MC FARLAND","CA","93250-0006","","27.73","0","5.29","0","0","0","0","0","0","0","0","-4.95","0","0","0","28.07"
"Mar 12, 2017 6:25:14 PM PDT","6311310251","Shipping Services","104-5285919-0763422","","Shipping Label Purchased through Amazon","","","Standard Orders","","","","","","0","0","0","0","0","0","0","0","0","0","0","0","0","0","-4.46","-4.46"
"Mar 12, 2017 6:25:46 PM PDT","6311310251","Order","103-8541773-4191428","72-CU1L-SLHE","Cuba Variety By Cuba For Men. Set-4 Piece Mini Variety With Cuba Gold, Red, Blue, & Orange & All Are .17 OZ","1","amazon.com","Standard Orders","Seller","DES ALLEMANDS","LA","70030-0481","","25.00","0","4.59","0","0","0","0","0","0","0","0","-4.44","0","0","0","25.15"
"Mar 12, 2017 6:26:24 PM PDT","6311310251","Shipping Services","103-8541773-4191428","","Shipping Label Purchased through Amazon","","","Standard Orders","","","","","","0","0","0","0","0","0","0","0","0","0","0","0","0","0","-3.90","-3.90"
"Mar 12, 2017 6:27:01 PM PDT","6311310251","Order","103-6794966-1513009","HI-CVK1-9JN5","Fidji By Guy Laroche For Women. Eau De Toilette Spray 1.7 Ounces","1","amazon.com","Standard Orders","Seller","CHATSWORTH","CA","91311-2447","","28.70","0","4.84","0","0","0","0","0","0","0","0","-5.03","0","0","0","28.51"
"Mar 12, 2017 6:27:38 PM PDT","6311310251","Shipping Services","103-6794966-1513009","","Shipping Label Purchased through Amazon","","","Standard Orders","","","","","","0","0","0","0","0","0","0","0","0","0","0","0","0","0","-3.07","-3.07"
"Mar 12, 2017 6:28:53 PM PDT","6311310251","Order","103-5285576-6279410","CK-ABPU-KWNZ","JESSICA MCCLINTOCK Perfume By JESSICA MCCLINTOCK For WOMEN","1","amazon.com","Standard Orders","Seller","COXSACKIE","NY","12051-3219","","24.00","0","5.29","0","0","0","0","0","0","0","0","-4.39","0","0","0","24.90"
"Mar 12, 2017 6:29:31 PM PDT","6311310251","Shipping Services","103-5285576-6279410","","Shipping Label Purchased through Amazon","","","Standard Orders","","","","","","0","0","0","0","0","0","0","0","0","0","0","0","0","0","-4.32","-4.32"
"Mar 12, 2017 6:31:13 PM PDT","6311310251","Order","102-5137262-2487411","0L-U3YU-9510","Jennifer Lopez My Glow Eau-de-Toilette Spray, 3.4-Ounce","1","amazon.com","Standard Orders","Seller","VALLEJO","CA","94590-4312","","29.05","0","4.93","0","0","0","0","0","0","0","0","-5.10","0","0","0","28.88"
"Mar 12, 2017 6:31:50 PM PDT","6311310251","Shipping Services","102-5137262-2487411","","Shipping Label Purchased through Amazon","","","Standard Orders","","","","","","0","0","0","0","0","0","0","0","0","0","0","0","0","0","-4.18","-4.18"
"Mar 12, 2017 6:33:01 PM PDT","6311310251","Shipping Services","103-1547581-8736234","","Shipping Label Purchased through Amazon","","","Standard Orders","","","","","","0","0","0","0","0","0","0","0","0","0","0","0","0","0","-3.07","-3.07"
"Mar 12, 2017 6:33:51 PM PDT","6311310251","Order","002-9174601-2206643","QX-WEGU-J8B7","Nicole Miller Frenzy Perfume Eau de Parfum Spray for Women, 3.4 Ounce","1","amazon.com","Standard Orders","Seller","MARTINEZ","GA","30907-8216","","60.38","0","5.34","0","0","0","0","0","0","0","0","-9.86","0","0","0","55.86"
"Mar 12, 2017 6:34:28 PM PDT","6311310251","Shipping Services","002-9174601-2206643","","Shipping Label Purchased through Amazon","","","Standard Orders","","","","","","0","0","0","0","0","0","0","0","0","0","0","0","0","0","-4.61","-4.61"
"Mar 12, 2017 6:35:18 PM PDT","6311310251","Order","002-8763676-3913066","BL-T5K9-7G6S","Diesel Plus Plus 2.5oz 3pc Gift Set for Man","1","amazon.com","Standard Orders","Seller","NOGALES","ARIZONA","85621-3676","","19.50","0","6.47","0","0","0","0","0","0","0","0","-3.90","0","0","0","22.07"
"Mar 12, 2017 6:35:53 PM PDT","6311310251","Shipping Services","002-8763676-3913066","","Shipping Label Purchased through Amazon","","","Standard Orders","","","","","","0","0","0","0","0","0","0","0","0","0","0","0","0","0","-7.34","-7.34"
"Mar 12, 2017 6:38:04 PM PDT","6311310251","Order","103-1749193-1115412","2H-UFI0-YXC6","Ferrari Scuderia Red Eau De Toilette Spray, 4.2 Ounce","1","amazon.com","Standard Orders","Seller","PASADENA","CA","91103-1545","","21.73","0","5.20","0","0","0","0","0","0","0","0","-4.04","0","0","0","22.89"
"Mar 12, 2017 6:38:41 PM PDT","6311310251","Shipping Services","103-1749193-1115412","","Shipping Label Purchased through Amazon","","","Standard Orders","","","","","","0","0","0","0","0","0","0","0","0","0","0","0","0","0","-4.18","-4.18"
"Mar 12, 2017 6:39:56 PM PDT","6311310251","Order","103-1547581-8736234","HI-CVK1-9JN5","Fidji By Guy Laroche For Women. Eau De Toilette Spray 1.7 Ounces","1","amazon.com","Standard Orders","Seller","SAN JUAN","PR","00923-1530","","30.15","0","4.84","0","0","0","0","0","0","0","0","-5.25","0","0","0","29.74"
"Mar 13, 2017 12:50:18 PM PDT","6312520551","Order","002-0223663-7205029","BF-2O4Q-JYRE","Paco Rabanne 1 million Cologne for Men 6.8 oz Eau De Toilette Spray","1","amazon.com","Standard Orders","Seller","Aventura","Florida","33160","","82.97","0","23.00","0","0","0","0","0","0","0","0","-15.90","0","0","0","90.07"
"Mar 13, 2017 12:50:54 PM PDT","6312520551","Shipping Services","002-0223663-7205029","","Shipping Label Purchased through Amazon","","","Standard Orders","","","","","","0","0","0","0","0","0","0","0","0","0","0","0","0","0","-21.63","-21.63"
"Mar 13, 2017 12:58:33 PM PDT","6312520551","Order","115-2981554-6075427","1O-YSQR-VEK9","1 Million Fragrance By Paco Rabanne 3pc Travel Edition Gift Set . 3.4 Fl.Oz. Eau De Toilette Spray + 3.4 S/G Men+15ml spray Mini For Men","1","amazon.com","Standard Orders","Seller","CARBONDALE","CO","81623-7730","","70.77","0","4.49","0","0","0","0","0","0","0","0","-11.29","0","0","0","63.97"
"Mar 13, 2017 12:59:09 PM PDT","6312520551","Shipping Services","115-2981554-6075427","","Shipping Label Purchased through Amazon","","","Standard Orders","","","","","","0","0","0","0","0","0","0","0","0","0","0","0","0","0","-7.16","-7.16"
"Mar 13, 2017 12:59:53 PM PDT","6312520551","Order","114-1920023-6792253","C2-QMD3-7JY4","Lady Million by Paco Rabanne Women's Eau De Parfum Spray 2.7 oz - 100% Authentic","1","amazon.com","Standard Orders","Seller","Humacao","Puerto Rico","00791","","57.99","0","5.49","0","0","0","0","0","0","0","0","-9.52","0","0","0","53.96"
"Mar 13, 2017 1:00:32 PM PDT","6312520551","Shipping Services","114-1920023-6792253","","Shipping Label Purchased through Amazon","","","Standard Orders","","","","","","0","0","0","0","0","0","0","0","0","0","0","0","0","0","-4.19","-4.19"
"Mar 13, 2017 1:01:43 PM PDT","6312520551","Order","112-0333426-7555445","DT-GQQP-NJQJ","Thé Oné 3.4oz Eau De Parfum Sprày MéN by Dolcé ànd Gàbbànà","1","amazon.com","Standard Orders","Seller","BROOKLYN","NY","11233-1729","","67.58","0","8.99","0","0","0","0","0","0","0","0","-11.49","0","0","0","65.08"
"Mar 13, 2017 1:02:18 PM PDT","6312520551","Shipping Services","112-0333426-7555445","","Shipping Label Purchased through Amazon","","","Standard Orders","","","","","","0","0","0","0","0","0","0","0","0","0","0","0","0","0","-6.20","-6.20"
"Mar 13, 2017 1:02:51 PM PDT","6312520551","Order","111-7064352-4347447","N6-T97C-HZ2W","INSURRECTION by Reyane Tradition Men's Eau De Toilette Spray 3.4 oz - 100% Authentic","1","amazon.com","Standard Orders","Seller","CINCINNATI","OH","45239-4854","","16.00","0","5.49","0","0","0","0","0","0","0","0","-3.22","0","0","0","18.27"
"Mar 13, 2017 1:03:30 PM PDT","6312520551","Shipping Services","111-7064352-4347447","","Shipping Label Purchased through Amazon","","","Standard Orders","","","","","","0","0","0","0","0","0","0","0","0","0","0","0","0","0","-4.46","-4.46"
"Mar 13, 2017 1:04:36 PM PDT","6312520551","Order","111-0396103-9664203","DT-GQQP-NJQJ","Thé Oné 3.4oz Eau De Parfum Sprày MéN by Dolcé ànd Gàbbànà","1","amazon.com","Standard Orders","Seller","MCLEAN","VA","22101-5806","","62.06","0","4.49","0","0","0","0","0","0","0","0","-9.98","0","0","0","56.57"
"Mar 13, 2017 1:05:13 PM PDT","6312520551","Shipping Services","111-0396103-9664203","","Shipping Label Purchased through Amazon","","","Standard Orders","","","","","","0","0","0","0","0","0","0","0","0","0","0","0","0","0","-6.20","-6.20"
"Mar 13, 2017 1:33:16 PM PDT","6312520551","Order","113-8685989-7337839","7U-NSLF-DU93","Paris Hilton Can Can for Women Gift Set (Eau de Parfum Spray, Lotion, Bath and Shower Gel, Perfume Stick)","1","amazon.com","Standard Orders","Seller","FALL RIVER","MA","02720-4836","","31.41","0","6.25","0","0","0","0","0","0","0","0","-5.65","0","0","0","32.01"
"Mar 13, 2017 1:33:53 PM PDT","6312520551","Shipping Services","113-8685989-7337839","","Shipping Label Purchased through Amazon","","","Standard Orders","","","","","","0","0","0","0","0","0","0","0","0","0","0","0","0","0","-6.56","-6.56"
"Mar 13, 2017 1:34:26 PM PDT","6312520551","Order","114-3642744-9700249","IU-NGMR-DKVD","Christian Dior Hypnotic Poison Eau De Parfum Spray for Women , 3.4 Fluid Ounce","1","amazon.com","Standard Orders","Seller","WESTMINSTER","CA","92683-6529","","85.00","0","5.24","0","0","0","0","0","0","0","0","-13.54","0","0","0","76.70"
"Mar 13, 2017 1:34:56 PM PDT","6312520551","Shipping Services","114-3642744-9700249","","Shipping Label Purchased through Amazon","","","Standard Orders","","","","","","0","0","0","0","0","0","0","0","0","0","0","0","0","0","-4.19","-4.19"
"Mar 13, 2017 1:36:23 PM PDT","6312520551","Order","109-7534290-3976242","05-G5QO-H08H","JEAN PAUL GAULTIER Cologne for Men, EDT Fragrance Spray, Male Scent, 2.5 oz","1","amazon.com","Standard Orders","Seller","White Plains","N.Y.","10607","","49.88","0","5.24","0","0","0","0","0","0","0","0","-8.27","0","0","0","46.85"
"Mar 13, 2017 1:37:01 PM PDT","6312520551","Shipping Services","109-7534290-3976242","","Shipping Label Purchased through Amazon","","","Standard Orders","","","","","","0","0","0","0","0","0","0","0","0","0","0","0","0","0","-4.18","-4.18"
"Mar 13, 2017 1:37:30 PM PDT","6312520551","Order","108-9418716-0346601","DE-DIB0-KEZR","Paris Hilton Sheer By Paris Hilton For Women Eau De Parfum Spray, 1.7-Ounce","4","amazon.com","Standard Orders","Seller","LONG BEACH","CALIFORNIA","90802-6350","","68.00","0","11.39","0","0","0","0","0","0","0","0","-11.92","0","0","0","67.47"
"Mar 13, 2017 1:38:09 PM PDT","6312520551","Shipping Services","108-9418716-0346601","","Shipping Label Purchased through Amazon","","","Standard Orders","","","","","","0","0","0","0","0","0","0","0","0","0","0","0","0","0","-6.20","-6.20"
"Mar 13, 2017 1:40:04 PM PDT","6312520551","Order","108-1525950-8768254","VQ-3EX0-LMJP","Parfums Rivera Night Dreams Eau de Parfum Spray, 3.4 Ounce","1","amazon.com","Standard Orders","Seller","MIAMI","FL","33167-3127","","15.85","0","5.94","0","0","0","0","0","0","0","0","-3.27","0","0","0","18.52"
"Mar 13, 2017 1:40:42 PM PDT","6312520551","Shipping Services","108-1525950-8768254","","Shipping Label Purchased through Amazon","","","Standard Orders","","","","","","0","0","0","0","0","0","0","0","0","0","0","0","0","0","-6.05","-6.05"
"Mar 13, 2017 1:41:27 PM PDT","6312520551","Order","107-6196540-0573815","MH-E253-RB4H","LALIQUE by Lalique Eau De Parfum Spray (Lion) 4.2 oz for Men","1","amazon.com","Standard Orders","Seller","PLEASANTON","CA","94588-3675","","30.00","0","5.39","0","0","0","0","0","0","0","0","-5.31","0","0","0","30.08"
"Mar 13, 2017 1:42:03 PM PDT","6312520551","Shipping Services","107-6196540-0573815","","Shipping Label Purchased through Amazon","","","Standard Orders","","","","","","0","0","0","0","0","0","0","0","0","0","0","0","0","0","-4.46","-4.46"
"Mar 13, 2017 1:43:00 PM PDT","6312520551","Order","106-9658937-6897847","KL-8PVL-1OE5","TABU EAU DE COLOGNE SPRAY IN VIOLIN BOTTLE 3.0 FL. OZ. BY DANA CLASSIC FRAGRANCES","1","amazon.com","Standard Orders","Seller","Hyde Park","NY","12538-2938","","13.00","0","5.09","0","0","0","0","0","0","0","0","-2.71","0","0","0","15.38"
"Mar 13, 2017 1:43:27 PM PDT","6312520551","Shipping Services","106-9658937-6897847","","Shipping Label Purchased through Amazon","","","Standard Orders","","","","","","0","0","0","0","0","0","0","0","0","0","0","0","0","0","-3.90","-3.90"
"Mar 13, 2017 1:45:24 PM PDT","6312520551","Order","106-0822675-7686611","BF-2O4Q-JYRE","Paco Rabanne 1 million Cologne for Men 6.8 oz Eau De Toilette Spray","1","amazon.com","Standard Orders","Seller","PACIFICA","CA","94044-3218","","82.97","0","4.49","0","0","0","0","0","0","0","0","-13.12","0","0","0","74.34"
"Mar 13, 2017 1:46:01 PM PDT","6312520551","Shipping Services","106-0822675-7686611","","Shipping Label Purchased through Amazon","","","Standard Orders","","","","","","0","0","0","0","0","0","0","0","0","0","0","0","0","0","-6.20","-6.20"
"Mar 13, 2017 1:49:00 PM PDT","6312520551","Order","105-9896753-4097024","C2-QMD3-7JY4","Lady Million by Paco Rabanne Women's Eau De Parfum Spray 2.7 oz - 100% Authentic","1","amazon.com","Standard Orders","Seller","ROUND LAKE BEACH","ILLINOIS","60073-4175","","58.09","0","5.49","0","0","0","0","0","0","0","0","-9.54","0","0","0","54.04"
"Mar 13, 2017 1:49:38 PM PDT","6312520551","Shipping Services","105-9896753-4097024","","Shipping Label Purchased through Amazon","","","Standard Orders","","","","","","0","0","0","0","0","0","0","0","0","0","0","0","0","0","-4.19","-4.19"
"Mar 13, 2017 1:50:09 PM PDT","6312520551","Order","106-0052882-8686603","C2-QMD3-7JY4","Lady Million by Paco Rabanne Women's Eau De Parfum Spray 2.7 oz - 100% Authentic","1","amazon.com","Standard Orders","Seller","MILWAUKEE","WI","53202-2584","","57.99","0","5.49","0","0","0","0","0","0","0","0","-9.52","0","0","0","53.96"
"Mar 13, 2017 1:50:47 PM PDT","6312520551","Shipping Services","106-0052882-8686603","","Shipping Label Purchased through Amazon","","","Standard Orders","","","","","","0","0","0","0","0","0","0","0","0","0","0","0","0","0","-4.19","-4.19"
"Mar 13, 2017 1:52:03 PM PDT","6312520551","Shipping Services","105-4360222-0255466","","Shipping Label Purchased through Amazon","","","Standard Orders","","","","","","0","0","0","0","0","0","0","0","0","0","0","0","0","0","-4.19","-4.19"
"Mar 13, 2017 1:53:59 PM PDT","6312520551","Order","104-3887370-5633833","AZ-P8G8-8YEZ","Jennifer Lopez Deseo By Jennifer Lopez For Women. Eau De Parfum Spray 1.7-Ounces","4","amazon.com","Standard Orders","Seller","ETHRIDGE","TN","38456-7029","","88.04","0","6.45","0","0","0","0","0","0","0","0","-14.16","0","0","0","80.33"
"Mar 13, 2017 1:54:37 PM PDT","6312520551","Shipping Services","104-3887370-5633833","","Shipping Label Purchased through Amazon","","","Standard Orders","","","","","","0","0","0","0","0","0","0","0","0","0","0","0","0","0","-6.70","-6.70"
"Mar 13, 2017 1:55:04 PM PDT","6312520551","Order","103-8042358-4648233","C2-QMD3-7JY4","Lady Million by Paco Rabanne Women's Eau De Parfum Spray 2.7 oz - 100% Authentic","1","amazon.com","Standard Orders","Seller","WINSTON SALEM","NC","27106-2339","","57.99","0","5.49","0","0","0","0","0","0","0","0","-9.52","0","0","0","53.96"
"Mar 13, 2017 1:55:38 PM PDT","6312520551","Shipping Services","103-8042358-4648233","","Shipping Label Purchased through Amazon","","","Standard Orders","","","","","","0","0","0","0","0","0","0","0","0","0","0","0","0","0","-4.19","-4.19"
"Mar 13, 2017 1:56:21 PM PDT","6312520551","Order","103-3826663-8762663","B0-30LP-CY8E","Jessica Simpson Fancy Love  Gift Set for Women (Eau de Parfum Spray 3.4 Ounce, Lotion 4 Ounce, Lotion 3 Ounce, Bath and Shower Cream, Eau de Parfum Sp","1","amazon.com","Standard Orders","Seller","HORACE","ND","58047-9777","","51.20","0","6.89","0","0","0","0","0","0","0","0","-8.71","0","0","0","49.38"
"Mar 13, 2017 1:56:59 PM PDT","6312520551","Shipping Services","103-3826663-8762663","","Shipping Label Purchased through Amazon","","","Standard Orders","","","","","","0","0","0","0","0","0","0","0","0","0","0","0","0","0","-7.11","-7.11"
"Mar 13, 2017 1:58:10 PM PDT","6312520551","Order","105-9268981-4233836","Y8-47ZI-IQRV","Liz Claiborne Women's Mambo 3-Piece Gift Set","1","amazon.com","Standard Orders","Seller","EAST ORANGE","NJ","07018-2701","","27.79","0","6.14","0","0","0","0","0","0","0","0","-5.09","0","0","0","28.84"
"Mar 13, 2017 1:58:49 PM PDT","6312520551","Shipping Services","105-9268981-4233836","","Shipping Label Purchased through Amazon","","","Standard Orders","","","","","","0","0","0","0","0","0","0","0","0","0","0","0","0","0","-6.05","-6.05"
"Mar 13, 2017 1:59:05 PM PDT","6312520551","Order","103-2368764-8582652","C7-6Y6H-8ED9","JEAN PAUL GAULTIER by Jean Paul Gaultier - Women - Eau De Parfum Spray 3.3 oz","1","amazon.com","Standard Orders","Seller","BRISTOL","CT","06010-4753","","74.69","0","5.24","0","0","0","0","0","0","0","0","-11.99","0","0","0","67.94"
"Mar 13, 2017 1:59:44 PM PDT","6312520551","Shipping Services","103-2368764-8582652","","Shipping Label Purchased through Amazon","","","Standard Orders","","","","","","0","0","0","0","0","0","0","0","0","0","0","0","0","0","-4.61","-4.61"
"Mar 13, 2017 2:00:36 PM PDT","6312520551","Order","102-9888096-1114657","5N-570F-UTZV","TrésorL'eau De Parfum (50 Ml/1.7 Oz)Trésor","1","amazon.com","Standard Orders","Seller","OWEGO","NY","13827-2705","","63.99","0","4.49","0","0","0","0","0","0","0","0","-10.27","0","0","0","58.21"
"Mar 13, 2017 2:01:13 PM PDT","6312520551","Shipping Services","102-9888096-1114657","","Shipping Label Purchased through Amazon","","","Standard Orders","","","","","","0","0","0","0","0","0","0","0","0","0","0","0","0","0","-3.77","-3.77"
"Mar 13, 2017 2:02:07 PM PDT","6312520551","Order","105-4360222-0255466","C2-QMD3-7JY4","Lady Million by Paco Rabanne Women's Eau De Parfum Spray 2.7 oz - 100% Authentic","1","amazon.com","Standard Orders","Seller","NEW YORK","NY","10016-9043","","57.99","0","5.49","0","0","0","0","0","0","0","0","-9.52","0","0","0","53.96"
"Mar 13, 2017 2:02:57 PM PDT","6312520551","Order","102-5347040-3786617","QL-VRCG-N5QH","Nautica Aqua Rush Gold Eau de Toilette Spray for Men, 3.4 Ounce","1","amazon.com","Standard Orders","Seller","MIAMI","FL","33172-2191","","16.22","0","5.19","0","0","0","0","0","0","0","0","-3.21","0","0","0","18.20"
"Mar 13, 2017 2:03:33 PM PDT","6312520551","Shipping Services","102-5347040-3786617","","Shipping Label Purchased through Amazon","","","Standard Orders","","","","","","0","0","0","0","0","0","0","0","0","0","0","0","0","0","-4.18","-4.18"
"Mar 13, 2017 2:04:57 PM PDT","6312520551","Order","002-1105287-9885867","2L-YX0W-CS37","Johan B Merveille Eau De Parfum Spray for Women, 3.4 Ounce","1","amazon.com","Standard Orders","Seller","UNION CITY","GA","30291-3436","","23.62","0","5.34","0","0","0","0","0","0","0","0","-4.34","0","0","0","24.62"
"Mar 13, 2017 2:05:35 PM PDT","6312520551","Shipping Services","002-1105287-9885867","","Shipping Label Purchased through Amazon","","","Standard Orders","","","","","","0","0","0","0","0","0","0","0","0","0","0","0","0","0","-4.46","-4.46"
"Mar 13, 2017 2:06:27 PM PDT","6312520551","Order","116-0138943-9837025","WJ-7IQQ-JNE1","Glow After Dark By Jennifer Lopez For Women. Eau De Toilette Spray 3.4 oz","1","amazon.com","Standard Orders","Seller","BAY VILLAGE","OH","44140-2852","","29.17","0","5.20","0","0","0","0","0","0","0","0","-5.16","0","0","0","29.21"
"Mar 13, 2017 2:07:06 PM PDT","6312520551","Shipping Services","116-0138943-9837025","","Shipping Label Purchased through Amazon","","","Standard Orders","","","","","","0","0","0","0","0","0","0","0","0","0","0","0","0","0","-4.04","-4.04"
"Mar 13, 2017 2:08:52 PM PDT","6312520551","Order","116-9896562-8117045","C8-IKTB-3HPZ","Light Blué Women Gift Set 3.3 oz Eau De Toilette Spray + 3.4 oz Body Cream + 3.4 oz Shower.","1","amazon.com","Standard Orders","Seller","CARLOS","MN","56319-8194","","85.10","0","4.49","0","0","0","0","0","0","0","0","-13.44","0","0","0","76.15"
"Mar 13, 2017 2:09:30 PM PDT","6312520551","Shipping Services","116-9896562-8117045","","Shipping Label Purchased through Amazon","","","Standard Orders","","","","","","0","0","0","0","0","0","0","0","0","0","0","0","0","0","-7.11","-7.11"
"Mar 13, 2017 2:09:51 PM PDT","6312520551","Order","107-4780017-8361005","C8-IKTB-3HPZ","Light Blué Women Gift Set 3.3 oz Eau De Toilette Spray + 3.4 oz Body Cream + 3.4 oz Shower.","1","amazon.com","Standard Orders","Seller","DALLAS","TX","75208-3033","","85.10","0","4.49","0","0","0","0","0","0","0","0","-13.44","0","0","0","76.15"
"Mar 13, 2017 2:10:29 PM PDT","6312520551","Shipping Services","107-4780017-8361005","","Shipping Label Purchased through Amazon","","","Standard Orders","","","","","","0","0","0","0","0","0","0","0","0","0","0","0","0","0","-7.11","-7.11"
"Mar 13, 2017 2:10:56 PM PDT","6312520551","Order","108-6016594-7841037","W4-6TKK-M8MV","BRUT by Faberge Cologne Spray (Original-Glass Bottle) 3 oz","1","amazon.com","Standard Orders","Seller","NORTH ROYALTON","OH","44133-2729","","9.94","0","5.00","0","0","0","0","0","0","0","0","-2.24","0","0","0","12.70"
"Mar 13, 2017 2:11:32 PM PDT","6312520551","Shipping Services","108-6016594-7841037","","Shipping Label Purchased through Amazon","","","Standard Orders","","","","","","0","0","0","0","0","0","0","0","0","0","0","0","0","0","-3.76","-3.76"
"Mar 13, 2017 2:12:42 PM PDT","6312520551","Order","102-3765102-9615416","WJ-7IQQ-JNE1","Glow After Dark By Jennifer Lopez For Women. Eau De Toilette Spray 3.4 oz","1","amazon.com","Standard Orders","Seller","BEACH PARK","IL","60087-1636","","29.17","0","5.20","0","0","0","0","0","0","0","0","-5.16","0","0","0","29.21"
"Mar 13, 2017 2:13:21 PM PDT","6312520551","Shipping Services","102-3765102-9615416","","Shipping Label Purchased through Amazon","","","Standard Orders","","","","","","0","0","0","0","0","0","0","0","0","0","0","0","0","0","-4.04","-4.04"
"Mar 13, 2017 2:13:57 PM PDT","6312520551","Order","103-1312028-0515437","C8-IKTB-3HPZ","Light Blué Women Gift Set 3.3 oz Eau De Toilette Spray + 3.4 oz Body Cream + 3.4 oz Shower.","1","amazon.com","Standard Orders","Seller","NORCROSS","GA","30092-2623","","85.10","0","4.49","0","0","0","0","0","0","0","0","-13.44","0","0","0","76.15"
"Mar 13, 2017 2:14:36 PM PDT","6312520551","Shipping Services","103-1312028-0515437","","Shipping Label Purchased through Amazon","","","Standard Orders","","","","","","0","0","0","0","0","0","0","0","0","0","0","0","0","0","-6.98","-6.98"
"Mar 13, 2017 2:15:17 PM PDT","6312520551","Order","116-7023416-6563402","5R-2LX9-BGJ3","Jessica Mcclintock 2 Piece Gift Set for Women","1","amazon.com","Standard Orders","Seller","MONGMONG","GU","96910-2042","","59.75","0","6.19","0","0","0","0","0","0","0","0","-9.89","0","0","0","56.05"
"Mar 13, 2017 2:15:55 PM PDT","6312520551","Shipping Services","116-7023416-6563402","","Shipping Label Purchased through Amazon","","","Standard Orders","","","","","","0","0","0","0","0","0","0","0","0","0","0","0","0","0","-7.49","-7.49"
"Mar 13, 2017 2:19:04 PM PDT","6312520551","Order","108-1757628-9073814","74-DRG6-NKAA","Estee Lauder Purse Beautiful Eau de Parfum Spray for Women, 6 Count","1","amazon.com","Standard Orders","Seller","FAIRVIEW","PA","16415-1244","","59.49","0","5.09","0","0","0","0","0","0","0","0","-9.69","0","0","0","54.89"
"Mar 13, 2017 2:19:42 PM PDT","6312520551","Shipping Services","108-1757628-9073814","","Shipping Label Purchased through Amazon","","","Standard Orders","","","","","","0","0","0","0","0","0","0","0","0","0","0","0","0","0","-4.33","-4.33"
"Mar 13, 2017 2:21:50 PM PDT","6312520551","Shipping Services","113-1492655-8904217","","Shipping Label Purchased through Amazon","","","Standard Orders","","","","","","0","0","0","0","0","0","0","0","0","0","0","0","0","0","-8.05","-8.05"
"Mar 13, 2017 2:22:45 PM PDT","6312520551","Order","102-0044190-9898614","DT-GQQP-NJQJ","Thé Oné 3.4oz Eau De Parfum Sprày MéN by Dolcé ànd Gàbbànà","1","amazon.com","Standard Orders","Seller","New Britain","CT","06053","","69.44","0","4.49","0","0","0","0","0","0","0","0","-11.09","0","0","0","62.84"
"Mar 13, 2017 2:23:24 PM PDT","6312520551","Shipping Services","102-0044190-9898614","","Shipping Label Purchased through Amazon","","","Standard Orders","","","","","","0","0","0","0","0","0","0","0","0","0","0","0","0","0","-6.20","-6.20"
"Mar 13, 2017 2:29:24 PM PDT","6312520551","Order","113-1492655-8904217","BL-T5K9-7G6S","Diesel Plus Plus 2.5oz 3pc Gift Set for Man","3","amazon.com","Standard Orders","Seller","Long Island City","NY","11106","","58.50","0","10.43","0","0","0","0","0","0","0","0","-10.35","0","0","0","58.58"
"Mar 13, 2017 5:13:35 PM PDT","6312520551","Order","114-0114919-7875426","IU-NGMR-DKVD","Christian Dior Hypnotic Poison Eau De Parfum Spray for Women , 3.4 Fluid Ounce","1","amazon.com","Standard Orders","Seller","WESTMINSTER","CA","92683-6529","","85.00","0","5.24","0","0","0","0","0","0","0","0","-13.54","0","0","0","76.70"
"Mar 13, 2017 5:14:14 PM PDT","6312520551","Shipping Services","114-0114919-7875426","","Shipping Label Purchased through Amazon","","","Standard Orders","","","","","","0","0","0","0","0","0","0","0","0","0","0","0","0","0","-4.19","-4.19"
"Mar 13, 2017 5:25:10 PM PDT","6312520551","Order","107-2750019-5433811","4L-HLO9-1FMP","Kenneth Cole Black By Kenneth Cole For Men","1","amazon.com","Standard Orders","Seller","SOUTHLAKE","TEXAS","76092-7913","","27.00","0","5.15","0","0","0","0","0","0","0","0","-4.82","0","0","0","27.33"
"Mar 13, 2017 5:25:51 PM PDT","6312520551","Shipping Services","107-2750019-5433811","","Shipping Label Purchased through Amazon","","","Standard Orders","","","","","","0","0","0","0","0","0","0","0","0","0","0","0","0","0","-4.04","-4.04"
"Mar 13, 2017 5:27:59 PM PDT","6312520551","Order","106-3239986-8137010","1O-YSQR-VEK9","1 Million Fragrance By Paco Rabanne 3pc Travel Edition Gift Set . 3.4 Fl.Oz. Eau De Toilette Spray + 3.4 S/G Men+15ml spray Mini For Men","1","amazon.com","Standard Orders","Seller","Sonoma","CA","95476","","70.77","0","4.49","0","0","0","0","0","0","0","0","-11.29","0","0","0","63.97"
"Mar 13, 2017 5:28:36 PM PDT","6312520551","Shipping Services","106-3239986-8137010","","Shipping Label Purchased through Amazon","","","Standard Orders","","","","","","0","0","0","0","0","0","0","0","0","0","0","0","0","0","-7.49","-7.49"
"Mar 13, 2017 5:30:12 PM PDT","6312520551","Order","106-2940379-8679431","YI-Q248-ZGRN","Double Diamond 3.4 Eau De Perfume Spray Women","4","amazon.com","Standard Orders","Seller","Roseville","California","95661","","25.16","0","9.29","0","0","0","0","0","0","0","0","-5.16","0","0","0","29.29"
"Mar 13, 2017 5:31:02 PM PDT","6312520551","Shipping Services","106-2940379-8679431","","Shipping Label Purchased through Amazon","","","Standard Orders","","","","","","0","0","0","0","0","0","0","0","0","0","0","0","0","0","-6.55","-6.55"
"Mar 13, 2017 5:31:47 PM PDT","6312520551","Order","104-5639014-7641059","UF-YMF1-FZD8","Jessica Mcclintock Number 3 by Jessica McClintock, 3.4 oz Eau de Parfum Spray for Women","2","amazon.com","Standard Orders","Seller","Oak Lawn","Illinois","60453-3512","","46.00","0","6.49","0","0","0","0","0","0","0","0","-7.88","0","0","0","44.61"
"Mar 13, 2017 5:32:23 PM PDT","6312520551","Shipping Services","104-5639014-7641059","","Shipping Label Purchased through Amazon","","","Standard Orders","","","","","","0","0","0","0","0","0","0","0","0","0","0","0","0","0","-6.05","-6.05"
"Mar 13, 2017 5:33:44 PM PDT","6312520551","Order","102-1921775-6053035","YI-Q248-ZGRN","Double Diamond 3.4 Eau De Perfume Spray Women","1","amazon.com","Standard Orders","Seller","jamaica","NY","11433","","6.29","0","5.69","0","0","0","0","0","0","0","0","-1.80","0","0","0","10.18"
"Mar 13, 2017 5:34:20 PM PDT","6312520551","Shipping Services","102-1921775-6053035","","Shipping Label Purchased through Amazon","","","Standard Orders","","","","","","0","0","0","0","0","0","0","0","0","0","0","0","0","0","-3.90","-3.90"
"Mar 13, 2017 5:36:39 PM PDT","6312520551","Order","102-1584945-4518615","E6-7ICL-MMQ5","Perfume Diable Bleu for Men 3.3 oz EDT by Creation Lamis","3","amazon.com","Standard Orders","Seller","Kennesaw","GA","30144-5177","","21.00","0","6.47","0","0","0","0","0","0","0","0","-4.11","0","0","0","23.36"
"Mar 13, 2017 5:37:17 PM PDT","6312520551","Shipping Services","102-1584945-4518615","","Shipping Label Purchased through Amazon","","","Standard Orders","","","","","","0","0","0","0","0","0","0","0","0","0","0","0","0","0","-6.55","-6.55"
"Mar 13, 2017 5:38:03 PM PDT","6312520551","Order","102-1663311-4901804","IV-RL8L-D8TV","Arsenal Grey FOR MEN by Gilles Cantuel - 3.4 oz EDP Spray (Wood Box)","1","amazon.com","Standard Orders","Seller","PHILADELPHIA","PA","19144-1818","","24.49","0","4.49","0","0","0","0","0","0","0","0","-4.35","0","0","0","24.63"
"Mar 13, 2017 5:38:41 PM PDT","6312520551","Shipping Services","102-1663311-4901804","","Shipping Label Purchased through Amazon","","","Standard Orders","","","","","","0","0","0","0","0","0","0","0","0","0","0","0","0","0","-4.46","-4.46"
"Mar 14, 2017 5:03:22 AM PDT","6313415931","Transfer","","","To your account ending in: 6276, Bank Transfer ID: 091000017119313","","","Standard Orders","","","","","","0","0","0","0","0","0","0","0","0","0","0","0","0","0","-1,289.30","-1,289.30"
"Mar 15, 2017 5:04:25 AM PDT","6314232471","Transfer","","","To your account ending in: 6276, Bank Transfer ID: 091000015037061","","","Standard Orders","","","","","","0","0","0","0","0","0","0","0","0","0","0","0","0","0","-2,100.77","-2,100.77"
"Mar 15, 2017 11:58:34 AM PDT","6314232471","Order","116-2432954-8590660","1O-YSQR-VEK9","1 Million Fragrance By Paco Rabanne 3pc Travel Edition Gift Set . 3.4 Fl.Oz. Eau De Toilette Spray + 3.4 S/G Men+15ml spray Mini For Men","1","amazon.com","Standard Orders","Seller","HIALEAH","FL","33015-6141","","70.77","0","4.49","0","0","0","0","0","0","0","0","-11.29","0","0","0","63.97"
"Mar 15, 2017 11:59:15 AM PDT","6314232471","Shipping Services","116-2432954-8590660","","Shipping Label Purchased through Amazon","","","Standard Orders","","","","","","0","0","0","0","0","0","0","0","0","0","0","0","0","0","-7.11","-7.11"
"Mar 15, 2017 11:59:52 AM PDT","6314232471","Order","115-2375966-0315454","DT-GQQP-NJQJ","Thé Oné 3.4oz Eau De Parfum Sprày MéN by Dolcé ànd Gàbbànà","1","amazon.com","Standard Orders","Seller","DALY CITY","CA","94015-4439","","68.40","0","4.49","0","0","0","0","0","0","0","0","-10.93","0","0","0","61.96"
"Mar 15, 2017 12:00:29 PM PDT","6314232471","Shipping Services","115-2375966-0315454","","Shipping Label Purchased through Amazon","","","Standard Orders","","","","","","0","0","0","0","0","0","0","0","0","0","0","0","0","0","-6.20","-6.20"
"Mar 15, 2017 12:01:16 PM PDT","6314232471","Order","114-3821726-7226601","1O-YSQR-VEK9","1 Million Fragrance By Paco Rabanne 3pc Travel Edition Gift Set . 3.4 Fl.Oz. Eau De Toilette Spray + 3.4 S/G Men+15ml spray Mini For Men","1","amazon.com","Standard Orders","Seller","MIAMI","FLORIDA","33166-2728","","70.77","0","4.49","0","0","0","0","0","0","0","0","-11.29","0","0","0","63.97"
"Mar 15, 2017 12:01:48 PM PDT","6314232471","Shipping Services","114-3821726-7226601","","Shipping Label Purchased through Amazon","","","Standard Orders","","","","","","0","0","0","0","0","0","0","0","0","0","0","0","0","0","-7.11","-7.11"
"Mar 15, 2017 12:02:28 PM PDT","6314232471","Order","112-9481502-8492238","BF-2O4Q-JYRE","Paco Rabanne 1 million Cologne for Men 6.8 oz Eau De Toilette Spray","1","amazon.com","Standard Orders","Seller","BLAINE","MN","55434-1827","","82.81","0","4.49","0","0","0","0","0","0","0","0","-13.10","0","0","0","74.20"
"Mar 15, 2017 12:03:06 PM PDT","6314232471","Shipping Services","112-9481502-8492238","","Shipping Label Purchased through Amazon","","","Standard Orders","","","","","","0","0","0","0","0","0","0","0","0","0","0","0","0","0","-6.20","-6.20"
"Mar 15, 2017 12:05:43 PM PDT","6314232471","Order","112-8102381-8192209","QX-WEGU-J8B7","Nicole Miller Frenzy Perfume Eau de Parfum Spray for Women, 3.4 Ounce","1","amazon.com","Standard Orders","Seller","CENTERVILLE","LA","70522","","54.57","0","10.27","0","0","0","0","0","0","0","0","-9.73","0","0","0","55.11"
"Mar 15, 2017 12:06:21 PM PDT","6314232471","Shipping Services","112-8102381-8192209","","Shipping Label Purchased through Amazon","","","Standard Orders","","","","","","0","0","0","0","0","0","0","0","0","0","0","0","0","0","-6.20","-6.20"
"Mar 15, 2017 12:07:17 PM PDT","6314232471","Order","111-0173313-3873809","C2-QMD3-7JY4","Lady Million by Paco Rabanne Women's Eau De Parfum Spray 2.7 oz - 100% Authentic","2","amazon.com","Standard Orders","Seller","FRISCO","TX","75035-8959","","115.98","0","6.49","0","0","0","0","0","0","0","0","-18.38","0","0","0","104.09"
"Mar 15, 2017 12:07:51 PM PDT","6314232471","Shipping Services","111-0173313-3873809","","Shipping Label Purchased through Amazon","","","Standard Orders","","","","","","0","0","0","0","0","0","0","0","0","0","0","0","0","0","-7.56","-7.56"
"Mar 15, 2017 12:08:50 PM PDT","6314232471","Order","107-2247224-4993859","BF-2O4Q-JYRE","Paco Rabanne 1 million Cologne for Men 6.8 oz Eau De Toilette Spray","1","amazon.com","Standard Orders","Seller","MACON","GA","31210-1240","","82.91","0","8.99","0","0","0","0","0","0","0","0","-13.79","0","0","0","78.11"
"Mar 15, 2017 12:09:28 PM PDT","6314232471","Shipping Services","107-2247224-4993859","","Shipping Label Purchased through Amazon","","","Standard Orders","","","","","","0","0","0","0","0","0","0","0","0","0","0","0","0","0","-6.20","-6.20"
"Mar 15, 2017 12:10:33 PM PDT","6314232471","Order","116-4697614-6715417","IU-NGMR-DKVD","Christian Dior Hypnotic Poison Eau De Parfum Spray for Women , 3.4 Fluid Ounce","1","amazon.com","Standard Orders","Seller","ALEXANDRIA","LOUISIANA","71303-4619","","85.00","0","5.24","0","0","0","0","0","0","0","0","-13.54","0","0","0","76.70"
"Mar 15, 2017 12:11:10 PM PDT","6314232471","Shipping Services","116-4697614-6715417","","Shipping Label Purchased through Amazon","","","Standard Orders","","","","","","0","0","0","0","0","0","0","0","0","0","0","0","0","0","-4.19","-4.19"
"Mar 15, 2017 12:12:17 PM PDT","6314232471","Order","116-0535905-1327417","BL-T5K9-7G6S","Diesel Plus Plus 2.5oz 3pc Gift Set for Man","1","amazon.com","Standard Orders","Seller","BRENTWOOD","NY","11717","","19.50","0","6.47","0","0","0","0","0","0","0","0","-3.90","0","0","0","22.07"
"Mar 15, 2017 12:12:54 PM PDT","6314232471","Shipping Services","116-0535905-1327417","","Shipping Label Purchased through Amazon","","","Standard Orders","","","","","","0","0","0","0","0","0","0","0","0","0","0","0","0","0","-6.05","-6.05"
"Mar 15, 2017 12:15:25 PM PDT","6314232471","Order","115-8422462-8305848","YI-Q248-ZGRN","Double Diamond 3.4 Eau De Perfume Spray Women","1","amazon.com","Standard Orders","Seller","MIAMI","FL","33195-2133","","6.29","0","5.69","0","0","0","0","0","0","0","0","-1.80","0","0","0","10.18"
"Mar 15, 2017 12:16:01 PM PDT","6314232471","Shipping Services","115-8422462-8305848","","Shipping Label Purchased through Amazon","","","Standard Orders","","","","","","0","0","0","0","0","0","0","0","0","0","0","0","0","0","-3.90","-3.90"
"Mar 15, 2017 12:16:48 PM PDT","6314232471","Order","114-6023059-1733028","2L-YX0W-CS37","Johan B Merveille Eau De Parfum Spray for Women, 3.4 Ounce","1","amazon.com","Standard Orders","Seller","ORANGE PARK","FL","32065-7326","","24.63","0","5.34","0","0","0","0","0","0","0","0","-4.50","0","0","0","25.47"
"Mar 15, 2017 12:17:25 PM PDT","6314232471","Shipping Services","114-6023059-1733028","","Shipping Label Purchased through Amazon","","","Standard Orders","","","","","","0","0","0","0","0","0","0","0","0","0","0","0","0","0","-4.46","-4.46"
"Mar 15, 2017 12:18:03 PM PDT","6314232471","Order","113-2692680-2521847","JK-130P-A3PQ","Tiamo by Parfum Blaze Eau De Toilette Spray 3.4 oz","1","amazon.com","Standard Orders","Seller","UPPER MARLBORO","MD","20772-4355","","12.48","0","5.49","0","0","0","0","0","0","0","0","-2.70","0","0","0","15.27"
"Mar 15, 2017 12:18:40 PM PDT","6314232471","Shipping Services","113-2692680-2521847","","Shipping Label Purchased through Amazon","","","Standard Orders","","","","","","0","0","0","0","0","0","0","0","0","0","0","0","0","0","-4.46","-4.46"
"Mar 15, 2017 12:19:20 PM PDT","6314232471","Order","113-2035250-6684260","OS-I26L-G8FT","Gwen Stefani L By Gwen Stefani For Women. Eau De Parfum Spray 1.7-Ounces","1","amazon.com","Standard Orders","Seller","Magnolia","TX","77354-5299","","17.82","0","5.15","0","0","0","0","0","0","0","0","-3.45","0","0","0","19.52"
"Mar 15, 2017 12:19:58 PM PDT","6314232471","Shipping Services","113-2035250-6684260","","Shipping Label Purchased through Amazon","","","Standard Orders","","","","","","0","0","0","0","0","0","0","0","0","0","0","0","0","0","-4.04","-4.04"
"Mar 15, 2017 12:22:32 PM PDT","6314232471","Order","109-1654830-8502668","WJ-7IQQ-JNE1","Glow After Dark By Jennifer Lopez For Women. Eau De Toilette Spray 3.4 oz","1","amazon.com","Standard Orders","Seller","MOORPARK","CA","93021-4121","","29.17","0","10.06","0","0","0","0","0","0","0","0","-5.88","0","0","0","33.35"
"Mar 15, 2017 12:23:09 PM PDT","6314232471","Shipping Services","109-1654830-8502668","","Shipping Label Purchased through Amazon","","","Standard Orders","","","","","","0","0","0","0","0","0","0","0","0","0","0","0","0","0","-6.05","-6.05"
"Mar 15, 2017 12:25:20 PM PDT","6314232471","Order","108-9774524-9965023","UY-T92D-JIMV","Dis-lui Extreme Pour Homme 3.4 Oz Eau De Parfum Spray for Men","1","amazon.com","Standard Orders","Seller","SOUTH LAKE TAHOE","CA","96151-0101","","5.00","0","5.49","0","0","0","0","0","0","0","0","-1.57","0","0","0","8.92"
"Mar 15, 2017 12:25:56 PM PDT","6314232471","Shipping Services","108-9774524-9965023","","Shipping Label Purchased through Amazon","","","Standard Orders","","","","","","0","0","0","0","0","0","0","0","0","0","0","0","0","0","-4.04","-4.04"
"Mar 15, 2017 12:27:12 PM PDT","6314232471","Order","107-2512211-0325845","UY-ZSE7-Y1L9","Magic Dreams Women Eau De Parfume Spray by Parfums Rivera, 3.4 Ounce","2","amazon.com","Standard Orders","Seller","san francisco","CA","94102","","20.58","0","6.89","0","0","0","0","0","0","0","0","-4.12","0","0","0","23.35"
"Mar 15, 2017 12:27:49 PM PDT","6314232471","Shipping Services","107-2512211-0325845","","Shipping Label Purchased through Amazon","","","Standard Orders","","","","","","0","0","0","0","0","0","0","0","0","0","0","0","0","0","-7.34","-7.34"
"Mar 15, 2017 12:28:22 PM PDT","6314232471","Order","107-3643106-5448233","N6-T97C-HZ2W","INSURRECTION by Reyane Tradition Men's Eau De Toilette Spray 3.4 oz - 100% Authentic","2","amazon.com","Standard Orders","Seller","STOCKBRIDGE","GA","30281-0940","","32.00","0","6.49","0","0","0","0","0","0","0","0","-5.78","0","0","0","32.71"
"Mar 15, 2017 12:29:12 PM PDT","6314232471","Shipping Services","107-3643106-5448233","","Shipping Label Purchased through Amazon","","","Standard Orders","","","","","","0","0","0","0","0","0","0","0","0","0","0","0","0","0","-6.55","-6.55"
"Mar 15, 2017 12:30:06 PM PDT","6314232471","Order","106-0498073-4473856","JK-130P-A3PQ","Tiamo by Parfum Blaze Eau De Toilette Spray 3.4 oz","1","amazon.com","Standard Orders","Seller","BRONX","NY","10469-2721","","12.48","0","5.49","0","0","0","0","0","0","0","0","-2.70","0","0","0","15.27"
"Mar 15, 2017 12:30:44 PM PDT","6314232471","Shipping Services","106-0498073-4473856","","Shipping Label Purchased through Amazon","","","Standard Orders","","","","","","0","0","0","0","0","0","0","0","0","0","0","0","0","0","-4.46","-4.46"
"Mar 15, 2017 12:32:22 PM PDT","6314232471","Order","105-8205717-0676246","JK-130P-A3PQ","Tiamo by Parfum Blaze Eau De Toilette Spray 3.4 oz","1","amazon.com","Standard Orders","Seller","ROCKVILLE","MD","20851-2046","","12.48","0","5.49","0","0","0","0","0","0","0","0","-2.70","0","0","0","15.27"
"Mar 15, 2017 12:33:00 PM PDT","6314232471","Shipping Services","105-8205717-0676246","","Shipping Label Purchased through Amazon","","","Standard Orders","","","","","","0","0","0","0","0","0","0","0","0","0","0","0","0","0","-4.46","-4.46"
"Mar 15, 2017 12:44:15 PM PDT","6314232471","Order","105-6164894-0017853","N6-T97C-HZ2W","INSURRECTION by Reyane Tradition Men's Eau De Toilette Spray 3.4 oz - 100% Authentic","1","amazon.com","Standard Orders","Seller","PEARLAND","TEXAS","77584-8246","","16.00","0","5.49","0","0","0","0","0","0","0","0","-3.22","0","0","0","18.27"
"Mar 15, 2017 12:44:53 PM PDT","6314232471","Shipping Services","105-6164894-0017853","","Shipping Label Purchased through Amazon","","","Standard Orders","","","","","","0","0","0","0","0","0","0","0","0","0","0","0","0","0","-4.46","-4.46"
"Mar 15, 2017 12:55:09 PM PDT","6314232471","Order","115-0302773-0091463","B0-30LP-CY8E","Jessica Simpson Fancy Love  Gift Set for Women (Eau de Parfum Spray 3.4 Ounce, Lotion 4 Ounce, Lotion 3 Ounce, Bath and Shower Cream, Eau de Parfum Sp","1","amazon.com","Standard Orders","Seller","EASTON","PA","18042-4155","","50.72","0","12.59","0","0","0","0","0","0","0","0","-9.50","0","0","0","53.81"
"Mar 15, 2017 12:55:48 PM PDT","6314232471","Shipping Services","115-0302773-0091463","","Shipping Label Purchased through Amazon","","","Standard Orders","","","","","","0","0","0","0","0","0","0","0","0","0","0","0","0","0","-6.20","-6.20"
"Mar 15, 2017 12:56:27 PM PDT","6314232471","Order","106-6516437-5202668","C7-6Y6H-8ED9","JEAN PAUL GAULTIER by Jean Paul Gaultier - Women - Eau De Parfum Spray 3.3 oz","1","amazon.com","Standard Orders","Seller","Alexandria","VA","22304","","74.69","0","5.24","0","0","0","0","0","0","0","0","-11.99","0","0","0","67.94"
"Mar 15, 2017 12:57:04 PM PDT","6314232471","Shipping Services","106-6516437-5202668","","Shipping Label Purchased through Amazon","","","Standard Orders","","","","","","0","0","0","0","0","0","0","0","0","0","0","0","0","0","-4.61","-4.61"
"Mar 15, 2017 12:58:48 PM PDT","6314232471","Order","106-2522765-3729809","5N-570F-UTZV","TrésorL'eau De Parfum (50 Ml/1.7 Oz)Trésor","1","amazon.com","Standard Orders","Seller","SOUTHAMPTON","NY","11969-0241","","63.99","0","4.49","0","0","0","0","0","0","0","0","-10.27","0","0","0","58.21"
"Mar 15, 2017 12:59:23 PM PDT","6314232471","Shipping Services","106-2522765-3729809","","Shipping Label Purchased through Amazon","","","Standard Orders","","","","","","0","0","0","0","0","0","0","0","0","0","0","0","0","0","-3.77","-3.77"
"Mar 15, 2017 1:00:39 PM PDT","6314232471","Order","104-9408694-5919417","1O-YSQR-VEK9","1 Million Fragrance By Paco Rabanne 3pc Travel Edition Gift Set . 3.4 Fl.Oz. Eau De Toilette Spray + 3.4 S/G Men+15ml spray Mini For Men","1","amazon.com","Standard Orders","Seller","WASHINGTON","DC","20012-2016","","70.77","0","4.49","0","0","0","0","0","0","0","0","-11.29","0","0","0","63.97"
"Mar 15, 2017 1:01:16 PM PDT","6314232471","Shipping Services","104-9408694-5919417","","Shipping Label Purchased through Amazon","","","Standard Orders","","","","","","0","0","0","0","0","0","0","0","0","0","0","0","0","0","-6.71","-6.71"
"Mar 15, 2017 1:02:13 PM PDT","6314232471","Order","104-4048274-6647403","DE-DIB0-KEZR","Paris Hilton Sheer By Paris Hilton For Women Eau De Parfum Spray, 1.7-Ounce","1","amazon.com","Standard Orders","Seller","CLEARLAKE","CA","95422-9402","","17.29","0","4.89","0","0","0","0","0","0","0","0","-3.33","0","0","0","18.85"
"Mar 15, 2017 1:02:48 PM PDT","6314232471","Shipping Services","104-4048274-6647403","","Shipping Label Purchased through Amazon","","","Standard Orders","","","","","","0","0","0","0","0","0","0","0","0","0","0","0","0","0","-3.07","-3.07"
"Mar 15, 2017 1:05:26 PM PDT","6314232471","Order","002-1715659-2683458","DE-DIB0-KEZR","Paris Hilton Sheer By Paris Hilton For Women Eau De Parfum Spray, 1.7-Ounce","1","amazon.com","Standard Orders","Seller","VALLEJO","CA","94591-3639","","17.29","0","4.89","0","0","0","0","0","0","0","0","-3.33","0","0","0","18.85"
"Mar 15, 2017 1:06:02 PM PDT","6314232471","Shipping Services","002-1715659-2683458","","Shipping Label Purchased through Amazon","","","Standard Orders","","","","","","0","0","0","0","0","0","0","0","0","0","0","0","0","0","-3.07","-3.07"
"Mar 15, 2017 1:06:50 PM PDT","6314232471","Order","002-0501307-2409868","YI-Q248-ZGRN","Double Diamond 3.4 Eau De Perfume Spray Women","1","amazon.com","Standard Orders","Seller","PORT ST LUCIE","FL","34952-1402","","6.29","0","5.69","0","0","0","0","0","0","0","0","-1.80","0","0","0","10.18"
"Mar 15, 2017 1:07:27 PM PDT","6314232471","Shipping Services","002-0501307-2409868","","Shipping Label Purchased through Amazon","","","Standard Orders","","","","","","0","0","0","0","0","0","0","0","0","0","0","0","0","0","-3.90","-3.90"
"Mar 15, 2017 1:08:17 PM PDT","6314232471","Order","104-3593765-3527466","M8-PEDR-E2QE","Clipsal 3.4 Fl. oz. Eau De Toilette Spray Men","1","amazon.com","Standard Orders","Seller","BROOKLYN","NY","11236-2420","","9.40","0","4.99","0","0","0","0","0","0","0","0","-2.16","0","0","0","12.23"
"Mar 15, 2017 1:08:55 PM PDT","6314232471","Shipping Services","104-3593765-3527466","","Shipping Label Purchased through Amazon","","","Standard Orders","","","","","","0","0","0","0","0","0","0","0","0","0","0","0","0","0","-4.46","-4.46"
"Mar 15, 2017 1:10:42 PM PDT","6314232471","Order","112-4849216-1727425","DT-GQQP-NJQJ","Thé Oné 3.4oz Eau De Parfum Sprày MéN by Dolcé ànd Gàbbànà","1","amazon.com","Standard Orders","Seller","LIBERTY","MO","64068-1290","","67.22","0","4.49","0","0","0","0","0","0","0","0","-10.76","0","0","0","60.95"
"Mar 15, 2017 1:11:18 PM PDT","6314232471","Shipping Services","112-4849216-1727425","","Shipping Label Purchased through Amazon","","","Standard Orders","","","","","","0","0","0","0","0","0","0","0","0","0","0","0","0","0","-6.20","-6.20"
"Mar 15, 2017 1:12:08 PM PDT","6314232471","Order","107-1342901-1897023","1O-YSQR-VEK9","1 Million Fragrance By Paco Rabanne 3pc Travel Edition Gift Set . 3.4 Fl.Oz. Eau De Toilette Spray + 3.4 S/G Men+15ml spray Mini For Men","1","amazon.com","Standard Orders","Seller","Boynton Beach","Florida","33437","","70.77","0","4.49","0","0","0","0","0","0","0","0","-11.29","0","0","0","63.97"
"Mar 15, 2017 1:12:47 PM PDT","6314232471","Shipping Services","107-1342901-1897023","","Shipping Label Purchased through Amazon","","","Standard Orders","","","","","","0","0","0","0","0","0","0","0","0","0","0","0","0","0","-7.11","-7.11"
"Mar 15, 2017 1:13:17 PM PDT","6314232471","Order","102-9794496-5985814","1O-YSQR-VEK9","1 Million Fragrance By Paco Rabanne 3pc Travel Edition Gift Set . 3.4 Fl.Oz. Eau De Toilette Spray + 3.4 S/G Men+15ml spray Mini For Men","1","amazon.com","Standard Orders","Seller","SAINT ALBANS","NY","11412-4027","","70.77","0","4.49","0","0","0","0","0","0","0","0","-11.29","0","0","0","63.97"
"Mar 15, 2017 1:13:55 PM PDT","6314232471","Shipping Services","102-9794496-5985814","","Shipping Label Purchased through Amazon","","","Standard Orders","","","","","","0","0","0","0","0","0","0","0","0","0","0","0","0","0","-6.20","-6.20"
"Mar 15, 2017 1:14:54 PM PDT","6314232471","Order","104-3288585-5839467","IU-NGMR-DKVD","Christian Dior Hypnotic Poison Eau De Parfum Spray for Women , 3.4 Fluid Ounce","1","amazon.com","Standard Orders","Seller","AURORA","IL","60504-6035","","85.00","0","5.24","0","0","0","0","0","0","0","0","-13.54","0","0","0","76.70"
"Mar 15, 2017 1:15:29 PM PDT","6314232471","Shipping Services","104-3288585-5839467","","Shipping Label Purchased through Amazon","","","Standard Orders","","","","","","0","0","0","0","0","0","0","0","0","0","0","0","0","0","-4.19","-4.19"
"Mar 15, 2017 1:16:17 PM PDT","6314232471","Order","103-4310290-5990623","IU-NGMR-DKVD","Christian Dior Hypnotic Poison Eau De Parfum Spray for Women , 3.4 Fluid Ounce","1","amazon.com","Standard Orders","Seller","Chappells","South Carolina","29037","","85.00","0","5.24","0","0","0","0","0","0","0","0","-13.54","0","0","0","76.70"
"Mar 15, 2017 1:16:56 PM PDT","6314232471","Shipping Services","103-4310290-5990623","","Shipping Label Purchased through Amazon","","","Standard Orders","","","","","","0","0","0","0","0","0","0","0","0","0","0","0","0","0","-4.19","-4.19"
"Mar 15, 2017 1:17:58 PM PDT","6314232471","Order","102-5326173-8845869","DT-GQQP-NJQJ","Thé Oné 3.4oz Eau De Parfum Sprày MéN by Dolcé ànd Gàbbànà","1","amazon.com","Standard Orders","Seller","AUSTIN","TX","78705-4731","","67.82","0","4.49","0","0","0","0","0","0","0","0","-10.85","0","0","0","61.46"
"Mar 15, 2017 1:18:35 PM PDT","6314232471","Shipping Services","102-5326173-8845869","","Shipping Label Purchased through Amazon","","","Standard Orders","","","","","","0","0","0","0","0","0","0","0","0","0","0","0","0","0","-6.20","-6.20"
"Mar 15, 2017 1:19:46 PM PDT","6314232471","Order","104-8765899-3224205","VK-W9H0-4D38","Estee Lauder the Best of Mini Pleasures Gift Set","1","amazon.com","Standard Orders","Seller","FREMONT","CA","94539-7700","","59.03","0","4.89","0","0","0","0","0","0","0","0","-9.59","0","0","0","54.33"
"Mar 15, 2017 1:20:25 PM PDT","6314232471","Shipping Services","104-8765899-3224205","","Shipping Label Purchased through Amazon","","","Standard Orders","","","","","","0","0","0","0","0","0","0","0","0","0","0","0","0","0","-3.22","-3.22"
"Mar 15, 2017 1:24:28 PM PDT","6314232471","Order","113-1772214-4159427","C8-IKTB-3HPZ","Light Blué Women Gift Set 3.3 oz Eau De Toilette Spray + 3.4 oz Body Cream + 3.4 oz Shower.","1","amazon.com","Standard Orders","Seller","SAN MATEO","CA","94401-1676","","85.10","0","4.49","0","0","0","0","0","0","0","0","-13.44","0","0","0","76.15"
"Mar 15, 2017 1:25:00 PM PDT","6314232471","Shipping Services","113-1772214-4159427","","Shipping Label Purchased through Amazon","","","Standard Orders","","","","","","0","0","0","0","0","0","0","0","0","0","0","0","0","0","-6.20","-6.20"
"Mar 15, 2017 1:27:39 PM PDT","6314232471","Order","102-4871851-1020206","C8-IKTB-3HPZ","Light Blué Women Gift Set 3.3 oz Eau De Toilette Spray + 3.4 oz Body Cream + 3.4 oz Shower.","1","amazon.com","Standard Orders","Seller","BRYANT","SD","57221-5519","","85.10","0","4.49","0","0","0","0","0","0","0","0","-13.44","0","0","0","76.15"
"Mar 15, 2017 1:28:16 PM PDT","6314232471","Shipping Services","102-4871851-1020206","","Shipping Label Purchased through Amazon","","","Standard Orders","","","","","","0","0","0","0","0","0","0","0","0","0","0","0","0","0","-6.20","-6.20"
"Mar 15, 2017 1:30:23 PM PDT","6314232471","Order","105-0867447-6131401","GH-GPRU-TEXV","LIZ CLAIBORNE CURVE CRUSH EDT SPRAY 3.4 OZ FRGLDY","1","amazon.com","Standard Orders","Seller","STATEN ISLAND","NY","10304-2548","","18.00","0","5.24","0","0","0","0","0","0","0","0","-3.49","0","0","0","19.75"
"Mar 15, 2017 1:30:59 PM PDT","6314232471","Shipping Services","105-0867447-6131401","","Shipping Label Purchased through Amazon","","","Standard Orders","","","","","","0","0","0","0","0","0","0","0","0","0","0","0","0","0","-4.18","-4.18"
"Mar 15, 2017 1:35:55 PM PDT","6314232471","Order","112-2138830-5906635","74-DRG6-NKAA","Estee Lauder Purse Beautiful Eau de Parfum Spray for Women, 6 Count","1","amazon.com","Standard Orders","Seller","Sacramento","California","95823","","59.49","0","5.09","0","0","0","0","0","0","0","0","-9.69","0","0","0","54.89"
"Mar 15, 2017 1:36:34 PM PDT","6314232471","Shipping Services","112-2138830-5906635","","Shipping Label Purchased through Amazon","","","Standard Orders","","","","","","0","0","0","0","0","0","0","0","0","0","0","0","0","0","-4.47","-4.47"
"Mar 15, 2017 1:46:20 PM PDT","6314232471","Order","103-9614298-5728260","MH-E253-RB4H","LALIQUE by Lalique Eau De Parfum Spray (Lion) 4.2 oz for Men","7","amazon.com","Standard Orders","Seller","BROWNSVILLE","TEXAS","78520-8565","","210.00","0","10.79","0","0","0","0","0","0","0","0","-33.11","0","0","0","187.68"
"Mar 15, 2017 1:46:58 PM PDT","6314232471","Shipping Services","103-9614298-5728260","","Shipping Label Purchased through Amazon","","","Standard Orders","","","","","","0","0","0","0","0","0","0","0","0","0","0","0","0","0","-18.04","-18.04"
"Mar 15, 2017 1:49:32 PM PDT","6314232471","Order","115-6300089-0193047","9G-KZKO-Z3GU","Bvlgari Bvlgari Omnia Amethyste EDT Perfume 25ml","1","amazon.com","Standard Orders","Seller","Woodbridge","VA","22191-3553","","35.00","0","4.51","0","0","0","0","0","0","0","0","-5.93","0","0","0","33.58"
"Mar 15, 2017 1:50:09 PM PDT","6314232471","Shipping Services","115-6300089-0193047","","Shipping Label Purchased through Amazon","","","Standard Orders","","","","","","0","0","0","0","0","0","0","0","0","0","0","0","0","0","-3.76","-3.76"
"Mar 15, 2017 1:51:14 PM PDT","6314232471","Order","113-9472564-5869017","OB-A9DI-TZR0","Sakamichi Ice Eau De Parfum Spray for Men, 3.4 Ounce","1","amazon.com","Standard Orders","Seller","COLUMBUS","OH","43230-2061","","6.81","0","2.89","0","0","0","0","0","0","0","0","-1.46","0","0","0","8.24"
"Mar 15, 2017 1:51:14 PM PDT","6314232471","Order","113-9472564-5869017","MH-E253-RB4H","LALIQUE by Lalique Eau De Parfum Spray (Lion) 4.2 oz for Men","1","amazon.com","Standard Orders","Seller","COLUMBUS","OH","43230-2061","","30.00","0","3.15","0","0","0","0","0","0","0","0","-4.97","0","0","0","28.18"
"Mar 15, 2017 1:51:48 PM PDT","6314232471","Shipping Services","113-9472564-5869017","","Shipping Label Purchased through Amazon","","","Standard Orders","","","","","","0","0","0","0","0","0","0","0","0","0","0","0","0","0","-6.55","-6.55"
"Mar 15, 2017 1:53:34 PM PDT","6314232471","Order","104-9372254-0680255","1W-5PTN-4YN0","Piver 489564 Reve Dor by Piver Cologne Splash 14.25 oz","2","amazon.com","Standard Orders","Seller","LEESVILLE","LA","71446-5439","","53.16","0","8.49","0","0","0","0","0","0","0","0","-9.24","0","0","0","52.41"
"Mar 15, 2017 1:54:12 PM PDT","6314232471","Shipping Services","104-9372254-0680255","","Shipping Label Purchased through Amazon","","","Standard Orders","","","","","","0","0","0","0","0","0","0","0","0","0","0","0","0","0","-9.36","-9.36"
"Mar 15, 2017 1:55:33 PM PDT","6314232471","Order","104-8278039-2221031","MH-E253-RB4H","LALIQUE by Lalique Eau De Parfum Spray (Lion) 4.2 oz for Men","1","amazon.com","Standard Orders","Seller","BROOKLYN","NEW YORK","11234-1905","","30.00","0","5.39","0","0","0","0","0","0","0","0","-5.31","0","0","0","30.08"
"Mar 15, 2017 1:56:12 PM PDT","6314232471","Shipping Services","104-8278039-2221031","","Shipping Label Purchased through Amazon","","","Standard Orders","","","","","","0","0","0","0","0","0","0","0","0","0","0","0","0","0","-4.46","-4.46"
"Mar 15, 2017 1:57:30 PM PDT","6314232471","Order","105-8456764-3673058","21-NWUH-FKC6","Liz Claiborne Curve Men Gift Set (Spray, Skin Soother, Hair and Body Wash)","1","amazon.com","Standard Orders","Seller","syracuse","ny","13206","","34.34","0","6.64","0","0","0","0","0","0","0","0","-6.15","0","0","0","34.83"
"Mar 15, 2017 1:58:07 PM PDT","6314232471","Shipping Services","105-8456764-3673058","","Shipping Label Purchased through Amazon","","","Standard Orders","","","","","","0","0","0","0","0","0","0","0","0","0","0","0","0","0","-6.56","-6.56"
"Mar 15, 2017 1:59:58 PM PDT","6314232471","Order","107-5637740-1729022","UY-T92D-JIMV","Dis-lui Extreme Pour Homme 3.4 Oz Eau De Parfum Spray for Men","1","amazon.com","Standard Orders","Seller","BRENTWOOD","NY","11717-7213","","5.00","0","5.49","0","0","0","0","0","0","0","0","-1.57","0","0","0","8.92"
"Mar 15, 2017 2:00:36 PM PDT","6314232471","Shipping Services","107-5637740-1729022","","Shipping Label Purchased through Amazon","","","Standard Orders","","","","","","0","0","0","0","0","0","0","0","0","0","0","0","0","0","-4.04","-4.04"
"Mar 16, 2017 5:04:10 AM PDT","6314997351","Transfer","","","To your account ending in: 6276, Bank Transfer ID: 091000013118298","","","Standard Orders","","","","","","0","0","0","0","0","0","0","0","0","0","0","0","0","0","-264.60","-264.60"
"Mar 16, 2017 12:26:17 PM PDT","6314997351","Order","116-2319228-1181865","1O-YSQR-VEK9","1 Million Fragrance By Paco Rabanne 3pc Travel Edition Gift Set . 3.4 Fl.Oz. Eau De Toilette Spray + 3.4 S/G Men+15ml spray Mini For Men","1","amazon.com","Standard Orders","Seller","ORLANDO","FL","32811-7351","","70.69","0","4.49","0","0","0","0","0","0","0","0","-11.28","0","0","0","63.90"
"Mar 16, 2017 12:26:55 PM PDT","6314997351","Shipping Services","116-2319228-1181865","","Shipping Label Purchased through Amazon","","","Standard Orders","","","","","","0","0","0","0","0","0","0","0","0","0","0","0","0","0","-6.98","-6.98"
"Mar 16, 2017 12:27:56 PM PDT","6314997351","Order","113-0649239-3461016","BZ-CK3T-AZVJ","Carolina Herrera 212 for Women Eau de Toilette Spray, 2-Ounce","1","amazon.com","Standard Orders","Seller","MIDWEST CITY","OKLAHOMA","73110-4501","","84.71","0","4.62","0","0","0","0","0","0","0","0","-13.40","0","0","0","75.93"
"Mar 16, 2017 12:28:13 PM PDT","6314997351","Shipping Services","113-0649239-3461016","","Shipping Label Purchased through Amazon","","","Standard Orders","","","","","","0","0","0","0","0","0","0","0","0","0","0","0","0","0","-3.91","-3.91"
"Mar 16, 2017 12:29:09 PM PDT","6314997351","Order","112-9458381-4821827","TJ-E71K-IYKR","Paul Sebastian Cologne for Men, 8.0 Fluid Ounce","1","amazon.com","Standard Orders","Seller","Berlin","PA","15530","","21.00","0","5.69","0","0","0","0","0","0","0","0","-4.00","0","0","0","22.69"
"Mar 16, 2017 12:29:47 PM PDT","6314997351","Shipping Services","112-9458381-4821827","","Shipping Label Purchased through Amazon","","","Standard Orders","","","","","","0","0","0","0","0","0","0","0","0","0","0","0","0","0","-6.05","-6.05"
"Mar 16, 2017 12:56:38 PM PDT","6314997351","Order","112-7339546-6486621","Y8-47ZI-IQRV","Liz Claiborne Women's Mambo 3-Piece Gift Set","1","amazon.com","Standard Orders","Seller","WOODLAND","CA","95695-5110","","27.79","0","6.14","0","0","0","0","0","0","0","0","-5.09","0","0","0","28.84"
"Mar 16, 2017 12:57:15 PM PDT","6314997351","Shipping Services","112-7339546-6486621","","Shipping Label Purchased through Amazon","","","Standard Orders","","","","","","0","0","0","0","0","0","0","0","0","0","0","0","0","0","-7.34","-7.34"
"Mar 16, 2017 12:58:56 PM PDT","6314997351","Order","111-4958760-6744217","OI-C2S7-9PQF","Curve Crush for Women by Liz Claiborne, Gift Set - 3.4 oz Eau De Toilette Spray + .5 oz Mini EDT Spray + 2.5 oz Body Lotion + 2.5 oz Shoer Gel","1","amazon.com","Standard Orders","Seller","providence","ri","02909","","36.35","0","4.45","0","0","0","0","0","0","0","0","-6.12","0","0","0","34.68"
"Mar 16, 2017 12:58:56 PM PDT","6314997351","Order","111-4958760-6744217","2Y-VZLK-Q1SQ","Elizabeth Taylor White Diamonds EDT 50ml Gift Set","1","amazon.com","Standard Orders","Seller","providence","ri","02909","","27.29","0","3.24","0","0","0","0","0","0","0","0","-4.58","0","0","0","25.95"
"Mar 16, 2017 12:59:32 PM PDT","6314997351","Shipping Services","111-4958760-6744217","","Shipping Label Purchased through Amazon","","","Standard Orders","","","","","","0","0","0","0","0","0","0","0","0","0","0","0","0","0","-7.61","-7.61"
"Mar 16, 2017 1:00:15 PM PDT","6314997351","Order","109-9824328-5365058","C7-6Y6H-8ED9","JEAN PAUL GAULTIER by Jean Paul Gaultier - Women - Eau De Parfum Spray 3.3 oz","1","amazon.com","Standard Orders","Seller","VIRGINIA BEACH","VA","23454-2269","","74.69","0","5.24","0","0","0","0","0","0","0","0","-11.99","0","0","0","67.94"
"Mar 16, 2017 1:00:47 PM PDT","6314997351","Shipping Services","109-9824328-5365058","","Shipping Label Purchased through Amazon","","","Standard Orders","","","","","","0","0","0","0","0","0","0","0","0","0","0","0","0","0","-4.61","-4.61"
"Mar 16, 2017 1:01:21 PM PDT","6314997351","Order","109-3412440-7522650","C7-6Y6H-8ED9","JEAN PAUL GAULTIER by Jean Paul Gaultier - Women - Eau De Parfum Spray 3.3 oz","1","amazon.com","Standard Orders","Seller","BAR HARBOR","ME","04609-7604","","74.69","0","5.24","0","0","0","0","0","0","0","0","-11.99","0","0","0","67.94"
"Mar 16, 2017 1:01:53 PM PDT","6314997351","Shipping Services","109-3412440-7522650","","Shipping Label Purchased through Amazon","","","Standard Orders","","","","","","0","0","0","0","0","0","0","0","0","0","0","0","0","0","-4.61","-4.61"
"Mar 16, 2017 1:02:41 PM PDT","6314997351","Order","109-2047916-8812208","2L-YX0W-CS37","Johan B Merveille Eau De Parfum Spray for Women, 3.4 Ounce","1","amazon.com","Standard Orders","Seller","WARREN","MI","48093-2329","","24.63","0","5.34","0","0","0","0","0","0","0","0","-4.50","0","0","0","25.47"
"Mar 16, 2017 1:03:16 PM PDT","6314997351","Shipping Services","109-2047916-8812208","","Shipping Label Purchased through Amazon","","","Standard Orders","","","","","","0","0","0","0","0","0","0","0","0","0","0","0","0","0","-4.46","-4.46"
"Mar 16, 2017 1:03:53 PM PDT","6314997351","Order","107-8653052-5206643","UY-T92D-JIMV","Dis-lui Extreme Pour Homme 3.4 Oz Eau De Parfum Spray for Men","1","amazon.com","Standard Orders","Seller","ROANOKE","TX","76262-7405","","5.00","0","5.49","0","0","0","0","0","0","0","0","-1.57","0","0","0","8.92"
"Mar 16, 2017 1:04:31 PM PDT","6314997351","Shipping Services","107-8653052-5206643","","Shipping Label Purchased through Amazon","","","Standard Orders","","","","","","0","0","0","0","0","0","0","0","0","0","0","0","0","0","-4.04","-4.04"
"Mar 16, 2017 1:05:22 PM PDT","6314997351","Order","105-7344554-5223442","BF-2O4Q-JYRE","Paco Rabanne 1 million Cologne for Men 6.8 oz Eau De Toilette Spray","1","amazon.com","Standard Orders","Seller","NORTH HOLLYWOOD","CA","91605-5774","","80.98","0","4.49","0","0","0","0","0","0","0","0","-12.82","0","0","0","72.65"
"Mar 16, 2017 1:06:00 PM PDT","6314997351","Shipping Services","105-7344554-5223442","","Shipping Label Purchased through Amazon","","","Standard Orders","","","","","","0","0","0","0","0","0","0","0","0","0","0","0","0","0","-6.20","-6.20"
"Mar 16, 2017 1:08:46 PM PDT","6314997351","Order","105-0318080-0041873","BL-T5K9-7G6S","Diesel Plus Plus 2.5oz 3pc Gift Set for Man","1","amazon.com","Standard Orders","Seller","SUGARLAND","TEXAS","77498","","19.50","0","6.47","0","0","0","0","0","0","0","0","-3.90","0","0","0","22.07"
"Mar 16, 2017 1:09:25 PM PDT","6314997351","Shipping Services","105-0318080-0041873","","Shipping Label Purchased through Amazon","","","Standard Orders","","","","","","0","0","0","0","0","0","0","0","0","0","0","0","0","0","-6.96","-6.96"
"Mar 16, 2017 1:10:51 PM PDT","6314997351","Order","102-9530033-5216231","3G-59KJ-77Q3","Essence Eau De Musc Narciso Rodriguez by Narciso Rodriguez Eau De Toilette Spray for Women, 2.5 Ounce","1","amazon.com","Standard Orders","Seller","ALBUQUERQUE","NM","87114-5607","","41.00","0","10.12","0","0","0","0","0","0","0","0","-7.67","0","0","0","43.45"
"Mar 16, 2017 1:11:24 PM PDT","6314997351","Shipping Services","102-9530033-5216231","","Shipping Label Purchased through Amazon","","","Standard Orders","","","","","","0","0","0","0","0","0","0","0","0","0","0","0","0","0","-6.05","-6.05"
"Mar 16, 2017 1:11:47 PM PDT","6314997351","Order","102-2769619-3764225","MH-E253-RB4H","LALIQUE by Lalique Eau De Parfum Spray (Lion) 4.2 oz for Men","1","amazon.com","Standard Orders","Seller","MIAMI","FL","33161-5347","","30.00","0","5.39","0","0","0","0","0","0","0","0","-5.31","0","0","0","30.08"
"Mar 16, 2017 1:12:25 PM PDT","6314997351","Shipping Services","102-2769619-3764225","","Shipping Label Purchased through Amazon","","","Standard Orders","","","","","","0","0","0","0","0","0","0","0","0","0","0","0","0","0","-4.46","-4.46"
"Mar 16, 2017 1:13:49 PM PDT","6314997351","Order","002-5400246-8186661","DT-GQQP-NJQJ","Thé Oné 3.4oz Eau De Parfum Sprày MéN by Dolcé ànd Gàbbànà","1","amazon.com","Standard Orders","Seller","DORAL","FL","33192-1212","","64.46","0","4.49","0","0","0","0","0","0","0","0","-10.34","0","0","0","58.61"
"Mar 16, 2017 1:14:26 PM PDT","6314997351","Shipping Services","002-5400246-8186661","","Shipping Label Purchased through Amazon","","","Standard Orders","","","","","","0","0","0","0","0","0","0","0","0","0","0","0","0","0","-6.20","-6.20"
"Mar 16, 2017 1:14:55 PM PDT","6314997351","Order","116-8538595-6817065","2R-XBDJ-90C7","Carolina Herrera 212 Vip Rose Eau de Parfum Spray for Women, 1.7 Ounce","1","amazon.com","Standard Orders","Seller","FORT LAUDERDALE","FL","33304-3310","","43.91","0","5.33","0","0","0","0","0","0","0","0","-7.39","0","0","0","41.85"
"Mar 16, 2017 1:15:32 PM PDT","6314997351","Shipping Services","116-8538595-6817065","","Shipping Label Purchased through Amazon","","","Standard Orders","","","","","","0","0","0","0","0","0","0","0","0","0","0","0","0","0","-4.32","-4.32"
"Mar 16, 2017 1:16:12 PM PDT","6314997351","Order","116-4153538-5489025","DT-GQQP-NJQJ","Thé Oné 3.4oz Eau De Parfum Sprày MéN by Dolcé ànd Gàbbànà","1","amazon.com","Standard Orders","Seller","AUBURN","ILLINOIS","62615-1054","","72.38","0","4.49","0","0","0","0","0","0","0","0","-11.53","0","0","0","65.34"
"Mar 16, 2017 1:16:50 PM PDT","6314997351","Shipping Services","116-4153538-5489025","","Shipping Label Purchased through Amazon","","","Standard Orders","","","","","","0","0","0","0","0","0","0","0","0","0","0","0","0","0","-6.20","-6.20"
"Mar 16, 2017 1:17:56 PM PDT","6314997351","Order","116-0613429-1785858","XU-A1VS-TZDF","Light Blué Women Gift Set 3.3 oz Eau De Toilette Spray + 3.4 oz Body Cream + 3.4 oz Shower.","1","amazon.com","Standard Orders","Seller","FLAGSTAFF","AZ","86004","","86.64","0","4.49","0","0","0","0","0","0","0","0","-13.67","0","0","0","77.46"
"Mar 16, 2017 1:18:33 PM PDT","6314997351","Shipping Services","116-0613429-1785858","","Shipping Label Purchased through Amazon","","","Standard Orders","","","","","","0","0","0","0","0","0","0","0","0","0","0","0","0","0","-6.20","-6.20"
"Mar 16, 2017 1:22:56 PM PDT","6314997351","Order","111-8708113-6059430","E6-7ICL-MMQ5","Perfume Diable Bleu for Men 3.3 oz EDT by Creation Lamis","1","amazon.com","Standard Orders","Seller","Newark","Delaware","19702","","7.00","0","5.15","0","0","0","0","0","0","0","0","-1.82","0","0","0","10.33"
"Mar 16, 2017 1:23:34 PM PDT","6314997351","Shipping Services","111-8708113-6059430","","Shipping Label Purchased through Amazon","","","Standard Orders","","","","","","0","0","0","0","0","0","0","0","0","0","0","0","0","0","-4.04","-4.04"
"Mar 16, 2017 1:24:18 PM PDT","6314997351","Order","104-4688844-8677057","IL-IROW-9WPF","Cuba Gold by Cuba 20 x 1.17 oz Eau de Toilette Spray ( 1 Box )","1","amazon.com","Standard Orders","Seller","TEMPLE HILLS","MARYLAND","20748-3105","","63.60","0","4.49","0","0","0","0","0","0","0","0","-10.21","0","0","0","57.88"
"Mar 16, 2017 1:24:56 PM PDT","6314997351","Shipping Services","104-4688844-8677057","","Shipping Label Purchased through Amazon","","","Standard Orders","","","","","","0","0","0","0","0","0","0","0","0","0","0","0","0","0","-6.85","-6.85"
"Mar 16, 2017 1:25:25 PM PDT","6314997351","Order","002-5723862-1582654","MH-E253-RB4H","LALIQUE by Lalique Eau De Parfum Spray (Lion) 4.2 oz for Men","1","amazon.com","Standard Orders","Seller","FAYETTEVILLE","NC","28314-4535","","30.00","0","5.39","0","0","0","0","0","0","0","0","-5.31","0","0","0","30.08"
"Mar 16, 2017 1:26:11 PM PDT","6314997351","Shipping Services","002-5723862-1582654","","Shipping Label Purchased through Amazon","","","Standard Orders","","","","","","0","0","0","0","0","0","0","0","0","0","0","0","0","0","-4.46","-4.46"
"Mar 16, 2017 1:28:34 PM PDT","6314997351","Order","002-9168265-9815436","OA-PJRJ-Y9NK","OSCAR by Oscar de la Renta Eau De Toilette Spray 3.4 oz for Women","1","amazon.com","Standard Orders","Seller","Atlanta","GA","30305","","25.00","0","5.29","0","0","0","0","0","0","0","0","-4.54","0","0","0","25.75"
"Mar 16, 2017 1:29:10 PM PDT","6314997351","Shipping Services","002-9168265-9815436","","Shipping Label Purchased through Amazon","","","Standard Orders","","","","","","0","0","0","0","0","0","0","0","0","0","0","0","0","0","-4.32","-4.32"
"Mar 16, 2017 1:32:55 PM PDT","6314997351","Order","107-4689207-2287458","DE-DIB0-KEZR","Paris Hilton Sheer By Paris Hilton For Women Eau De Parfum Spray, 1.7-Ounce","1","amazon.com","Standard Orders","Seller","FONTANA","CALIFORNIA","92335-4824","","17.29","0","4.89","0","0","0","0","0","0","0","0","-3.33","0","0","0","18.85"
"Mar 16, 2017 1:33:33 PM PDT","6314997351","Shipping Services","107-4689207-2287458","","Shipping Label Purchased through Amazon","","","Standard Orders","","","","","","0","0","0","0","0","0","0","0","0","0","0","0","0","0","-3.07","-3.07"
"Mar 16, 2017 1:36:30 PM PDT","6314997351","Order","112-1975962-8605063","FI-6L5M-3BSG","Bvlgari Men's BLV Pour Homme EDT Spray,Blue,3.4 oz","1","amazon.com","Standard Orders","Seller","FRESNO","CA","93720-2338","","33.00","0","5.54","0","0","0","0","0","0","0","0","-5.78","0","0","0","32.76"
"Mar 16, 2017 1:37:07 PM PDT","6314997351","Shipping Services","112-1975962-8605063","","Shipping Label Purchased through Amazon","","","Standard Orders","","","","","","0","0","0","0","0","0","0","0","0","0","0","0","0","0","-4.46","-4.46"
"Mar 16, 2017 1:40:55 PM PDT","6314997351","Order","107-1248099-9163430","YI-Q248-ZGRN","Double Diamond 3.4 Eau De Perfume Spray Women","1","amazon.com","Standard Orders","Seller","MIDWEST CITY","OK","73130-7193","","6.29","0","5.69","0","0","0","0","0","0","0","0","-1.80","0","0","0","10.18"
"Mar 16, 2017 1:41:24 PM PDT","6314997351","Shipping Services","107-1248099-9163430","","Shipping Label Purchased through Amazon","","","Standard Orders","","","","","","0","0","0","0","0","0","0","0","0","0","0","0","0","0","-3.90","-3.90"
"Mar 16, 2017 1:41:59 PM PDT","6314997351","Order","112-3296271-9019452","74-DRG6-NKAA","Estee Lauder Purse Beautiful Eau de Parfum Spray for Women, 6 Count","1","amazon.com","Standard Orders","Seller","LEHIGH ACRES","FL","33936-6918","","59.49","0","5.09","0","0","0","0","0","0","0","0","-9.69","0","0","0","54.89"
"Mar 16, 2017 1:42:38 PM PDT","6314997351","Shipping Services","112-3296271-9019452","","Shipping Label Purchased through Amazon","","","Standard Orders","","","","","","0","0","0","0","0","0","0","0","0","0","0","0","0","0","-4.47","-4.47"
"Mar 16, 2017 2:08:19 PM PDT","6314997351","Order","105-6553809-1745805","2R-XBDJ-90C7","Carolina Herrera 212 Vip Rose Eau de Parfum Spray for Women, 1.7 Ounce","1","amazon.com","Standard Orders","Seller","MIAMI","FL","33132-2603","","44.65","0","5.33","0","0","0","0","0","0","0","0","-7.50","0","0","0","42.48"
"Mar 16, 2017 2:08:57 PM PDT","6314997351","Shipping Services","105-6553809-1745805","","Shipping Label Purchased through Amazon","","","Standard Orders","","","","","","0","0","0","0","0","0","0","0","0","0","0","0","0","0","-4.32","-4.32"
"Mar 16, 2017 2:15:50 PM PDT","6314997351","Order","116-9778183-3395454","XU-A1VS-TZDF","Light Blué Women Gift Set 3.3 oz Eau De Toilette Spray + 3.4 oz Body Cream + 3.4 oz Shower.","1","amazon.com","Standard Orders","Seller","MIAMI, FLORIDA.","FLORIDA","33191","","86.64","0","4.49","0","0","0","0","0","0","0","0","-13.67","0","0","0","77.46"
"Mar 16, 2017 2:16:27 PM PDT","6314997351","Shipping Services","116-9778183-3395454","","Shipping Label Purchased through Amazon","","","Standard Orders","","","","","","0","0","0","0","0","0","0","0","0","0","0","0","0","0","-6.20","-6.20"
"Mar 17, 2017 5:05:15 AM PDT","6315773751","Transfer","","","To your account ending in: 6276, Bank Transfer ID: 091000013429532","","","Standard Orders","","","","","","0","0","0","0","0","0","0","0","0","0","0","0","0","0","-560.81","-560.81"
"Mar 17, 2017 1:21:34 PM PDT","6315773751","Order","116-8211923-4646622","2R-XBDJ-90C7","Carolina Herrera 212 Vip Rose Eau de Parfum Spray for Women, 1.7 Ounce","1","amazon.com","Standard Orders","Seller","STERLING HEIGHTS","MI","48310-5655","","44.65","0","5.33","0","0","0","0","0","0","0","0","-7.50","0","0","0","42.48"
"Mar 17, 2017 1:22:12 PM PDT","6315773751","Shipping Services","116-8211923-4646622","","Shipping Label Purchased through Amazon","","","Standard Orders","","","","","","0","0","0","0","0","0","0","0","0","0","0","0","0","0","-4.32","-4.32"
"Mar 17, 2017 1:25:07 PM PDT","6315773751","Order","116-2510791-0934616","0I-6HEL-OJ1X","Lively 3.4 oz. Eau De Toilette Spray For Women","1","amazon.com","Standard Orders","Seller","GRAVETTE","AR","72736-8011","","15.18","0","4.70","0","0","0","0","0","0","0","0","-2.98","0","0","0","16.90"
"Mar 17, 2017 1:25:45 PM PDT","6315773751","Shipping Services","116-2510791-0934616","","Shipping Label Purchased through Amazon","","","Standard Orders","","","","","","0","0","0","0","0","0","0","0","0","0","0","0","0","0","-4.04","-4.04"
"Mar 17, 2017 1:27:18 PM PDT","6315773751","Order","113-8336821-8986662","RL-Z1OR-5MCR","Elizabeth Taylor White Diamonds 4-Piece Gift Set","1","amazon.com","Standard Orders","Seller","LAURELTON","NY","11413-2339","","39.07","0","6.44","0","0","0","0","0","0","0","0","-6.83","0","0","0","38.68"
"Mar 17, 2017 1:27:56 PM PDT","6315773751","Shipping Services","113-8336821-8986662","","Shipping Label Purchased through Amazon","","","Standard Orders","","","","","","0","0","0","0","0","0","0","0","0","0","0","0","0","0","-6.63","-6.63"
"Mar 17, 2017 1:31:50 PM PDT","6315773751","Order","112-8419524-8879413","OI-C2S7-9PQF","Curve Crush for Women by Liz Claiborne, Gift Set - 3.4 oz Eau De Toilette Spray + .5 oz Mini EDT Spray + 2.5 oz Body Lotion + 2.5 oz Shoer Gel","1","amazon.com","Standard Orders","Seller","LORENA","TX","76655-3452","","36.35","0","6.69","0","0","0","0","0","0","0","0","-6.46","0","0","0","36.58"
"Mar 17, 2017 1:32:27 PM PDT","6315773751","Shipping Services","112-8419524-8879413","","Shipping Label Purchased through Amazon","","","Standard Orders","","","","","","0","0","0","0","0","0","0","0","0","0","0","0","0","0","-6.96","-6.96"
"Mar 17, 2017 1:34:02 PM PDT","6315773751","Order","112-7332131-1882609","FI-6L5M-3BSG","Bvlgari Men's BLV Pour Homme EDT Spray,Blue,3.4 oz","1","amazon.com","Standard Orders","Seller","MOORE","OK","73160","","33.00","0","5.54","0","0","0","0","0","0","0","0","-5.78","0","0","0","32.76"
"Mar 17, 2017 1:34:38 PM PDT","6315773751","Shipping Services","112-7332131-1882609","","Shipping Label Purchased through Amazon","","","Standard Orders","","","","","","0","0","0","0","0","0","0","0","0","0","0","0","0","0","-4.46","-4.46"
"Mar 17, 2017 1:35:12 PM PDT","6315773751","Order","112-5928577-9900207","KJ-DNMQ-8FTI","Versace Versus Eau De Toilette Natural Spray, 3.40 Ounce","2","amazon.com","Standard Orders","Seller","SAN DIEGO","CA","92126-2001","","77.32","0","6.07","0","0","0","0","0","0","0","0","-12.52","0","0","0","70.87"
"Mar 17, 2017 1:35:48 PM PDT","6315773751","Shipping Services","112-5928577-9900207","","Shipping Label Purchased through Amazon","","","Standard Orders","","","","","","0","0","0","0","0","0","0","0","0","0","0","0","0","0","-6.20","-6.20"
"Mar 17, 2017 1:36:48 PM PDT","6315773751","Order","112-4672208-1585854","21-NWUH-FKC6","Liz Claiborne Curve Men Gift Set (Spray, Skin Soother, Hair and Body Wash)","1","amazon.com","Standard Orders","Seller","Cheltenham","Pa","19012","","34.34","0","6.64","0","0","0","0","0","0","0","0","-6.15","0","0","0","34.83"
"Mar 17, 2017 1:37:26 PM PDT","6315773751","Shipping Services","112-4672208-1585854","","Shipping Label Purchased through Amazon","","","Standard Orders","","","","","","0","0","0","0","0","0","0","0","0","0","0","0","0","0","-6.05","-6.05"
"Mar 17, 2017 1:38:03 PM PDT","6315773751","Order","112-2243800-6241829","4Z-TO36-AB6O","Perry Ellis 360 Red Fragrance Gift Set for Men","1","amazon.com","Standard Orders","Seller","PONTIAC","MICHIGAN","48340-2512","","30.00","0","6.79","0","0","0","0","0","0","0","0","-5.52","0","0","0","31.27"
"Mar 17, 2017 1:38:40 PM PDT","6315773751","Shipping Services","112-2243800-6241829","","Shipping Label Purchased through Amazon","","","Standard Orders","","","","","","0","0","0","0","0","0","0","0","0","0","0","0","0","0","-6.67","-6.67"
"Mar 17, 2017 1:39:05 PM PDT","6315773751","Order","112-0146127-0337876","XU-A1VS-TZDF","Light Blué Women Gift Set 3.3 oz Eau De Toilette Spray + 3.4 oz Body Cream + 3.4 oz Shower.","1","amazon.com","Standard Orders","Seller","WASHINGTON","IL","61571-1908","","86.64","0","4.49","0","0","0","0","0","0","0","0","-13.67","0","0","0","77.46"
"Mar 17, 2017 1:39:43 PM PDT","6315773751","Shipping Services","112-0146127-0337876","","Shipping Label Purchased through Amazon","","","Standard Orders","","","","","","0","0","0","0","0","0","0","0","0","0","0","0","0","0","-6.20","-6.20"
"Mar 17, 2017 1:40:28 PM PDT","6315773751","Order","111-2920893-3621008","BF-N7MD-D4X3","Perry Ellis 360 Eau de Toilette Spray Gift Set for Women, 3 Count","1","amazon.com","Standard Orders","Seller","Johnston","RI","02919","","38.45","0","5.74","0","0","0","0","0","0","0","0","-6.63","0","0","0","37.56"
"Mar 17, 2017 1:41:06 PM PDT","6315773751","Shipping Services","111-2920893-3621008","","Shipping Label Purchased through Amazon","","","Standard Orders","","","","","","0","0","0","0","0","0","0","0","0","0","0","0","0","0","-6.05","-6.05"
"Mar 17, 2017 1:41:39 PM PDT","6315773751","Order","109-5310801-7349043","FI-6L5M-3BSG","Bvlgari Men's BLV Pour Homme EDT Spray,Blue,3.4 oz","1","amazon.com","Standard Orders","Seller","HONOLULU","HI","96815-1868","","33.00","0","14.57","0","0","0","0","0","0","0","0","-7.14","0","0","0","40.43"
"Mar 17, 2017 1:42:17 PM PDT","6315773751","Shipping Services","109-5310801-7349043","","Shipping Label Purchased through Amazon","","","Standard Orders","","","","","","0","0","0","0","0","0","0","0","0","0","0","0","0","0","-6.05","-6.05"
"Mar 17, 2017 1:45:12 PM PDT","6315773751","Order","108-6037430-1853050","LY-UWAU-LFK6","Antonio Banderas Blue Seduction for Men Eau De Toilette Spray, 6.75 Ounce","1","amazon.com","Standard Orders","Seller","POMPANO BEACH","FL","33064-4314","","31.43","0","5.59","0","0","0","0","0","0","0","0","-5.55","0","0","0","31.47"
"Mar 17, 2017 1:45:42 PM PDT","6315773751","Shipping Services","108-6037430-1853050","","Shipping Label Purchased through Amazon","","","Standard Orders","","","","","","0","0","0","0","0","0","0","0","0","0","0","0","0","0","-6.05","-6.05"
"Mar 17, 2017 1:46:51 PM PDT","6315773751","Order","108-2867201-2327424","4L-HLO9-1FMP","Kenneth Cole Black By Kenneth Cole For Men","2","amazon.com","Standard Orders","Seller","MANTECA","CA","95336","","54.78","0","5.81","0","0","0","0","0","0","0","0","-9.10","0","0","0","51.49"
"Mar 17, 2017 1:47:29 PM PDT","6315773751","Shipping Services","108-2867201-2327424","","Shipping Label Purchased through Amazon","","","Standard Orders","","","","","","0","0","0","0","0","0","0","0","0","0","0","0","0","0","-6.20","-6.20"
"Mar 17, 2017 1:48:35 PM PDT","6315773751","Order","105-4914996-8022611","Z7-YFWK-ATDZ","Radiance by Britney Spears, Eau De Parfum Spray, 3.3-Ounce","1","amazon.com","Standard Orders","Seller","TROY","OH","45373-7572","","25.00","0","5.28","0","0","0","0","0","0","0","0","-4.54","0","0","0","25.74"
"Mar 17, 2017 1:49:13 PM PDT","6315773751","Shipping Services","105-4914996-8022611","","Shipping Label Purchased through Amazon","","","Standard Orders","","","","","","0","0","0","0","0","0","0","0","0","0","0","0","0","0","-4.46","-4.46"
"Mar 17, 2017 1:49:38 PM PDT","6315773751","Order","105-4550446-0921033","HI-CVK1-9JN5","Fidji By Guy Laroche For Women. Eau De Toilette Spray 1.7 Ounces","1","amazon.com","Standard Orders","Seller","NEWTOWN","PA","18940-3221","","31.81","0","4.84","0","0","0","0","0","0","0","0","-5.50","0","0","0","31.15"
"Mar 17, 2017 1:50:10 PM PDT","6315773751","Shipping Services","105-4550446-0921033","","Shipping Label Purchased through Amazon","","","Standard Orders","","","","","","0","0","0","0","0","0","0","0","0","0","0","0","0","0","-3.07","-3.07"
"Mar 17, 2017 1:50:30 PM PDT","6315773751","Order","103-9387127-6549863","LY-UWAU-LFK6","Antonio Banderas Blue Seduction for Men Eau De Toilette Spray, 6.75 Ounce","1","amazon.com","Standard Orders","Seller","SAN ANTONIO","TX","78212-1401","","30.17","0","5.59","0","0","0","0","0","0","0","0","-5.36","0","0","0","30.40"
"Mar 17, 2017 1:51:38 PM PDT","6315773751","Order","102-9698183-9057003","RL-Z1OR-5MCR","Elizabeth Taylor White Diamonds 4-Piece Gift Set","1","amazon.com","Standard Orders","Seller","DOVER","NJ","07801-3705","","39.07","0","6.44","0","0","0","0","0","0","0","0","-6.83","0","0","0","38.68"
"Mar 17, 2017 1:51:44 PM PDT","6315773751","Shipping Services","103-9387127-6549863","","Shipping Label Purchased through Amazon","","","Standard Orders","","","","","","0","0","0","0","0","0","0","0","0","0","0","0","0","0","-6.05","-6.05"
"Mar 17, 2017 1:52:16 PM PDT","6315773751","Shipping Services","102-9698183-9057003","","Shipping Label Purchased through Amazon","","","Standard Orders","","","","","","0","0","0","0","0","0","0","0","0","0","0","0","0","0","-6.63","-6.63"
"Mar 17, 2017 1:52:57 PM PDT","6315773751","Order","102-8277307-6899410","XU-A1VS-TZDF","Light Blué Women Gift Set 3.3 oz Eau De Toilette Spray + 3.4 oz Body Cream + 3.4 oz Shower.","1","amazon.com","Standard Orders","Seller","RUSSELLVILLE","KY","42276","","86.64","0","4.49","0","0","0","0","0","0","0","0","-13.67","0","0","0","77.46"
"Mar 17, 2017 1:53:35 PM PDT","6315773751","Shipping Services","102-8277307-6899410","","Shipping Label Purchased through Amazon","","","Standard Orders","","","","","","0","0","0","0","0","0","0","0","0","0","0","0","0","0","-6.20","-6.20"
"Mar 17, 2017 1:54:04 PM PDT","6315773751","Order","102-3145243-7068226","JK-130P-A3PQ","Tiamo by Parfum Blaze Eau De Toilette Spray 3.4 oz","1","amazon.com","Standard Orders","Seller","UNION CITY","NJ","07087-6544","","12.48","0","5.49","0","0","0","0","0","0","0","0","-2.70","0","0","0","15.27"
"Mar 17, 2017 1:54:41 PM PDT","6315773751","Shipping Services","102-3145243-7068226","","Shipping Label Purchased through Amazon","","","Standard Orders","","","","","","0","0","0","0","0","0","0","0","0","0","0","0","0","0","-4.46","-4.46"
"Mar 17, 2017 1:55:11 PM PDT","6315773751","Order","002-2492752-9671438","BF-2O4Q-JYRE","Paco Rabanne 1 million Cologne for Men 6.8 oz Eau De Toilette Spray","1","amazon.com","Standard Orders","Seller","DREXEL HILL","PA","19026-5565","","80.66","0","4.49","0","0","0","0","0","0","0","0","-12.77","0","0","0","72.38"
"Mar 17, 2017 1:55:50 PM PDT","6315773751","Shipping Services","002-2492752-9671438","","Shipping Label Purchased through Amazon","","","Standard Orders","","","","","","0","0","0","0","0","0","0","0","0","0","0","0","0","0","-6.20","-6.20"
"Mar 17, 2017 1:56:10 PM PDT","6315773751","Order","111-4759918-2148265","BF-N7MD-D4X3","Perry Ellis 360 Eau de Toilette Spray Gift Set for Women, 3 Count","1","amazon.com","Standard Orders","Seller","Yonkers","NY","10701","","38.45","0","5.74","0","0","0","0","0","0","0","0","-6.63","0","0","0","37.56"
"Mar 17, 2017 1:56:49 PM PDT","6315773751","Shipping Services","111-4759918-2148265","","Shipping Label Purchased through Amazon","","","Standard Orders","","","","","","0","0","0","0","0","0","0","0","0","0","0","0","0","0","-6.05","-6.05"
"Mar 17, 2017 1:57:56 PM PDT","6315773751","Order","109-8065083-4789044","Q6-WPSC-SKZE","Tiamo Perfume For Women By Parfum Blaze","1","amazon.com","Standard Orders","Seller","DORAL","FL","33198-1534","","10.00","0","5.49","0","0","0","0","0","0","0","0","-2.32","0","0","0","13.17"
"Mar 17, 2017 1:58:26 PM PDT","6315773751","Shipping Services","109-8065083-4789044","","Shipping Label Purchased through Amazon","","","Standard Orders","","","","","","0","0","0","0","0","0","0","0","0","0","0","0","0","0","-4.32","-4.32"
"Mar 17, 2017 1:58:48 PM PDT","6315773751","Order","108-0957685-6949869","2L-YX0W-CS37","Johan B Merveille Eau De Parfum Spray for Women, 3.4 Ounce","1","amazon.com","Standard Orders","Seller","Port Orange","FL","32127-7563","","24.63","0","5.34","0","0","0","0","0","0","0","0","-4.50","0","0","0","25.47"
"Mar 17, 2017 1:59:32 PM PDT","6315773751","Shipping Services","108-0957685-6949869","","Shipping Label Purchased through Amazon","","","Standard Orders","","","","","","0","0","0","0","0","0","0","0","0","0","0","0","0","0","-4.46","-4.46"
"Mar 17, 2017 2:00:39 PM PDT","6315773751","Order","109-2184543-1277841","DT-GQQP-NJQJ","Thé Oné 3.4oz Eau De Parfum Sprày MéN by Dolcé ànd Gàbbànà","1","amazon.com","Standard Orders","Seller","MESQUITE","NV","89027-5148","","69.80","0","4.49","0","0","0","0","0","0","0","0","-11.14","0","0","0","63.15"
"Mar 17, 2017 2:01:17 PM PDT","6315773751","Shipping Services","109-2184543-1277841","","Shipping Label Purchased through Amazon","","","Standard Orders","","","","","","0","0","0","0","0","0","0","0","0","0","0","0","0","0","-6.20","-6.20"
"Mar 17, 2017 2:03:50 PM PDT","6315773751","Order","107-0644711-2935450","FI-6L5M-3BSG","Bvlgari Men's BLV Pour Homme EDT Spray,Blue,3.4 oz","1","amazon.com","Standard Orders","Seller","doral","Florida","33166-6503","","33.00","0","5.54","0","0","0","0","0","0","0","0","-5.78","0","0","0","32.76"
"Mar 17, 2017 2:04:28 PM PDT","6315773751","Shipping Services","107-0644711-2935450","","Shipping Label Purchased through Amazon","","","Standard Orders","","","","","","0","0","0","0","0","0","0","0","0","0","0","0","0","0","-4.46","-4.46"
"Mar 17, 2017 2:04:53 PM PDT","6315773751","Order","105-4930236-6168252","72-CU1L-SLHE","Cuba Variety By Cuba For Men. Set-4 Piece Mini Variety With Cuba Gold, Red, Blue, & Orange & All Are .17 OZ","1","amazon.com","Standard Orders","Seller","SEATAC","WASHINGTON","98168-3834","","25.00","0","4.59","0","0","0","0","0","0","0","0","-4.44","0","0","0","25.15"
"Mar 17, 2017 2:05:31 PM PDT","6315773751","Shipping Services","105-4930236-6168252","","Shipping Label Purchased through Amazon","","","Standard Orders","","","","","","0","0","0","0","0","0","0","0","0","0","0","0","0","0","-3.90","-3.90"
"Mar 17, 2017 2:05:56 PM PDT","6315773751","Order","103-9848111-0502667","KG-EP0K-7LTJ","Jus De Amour for Women","1","amazon.com","Standard Orders","Seller","CLINTON TOWNSHIP","MI","48035-3621","","7.50","0","5.34","0","0","0","0","0","0","0","0","-1.93","0","0","0","10.91"
"Mar 17, 2017 2:06:31 PM PDT","6315773751","Shipping Services","103-9848111-0502667","","Shipping Label Purchased through Amazon","","","Standard Orders","","","","","","0","0","0","0","0","0","0","0","0","0","0","0","0","0","-4.46","-4.46"
"Mar 17, 2017 2:07:46 PM PDT","6315773751","Order","103-9839978-2998615","MH-E253-RB4H","LALIQUE by Lalique Eau De Parfum Spray (Lion) 4.2 oz for Men","1","amazon.com","Standard Orders","Seller","BROOKLYN","NY","11203-4475","","30.00","0","5.39","0","0","0","0","0","0","0","0","-5.31","0","0","0","30.08"
"Mar 17, 2017 2:08:25 PM PDT","6315773751","Shipping Services","103-9839978-2998615","","Shipping Label Purchased through Amazon","","","Standard Orders","","","","","","0","0","0","0","0","0","0","0","0","0","0","0","0","0","-4.46","-4.46"
"Mar 17, 2017 2:08:51 PM PDT","6315773751","Order","103-6927713-9643426","BF-2O4Q-JYRE","Paco Rabanne 1 million Cologne for Men 6.8 oz Eau De Toilette Spray","1","amazon.com","Standard Orders","Seller","MIAMI","FLORIDA","33137-5164","","80.05","0","8.99","0","0","0","0","0","0","0","0","-13.36","0","0","0","75.68"
"Mar 17, 2017 2:09:28 PM PDT","6315773751","Shipping Services","103-6927713-9643426","","Shipping Label Purchased through Amazon","","","Standard Orders","","","","","","0","0","0","0","0","0","0","0","0","0","0","0","0","0","-6.20","-6.20"
"Mar 17, 2017 2:10:38 PM PDT","6315773751","Order","103-4894014-7227452","MH-E253-RB4H","LALIQUE by Lalique Eau De Parfum Spray (Lion) 4.2 oz for Men","1","amazon.com","Standard Orders","Seller","QUEENS VILLAGE","NY","11429-1041","","30.00","0","5.39","0","0","0","0","0","0","0","0","-5.31","0","0","0","30.08"
"Mar 17, 2017 2:10:55 PM PDT","6315773751","Shipping Services","103-4894014-7227452","","Shipping Label Purchased through Amazon","","","Standard Orders","","","","","","0","0","0","0","0","0","0","0","0","0","0","0","0","0","-4.46","-4.46"
"Mar 17, 2017 2:11:50 PM PDT","6315773751","Order","103-4275050-3054647","GE-DDEU-7TI5","Samba By Perfumers Workshop For Men. Eau De Toilette Spray 3.3 Ounces","1","amazon.com","Standard Orders","Seller","GALLOWAY","NJ","08205-3410","","34.94","0","5.04","0","0","0","0","0","0","0","0","-6.00","0","0","0","33.98"
"Mar 17, 2017 2:12:08 PM PDT","6315773751","Shipping Services","103-4275050-3054647","","Shipping Label Purchased through Amazon","","","Standard Orders","","","","","","0","0","0","0","0","0","0","0","0","0","0","0","0","0","-3.76","-3.76"
"Mar 17, 2017 2:14:11 PM PDT","6315773751","Order","112-4697055-4897008","Y9-1YIN-CGA7","Royal Copenhagen By Royal Copenhagen For Men. Cologne Splash 8.0 Oz","1","amazon.com","Standard Orders","Seller","DUBOISTOWN","PA","17702-6739","","24.39","0","5.79","0","0","0","0","0","0","0","0","-4.53","0","0","0","25.65"
"Mar 17, 2017 2:14:50 PM PDT","6315773751","Shipping Services","112-4697055-4897008","","Shipping Label Purchased through Amazon","","","Standard Orders","","","","","","0","0","0","0","0","0","0","0","0","0","0","0","0","0","-6.05","-6.05"
"Mar 18, 2017 6:05:28 AM PDT","6316476651","Transfer","","","To your account ending in: 6276, Bank Transfer ID: 091000016868121","","","Standard Orders","","","","","","0","0","0","0","0","0","0","0","0","0","0","0","0","0","-1,708.53","-1,708.53"
"Mar 19, 2017 6:07:07 AM PDT","6317047411","Transfer","","","To your account ending in: 6276, Bank Transfer ID: 091000012066475","","","Standard Orders","","","","","","0","0","0","0","0","0","0","0","0","0","0","0","0","0","-1,398.52","-1,398.52"
"Mar 19, 2017 5:22:37 PM PDT","6317047411","Order","107-2949577-9928262","YI-Q248-ZGRN","Double Diamond 3.4 Eau De Perfume Spray Women","1","amazon.com","Standard Orders","Seller","HIALEAH","FL","33012-5260","","6.29","0","28.60","0","0","0","0","0","0","0","0","-5.23","0","0","0","29.66"
"Mar 19, 2017 5:23:14 PM PDT","6317047411","Shipping Services","107-2949577-9928262","","Shipping Label Purchased through Amazon","","","Standard Orders","","","","","","0","0","0","0","0","0","0","0","0","0","0","0","0","0","-21.48","-21.48"
"Mar 19, 2017 5:24:27 PM PDT","6317047411","Order","103-6638219-9970616","BF-2O4Q-JYRE","Paco Rabanne 1 million Cologne for Men 6.8 oz Eau De Toilette Spray","1","amazon.com","Standard Orders","Seller","ELKO","NV","89801-8400","","80.00","0","25.00","0","0","0","0","0","0","0","0","-15.75","0","0","0","89.25"
"Mar 19, 2017 5:25:00 PM PDT","6317047411","Shipping Services","103-6638219-9970616","","Shipping Label Purchased through Amazon","","","Standard Orders","","","","","","0","0","0","0","0","0","0","0","0","0","0","0","0","0","-21.63","-21.63"
"Mar 19, 2017 5:26:55 PM PDT","6317047411","Shipping Services","116-9258075-6708218","","Shipping Label Purchased through Amazon","","","Standard Orders","","","","","","0","0","0","0","0","0","0","0","0","0","0","0","0","0","-4.46","-4.46"
"Mar 19, 2017 5:27:31 PM PDT","6317047411","Order","116-7109408-7255440","FI-6L5M-3BSG","Bvlgari Men's BLV Pour Homme EDT Spray,Blue,3.4 oz","1","amazon.com","Standard Orders","Seller","BRIGHTON","MA","02135-2559","","34.20","0","5.54","0","0","0","0","0","0","0","0","-5.96","0","0","0","33.78"
"Mar 19, 2017 5:28:10 PM PDT","6317047411","Shipping Services","116-7109408-7255440","","Shipping Label Purchased through Amazon","","","Standard Orders","","","","","","0","0","0","0","0","0","0","0","0","0","0","0","0","0","-4.46","-4.46"
"Mar 19, 2017 5:29:25 PM PDT","6317047411","Order","116-5348448-7390610","W4-6TKK-M8MV","BRUT by Faberge Cologne Spray (Original-Glass Bottle) 3 oz","3","amazon.com","Standard Orders","Seller","Columbiana","Ohio","44408","","29.82","0","6.02","0","0","0","0","0","0","0","0","-5.37","0","0","0","30.47"
"Mar 19, 2017 5:30:02 PM PDT","6317047411","Shipping Services","116-5348448-7390610","","Shipping Label Purchased through Amazon","","","Standard Orders","","","","","","0","0","0","0","0","0","0","0","0","0","0","0","0","0","-6.05","-6.05"
"Mar 19, 2017 5:30:42 PM PDT","6317047411","Order","116-3594436-7711414","KF-2WDK-CCTQ","Narciso Rodriguez by Narciso Rodriguez for Him Men 3.3 oz Eau de Toilette Spray","1","amazon.com","Standard Orders","Seller","LARGO","FL","33778-3640","","56.67","0","5.64","0","0","0","0","0","0","0","0","-9.35","0","0","0","52.96"
"Mar 19, 2017 5:31:20 PM PDT","6317047411","Shipping Services","116-3594436-7711414","","Shipping Label Purchased through Amazon","","","Standard Orders","","","","","","0","0","0","0","0","0","0","0","0","0","0","0","0","0","-4.61","-4.61"
"Mar 19, 2017 5:32:19 PM PDT","6317047411","Order","112-9871628-6855448","BF-N7MD-D4X3","Perry Ellis 360 Eau de Toilette Spray Gift Set for Women, 3 Count","1","amazon.com","Standard Orders","Seller","Linthicum Heights","Maryland","21090","","38.45","0","5.74","0","0","0","0","0","0","0","0","-6.63","0","0","0","37.56"
"Mar 19, 2017 5:32:58 PM PDT","6317047411","Shipping Services","112-9871628-6855448","","Shipping Label Purchased through Amazon","","","Standard Orders","","","","","","0","0","0","0","0","0","0","0","0","0","0","0","0","0","-6.05","-6.05"
"Mar 19, 2017 5:33:53 PM PDT","6317047411","Order","112-7574034-8231437","7U-NSLF-DU93","Paris Hilton Can Can for Women Gift Set (Eau de Parfum Spray, Lotion, Bath and Shower Gel, Perfume Stick)","1","amazon.com","Standard Orders","Seller","MIAMI","FLORIDA","33195-6407","","31.34","0","6.25","0","0","0","0","0","0","0","0","-5.64","0","0","0","31.95"
"Mar 19, 2017 5:34:31 PM PDT","6317047411","Shipping Services","112-7574034-8231437","","Shipping Label Purchased through Amazon","","","Standard Orders","","","","","","0","0","0","0","0","0","0","0","0","0","0","0","0","0","-6.96","-6.96"
"Mar 19, 2017 5:35:20 PM PDT","6317047411","Order","112-6708148-3469041","BH-28B0-AAIH","Fantasy By Britney Spears For Women, Eau De Parfum Spray, 1 Ounce","1","amazon.com","Standard Orders","Seller","Lake Orion","MI","48360-1886","","18.00","0","4.99","0","0","0","0","0","0","0","0","-3.45","0","0","0","19.54"
"Mar 19, 2017 5:35:56 PM PDT","6317047411","Shipping Services","112-6708148-3469041","","Shipping Label Purchased through Amazon","","","Standard Orders","","","","","","0","0","0","0","0","0","0","0","0","0","0","0","0","0","-3.07","-3.07"
"Mar 19, 2017 5:36:15 PM PDT","6317047411","Order","116-9258075-6708218","JK-130P-A3PQ","Tiamo by Parfum Blaze Eau De Toilette Spray 3.4 oz","1","amazon.com","Standard Orders","Seller","Fort Washington","MD","20744","","12.48","0","5.49","0","0","0","0","0","0","0","0","-2.70","0","0","0","15.27"
"Mar 19, 2017 5:37:09 PM PDT","6317047411","Order","112-4794360-2991444","BF-2O4Q-JYRE","Paco Rabanne 1 million Cologne for Men 6.8 oz Eau De Toilette Spray","1","amazon.com","Standard Orders","Seller","SAINT CHARLES","MO","63301-1693","","79.81","0","8.99","0","0","0","0","0","0","0","0","-13.32","0","0","0","75.48"
"Mar 19, 2017 5:37:47 PM PDT","6317047411","Shipping Services","112-4794360-2991444","","Shipping Label Purchased through Amazon","","","Standard Orders","","","","","","0","0","0","0","0","0","0","0","0","0","0","0","0","0","-6.20","-6.20"
"Mar 19, 2017 5:41:09 PM PDT","6317047411","Order","112-2063617-9993048","7U-NSLF-DU93","Paris Hilton Can Can for Women Gift Set (Eau de Parfum Spray, Lotion, Bath and Shower Gel, Perfume Stick)","1","amazon.com","Standard Orders","Seller","Danbury","CT","06810","","31.34","0","6.25","0","0","0","0","0","0","0","0","-5.64","0","0","0","31.95"
"Mar 19, 2017 5:41:47 PM PDT","6317047411","Shipping Services","112-2063617-9993048","","Shipping Label Purchased through Amazon","","","Standard Orders","","","","","","0","0","0","0","0","0","0","0","0","0","0","0","0","0","-6.05","-6.05"
"Mar 19, 2017 5:42:21 PM PDT","6317047411","Order","111-2390108-2466622","OA-PJRJ-Y9NK","OSCAR by Oscar de la Renta Eau De Toilette Spray 3.4 oz for Women","1","amazon.com","Standard Orders","Seller","KENT","WA","98031-2905","","25.00","0","5.29","0","0","0","0","0","0","0","0","-4.54","0","0","0","25.75"
"Mar 19, 2017 5:42:59 PM PDT","6317047411","Shipping Services","111-2390108-2466622","","Shipping Label Purchased through Amazon","","","Standard Orders","","","","","","0","0","0","0","0","0","0","0","0","0","0","0","0","0","-4.32","-4.32"
"Mar 19, 2017 5:43:52 PM PDT","6317047411","Order","111-1170157-1084210","2R-XBDJ-90C7","Carolina Herrera 212 Vip Rose Eau de Parfum Spray for Women, 1.7 Ounce","1","amazon.com","Standard Orders","Seller","DORAL","FL","33166-7793","","43.89","0","5.33","0","0","0","0","0","0","0","0","-7.38","0","0","0","41.84"
"Mar 19, 2017 5:44:25 PM PDT","6317047411","Shipping Services","111-1170157-1084210","","Shipping Label Purchased through Amazon","","","Standard Orders","","","","","","0","0","0","0","0","0","0","0","0","0","0","0","0","0","-4.32","-4.32"
"Mar 19, 2017 5:44:52 PM PDT","6317047411","Order","109-2677815-5180202","JV-B0NK-CR8U","360 Red by Perry Ellis for Men - 3.4 Ounce EDT Spray","1","amazon.com","Standard Orders","Seller","pearland","tx","77581","","20.00","0","4.98","0","0","0","0","0","0","0","0","-3.75","0","0","0","21.23"
"Mar 19, 2017 5:45:30 PM PDT","6317047411","Shipping Services","109-2677815-5180202","","Shipping Label Purchased through Amazon","","","Standard Orders","","","","","","0","0","0","0","0","0","0","0","0","0","0","0","0","0","-4.18","-4.18"
"Mar 19, 2017 5:46:55 PM PDT","6317047411","Order","109-0485582-8540227","FZ-7H25-DGAL","Reb'L Fleur By Rihanna Gift Set -- 3.4 Oz Eau De Parfum Spray + 3 Oz Body Lotion + 3 Oz Shower Gel + .34 Oz Mini Edp Spray Women","1","amazon.com","Standard Orders","Seller","BALTIMORE","MD","21221-3940","","30.12","0","5.49","0","0","0","0","0","0","0","0","-5.34","0","0","0","30.27"
"Mar 19, 2017 5:47:33 PM PDT","6317047411","Shipping Services","109-0485582-8540227","","Shipping Label Purchased through Amazon","","","Standard Orders","","","","","","0","0","0","0","0","0","0","0","0","0","0","0","0","0","-6.63","-6.63"
"Mar 19, 2017 5:48:03 PM PDT","6317047411","Order","108-9949851-2939420","IU-NGMR-DKVD","Christian Dior Hypnotic Poison Eau De Parfum Spray for Women , 3.4 Fluid Ounce","1","amazon.com","Standard Orders","Seller","ft.worth","texas","76244","","85.00","0","5.24","0","0","0","0","0","0","0","0","-13.54","0","0","0","76.70"
"Mar 19, 2017 5:48:41 PM PDT","6317047411","Shipping Services","108-9949851-2939420","","Shipping Label Purchased through Amazon","","","Standard Orders","","","","","","0","0","0","0","0","0","0","0","0","0","0","0","0","0","-4.19","-4.19"
"Mar 19, 2017 5:49:13 PM PDT","6317047411","Order","108-7808664-4486626","BL-T5K9-7G6S","Diesel Plus Plus 2.5oz 3pc Gift Set for Man","1","amazon.com","Standard Orders","Seller","NORTHRIDGE","CA","91325-4016","","19.50","0","6.47","0","0","0","0","0","0","0","0","-3.90","0","0","0","22.07"
"Mar 19, 2017 5:49:51 PM PDT","6317047411","Shipping Services","108-7808664-4486626","","Shipping Label Purchased through Amazon","","","Standard Orders","","","","","","0","0","0","0","0","0","0","0","0","0","0","0","0","0","-7.34","-7.34"
"Mar 19, 2017 5:50:44 PM PDT","6317047411","Order","108-6351008-0314620","LY-UWAU-LFK6","Antonio Banderas Blue Seduction for Men Eau De Toilette Spray, 6.75 Ounce","2","amazon.com","Standard Orders","Seller","St George","UT","84790-6248","","50.64","0","6.69","0","0","0","0","0","0","0","0","-8.60","0","0","0","48.73"
"Mar 19, 2017 5:51:22 PM PDT","6317047411","Shipping Services","108-6351008-0314620","","Shipping Label Purchased through Amazon","","","Standard Orders","","","","","","0","0","0","0","0","0","0","0","0","0","0","0","0","0","-6.70","-6.70"
"Mar 19, 2017 5:52:58 PM PDT","6317047411","Order","112-9874297-6657022","KD-JYY3-7NCA","Anna Sui Forbidden Affair Eau de Toilette Spray for Women, 2.5 Ounce","1","amazon.com","Standard Orders","Seller","MIAMI","FL","33186-3980","","26.17","0","5.15","0","0","0","0","0","0","0","0","-4.70","0","0","0","26.62"
"Mar 19, 2017 5:53:36 PM PDT","6317047411","Shipping Services","112-9874297-6657022","","Shipping Label Purchased through Amazon","","","Standard Orders","","","","","","0","0","0","0","0","0","0","0","0","0","0","0","0","0","-4.04","-4.04"
"Mar 19, 2017 5:55:11 PM PDT","6317047411","Order","108-1470259-6696211","XU-A1VS-TZDF","Light Blué Women Gift Set 3.3 oz Eau De Toilette Spray + 3.4 oz Body Cream + 3.4 oz Shower.","1","amazon.com","Standard Orders","Seller","SAN JOSE","CALIFORNIA","95121-1333","","88.12","0","4.49","0","0","0","0","0","0","0","0","-13.89","0","0","0","78.72"
"Mar 19, 2017 5:55:49 PM PDT","6317047411","Shipping Services","108-1470259-6696211","","Shipping Label Purchased through Amazon","","","Standard Orders","","","","","","0","0","0","0","0","0","0","0","0","0","0","0","0","0","-7.49","-7.49"
"Mar 19, 2017 5:56:26 PM PDT","6317047411","Order","108-0344233-0148247","BF-2O4Q-JYRE","Paco Rabanne 1 million Cologne for Men 6.8 oz Eau De Toilette Spray","1","amazon.com","Standard Orders","Seller","HOLLYWOOD","FL","33024-7405","","79.85","0","4.49","0","0","0","0","0","0","0","0","-12.65","0","0","0","71.69"
"Mar 19, 2017 5:57:02 PM PDT","6317047411","Shipping Services","108-0344233-0148247","","Shipping Label Purchased through Amazon","","","Standard Orders","","","","","","0","0","0","0","0","0","0","0","0","0","0","0","0","0","-6.20","-6.20"
"Mar 19, 2017 5:57:41 PM PDT","6317047411","Order","108-0071731-5989875","FI-6L5M-3BSG","Bvlgari Men's BLV Pour Homme EDT Spray,Blue,3.4 oz","1","amazon.com","Standard Orders","Seller","DENVER","CO","80246-1444","","34.20","0","5.54","0","0","0","0","0","0","0","0","-5.96","0","0","0","33.78"
"Mar 19, 2017 5:58:18 PM PDT","6317047411","Shipping Services","108-0071731-5989875","","Shipping Label Purchased through Amazon","","","Standard Orders","","","","","","0","0","0","0","0","0","0","0","0","0","0","0","0","0","-4.46","-4.46"
"Mar 19, 2017 5:59:37 PM PDT","6317047411","Order","106-3756541-6258655","B0-30LP-CY8E","Jessica Simpson Fancy Love  Gift Set for Women (Eau de Parfum Spray 3.4 Ounce, Lotion 4 Ounce, Lotion 3 Ounce, Bath and Shower Cream, Eau de Parfum Sp","1","amazon.com","Standard Orders","Seller","NEWARK","CA","94560-4416","","49.70","0","6.89","0","0","0","0","0","0","0","0","-8.49","0","0","0","48.10"
"Mar 19, 2017 6:00:15 PM PDT","6317047411","Shipping Services","106-3756541-6258655","","Shipping Label Purchased through Amazon","","","Standard Orders","","","","","","0","0","0","0","0","0","0","0","0","0","0","0","0","0","-7.34","-7.34"
"Mar 19, 2017 6:01:02 PM PDT","6317047411","Order","106-2826998-3209819","2L-YX0W-CS37","Johan B Merveille Eau De Parfum Spray for Women, 3.4 Ounce","1","amazon.com","Standard Orders","Seller","SHREVEPORT","LA","71107-2626","","24.63","0","5.34","0","0","0","0","0","0","0","0","-4.50","0","0","0","25.47"
"Mar 19, 2017 6:01:40 PM PDT","6317047411","Shipping Services","106-2826998-3209819","","Shipping Label Purchased through Amazon","","","Standard Orders","","","","","","0","0","0","0","0","0","0","0","0","0","0","0","0","0","-4.46","-4.46"
"Mar 19, 2017 6:03:15 PM PDT","6317047411","Order","105-8551342-2740261","2K-2PHX-0XNT","COOL WATER * Davidoff * Cologne for Men * 4.2 oz * BRAND NEW IN BOX","1","amazon.com","Standard Orders","Seller","DALY CITY","CA","94015","","25.48","0","4.49","0","0","0","0","0","0","0","0","-4.50","0","0","0","25.47"
"Mar 19, 2017 6:03:52 PM PDT","6317047411","Shipping Services","105-8551342-2740261","","Shipping Label Purchased through Amazon","","","Standard Orders","","","","","","0","0","0","0","0","0","0","0","0","0","0","0","0","0","-4.18","-4.18"
"Mar 19, 2017 6:05:33 PM PDT","6317047411","Order","105-3682440-4371402","IU-NGMR-DKVD","Christian Dior Hypnotic Poison Eau De Parfum Spray for Women , 3.4 Fluid Ounce","1","amazon.com","Standard Orders","Seller","YORKTOWN HEIGHTS","NY","10598-4937","","85.00","0","5.24","0","0","0","0","0","0","0","0","-13.54","0","0","0","76.70"
"Mar 19, 2017 6:06:11 PM PDT","6317047411","Shipping Services","105-3682440-4371402","","Shipping Label Purchased through Amazon","","","Standard Orders","","","","","","0","0","0","0","0","0","0","0","0","0","0","0","0","0","-4.19","-4.19"
"Mar 19, 2017 6:07:21 PM PDT","6317047411","Order","104-8251733-9816201","72-CU1L-SLHE","Cuba Variety By Cuba For Men. Set-4 Piece Mini Variety With Cuba Gold, Red, Blue, & Orange & All Are .17 OZ","1","amazon.com","Standard Orders","Seller","ADEL","IA","50003-2065","","25.00","0","4.59","0","0","0","0","0","0","0","0","-4.44","0","0","0","25.15"
"Mar 19, 2017 6:07:59 PM PDT","6317047411","Shipping Services","104-8251733-9816201","","Shipping Label Purchased through Amazon","","","Standard Orders","","","","","","0","0","0","0","0","0","0","0","0","0","0","0","0","0","-3.90","-3.90"
"Mar 19, 2017 6:10:43 PM PDT","6317047411","Order","104-4809458-2390644","2L-YX0W-CS37","Johan B Merveille Eau De Parfum Spray for Women, 3.4 Ounce","1","amazon.com","Standard Orders","Seller","MIAMI","FL","33189-3776","","24.63","0","5.34","0","0","0","0","0","0","0","0","-4.50","0","0","0","25.47"
"Mar 19, 2017 6:11:20 PM PDT","6317047411","Shipping Services","104-4809458-2390644","","Shipping Label Purchased through Amazon","","","Standard Orders","","","","","","0","0","0","0","0","0","0","0","0","0","0","0","0","0","-4.46","-4.46"
"Mar 19, 2017 6:12:39 PM PDT","6317047411","Order","104-2569962-0381801","1O-YSQR-VEK9","1 Million Fragrance By Paco Rabanne 3pc Travel Edition Gift Set . 3.4 Fl.Oz. Eau De Toilette Spray + 3.4 S/G Men+15ml spray Mini For Men","1","amazon.com","Standard Orders","Seller","BRONX","NY","10456-2232","","70.85","0","4.49","0","0","0","0","0","0","0","0","-11.30","0","0","0","64.04"
"Mar 19, 2017 6:13:18 PM PDT","6317047411","Shipping Services","104-2569962-0381801","","Shipping Label Purchased through Amazon","","","Standard Orders","","","","","","0","0","0","0","0","0","0","0","0","0","0","0","0","0","-6.20","-6.20"
"Mar 19, 2017 6:14:11 PM PDT","6317047411","Order","104-1253707-7410630","YI-Q248-ZGRN","Double Diamond 3.4 Eau De Perfume Spray Women","2","amazon.com","Standard Orders","Seller","AMITYVILLE","NY","11701-2607","","12.58","0","6.89","0","0","0","0","0","0","0","0","-2.92","0","0","0","16.55"
"Mar 19, 2017 6:14:49 PM PDT","6317047411","Shipping Services","104-1253707-7410630","","Shipping Label Purchased through Amazon","","","Standard Orders","","","","","","0","0","0","0","0","0","0","0","0","0","0","0","0","0","-6.05","-6.05"
"Mar 19, 2017 6:16:04 PM PDT","6317047411","Order","103-6948261-9240268","CN-6IAE-SX2V","Ed Hardy FOR WOMEN by Christian Audigier - 3.4 oz EDP Spray","1","amazon.com","Standard Orders","Seller","ADGER","AL","35006-1238","","26.47","0","6.94","0","0","0","0","0","0","0","0","-5.01","0","0","0","28.40"
"Mar 19, 2017 6:16:42 PM PDT","6317047411","Shipping Services","103-6948261-9240268","","Shipping Label Purchased through Amazon","","","Standard Orders","","","","","","0","0","0","0","0","0","0","0","0","0","0","0","0","0","-4.46","-4.46"
"Mar 19, 2017 6:17:49 PM PDT","6317047411","Order","103-6218074-9604223","2R-XBDJ-90C7","Carolina Herrera 212 Vip Rose Eau de Parfum Spray for Women, 1.7 Ounce","1","amazon.com","Standard Orders","Seller","KISSIMMEE","FLORIDA","34747-3029","","43.89","0","5.33","0","0","0","0","0","0","0","0","-7.38","0","0","0","41.84"
"Mar 19, 2017 6:18:24 PM PDT","6317047411","Shipping Services","103-6218074-9604223","","Shipping Label Purchased through Amazon","","","Standard Orders","","","","","","0","0","0","0","0","0","0","0","0","0","0","0","0","0","-4.32","-4.32"
"Mar 19, 2017 6:20:35 PM PDT","6317047411","Order","103-6386779-9378652","FY-HWYA-LPOO","Anna Sui Anna Sui Dolly Girl Edt Spray 1.7 Oz Anna Sui Dolly Girl/Anna Sui Edt Spray 1.7 Oz (W)","1","amazon.com","Standard Orders","Seller","New Rochelle","NY","10804-3210","","26.59","0","4.89","0","0","0","0","0","0","0","0","-4.72","0","0","0","26.76"
"Mar 19, 2017 6:21:13 PM PDT","6317047411","Shipping Services","103-6386779-9378652","","Shipping Label Purchased through Amazon","","","Standard Orders","","","","","","0","0","0","0","0","0","0","0","0","0","0","0","0","0","-3.07","-3.07"
"Mar 19, 2017 6:21:54 PM PDT","6317047411","Order","103-4133005-0942658","2L-YX0W-CS37","Johan B Merveille Eau De Parfum Spray for Women, 3.4 Ounce","1","amazon.com","Standard Orders","Seller","JONESVILLE","LOUISIANA","71343-5438","","24.63","0","5.34","0","0","0","0","0","0","0","0","-4.50","0","0","0","25.47"
"Mar 19, 2017 6:22:32 PM PDT","6317047411","Shipping Services","103-4133005-0942658","","Shipping Label Purchased through Amazon","","","Standard Orders","","","","","","0","0","0","0","0","0","0","0","0","0","0","0","0","0","-4.46","-4.46"
"Mar 19, 2017 6:27:10 PM PDT","6317047411","Order","103-1725990-9989056","66-FFD6-5QZU","White Diamonds By Elizabeth Taylor For Women, Eau De Toilette Spray, 1 Ounce","1","amazon.com","Standard Orders","Seller","HUDSONVILLE","MI","49426-9217","","16.49","0","4.84","0","0","0","0","0","0","0","0","-3.20","0","0","0","18.13"
"Mar 19, 2017 6:27:47 PM PDT","6317047411","Shipping Services","103-1725990-9989056","","Shipping Label Purchased through Amazon","","","Standard Orders","","","","","","0","0","0","0","0","0","0","0","0","0","0","0","0","0","-3.07","-3.07"
"Mar 19, 2017 6:28:20 PM PDT","6317047411","Order","103-0047632-0297830","OA-PJRJ-Y9NK","OSCAR by Oscar de la Renta Eau De Toilette Spray 3.4 oz for Women","2","amazon.com","Standard Orders","Seller","METAIRIE","LA","70005-3755","","50.00","0","6.09","0","0","0","0","0","0","0","0","-8.42","0","0","0","47.67"
"Mar 19, 2017 6:28:58 PM PDT","6317047411","Shipping Services","103-0047632-0297830","","Shipping Label Purchased through Amazon","","","Standard Orders","","","","","","0","0","0","0","0","0","0","0","0","0","0","0","0","0","-6.05","-6.05"
"Mar 19, 2017 6:29:42 PM PDT","6317047411","Order","102-9086345-1624261","C7-6Y6H-8ED9","JEAN PAUL GAULTIER by Jean Paul Gaultier - Women - Eau De Parfum Spray 3.3 oz","1","amazon.com","Standard Orders","Seller","SAN DIEGO","CA","92101-7161","","74.69","0","5.24","0","0","0","0","0","0","0","0","-11.99","0","0","0","67.94"
"Mar 19, 2017 6:30:20 PM PDT","6317047411","Shipping Services","102-9086345-1624261","","Shipping Label Purchased through Amazon","","","Standard Orders","","","","","","0","0","0","0","0","0","0","0","0","0","0","0","0","0","-4.61","-4.61"
"Mar 19, 2017 6:30:58 PM PDT","6317047411","Order","102-8826456-4021810","2L-YX0W-CS37","Johan B Merveille Eau De Parfum Spray for Women, 3.4 Ounce","1","amazon.com","Standard Orders","Seller","NEW BRAUNFELS","TX","78130-7072","","24.63","0","5.34","0","0","0","0","0","0","0","0","-4.50","0","0","0","25.47"
"Mar 19, 2017 6:31:35 PM PDT","6317047411","Shipping Services","102-8826456-4021810","","Shipping Label Purchased through Amazon","","","Standard Orders","","","","","","0","0","0","0","0","0","0","0","0","0","0","0","0","0","-4.46","-4.46"
"Mar 19, 2017 6:32:03 PM PDT","6317047411","Order","002-7959274-3061064","2L-YX0W-CS37","Johan B Merveille Eau De Parfum Spray for Women, 3.4 Ounce","1","amazon.com","Standard Orders","Seller","MANALAPAN","NJ","07726-3626","","24.63","0","5.34","0","0","0","0","0","0","0","0","-4.50","0","0","0","25.47"
"Mar 19, 2017 6:32:41 PM PDT","6317047411","Shipping Services","002-7959274-3061064","","Shipping Label Purchased through Amazon","","","Standard Orders","","","","","","0","0","0","0","0","0","0","0","0","0","0","0","0","0","-4.46","-4.46"
"Mar 19, 2017 6:33:34 PM PDT","6317047411","Order","002-5386108-1678650","7U-NSLF-DU93","Paris Hilton Can Can for Women Gift Set (Eau de Parfum Spray, Lotion, Bath and Shower Gel, Perfume Stick)","1","amazon.com","Standard Orders","Seller","HOMESTEAD","FL","33032-3136","","31.34","0","6.25","0","0","0","0","0","0","0","0","-5.64","0","0","0","31.95"
"Mar 19, 2017 6:34:12 PM PDT","6317047411","Shipping Services","002-5386108-1678650","","Shipping Label Purchased through Amazon","","","Standard Orders","","","","","","0","0","0","0","0","0","0","0","0","0","0","0","0","0","-6.96","-6.96"
"Mar 19, 2017 6:34:41 PM PDT","6317047411","Order","102-1460120-6401817","IL-IROW-9WPF","Cuba Gold by Cuba 20 x 1.17 oz Eau de Toilette Spray ( 1 Box )","1","amazon.com","Standard Orders","Seller","COATESVILLE","PA","19320-4363","","62.40","0","4.49","0","0","0","0","0","0","0","0","-10.03","0","0","0","56.86"
"Mar 19, 2017 6:35:19 PM PDT","6317047411","Shipping Services","102-1460120-6401817","","Shipping Label Purchased through Amazon","","","Standard Orders","","","","","","0","0","0","0","0","0","0","0","0","0","0","0","0","0","-6.78","-6.78"
"Mar 19, 2017 6:36:26 PM PDT","6317047411","Order","002-2360410-7285029","IL-IROW-9WPF","Cuba Gold by Cuba 20 x 1.17 oz Eau de Toilette Spray ( 1 Box )","1","amazon.com","Standard Orders","Seller","Huntington Beach","CA","92649-2918","","62.40","0","4.49","0","0","0","0","0","0","0","0","-10.03","0","0","0","56.86"
"Mar 19, 2017 6:37:11 PM PDT","6317047411","Shipping Services","002-2360410-7285029","","Shipping Label Purchased through Amazon","","","Standard Orders","","","","","","0","0","0","0","0","0","0","0","0","0","0","0","0","0","-7.49","-7.49"
"Mar 19, 2017 6:39:09 PM PDT","6317047411","Order","104-2987784-8520209","96-87LJ-NVG6","Jessica Simpson Fancy Love Eau de Parfum Spray for Women, 3.4 Fluid Ounce","1","amazon.com","Standard Orders","Seller","OCONOMOWOC","WI","53066-2768","","28.00","0","5.34","0","0","0","0","0","0","0","0","-5.00","0","0","0","28.34"
"Mar 19, 2017 6:39:47 PM PDT","6317047411","Shipping Services","104-2987784-8520209","","Shipping Label Purchased through Amazon","","","Standard Orders","","","","","","0","0","0","0","0","0","0","0","0","0","0","0","0","0","-4.46","-4.46"
"Mar 19, 2017 6:40:20 PM PDT","6317047411","Order","002-5673615-0866633","Z7-YFWK-ATDZ","Radiance by Britney Spears, Eau De Parfum Spray, 3.3-Ounce","1","amazon.com","Standard Orders","Seller","MEDINA","TN","38355-6900","","23.50","0","5.28","0","0","0","0","0","0","0","0","-4.32","0","0","0","24.46"
"Mar 19, 2017 6:40:58 PM PDT","6317047411","Shipping Services","002-5673615-0866633","","Shipping Label Purchased through Amazon","","","Standard Orders","","","","","","0","0","0","0","0","0","0","0","0","0","0","0","0","0","-4.46","-4.46"
"Mar 19, 2017 6:44:23 PM PDT","6317047411","Order","111-6561310-9777041","HC-E33E-W6BZ","InternetFragrance] ÃRPEGE by LÃ¡nvin 3.4 oz / 100 ml Eau De Parfum Spray NEW in Box for Women by (InternetFragrance) + Free Oscar De La Renta Esprit D","1","amazon.com","Standard Orders","Seller","GARRISON","TX","75946-5818","","37.49","0","4.49","0","0","0","0","0","0","0","0","-6.30","0","0","0","35.68"
"Mar 19, 2017 6:45:01 PM PDT","6317047411","Shipping Services","111-6561310-9777041","","Shipping Label Purchased through Amazon","","","Standard Orders","","","","","","0","0","0","0","0","0","0","0","0","0","0","0","0","0","-4.18","-4.18"
"Mar 19, 2017 6:48:11 PM PDT","6317047411","Order","106-2228695-8410614","M8-PEDR-E2QE","Clipsal 3.4 Fl. oz. Eau De Toilette Spray Men","2","amazon.com","Standard Orders","Seller","STERLING","VA","20164","","18.64","0","5.49","0","0","0","0","0","0","0","0","-3.62","0","0","0","20.51"
"Mar 19, 2017 6:48:48 PM PDT","6317047411","Shipping Services","106-2228695-8410614","","Shipping Label Purchased through Amazon","","","Standard Orders","","","","","","0","0","0","0","0","0","0","0","0","0","0","0","0","0","-6.05","-6.05"
"Mar 19, 2017 6:53:28 PM PDT","6317047411","Order","102-6597837-3252255","N1-BKAQ-0OJ8","212 VIP By Carolina Herrera Eau De Parfum Spray for Women, 2.70-Ounce","1","amazon.com","Standard Orders","Seller","APO","AE","09355","","51.41","0","5.37","0","0","0","0","0","0","0","0","-8.52","0","0","0","48.26"
"Mar 19, 2017 6:54:05 PM PDT","6317047411","Shipping Services","102-6597837-3252255","","Shipping Label Purchased through Amazon","","","Standard Orders","","","","","","0","0","0","0","0","0","0","0","0","0","0","0","0","0","-4.47","-4.47"
"Mar 19, 2017 6:59:34 PM PDT","6317047411","Order","103-2048913-4025841","GM-ZQK0-9GM1","One Direction 'Between Us' Eau de Parfum Spray 3.4oz/100ml New In Box","1","amazon.com","Standard Orders","Seller","FAIRLAWN","OH","44333-9129","","18.84","0","5.42","0","0","0","0","0","0","0","0","-3.64","0","0","0","20.62"
"Mar 19, 2017 7:00:11 PM PDT","6317047411","Shipping Services","103-2048913-4025841","","Shipping Label Purchased through Amazon","","","Standard Orders","","","","","","0","0","0","0","0","0","0","0","0","0","0","0","0","0","-4.46","-4.46"
"Mar 20, 2017 5:01:35 AM PDT","6317628521","Transfer","","","To your account ending in: 6276, Bank Transfer ID: 091000012822204","","","Standard Orders","","","","","","0","0","0","0","0","0","0","0","0","0","0","0","0","0","-581.99","-581.99"
"Mar 20, 2017 12:38:49 PM PDT","6317628521","Order","108-8611398-8735422","21-NWUH-FKC6","Liz Claiborne Curve Men Gift Set (Spray, Skin Soother, Hair and Body Wash)","1","amazon.com","Standard Orders","Seller","NEWBURG","MD","20664-6503","","34.34","0","6.64","0","0","0","0","0","0","0","0","-6.15","0","0","0","34.83"
"Mar 20, 2017 12:39:27 PM PDT","6317628521","Shipping Services","108-8611398-8735422","","Shipping Label Purchased through Amazon","","","Standard Orders","","","","","","0","0","0","0","0","0","0","0","0","0","0","0","0","0","-6.70","-6.70"
"Mar 20, 2017 12:41:06 PM PDT","6317628521","Order","108-6725655-6170621","YI-Q248-ZGRN","Double Diamond 3.4 Eau De Perfume Spray Women","1","amazon.com","Standard Orders","Seller","EUCLID","OH","44123-2080","","6.29","0","5.69","0","0","0","0","0","0","0","0","-1.80","0","0","0","10.18"
"Mar 20, 2017 12:41:44 PM PDT","6317628521","Shipping Services","108-6725655-6170621","","Shipping Label Purchased through Amazon","","","Standard Orders","","","","","","0","0","0","0","0","0","0","0","0","0","0","0","0","0","-3.90","-3.90"
"Mar 20, 2017 12:42:33 PM PDT","6317628521","Order","107-7636559-8790626","2L-YX0W-CS37","Johan B Merveille Eau De Parfum Spray for Women, 3.4 Ounce","1","amazon.com","Standard Orders","Seller","Lansing","IL","60438-2905","","24.63","0","5.34","0","0","0","0","0","0","0","0","-4.50","0","0","0","25.47"
"Mar 20, 2017 12:43:11 PM PDT","6317628521","Shipping Services","107-7636559-8790626","","Shipping Label Purchased through Amazon","","","Standard Orders","","","","","","0","0","0","0","0","0","0","0","0","0","0","0","0","0","-4.46","-4.46"
"Mar 20, 2017 12:45:18 PM PDT","6317628521","Shipping Services","107-4396483-1685034","","Shipping Label Purchased through Amazon","","","Standard Orders","","","","","","0","0","0","0","0","0","0","0","0","0","0","0","0","0","-4.46","-4.46"
"Mar 20, 2017 12:45:51 PM PDT","6317628521","Order","105-0615394-5708269","74-DRG6-NKAA","Estee Lauder Purse Beautiful Eau de Parfum Spray for Women, 6 Count","1","amazon.com","Standard Orders","Seller","BATAVIA","IL","60510-8669","","59.49","0","5.09","0","0","0","0","0","0","0","0","-9.69","0","0","0","54.89"
"Mar 20, 2017 12:46:28 PM PDT","6317628521","Shipping Services","105-0615394-5708269","","Shipping Label Purchased through Amazon","","","Standard Orders","","","","","","0","0","0","0","0","0","0","0","0","0","0","0","0","0","-4.47","-4.47"
"Mar 20, 2017 12:47:28 PM PDT","6317628521","Order","106-7939078-7847402","BH-28B0-AAIH","Fantasy By Britney Spears For Women, Eau De Parfum Spray, 1 Ounce","1","amazon.com","Standard Orders","Seller","CYPRESS","TX","77433-4085","","19.40","0","9.74","0","0","0","0","0","0","0","0","-4.37","0","0","0","24.77"
"Mar 20, 2017 12:48:06 PM PDT","6317628521","Shipping Services","106-7939078-7847402","","Shipping Label Purchased through Amazon","","","Standard Orders","","","","","","0","0","0","0","0","0","0","0","0","0","0","0","0","0","-6.05","-6.05"
"Mar 20, 2017 12:48:48 PM PDT","6317628521","Order","104-8876567-4297810","FI-6L5M-3BSG","Bvlgari Men's BLV Pour Homme EDT Spray,Blue,3.4 oz","1","amazon.com","Standard Orders","Seller","PATERSON","NJ","07513-1607","","34.20","0","5.54","0","0","0","0","0","0","0","0","-5.96","0","0","0","33.78"
"Mar 20, 2017 12:49:26 PM PDT","6317628521","Shipping Services","104-8876567-4297810","","Shipping Label Purchased through Amazon","","","Standard Orders","","","","","","0","0","0","0","0","0","0","0","0","0","0","0","0","0","-4.46","-4.46"
"Mar 20, 2017 12:49:57 PM PDT","6317628521","Order","104-7288971-5881054","FI-6L5M-3BSG","Bvlgari Men's BLV Pour Homme EDT Spray,Blue,3.4 oz","1","amazon.com","Standard Orders","Seller","SAINT INIGOES","MD","20684-3221","","34.20","0","5.54","0","0","0","0","0","0","0","0","-5.96","0","0","0","33.78"
"Mar 20, 2017 12:50:33 PM PDT","6317628521","Shipping Services","104-7288971-5881054","","Shipping Label Purchased through Amazon","","","Standard Orders","","","","","","0","0","0","0","0","0","0","0","0","0","0","0","0","0","-4.46","-4.46"
"Mar 20, 2017 12:51:19 PM PDT","6317628521","Order","104-8216494-8125016","8S-BF2V-JH39","Piver Pompeia Cologne 14.25 oz Splash","1","amazon.com","Standard Orders","Seller","BROOKLYN","NY","11218-5461","","26.39","0","5.49","0","0","0","0","0","0","0","0","-4.78","0","0","0","27.10"
"Mar 20, 2017 12:51:55 PM PDT","6317628521","Shipping Services","104-8216494-8125016","","Shipping Label Purchased through Amazon","","","Standard Orders","","","","","","0","0","0","0","0","0","0","0","0","0","0","0","0","0","-6.05","-6.05"
"Mar 20, 2017 12:53:07 PM PDT","6317628521","Order","104-6114714-0337048","BH-28B0-AAIH","Fantasy By Britney Spears For Women, Eau De Parfum Spray, 1 Ounce","1","amazon.com","Standard Orders","Seller","RINCON","GA","31326-3320","","18.00","0","4.99","0","0","0","0","0","0","0","0","-3.45","0","0","0","19.54"
"Mar 20, 2017 12:53:42 PM PDT","6317628521","Shipping Services","104-6114714-0337048","","Shipping Label Purchased through Amazon","","","Standard Orders","","","","","","0","0","0","0","0","0","0","0","0","0","0","0","0","0","-3.07","-3.07"
"Mar 20, 2017 12:55:07 PM PDT","6317628521","Order","107-4396483-1685034","FI-6L5M-3BSG","Bvlgari Men's BLV Pour Homme EDT Spray,Blue,3.4 oz","1","amazon.com","Standard Orders","Seller","MIAMI BEACH","FL","33139-7391","","34.20","0","5.54","0","0","0","0","0","0","0","0","-5.96","0","0","0","33.78"
"Mar 20, 2017 12:56:12 PM PDT","6317628521","Order","103-6483209-0628268","BF-2O4Q-JYRE","Paco Rabanne 1 million Cologne for Men 6.8 oz Eau De Toilette Spray","1","amazon.com","Standard Orders","Seller","APO","AE","09366","","79.30","0","4.49","0","0","0","0","0","0","0","0","-12.57","0","0","0","71.22"
"Mar 20, 2017 12:56:50 PM PDT","6317628521","Shipping Services","103-6483209-0628268","","Shipping Label Purchased through Amazon","","","Standard Orders","","","","","","0","0","0","0","0","0","0","0","0","0","0","0","0","0","-6.20","-6.20"
"Mar 20, 2017 12:57:52 PM PDT","6317628521","Order","105-2900927-3916221","KG-EP0K-7LTJ","Jus De Amour for Women","1","amazon.com","Standard Orders","Seller","new york","ny","10003","","7.50","0","5.34","0","0","0","0","0","0","0","0","-1.93","0","0","0","10.91"
"Mar 20, 2017 12:58:28 PM PDT","6317628521","Shipping Services","105-2900927-3916221","","Shipping Label Purchased through Amazon","","","Standard Orders","","","","","","0","0","0","0","0","0","0","0","0","0","0","0","0","0","-4.46","-4.46"
"Mar 20, 2017 1:01:48 PM PDT","6317628521","Order","106-5964067-3101812","96-87LJ-NVG6","Jessica Simpson Fancy Love Eau de Parfum Spray for Women, 3.4 Fluid Ounce","1","amazon.com","Standard Orders","Seller","KEARNY","NJ","07032-2729","","28.00","0","5.34","0","0","0","0","0","0","0","0","-5.00","0","0","0","28.34"
"Mar 20, 2017 1:02:26 PM PDT","6317628521","Shipping Services","106-5964067-3101812","","Shipping Label Purchased through Amazon","","","Standard Orders","","","","","","0","0","0","0","0","0","0","0","0","0","0","0","0","0","-4.46","-4.46"
"Mar 20, 2017 1:03:26 PM PDT","6317628521","Order","107-8072285-7415441","96-87LJ-NVG6","Jessica Simpson Fancy Love Eau de Parfum Spray for Women, 3.4 Fluid Ounce","1","amazon.com","Standard Orders","Seller","DEERFIELD BEACH","FL","33441-5533","","28.00","0","5.34","0","0","0","0","0","0","0","0","-5.00","0","0","0","28.34"
"Mar 20, 2017 1:03:58 PM PDT","6317628521","Shipping Services","107-8072285-7415441","","Shipping Label Purchased through Amazon","","","Standard Orders","","","","","","0","0","0","0","0","0","0","0","0","0","0","0","0","0","-4.46","-4.46"
"Mar 20, 2017 1:05:46 PM PDT","6317628521","Order","102-6176062-9934664","2L-YX0W-CS37","Johan B Merveille Eau De Parfum Spray for Women, 3.4 Ounce","1","amazon.com","Standard Orders","Seller","BEAVERTON","OR","97008-6403","","24.63","0","5.34","0","0","0","0","0","0","0","0","-4.50","0","0","0","25.47"
"Mar 20, 2017 1:06:24 PM PDT","6317628521","Shipping Services","102-6176062-9934664","","Shipping Label Purchased through Amazon","","","Standard Orders","","","","","","0","0","0","0","0","0","0","0","0","0","0","0","0","0","-4.46","-4.46"
"Mar 20, 2017 1:07:55 PM PDT","6317628521","Order","002-6939314-8741027","2R-XBDJ-90C7","Carolina Herrera 212 Vip Rose Eau de Parfum Spray for Women, 1.7 Ounce","1","amazon.com","Standard Orders","Seller","DECATUR","GA","30034","","43.89","0","5.33","0","0","0","0","0","0","0","0","-7.38","0","0","0","41.84"
"Mar 20, 2017 1:08:33 PM PDT","6317628521","Shipping Services","002-6939314-8741027","","Shipping Label Purchased through Amazon","","","Standard Orders","","","","","","0","0","0","0","0","0","0","0","0","0","0","0","0","0","-4.32","-4.32"
"Mar 20, 2017 1:09:12 PM PDT","6317628521","Order","002-5726543-3809066","2R-XBDJ-90C7","Carolina Herrera 212 Vip Rose Eau de Parfum Spray for Women, 1.7 Ounce","1","amazon.com","Standard Orders","Seller","ENCINO","CA","91316-2117","","43.89","0","5.33","0","0","0","0","0","0","0","0","-7.38","0","0","0","41.84"
"Mar 20, 2017 1:09:49 PM PDT","6317628521","Shipping Services","002-5726543-3809066","","Shipping Label Purchased through Amazon","","","Standard Orders","","","","","","0","0","0","0","0","0","0","0","0","0","0","0","0","0","-4.32","-4.32"
"Mar 20, 2017 1:10:28 PM PDT","6317628521","Order","002-2857891-5638616","BF-2O4Q-JYRE","Paco Rabanne 1 million Cologne for Men 6.8 oz Eau De Toilette Spray","1","amazon.com","Standard Orders","Seller","TOLEDO","OH","43606-8800","","79.40","0","4.49","0","0","0","0","0","0","0","0","-12.58","0","0","0","71.31"
"Mar 20, 2017 1:11:05 PM PDT","6317628521","Shipping Services","002-2857891-5638616","","Shipping Label Purchased through Amazon","","","Standard Orders","","","","","","0","0","0","0","0","0","0","0","0","0","0","0","0","0","-6.20","-6.20"
"Mar 20, 2017 1:12:26 PM PDT","6317628521","Order","103-5061005-3908212","AO-S8GV-5G1E","Paris Hilton Gift Set for Women (Eau de Parfum Spray 3.4 Ounce, Eau de Parfum Spray 1 Ounce, Lotion, Bath and Shower Gel)","1","amazon.com","Standard Orders","Seller","FRESNO","CA","93702-3204","","46.21","0","6.29","0","0","0","0","0","0","0","0","-6.30","0","0","0","46.20"
"Mar 20, 2017 1:13:03 PM PDT","6317628521","Shipping Services","103-5061005-3908212","","Shipping Label Purchased through Amazon","","","Standard Orders","","","","","","0","0","0","0","0","0","0","0","0","0","0","0","0","0","-7.34","-7.34"
"Mar 20, 2017 1:20:24 PM PDT","6317628521","Order","106-6867173-1881838","E4-G6OD-TXK1","Plus Plus Feminine by Diesel 2.5 oz Eau de Toilette Spray New in Box (Women)","1","amazon.com","Standard Orders","Seller","DORAL","FL","33198-1506","","8.60","0","4.94","0","0","0","0","0","0","0","0","-2.03","0","0","0","11.51"
"Mar 20, 2017 1:21:01 PM PDT","6317628521","Shipping Services","106-6867173-1881838","","Shipping Label Purchased through Amazon","","","Standard Orders","","","","","","0","0","0","0","0","0","0","0","0","0","0","0","0","0","-3.62","-3.62"
"Mar 20, 2017 1:21:57 PM PDT","6317628521","Order","107-0565629-3504220","W4-6TKK-M8MV","BRUT by Faberge Cologne Spray (Original-Glass Bottle) 3 oz","2","amazon.com","Standard Orders","Seller","Dyer","TN","38330-1111","","19.88","0","5.51","0","0","0","0","0","0","0","0","-3.82","0","0","0","21.57"
"Mar 20, 2017 1:22:34 PM PDT","6317628521","Shipping Services","107-0565629-3504220","","Shipping Label Purchased through Amazon","","","Standard Orders","","","","","","0","0","0","0","0","0","0","0","0","0","0","0","0","0","-6.05","-6.05"
"Mar 20, 2017 1:25:18 PM PDT","6317628521","Order","108-7120300-8234617","8S-BF2V-JH39","Piver Pompeia Cologne 14.25 oz Splash","1","amazon.com","Standard Orders","Seller","ARLINGTON","VA","22205-3518","","26.39","0","5.49","0","0","0","0","0","0","0","0","-4.78","0","0","0","27.10"
"Mar 20, 2017 1:25:55 PM PDT","6317628521","Shipping Services","108-7120300-8234617","","Shipping Label Purchased through Amazon","","","Standard Orders","","","","","","0","0","0","0","0","0","0","0","0","0","0","0","0","0","-6.56","-6.56"
"Mar 20, 2017 1:26:51 PM PDT","6317628521","Order","109-4953784-6577849","2L-YX0W-CS37","Johan B Merveille Eau De Parfum Spray for Women, 3.4 Ounce","1","amazon.com","Standard Orders","Seller","PEMBROKE PINES","FL","33029-3800","","24.63","0","5.34","0","0","0","0","0","0","0","0","-4.50","0","0","0","25.47"
"Mar 20, 2017 1:27:27 PM PDT","6317628521","Shipping Services","109-4953784-6577849","","Shipping Label Purchased through Amazon","","","Standard Orders","","","","","","0","0","0","0","0","0","0","0","0","0","0","0","0","0","-4.46","-4.46"
"Mar 20, 2017 1:30:19 PM PDT","6317628521","Order","102-5257553-1795442","2L-YX0W-CS37","Johan B Merveille Eau De Parfum Spray for Women, 3.4 Ounce","1","amazon.com","Standard Orders","Seller","PLATTEVILLE","WI","53818-3349","","24.63","0","5.34","0","0","0","0","0","0","0","0","-4.50","0","0","0","25.47"
"Mar 20, 2017 1:30:56 PM PDT","6317628521","Shipping Services","102-5257553-1795442","","Shipping Label Purchased through Amazon","","","Standard Orders","","","","","","0","0","0","0","0","0","0","0","0","0","0","0","0","0","-4.46","-4.46"
"Mar 20, 2017 1:34:37 PM PDT","6317628521","Order","112-2241329-1040216","5N-570F-UTZV","TrésorL'eau De Parfum (50 Ml/1.7 Oz)Trésor","1","amazon.com","Standard Orders","Seller","Pacoima","California","91331","","63.99","0","4.49","0","0","0","0","0","0","0","0","-10.27","0","0","0","58.21"
"Mar 20, 2017 1:35:14 PM PDT","6317628521","Shipping Services","112-2241329-1040216","","Shipping Label Purchased through Amazon","","","Standard Orders","","","","","","0","0","0","0","0","0","0","0","0","0","0","0","0","0","-3.91","-3.91"
"Mar 20, 2017 1:47:49 PM PDT","6317628521","Order","116-6662356-7598627","CN-6IAE-SX2V","Ed Hardy FOR WOMEN by Christian Audigier - 3.4 oz EDP Spray","1","amazon.com","Standard Orders","Seller","FORT KNOX","KY","40121-6003","","26.00","0","6.94","0","0","0","0","0","0","0","0","-4.94","0","0","0","28.00"
"Mar 20, 2017 1:48:27 PM PDT","6317628521","Shipping Services","116-6662356-7598627","","Shipping Label Purchased through Amazon","","","Standard Orders","","","","","","0","0","0","0","0","0","0","0","0","0","0","0","0","0","-4.46","-4.46"
"Mar 20, 2017 1:49:07 PM PDT","6317628521","Order","109-4339113-0002643","AY-H3R8-PBQ6","Dana Navy Eau de Toilettes Spray for Women, 2.5 Ounce","1","amazon.com","Standard Orders","Seller","EUREKA","IL","61530-1374","","58.95","0","4.99","0","0","0","0","0","0","0","0","-9.59","0","0","0","54.35"
"Mar 20, 2017 1:49:45 PM PDT","6317628521","Shipping Services","109-4339113-0002643","","Shipping Label Purchased through Amazon","","","Standard Orders","","","","","","0","0","0","0","0","0","0","0","0","0","0","0","0","0","-3.77","-3.77"
"Mar 20, 2017 1:50:36 PM PDT","6317628521","Order","107-5222484-4358651","WJ-7IQQ-JNE1","Glow After Dark By Jennifer Lopez For Women. Eau De Toilette Spray 3.4 oz","1","amazon.com","Standard Orders","Seller","BIRMINGHAM","AL","35217-3928","","29.17","0","5.20","0","0","0","0","0","0","0","0","-5.16","0","0","0","29.21"
"Mar 20, 2017 1:51:15 PM PDT","6317628521","Shipping Services","107-5222484-4358651","","Shipping Label Purchased through Amazon","","","Standard Orders","","","","","","0","0","0","0","0","0","0","0","0","0","0","0","0","0","-4.04","-4.04"
"Mar 20, 2017 1:52:20 PM PDT","6317628521","Order","102-7367888-2619421","MH-E253-RB4H","LALIQUE by Lalique Eau De Parfum Spray (Lion) 4.2 oz for Men","1","amazon.com","Standard Orders","Seller","WESTERVILLE","OH","43081-4221","","30.00","0","5.39","0","0","0","0","0","0","0","0","-5.31","0","0","0","30.08"
"Mar 20, 2017 1:52:57 PM PDT","6317628521","Shipping Services","102-7367888-2619421","","Shipping Label Purchased through Amazon","","","Standard Orders","","","","","","0","0","0","0","0","0","0","0","0","0","0","0","0","0","-4.46","-4.46"
"Mar 20, 2017 2:02:28 PM PDT","6317628521","Order","107-8603596-8683401","DT-GQQP-NJQJ","Thé Oné 3.4oz Eau De Parfum Sprày MéN by Dolcé ànd Gàbbànà","1","amazon.com","Standard Orders","Seller","FORT LAUDERDALE","FL","33316-3466","","73.63","0","4.49","0","0","0","0","0","0","0","0","-11.72","0","0","0","66.40"
"Mar 20, 2017 2:03:05 PM PDT","6317628521","Shipping Services","107-8603596-8683401","","Shipping Label Purchased through Amazon","","","Standard Orders","","","","","","0","0","0","0","0","0","0","0","0","0","0","0","0","0","-6.20","-6.20"
"Mar 20, 2017 2:03:31 PM PDT","6317628521","Order","105-8582690-0541062","DT-GQQP-NJQJ","Thé Oné 3.4oz Eau De Parfum Sprày MéN by Dolcé ànd Gàbbànà","1","amazon.com","Standard Orders","Seller","Coral Springs","FL","33071-6812","","73.63","0","4.49","0","0","0","0","0","0","0","0","-11.72","0","0","0","66.40"
"Mar 20, 2017 2:04:08 PM PDT","6317628521","Shipping Services","105-8582690-0541062","","Shipping Label Purchased through Amazon","","","Standard Orders","","","","","","0","0","0","0","0","0","0","0","0","0","0","0","0","0","-6.20","-6.20"
"Mar 20, 2017 2:04:37 PM PDT","6317628521","Order","002-1158777-8715453","DT-GQQP-NJQJ","Thé Oné 3.4oz Eau De Parfum Sprày MéN by Dolcé ànd Gàbbànà","1","amazon.com","Standard Orders","Seller","Modesto","California","95357","","73.63","0","4.49","0","0","0","0","0","0","0","0","-11.72","0","0","0","66.40"
"Mar 20, 2017 2:05:14 PM PDT","6317628521","Shipping Services","002-1158777-8715453","","Shipping Label Purchased through Amazon","","","Standard Orders","","","","","","0","0","0","0","0","0","0","0","0","0","0","0","0","0","-6.20","-6.20"
"Mar 20, 2017 2:06:05 PM PDT","6317628521","Order","105-1983319-0371407","DT-GQQP-NJQJ","Thé Oné 3.4oz Eau De Parfum Sprày MéN by Dolcé ànd Gàbbànà","1","amazon.com","Standard Orders","Seller","LAS CRUCES","NM","88011-7150","","73.63","0","4.49","0","0","0","0","0","0","0","0","-11.72","0","0","0","66.40"
"Mar 20, 2017 2:06:43 PM PDT","6317628521","Shipping Services","105-1983319-0371407","","Shipping Label Purchased through Amazon","","","Standard Orders","","","","","","0","0","0","0","0","0","0","0","0","0","0","0","0","0","-6.20","-6.20"
"Mar 20, 2017 2:10:42 PM PDT","6317628521","Order","112-2304354-7192257","OS-I26L-G8FT","Gwen Stefani L By Gwen Stefani For Women. Eau De Parfum Spray 1.7-Ounces","6","amazon.com","Standard Orders","Seller","Atlanta","GA","30308","","123.96","0","8.45","0","0","0","0","0","0","0","0","-19.86","0","0","0","112.55"
"Mar 20, 2017 2:11:18 PM PDT","6317628521","Shipping Services","112-2304354-7192257","","Shipping Label Purchased through Amazon","","","Standard Orders","","","","","","0","0","0","0","0","0","0","0","0","0","0","0","0","0","-8.81","-8.81"
"Mar 20, 2017 2:12:03 PM PDT","6317628521","Order","002-1224423-6888214","XU-A1VS-TZDF","Light Blué Women Gift Set 3.3 oz Eau De Toilette Spray + 3.4 oz Body Cream + 3.4 oz Shower.","1","amazon.com","Standard Orders","Seller","LAPORTE","IN","46350-7474","","86.64","0","4.49","0","0","0","0","0","0","0","0","-13.67","0","0","0","77.46"
"Mar 20, 2017 2:12:41 PM PDT","6317628521","Shipping Services","002-1224423-6888214","","Shipping Label Purchased through Amazon","","","Standard Orders","","","","","","0","0","0","0","0","0","0","0","0","0","0","0","0","0","-6.98","-6.98"
"Mar 20, 2017 2:17:59 PM PDT","6317628521","Order","108-7824136-1533802","XZ-CKDF-GKNC","Shi by Alfred Sung for Women Gift Set","1","amazon.com","Standard Orders","Seller","LA PORTE","IN","46350-9733","","26.00","0","5.69","0","0","0","0","0","0","0","0","-4.75","0","0","0","26.94"
"Mar 20, 2017 2:18:36 PM PDT","6317628521","Shipping Services","108-7824136-1533802","","Shipping Label Purchased through Amazon","","","Standard Orders","","","","","","0","0","0","0","0","0","0","0","0","0","0","0","0","0","-6.83","-6.83"
"Mar 20, 2017 3:33:53 PM PDT","6317628521","Order","109-8204869-2498613","IL-IROW-9WPF","Cuba Gold by Cuba 20 x 1.17 oz Eau de Toilette Spray ( 1 Box )","1","amazon.com","Standard Orders","Seller","SUNBURY","OH","43074-9427","","63.60","0","4.49","0","0","0","0","0","0","0","0","-10.21","0","0","0","57.88"
"Mar 20, 2017 3:34:28 PM PDT","6317628521","Shipping Services","109-8204869-2498613","","Shipping Label Purchased through Amazon","","","Standard Orders","","","","","","0","0","0","0","0","0","0","0","0","0","0","0","0","0","-6.82","-6.82"
"Mar 20, 2017 3:34:57 PM PDT","6317628521","Order","103-0302719-2021817","IL-IROW-9WPF","Cuba Gold by Cuba 20 x 1.17 oz Eau de Toilette Spray ( 1 Box )","1","amazon.com","Standard Orders","Seller","Arlington","TX","76014","","63.60","0","4.49","0","0","0","0","0","0","0","0","-10.21","0","0","0","57.88"
"Mar 20, 2017 3:35:34 PM PDT","6317628521","Shipping Services","103-0302719-2021817","","Shipping Label Purchased through Amazon","","","Standard Orders","","","","","","0","0","0","0","0","0","0","0","0","0","0","0","0","0","-7.11","-7.11"
"Mar 20, 2017 3:36:52 PM PDT","6317628521","Order","116-2232750-7450666","FZ-7H25-DGAL","Reb'L Fleur By Rihanna Gift Set -- 3.4 Oz Eau De Parfum Spray + 3 Oz Body Lotion + 3 Oz Shower Gel + .34 Oz Mini Edp Spray Women","1","amazon.com","Standard Orders","Seller","Lake Worth","Florida","33463","","30.12","0","5.49","0","0","0","0","0","0","0","0","-5.34","0","0","0","30.27"
"Mar 20, 2017 3:37:29 PM PDT","6317628521","Shipping Services","116-2232750-7450666","","Shipping Label Purchased through Amazon","","","Standard Orders","","","","","","0","0","0","0","0","0","0","0","0","0","0","0","0","0","-6.96","-6.96"
"Mar 20, 2017 3:40:11 PM PDT","6317628521","Order","105-1822585-5710636","B0-30LP-CY8E","Jessica Simpson Fancy Love  Gift Set for Women (Eau de Parfum Spray 3.4 Ounce, Lotion 4 Ounce, Lotion 3 Ounce, Bath and Shower Cream, Eau de Parfum Sp","1","amazon.com","Standard Orders","Seller","Houston","TX","77009","","49.38","0","6.89","0","0","0","0","0","0","0","0","-8.44","0","0","0","47.83"
"Mar 20, 2017 3:40:49 PM PDT","6317628521","Shipping Services","105-1822585-5710636","","Shipping Label Purchased through Amazon","","","Standard Orders","","","","","","0","0","0","0","0","0","0","0","0","0","0","0","0","0","-6.96","-6.96"
"Mar 20, 2017 3:42:35 PM PDT","6317628521","Order","108-1121161-3854643","HI-CVK1-9JN5","Fidji By Guy Laroche For Women. Eau De Toilette Spray 1.7 Ounces","1","amazon.com","Standard Orders","Seller","PLEASANTON","CA","94588-8075","","31.82","0","4.84","0","0","0","0","0","0","0","0","-5.50","0","0","0","31.16"
"Mar 20, 2017 3:43:12 PM PDT","6317628521","Shipping Services","108-1121161-3854643","","Shipping Label Purchased through Amazon","","","Standard Orders","","","","","","0","0","0","0","0","0","0","0","0","0","0","0","0","0","-3.07","-3.07"
"Mar 20, 2017 3:44:28 PM PDT","6317628521","Order","102-6713853-9465811","OA-PJRJ-Y9NK","OSCAR by Oscar de la Renta Eau De Toilette Spray 3.4 oz for Women","1","amazon.com","Standard Orders","Seller","raleigh","nc","27607","","25.00","0","5.29","0","0","0","0","0","0","0","0","-4.54","0","0","0","25.75"
"Mar 20, 2017 3:45:04 PM PDT","6317628521","Shipping Services","102-6713853-9465811","","Shipping Label Purchased through Amazon","","","Standard Orders","","","","","","0","0","0","0","0","0","0","0","0","0","0","0","0","0","-4.32","-4.32"
"Mar 20, 2017 3:47:36 PM PDT","6317628521","Order","102-5237408-5025003","2H-UFI0-YXC6","Ferrari Scuderia Red Eau De Toilette Spray, 4.2 Ounce","1","amazon.com","Standard Orders","Seller","WINCHESTER","VA","22601-3613","","21.29","0","5.20","0","0","0","0","0","0","0","0","-3.97","0","0","0","22.52"
"Mar 20, 2017 3:48:11 PM PDT","6317628521","Shipping Services","102-5237408-5025003","","Shipping Label Purchased through Amazon","","","Standard Orders","","","","","","0","0","0","0","0","0","0","0","0","0","0","0","0","0","-4.18","-4.18"
"Mar 20, 2017 5:34:00 PM PDT","6317628521","Order","106-3998795-4982629","E3-XXKB-U3RZ","Seduction Eau de Parfum Spray","2","amazon.com","Standard Orders","Seller","IRVING","TX","75038-8638","","9.58","0","5.91","0","0","0","0","0","0","0","0","-2.32","0","0","0","13.17"
"Mar 20, 2017 5:34:37 PM PDT","6317628521","Shipping Services","106-3998795-4982629","","Shipping Label Purchased through Amazon","","","Standard Orders","","","","","","0","0","0","0","0","0","0","0","0","0","0","0","0","0","-6.05","-6.05"
"Mar 20, 2017 5:35:20 PM PDT","6317628521","Order","103-2806356-7088252","Y9-1YIN-CGA7","Royal Copenhagen By Royal Copenhagen For Men. Cologne Splash 8.0 Oz","1","amazon.com","Standard Orders","Seller","ENID","OK","73703-3451","","24.39","0","5.79","0","0","0","0","0","0","0","0","-4.53","0","0","0","25.65"
"Mar 20, 2017 5:35:58 PM PDT","6317628521","Shipping Services","103-2806356-7088252","","Shipping Label Purchased through Amazon","","","Standard Orders","","","","","","0","0","0","0","0","0","0","0","0","0","0","0","0","0","-6.05","-6.05"
"Mar 20, 2017 5:44:19 PM PDT","6317628521","Order","105-4945739-2909851","Y9-1YIN-CGA7","Royal Copenhagen By Royal Copenhagen For Men. Cologne Splash 8.0 Oz","2","amazon.com","Standard Orders","Seller","YPSILANTI","MI","48197-4360","","48.78","0","7.09","0","0","0","0","0","0","0","0","-8.38","0","0","0","47.49"
"Mar 20, 2017 5:44:58 PM PDT","6317628521","Shipping Services","105-4945739-2909851","","Shipping Label Purchased through Amazon","","","Standard Orders","","","","","","0","0","0","0","0","0","0","0","0","0","0","0","0","0","-6.55","-6.55"
"Mar 21, 2017 5:03:36 AM PDT","6318415731","Transfer","","","To your account ending in: 6276, Bank Transfer ID: 091000014100174","","","Standard Orders","","","","","","0","0","0","0","0","0","0","0","0","0","0","0","0","0","-535.34","-535.34"
"Mar 21, 2017 12:49:33 PM PDT","6318415731","Order","112-1575075-1561821","VH-EQQ1-0YO5","NAUTICA CLASSIC by Nautica 3.4 Ounce / 100 ml Eau de Toilette Men Cologne Spray","2","amazon.com","Standard Orders","Seller","HIALEAH","FLORIDA","33012-2983","","20.44","0","25.30","0","0","0","0","0","0","0","0","-6.86","0","0","0","38.88"
"Mar 21, 2017 12:50:11 PM PDT","6318415731","Shipping Services","112-1575075-1561821","","Shipping Label Purchased through Amazon","","","Standard Orders","","","","","","0","0","0","0","0","0","0","0","0","0","0","0","0","0","-21.48","-21.48"
"Mar 21, 2017 12:51:16 PM PDT","6318415731","Order","107-4955982-5069808","GR-FCK2-0ICA","Insurrection Pure II By Reyane Tradition 3.0 Oz / 90 Ml Eau De Toilette Spray for Men","1","amazon.com","Standard Orders","Seller","MIAMI","FLORIDA","33173-1245","","18.41","0","5.64","0","0","0","0","0","0","0","0","-3.61","0","0","0","20.44"
"Mar 21, 2017 12:52:00 PM PDT","6318415731","Shipping Services","107-4955982-5069808","","Shipping Label Purchased through Amazon","","","Standard Orders","","","","","","0","0","0","0","0","0","0","0","0","0","0","0","0","0","-6.05","-6.05"
"Mar 21, 2017 12:55:28 PM PDT","6318415731","Order","107-0133279-1324238","YI-Q248-ZGRN","Double Diamond 3.4 Eau De Perfume Spray Women","1","amazon.com","Standard Orders","Seller","Queens","New York","11427","","6.29","0","28.60","0","0","0","0","0","0","0","0","-5.23","0","0","0","29.66"
"Mar 21, 2017 12:56:03 PM PDT","6318415731","Shipping Services","107-0133279-1324238","","Shipping Label Purchased through Amazon","","","Standard Orders","","","","","","0","0","0","0","0","0","0","0","0","0","0","0","0","0","-6.05","-6.05"
"Mar 21, 2017 12:58:13 PM PDT","6318415731","Order","002-6385695-6337032","DT-GQQP-NJQJ","Thé Oné 3.4oz Eau De Parfum Sprày MéN by Dolcé ànd Gàbbànà","1","amazon.com","Standard Orders","Seller","WEST LONG BRANCH","NJ","07764-1857","","73.63","0","25.00","0","0","0","0","0","0","0","0","-14.79","0","0","0","83.84"
"Mar 21, 2017 12:58:50 PM PDT","6318415731","Shipping Services","002-6385695-6337032","","Shipping Label Purchased through Amazon","","","Standard Orders","","","","","","0","0","0","0","0","0","0","0","0","0","0","0","0","0","-11.31","-11.31"
"Mar 21, 2017 12:59:38 PM PDT","6318415731","Order","112-9271261-9865832","DT-GQQP-NJQJ","Thé Oné 3.4oz Eau De Parfum Sprày MéN by Dolcé ànd Gàbbànà","1","amazon.com","Standard Orders","Seller","PITTSBURGH","PA","15221-4507","","73.63","0","4.49","0","0","0","0","0","0","0","0","-11.72","0","0","0","66.40"
"Mar 21, 2017 1:00:14 PM PDT","6318415731","Shipping Services","112-9271261-9865832","","Shipping Label Purchased through Amazon","","","Standard Orders","","","","","","0","0","0","0","0","0","0","0","0","0","0","0","0","0","-6.20","-6.20"
"Mar 21, 2017 1:00:46 PM PDT","6318415731","Order","111-7081914-6992209","2L-YX0W-CS37","Johan B Merveille Eau De Parfum Spray for Women, 3.4 Ounce","1","amazon.com","Standard Orders","Seller","Springfield","VA","22153","","24.63","0","5.34","0","0","0","0","0","0","0","0","-4.50","0","0","0","25.47"
"Mar 21, 2017 1:01:21 PM PDT","6318415731","Shipping Services","111-7081914-6992209","","Shipping Label Purchased through Amazon","","","Standard Orders","","","","","","0","0","0","0","0","0","0","0","0","0","0","0","0","0","-4.46","-4.46"
"Mar 21, 2017 1:01:59 PM PDT","6318415731","Order","111-4610352-7493851","VQ-3EX0-LMJP","Parfums Rivera Night Dreams Eau de Parfum Spray, 3.4 Ounce","1","amazon.com","Standard Orders","Seller","WOODLAND PARK","NJ","07424-2740","","14.04","0","5.94","0","0","0","0","0","0","0","0","-3.00","0","0","0","16.98"
"Mar 21, 2017 1:02:37 PM PDT","6318415731","Shipping Services","111-4610352-7493851","","Shipping Label Purchased through Amazon","","","Standard Orders","","","","","","0","0","0","0","0","0","0","0","0","0","0","0","0","0","-6.05","-6.05"
"Mar 21, 2017 1:03:34 PM PDT","6318415731","Order","111-3640953-2831410","0Y-13WR-ZN5E","L'homme Yves Saint Laurent By Yves Saint Laurent For Men. Eau De Toilette Spray 3.3-Ounces","1","amazon.com","Standard Orders","Seller","HOUSTON","TX","77038-2653","","56.00","0","5.35","0","0","0","0","0","0","0","0","-9.20","0","0","0","52.15"
"Mar 21, 2017 1:04:11 PM PDT","6318415731","Shipping Services","111-3640953-2831410","","Shipping Label Purchased through Amazon","","","Standard Orders","","","","","","0","0","0","0","0","0","0","0","0","0","0","0","0","0","-4.47","-4.47"
"Mar 21, 2017 1:04:41 PM PDT","6318415731","Order","109-9746409-6466647","2L-YX0W-CS37","Johan B Merveille Eau De Parfum Spray for Women, 3.4 Ounce","1","amazon.com","Standard Orders","Seller","PULLMAN","WA","99163-8778","","24.63","0","5.34","0","0","0","0","0","0","0","0","-4.50","0","0","0","25.47"
"Mar 21, 2017 1:05:19 PM PDT","6318415731","Shipping Services","109-9746409-6466647","","Shipping Label Purchased through Amazon","","","Standard Orders","","","","","","0","0","0","0","0","0","0","0","0","0","0","0","0","0","-4.46","-4.46"
"Mar 21, 2017 1:06:40 PM PDT","6318415731","Order","109-8606073-3667404","1O-YSQR-VEK9","1 Million Fragrance By Paco Rabanne 3pc Travel Edition Gift Set . 3.4 Fl.Oz. Eau De Toilette Spray + 3.4 S/G Men+15ml spray Mini For Men","1","amazon.com","Standard Orders","Seller","Brooklyn","New york","11226","","70.70","0","4.49","0","0","0","0","0","0","0","0","-11.28","0","0","0","63.91"
"Mar 21, 2017 1:07:19 PM PDT","6318415731","Shipping Services","109-8606073-3667404","","Shipping Label Purchased through Amazon","","","Standard Orders","","","","","","0","0","0","0","0","0","0","0","0","0","0","0","0","0","-6.20","-6.20"
"Mar 21, 2017 1:07:41 PM PDT","6318415731","Order","108-3508445-7350665","DT-GQQP-NJQJ","Thé Oné 3.4oz Eau De Parfum Sprày MéN by Dolcé ànd Gàbbànà","1","amazon.com","Standard Orders","Seller","LAWTON","OK","73507-1902","","73.64","0","4.49","0","0","0","0","0","0","0","0","-11.72","0","0","0","66.41"
"Mar 21, 2017 1:08:20 PM PDT","6318415731","Shipping Services","108-3508445-7350665","","Shipping Label Purchased through Amazon","","","Standard Orders","","","","","","0","0","0","0","0","0","0","0","0","0","0","0","0","0","-6.20","-6.20"
"Mar 21, 2017 1:08:44 PM PDT","6318415731","Order","107-6440102-3282649","2R-XBDJ-90C7","Carolina Herrera 212 Vip Rose Eau de Parfum Spray for Women, 1.7 Ounce","1","amazon.com","Standard Orders","Seller","MARSHALLTOWN","IA","50158-3518","","43.89","0","5.33","0","0","0","0","0","0","0","0","-7.38","0","0","0","41.84"
"Mar 21, 2017 1:09:22 PM PDT","6318415731","Shipping Services","107-6440102-3282649","","Shipping Label Purchased through Amazon","","","Standard Orders","","","","","","0","0","0","0","0","0","0","0","0","0","0","0","0","0","-4.32","-4.32"
"Mar 21, 2017 1:15:45 PM PDT","6318415731","Order","107-4278762-2708225","FZ-7H25-DGAL","Reb'L Fleur By Rihanna Gift Set -- 3.4 Oz Eau De Parfum Spray + 3 Oz Body Lotion + 3 Oz Shower Gel + .34 Oz Mini Edp Spray Women","1","amazon.com","Standard Orders","Seller","NEW ORLEANS","LA","70126-3862","","30.12","0","5.49","0","0","0","0","0","0","0","0","-5.34","0","0","0","30.27"
"Mar 21, 2017 1:16:18 PM PDT","6318415731","Shipping Services","107-4278762-2708225","","Shipping Label Purchased through Amazon","","","Standard Orders","","","","","","0","0","0","0","0","0","0","0","0","0","0","0","0","0","-6.96","-6.96"
"Mar 21, 2017 1:16:58 PM PDT","6318415731","Order","106-9888296-7943462","1O-YSQR-VEK9","1 Million Fragrance By Paco Rabanne 3pc Travel Edition Gift Set . 3.4 Fl.Oz. Eau De Toilette Spray + 3.4 S/G Men+15ml spray Mini For Men","1","amazon.com","Standard Orders","Seller","ROCKFORD","IL","61114-5553","","70.70","0","4.49","0","0","0","0","0","0","0","0","-11.28","0","0","0","63.91"
"Mar 21, 2017 1:17:35 PM PDT","6318415731","Shipping Services","106-9888296-7943462","","Shipping Label Purchased through Amazon","","","Standard Orders","","","","","","0","0","0","0","0","0","0","0","0","0","0","0","0","0","-6.70","-6.70"
"Mar 21, 2017 1:20:00 PM PDT","6318415731","Order","106-6304908-6073068","M3-3VWU-4RL2","Jean Paul Gaultier Le Male By Jean Paul Gaultier For Men. Eau De Toilette Spray 4.2 Oz.","1","amazon.com","Standard Orders","Seller","BIG BEAR CITY","CA","92314-9680","","53.00","0","5.50","0","0","0","0","0","0","0","0","-8.78","0","0","0","49.72"
"Mar 21, 2017 1:20:39 PM PDT","6318415731","Shipping Services","106-6304908-6073068","","Shipping Label Purchased through Amazon","","","Standard Orders","","","","","","0","0","0","0","0","0","0","0","0","0","0","0","0","0","-6.20","-6.20"
"Mar 21, 2017 1:21:59 PM PDT","6318415731","Order","114-4419164-4284215","BF-2O4Q-JYRE","Paco Rabanne 1 million Cologne for Men 6.8 oz Eau De Toilette Spray","1","amazon.com","Standard Orders","Seller","CHICKASHA","OK","73018-7356","","78.25","0","4.49","0","0","0","0","0","0","0","0","-12.41","0","0","0","70.33"
"Mar 21, 2017 1:22:34 PM PDT","6318415731","Shipping Services","114-4419164-4284215","","Shipping Label Purchased through Amazon","","","Standard Orders","","","","","","0","0","0","0","0","0","0","0","0","0","0","0","0","0","-6.20","-6.20"
"Mar 21, 2017 1:23:52 PM PDT","6318415731","Order","109-9142614-4260211","M8-PEDR-E2QE","Clipsal 3.4 Fl. oz. Eau De Toilette Spray Men","1","amazon.com","Standard Orders","Seller","GLASTONBURY","CT","06033-4356","","8.30","0","4.99","0","0","0","0","0","0","0","0","-1.99","0","0","0","11.30"
"Mar 21, 2017 1:24:26 PM PDT","6318415731","Shipping Services","109-9142614-4260211","","Shipping Label Purchased through Amazon","","","Standard Orders","","","","","","0","0","0","0","0","0","0","0","0","0","0","0","0","0","-4.46","-4.46"
"Mar 21, 2017 1:26:07 PM PDT","6318415731","Order","109-9641398-8836208","5N-570F-UTZV","TrésorL'eau De Parfum (50 Ml/1.7 Oz)Trésor","1","amazon.com","Standard Orders","Seller","SAN JOSE","CA","95124-5720","","63.99","0","4.49","0","0","0","0","0","0","0","0","-10.27","0","0","0","58.21"
"Mar 21, 2017 1:26:44 PM PDT","6318415731","Shipping Services","109-9641398-8836208","","Shipping Label Purchased through Amazon","","","Standard Orders","","","","","","0","0","0","0","0","0","0","0","0","0","0","0","0","0","-3.91","-3.91"
"Mar 21, 2017 1:29:18 PM PDT","6318415731","Order","112-7787781-1444224","FI-6L5M-3BSG","Bvlgari Men's BLV Pour Homme EDT Spray,Blue,3.4 oz","2","amazon.com","Standard Orders","Seller","DORAL","FL","33122-1934","","68.40","0","6.59","0","0","0","0","0","0","0","0","-11.26","0","0","0","63.73"
"Mar 21, 2017 1:29:55 PM PDT","6318415731","Shipping Services","112-7787781-1444224","","Shipping Label Purchased through Amazon","","","Standard Orders","","","","","","0","0","0","0","0","0","0","0","0","0","0","0","0","0","-6.20","-6.20"
"Mar 21, 2017 1:30:29 PM PDT","6318415731","Order","106-5271048-1201016","2R-XBDJ-90C7","Carolina Herrera 212 Vip Rose Eau de Parfum Spray for Women, 1.7 Ounce","1","amazon.com","Standard Orders","Seller","miami","Florida","33166","","43.89","0","5.33","0","0","0","0","0","0","0","0","-7.38","0","0","0","41.84"
"Mar 21, 2017 1:31:06 PM PDT","6318415731","Shipping Services","106-5271048-1201016","","Shipping Label Purchased through Amazon","","","Standard Orders","","","","","","0","0","0","0","0","0","0","0","0","0","0","0","0","0","-4.32","-4.32"
"Mar 21, 2017 1:32:10 PM PDT","6318415731","Order","105-2660162-4134649","BF-2O4Q-JYRE","Paco Rabanne 1 million Cologne for Men 6.8 oz Eau De Toilette Spray","1","amazon.com","Standard Orders","Seller","Hayward","California","94544","","78.22","0","4.49","0","0","0","0","0","0","0","0","-12.41","0","0","0","70.30"
"Mar 21, 2017 1:32:49 PM PDT","6318415731","Shipping Services","105-2660162-4134649","","Shipping Label Purchased through Amazon","","","Standard Orders","","","","","","0","0","0","0","0","0","0","0","0","0","0","0","0","0","-6.20","-6.20"
"Mar 21, 2017 1:33:22 PM PDT","6318415731","Order","104-5329948-5203420","2R-XBDJ-90C7","Carolina Herrera 212 Vip Rose Eau de Parfum Spray for Women, 1.7 Ounce","1","amazon.com","Standard Orders","Seller","APOPKA","FL","32703-8697","","43.64","0","5.33","0","0","0","0","0","0","0","0","-7.35","0","0","0","41.62"
"Mar 21, 2017 1:34:00 PM PDT","6318415731","Shipping Services","104-5329948-5203420","","Shipping Label Purchased through Amazon","","","Standard Orders","","","","","","0","0","0","0","0","0","0","0","0","0","0","0","0","0","-4.32","-4.32"
"Mar 21, 2017 1:35:37 PM PDT","6318415731","Order","103-1182208-7339458","BF-2O4Q-JYRE","Paco Rabanne 1 million Cologne for Men 6.8 oz Eau De Toilette Spray","1","amazon.com","Standard Orders","Seller","ROCHESTER","NY","14616-2960","","78.22","0","4.49","0","0","0","0","0","0","0","0","-12.41","0","0","0","70.30"
"Mar 21, 2017 1:36:15 PM PDT","6318415731","Shipping Services","103-1182208-7339458","","Shipping Label Purchased through Amazon","","","Standard Orders","","","","","","0","0","0","0","0","0","0","0","0","0","0","0","0","0","-6.20","-6.20"
"Mar 21, 2017 1:37:33 PM PDT","6318415731","Order","002-7926965-6553855","GR-FCK2-0ICA","Insurrection Pure II By Reyane Tradition 3.0 Oz / 90 Ml Eau De Toilette Spray for Men","1","amazon.com","Standard Orders","Seller","HOMESTEAD","FL","33035-1995","","18.41","0","5.64","0","0","0","0","0","0","0","0","-3.61","0","0","0","20.44"
"Mar 21, 2017 1:38:13 PM PDT","6318415731","Shipping Services","002-7926965-6553855","","Shipping Label Purchased through Amazon","","","Standard Orders","","","","","","0","0","0","0","0","0","0","0","0","0","0","0","0","0","-6.05","-6.05"
"Mar 21, 2017 1:38:56 PM PDT","6318415731","Order","002-5199195-8094613","9F-TM9C-OPMW","Black Point by YZY Perfume","1","amazon.com","Standard Orders","Seller","GREENSBORO","NC","27408-3856","","6.00","0","5.49","0","0","0","0","0","0","0","0","-1.72","0","0","0","9.77"
"Mar 21, 2017 1:39:34 PM PDT","6318415731","Shipping Services","002-5199195-8094613","","Shipping Label Purchased through Amazon","","","Standard Orders","","","","","","0","0","0","0","0","0","0","0","0","0","0","0","0","0","-4.18","-4.18"
"Mar 21, 2017 1:41:15 PM PDT","6318415731","Order","104-5182887-5190638","66-FFD6-5QZU","White Diamonds By Elizabeth Taylor For Women, Eau De Toilette Spray, 1 Ounce","1","amazon.com","Standard Orders","Seller","FARGO","ND","58103-8729","","16.49","0","4.84","0","0","0","0","0","0","0","0","-3.20","0","0","0","18.13"
"Mar 21, 2017 1:41:53 PM PDT","6318415731","Shipping Services","104-5182887-5190638","","Shipping Label Purchased through Amazon","","","Standard Orders","","","","","","0","0","0","0","0","0","0","0","0","0","0","0","0","0","-3.07","-3.07"
"Mar 21, 2017 1:42:43 PM PDT","6318415731","Order","002-1043545-5910646","2R-XBDJ-90C7","Carolina Herrera 212 Vip Rose Eau de Parfum Spray for Women, 1.7 Ounce","1","amazon.com","Standard Orders","Seller","NORTH BERGEN","NJ","07047-5667","","43.89","0","5.33","0","0","0","0","0","0","0","0","-7.38","0","0","0","41.84"
"Mar 21, 2017 1:43:21 PM PDT","6318415731","Shipping Services","002-1043545-5910646","","Shipping Label Purchased through Amazon","","","Standard Orders","","","","","","0","0","0","0","0","0","0","0","0","0","0","0","0","0","-4.32","-4.32"
"Mar 21, 2017 1:44:09 PM PDT","6318415731","Order","002-0937921-8289828","IU-NGMR-DKVD","Christian Dior Hypnotic Poison Eau De Parfum Spray for Women , 3.4 Fluid Ounce","1","amazon.com","Standard Orders","Seller","GRAVOIS MILLS","MO","65037-5406","","85.00","0","5.24","0","0","0","0","0","0","0","0","-13.54","0","0","0","76.70"
"Mar 21, 2017 1:44:47 PM PDT","6318415731","Shipping Services","002-0937921-8289828","","Shipping Label Purchased through Amazon","","","Standard Orders","","","","","","0","0","0","0","0","0","0","0","0","0","0","0","0","0","-4.19","-4.19"
"Mar 21, 2017 1:45:21 PM PDT","6318415731","Order","116-7112808-0676263","7U-NSLF-DU93","Paris Hilton Can Can for Women Gift Set (Eau de Parfum Spray, Lotion, Bath and Shower Gel, Perfume Stick)","1","amazon.com","Standard Orders","Seller","Doral","Florida","33192-4177","","31.34","0","6.25","0","0","0","0","0","0","0","0","-5.64","0","0","0","31.95"
"Mar 21, 2017 1:45:54 PM PDT","6318415731","Shipping Services","116-7112808-0676263","","Shipping Label Purchased through Amazon","","","Standard Orders","","","","","","0","0","0","0","0","0","0","0","0","0","0","0","0","0","-6.96","-6.96"
"Mar 21, 2017 1:46:30 PM PDT","6318415731","Order","112-4046172-4429051","7U-NSLF-DU93","Paris Hilton Can Can for Women Gift Set (Eau de Parfum Spray, Lotion, Bath and Shower Gel, Perfume Stick)","1","amazon.com","Standard Orders","Seller","Miami","FL","33126","","31.34","0","6.25","0","0","0","0","0","0","0","0","-5.64","0","0","0","31.95"
"Mar 21, 2017 1:47:08 PM PDT","6318415731","Shipping Services","112-4046172-4429051","","Shipping Label Purchased through Amazon","","","Standard Orders","","","","","","0","0","0","0","0","0","0","0","0","0","0","0","0","0","-6.96","-6.96"
"Mar 21, 2017 1:47:56 PM PDT","6318415731","Order","112-3384688-2501815","2R-XBDJ-90C7","Carolina Herrera 212 Vip Rose Eau de Parfum Spray for Women, 1.7 Ounce","1","amazon.com","Standard Orders","Seller","HARRISONBURG","VA","22801-5720","","43.89","0","5.33","0","0","0","0","0","0","0","0","-7.38","0","0","0","41.84"
"Mar 21, 2017 1:48:19 PM PDT","6318415731","Shipping Services","112-3384688-2501815","","Shipping Label Purchased through Amazon","","","Standard Orders","","","","","","0","0","0","0","0","0","0","0","0","0","0","0","0","0","-4.32","-4.32"
"Mar 21, 2017 1:49:16 PM PDT","6318415731","Order","112-1987875-3695410","7U-NSLF-DU93","Paris Hilton Can Can for Women Gift Set (Eau de Parfum Spray, Lotion, Bath and Shower Gel, Perfume Stick)","1","amazon.com","Standard Orders","Seller","LAKE WORTH","FL","33461-1743","","31.34","0","6.25","0","0","0","0","0","0","0","0","-5.64","0","0","0","31.95"
"Mar 21, 2017 1:49:55 PM PDT","6318415731","Shipping Services","112-1987875-3695410","","Shipping Label Purchased through Amazon","","","Standard Orders","","","","","","0","0","0","0","0","0","0","0","0","0","0","0","0","0","-6.96","-6.96"
"Mar 21, 2017 1:50:29 PM PDT","6318415731","Order","104-2313094-3418613","2L-YX0W-CS37","Johan B Merveille Eau De Parfum Spray for Women, 3.4 Ounce","1","amazon.com","Standard Orders","Seller","PLEASANT PLAIN","OH","45162-9624","","24.63","0","5.34","0","0","0","0","0","0","0","0","-4.50","0","0","0","25.47"
"Mar 21, 2017 1:51:07 PM PDT","6318415731","Shipping Services","104-2313094-3418613","","Shipping Label Purchased through Amazon","","","Standard Orders","","","","","","0","0","0","0","0","0","0","0","0","0","0","0","0","0","-4.46","-4.46"
"Mar 21, 2017 1:51:40 PM PDT","6318415731","Order","106-4406230-9696248","Z7-YFWK-ATDZ","Radiance by Britney Spears, Eau De Parfum Spray, 3.3-Ounce","1","amazon.com","Standard Orders","Seller","Cape Canaveral","Florida","32920-4208","","23.50","0","5.28","0","0","0","0","0","0","0","0","-4.32","0","0","0","24.46"
"Mar 21, 2017 1:52:19 PM PDT","6318415731","Shipping Services","106-4406230-9696248","","Shipping Label Purchased through Amazon","","","Standard Orders","","","","","","0","0","0","0","0","0","0","0","0","0","0","0","0","0","-4.46","-4.46"
"Mar 21, 2017 1:53:01 PM PDT","6318415731","Order","102-6939461-1987427","YI-Q248-ZGRN","Double Diamond 3.4 Eau De Perfume Spray Women","2","amazon.com","Standard Orders","Seller","BROOKLYN","NY","11236-1240","","12.58","0","6.89","0","0","0","0","0","0","0","0","-2.92","0","0","0","16.55"
"Mar 21, 2017 1:53:40 PM PDT","6318415731","Shipping Services","102-6939461-1987427","","Shipping Label Purchased through Amazon","","","Standard Orders","","","","","","0","0","0","0","0","0","0","0","0","0","0","0","0","0","-6.05","-6.05"
"Mar 21, 2017 2:01:35 PM PDT","6318415731","Order","103-5340327-8034642","MH-E253-RB4H","LALIQUE by Lalique Eau De Parfum Spray (Lion) 4.2 oz for Men","1","amazon.com","Standard Orders","Seller","BROOKLYN","NY","11203-4475","","30.00","0","5.39","0","0","0","0","0","0","0","0","-5.31","0","0","0","30.08"
"Mar 21, 2017 2:02:14 PM PDT","6318415731","Shipping Services","103-5340327-8034642","","Shipping Label Purchased through Amazon","","","Standard Orders","","","","","","0","0","0","0","0","0","0","0","0","0","0","0","0","0","-4.46","-4.46"
"Mar 21, 2017 2:02:58 PM PDT","6318415731","Order","106-9352877-2301002","FI-6L5M-3BSG","Bvlgari Men's BLV Pour Homme EDT Spray,Blue,3.4 oz","1","amazon.com","Standard Orders","Seller","Jamaica Queens","New York","11435","","34.05","0","5.54","0","0","0","0","0","0","0","0","-5.94","0","0","0","33.65"
"Mar 21, 2017 2:03:36 PM PDT","6318415731","Shipping Services","106-9352877-2301002","","Shipping Label Purchased through Amazon","","","Standard Orders","","","","","","0","0","0","0","0","0","0","0","0","0","0","0","0","0","-4.46","-4.46"
"Mar 21, 2017 2:04:01 PM PDT","6318415731","Order","002-0440449-7225826","O0-MYX1-BO3A","Pure Poison by Christian Dior 3.4 oz EDP Spray","1","amazon.com","Standard Orders","Seller","HEYBURN","ID","83336-4242","","90.00","0","5.19","0","0","0","0","0","0","0","0","-14.28","0","0","0","80.91"
"Mar 21, 2017 2:04:40 PM PDT","6318415731","Shipping Services","002-0440449-7225826","","Shipping Label Purchased through Amazon","","","Standard Orders","","","","","","0","0","0","0","0","0","0","0","0","0","0","0","0","0","-4.33","-4.33"
"Mar 21, 2017 2:05:59 PM PDT","6318415731","Order","108-7617257-8096230","XU-A1VS-TZDF","Light Blué Women Gift Set 3.3 oz Eau De Toilette Spray + 3.4 oz Body Cream + 3.4 oz Shower.","1","amazon.com","Standard Orders","Seller","ARDMORE","OK","73401-4629","","88.12","0","4.49","0","0","0","0","0","0","0","0","-13.89","0","0","0","78.72"
"Mar 21, 2017 2:06:37 PM PDT","6318415731","Shipping Services","108-7617257-8096230","","Shipping Label Purchased through Amazon","","","Standard Orders","","","","","","0","0","0","0","0","0","0","0","0","0","0","0","0","0","-7.11","-7.11"
"Mar 21, 2017 2:06:58 PM PDT","6318415731","Order","103-2919405-5525865","XU-A1VS-TZDF","Light Blué Women Gift Set 3.3 oz Eau De Toilette Spray + 3.4 oz Body Cream + 3.4 oz Shower.","1","amazon.com","Standard Orders","Seller","CLINTON","Maryland","20735-2478","","88.12","0","4.49","0","0","0","0","0","0","0","0","-13.89","0","0","0","78.72"
"Mar 21, 2017 2:07:36 PM PDT","6318415731","Shipping Services","103-2919405-5525865","","Shipping Label Purchased through Amazon","","","Standard Orders","","","","","","0","0","0","0","0","0","0","0","0","0","0","0","0","0","-6.71","-6.71"
"Mar 21, 2017 2:08:15 PM PDT","6318415731","Order","103-1780233-8221037","GM-ZQK0-9GM1","One Direction 'Between Us' Eau de Parfum Spray 3.4oz/100ml New In Box","2","amazon.com","Standard Orders","Seller","Stronghurst","IL","61480-0029","","37.68","0","6.35","0","0","0","0","0","0","0","0","-6.60","0","0","0","37.43"
"Mar 21, 2017 2:08:54 PM PDT","6318415731","Shipping Services","103-1780233-8221037","","Shipping Label Purchased through Amazon","","","Standard Orders","","","","","","0","0","0","0","0","0","0","0","0","0","0","0","0","0","-6.83","-6.83"
"Mar 21, 2017 2:10:52 PM PDT","6318415731","Order","106-4728986-4085819","AS-WJLN-2GTU","Design by Paul Sebastian for Men, Cologne Spray, 3.4-Ounce","1","amazon.com","Standard Orders","Seller","CHULA VISTA","CA","91910-1949","","14.00","0","5.09","0","0","0","0","0","0","0","0","-2.86","0","0","0","16.23"
"Mar 21, 2017 2:11:23 PM PDT","6318415731","Shipping Services","106-4728986-4085819","","Shipping Label Purchased through Amazon","","","Standard Orders","","","","","","0","0","0","0","0","0","0","0","0","0","0","0","0","0","-3.90","-3.90"
"Mar 21, 2017 2:18:30 PM PDT","6318415731","Order","002-4209587-7052259","66-FFD6-5QZU","White Diamonds By Elizabeth Taylor For Women, Eau De Toilette Spray, 1 Ounce","1","amazon.com","Standard Orders","Seller","ISSAQUAH","WASHINGTON","98029-5218","","16.49","0","4.84","0","0","0","0","0","0","0","0","-3.20","0","0","0","18.13"
"Mar 21, 2017 2:19:08 PM PDT","6318415731","Shipping Services","002-4209587-7052259","","Shipping Label Purchased through Amazon","","","Standard Orders","","","","","","0","0","0","0","0","0","0","0","0","0","0","0","0","0","-3.07","-3.07"
"Mar 22, 2017 5:04:30 AM PDT","6319206251","Transfer","","","To your account ending in: 6276, Bank Transfer ID: 091000014934731","","","Standard Orders","","","","","","0","0","0","0","0","0","0","0","0","0","0","0","0","0","-930.91","-930.91"
"Mar 22, 2017 12:16:16 PM PDT","6319206251","Order","104-7549810-5797865","FZ-7H25-DGAL","Reb'L Fleur By Rihanna Gift Set -- 3.4 Oz Eau De Parfum Spray + 3 Oz Body Lotion + 3 Oz Shower Gel + .34 Oz Mini Edp Spray Women","1","amazon.com","Standard Orders","Seller","LAGUNA NIGUEL","CA","92677-7313","","30.12","0","5.49","0","0","0","0","0","0","0","0","-5.34","0","0","0","30.27"
"Mar 22, 2017 12:16:53 PM PDT","6319206251","Shipping Services","104-7549810-5797865","","Shipping Label Purchased through Amazon","","","Standard Orders","","","","","","0","0","0","0","0","0","0","0","0","0","0","0","0","0","-7.34","-7.34"
"Mar 22, 2017 12:17:53 PM PDT","6319206251","Order","116-9938113-5168267","RF-LX73-TAHE","DIESEL PLUS PLUS by Diesel EDT SPRAY 2.5 OZ Masculine","1","amazon.com","Standard Orders","Seller","SOUTH LAKE TAHOE","CA","96150-6956","","8.75","0","4.99","0","0","0","0","0","0","0","0","-2.06","0","0","0","11.68"
"Mar 22, 2017 12:18:29 PM PDT","6319206251","Shipping Services","116-9938113-5168267","","Shipping Label Purchased through Amazon","","","Standard Orders","","","","","","0","0","0","0","0","0","0","0","0","0","0","0","0","0","-3.62","-3.62"
"Mar 22, 2017 12:19:04 PM PDT","6319206251","Order","116-8654383-8108210","BF-2O4Q-JYRE","Paco Rabanne 1 million Cologne for Men 6.8 oz Eau De Toilette Spray","1","amazon.com","Standard Orders","Seller","LOWELL","MA","01851-3161","","78.22","0","4.49","0","0","0","0","0","0","0","0","-12.41","0","0","0","70.30"
"Mar 22, 2017 12:19:43 PM PDT","6319206251","Shipping Services","116-8654383-8108210","","Shipping Label Purchased through Amazon","","","Standard Orders","","","","","","0","0","0","0","0","0","0","0","0","0","0","0","0","0","-6.20","-6.20"
"Mar 22, 2017 12:20:52 PM PDT","6319206251","Order","113-1839494-9710623","RF-LX73-TAHE","DIESEL PLUS PLUS by Diesel EDT SPRAY 2.5 OZ Masculine","1","amazon.com","Standard Orders","Seller","SHOREWOOD","WI","53211-1935","","8.75","0","4.99","0","0","0","0","0","0","0","0","-2.06","0","0","0","11.68"
"Mar 22, 2017 12:21:30 PM PDT","6319206251","Shipping Services","113-1839494-9710623","","Shipping Label Purchased through Amazon","","","Standard Orders","","","","","","0","0","0","0","0","0","0","0","0","0","0","0","0","0","-3.62","-3.62"
"Mar 22, 2017 12:22:42 PM PDT","6319206251","Order","112-9354711-3647468","0D-ZN8O-QQ8V","P O L O Black Fragrance for Men Luxury Perfume Spray 4.2 Oz. New with Box","1","amazon.com","Standard Orders","Seller","LA MESA","CA","91942-5008","","54.91","0","4.49","0","0","0","0","0","0","0","0","-8.91","0","0","0","50.49"
"Mar 22, 2017 12:23:20 PM PDT","6319206251","Shipping Services","112-9354711-3647468","","Shipping Label Purchased through Amazon","","","Standard Orders","","","","","","0","0","0","0","0","0","0","0","0","0","0","0","0","0","-4.47","-4.47"
"Mar 22, 2017 12:25:19 PM PDT","6319206251","Order","112-2974071-0095425","HI-CVK1-9JN5","Fidji By Guy Laroche For Women. Eau De Toilette Spray 1.7 Ounces","1","amazon.com","Standard Orders","Seller","Montclair","NJ","07042-2307","","31.82","0","4.84","0","0","0","0","0","0","0","0","-5.50","0","0","0","31.16"
"Mar 22, 2017 12:25:58 PM PDT","6319206251","Shipping Services","112-2974071-0095425","","Shipping Label Purchased through Amazon","","","Standard Orders","","","","","","0","0","0","0","0","0","0","0","0","0","0","0","0","0","-3.07","-3.07"
"Mar 22, 2017 12:26:46 PM PDT","6319206251","Order","112-0694253-1895428","BF-2O4Q-JYRE","Paco Rabanne 1 million Cologne for Men 6.8 oz Eau De Toilette Spray","2","amazon.com","Standard Orders","Seller","BROOKLYN","NY","11243-2902","","156.44","0","8.99","0","0","0","0","0","0","0","0","-24.82","0","0","0","140.61"
"Mar 22, 2017 12:27:23 PM PDT","6319206251","Shipping Services","112-0694253-1895428","","Shipping Label Purchased through Amazon","","","Standard Orders","","","","","","0","0","0","0","0","0","0","0","0","0","0","0","0","0","-6.65","-6.65"
"Mar 22, 2017 12:28:19 PM PDT","6319206251","Order","111-8700730-1254645","BF-2O4Q-JYRE","Paco Rabanne 1 million Cologne for Men 6.8 oz Eau De Toilette Spray","1","amazon.com","Standard Orders","Seller","JACKSONVILLE","FL","32256-7882","","78.22","0","4.49","0","0","0","0","0","0","0","0","-12.41","0","0","0","70.30"
"Mar 22, 2017 12:28:56 PM PDT","6319206251","Shipping Services","111-8700730-1254645","","Shipping Label Purchased through Amazon","","","Standard Orders","","","","","","0","0","0","0","0","0","0","0","0","0","0","0","0","0","-6.20","-6.20"
"Mar 22, 2017 12:29:33 PM PDT","6319206251","Order","109-2007635-5309839","7V-Z250-XMQX","Fidji Eau De Toillette Spray - 1.7 oz","1","amazon.com","Standard Orders","Seller","BROOMFIELD","CO","80020-7305","","32.28","0","4.51","0","0","0","0","0","0","0","0","-5.52","0","0","0","31.27"
"Mar 22, 2017 12:30:18 PM PDT","6319206251","Shipping Services","109-2007635-5309839","","Shipping Label Purchased through Amazon","","","Standard Orders","","","","","","0","0","0","0","0","0","0","0","0","0","0","0","0","0","-3.07","-3.07"
"Mar 22, 2017 12:31:51 PM PDT","6319206251","Order","108-8996627-0625841","W4-6TKK-M8MV","BRUT by Faberge Cologne Spray (Original-Glass Bottle) 3 oz","2","amazon.com","Standard Orders","Seller","EUCLID","OH","44132-2315","","19.88","0","5.51","0","0","0","0","0","0","0","0","-3.82","0","0","0","21.57"
"Mar 22, 2017 12:32:28 PM PDT","6319206251","Shipping Services","108-8996627-0625841","","Shipping Label Purchased through Amazon","","","Standard Orders","","","","","","0","0","0","0","0","0","0","0","0","0","0","0","0","0","-6.05","-6.05"
"Mar 22, 2017 12:33:05 PM PDT","6319206251","Order","108-6766662-4592216","JK-130P-A3PQ","Tiamo by Parfum Blaze Eau De Toilette Spray 3.4 oz","1","amazon.com","Standard Orders","Seller","SOUTH RIVER","NJ","08882-1531","","11.00","0","5.49","0","0","0","0","0","0","0","0","-2.47","0","0","0","14.02"
"Mar 22, 2017 12:33:40 PM PDT","6319206251","Shipping Services","108-6766662-4592216","","Shipping Label Purchased through Amazon","","","Standard Orders","","","","","","0","0","0","0","0","0","0","0","0","0","0","0","0","0","-4.46","-4.46"
"Mar 22, 2017 12:34:29 PM PDT","6319206251","Order","108-4900395-2807418","BF-2O4Q-JYRE","Paco Rabanne 1 million Cologne for Men 6.8 oz Eau De Toilette Spray","1","amazon.com","Standard Orders","Seller","WINTER PARK","FL","32792-5504","","78.22","0","4.49","0","0","0","0","0","0","0","0","-12.41","0","0","0","70.30"
"Mar 22, 2017 12:35:08 PM PDT","6319206251","Shipping Services","108-4900395-2807418","","Shipping Label Purchased through Amazon","","","Standard Orders","","","","","","0","0","0","0","0","0","0","0","0","0","0","0","0","0","-6.20","-6.20"
"Mar 22, 2017 12:36:10 PM PDT","6319206251","Order","107-2453448-2961049","YI-Q248-ZGRN","Double Diamond 3.4 Eau De Perfume Spray Women","1","amazon.com","Standard Orders","Seller","VALLEY STREAM","NY","11580-3145","","6.29","0","10.79","0","0","0","0","0","0","0","0","-2.56","0","0","0","14.52"
"Mar 22, 2017 12:36:49 PM PDT","6319206251","Shipping Services","107-2453448-2961049","","Shipping Label Purchased through Amazon","","","Standard Orders","","","","","","0","0","0","0","0","0","0","0","0","0","0","0","0","0","-6.05","-6.05"
"Mar 22, 2017 12:37:21 PM PDT","6319206251","Order","104-8371805-0151436","DT-GQQP-NJQJ","Thé Oné 3.4oz Eau De Parfum Sprày MéN by Dolcé ànd Gàbbànà","1","amazon.com","Standard Orders","Seller","CHATTANOOGA","Tennessee","37421-5113","","73.63","0","4.49","0","0","0","0","0","0","0","0","-11.72","0","0","0","66.40"
"Mar 22, 2017 12:37:58 PM PDT","6319206251","Shipping Services","104-8371805-0151436","","Shipping Label Purchased through Amazon","","","Standard Orders","","","","","","0","0","0","0","0","0","0","0","0","0","0","0","0","0","-6.20","-6.20"
"Mar 22, 2017 12:38:34 PM PDT","6319206251","Order","104-7004850-6058628","BF-2O4Q-JYRE","Paco Rabanne 1 million Cologne for Men 6.8 oz Eau De Toilette Spray","1","amazon.com","Standard Orders","Seller","ANDERSON","IN","46016-5029","","78.22","0","4.49","0","0","0","0","0","0","0","0","-12.41","0","0","0","70.30"
"Mar 22, 2017 12:39:12 PM PDT","6319206251","Shipping Services","104-7004850-6058628","","Shipping Label Purchased through Amazon","","","Standard Orders","","","","","","0","0","0","0","0","0","0","0","0","0","0","0","0","0","-6.20","-6.20"
"Mar 22, 2017 12:39:51 PM PDT","6319206251","Order","104-1831716-5622620","2R-XBDJ-90C7","Carolina Herrera 212 Vip Rose Eau de Parfum Spray for Women, 1.7 Ounce","1","amazon.com","Standard Orders","Seller","EL PASO","TX","79938-3300","","43.64","0","5.33","0","0","0","0","0","0","0","0","-7.35","0","0","0","41.62"
"Mar 22, 2017 12:40:29 PM PDT","6319206251","Shipping Services","104-1831716-5622620","","Shipping Label Purchased through Amazon","","","Standard Orders","","","","","","0","0","0","0","0","0","0","0","0","0","0","0","0","0","-4.32","-4.32"
"Mar 22, 2017 12:41:13 PM PDT","6319206251","Order","104-0580463-9326633","QN-O6GV-FHDQ","Pure Wish By Chopard For Women. Eau De Toilette Spray 1.7 Oz.","1","amazon.com","Standard Orders","Seller","LOS ANGELES","CA","90066-2115","","73.34","0","5.49","0","0","0","0","0","0","0","0","-11.82","0","0","0","67.01"
"Mar 22, 2017 12:41:51 PM PDT","6319206251","Shipping Services","104-0580463-9326633","","Shipping Label Purchased through Amazon","","","Standard Orders","","","","","","0","0","0","0","0","0","0","0","0","0","0","0","0","0","-3.77","-3.77"
"Mar 22, 2017 12:43:45 PM PDT","6319206251","Order","103-2670517-9587452","Q3-403L-TYOP","VERSACE WOMAN by Versace Women's Eau De Parfum Spray 3.4 oz - 100% Authentic","1","amazon.com","Standard Orders","Seller","MIAMI","FL","33142-8627","","34.46","0","5.49","0","0","0","0","0","0","0","0","-5.99","0","0","0","33.96"
"Mar 22, 2017 12:44:22 PM PDT","6319206251","Shipping Services","103-2670517-9587452","","Shipping Label Purchased through Amazon","","","Standard Orders","","","","","","0","0","0","0","0","0","0","0","0","0","0","0","0","0","-4.46","-4.46"
"Mar 22, 2017 12:45:12 PM PDT","6319206251","Order","103-1490687-7692210","GM-ZQK0-9GM1","One Direction 'Between Us' Eau de Parfum Spray 3.4oz/100ml New In Box","1","amazon.com","Standard Orders","Seller","SAN JUAN BAUTISTA","CA","95045-0601","","18.67","0","5.42","0","0","0","0","0","0","0","0","-3.61","0","0","0","20.48"
"Mar 22, 2017 12:45:49 PM PDT","6319206251","Shipping Services","103-1490687-7692210","","Shipping Label Purchased through Amazon","","","Standard Orders","","","","","","0","0","0","0","0","0","0","0","0","0","0","0","0","0","-4.46","-4.46"
"Mar 22, 2017 12:46:57 PM PDT","6319206251","Order","102-7274057-1977837","XU-A1VS-TZDF","Light Blué Women Gift Set 3.3 oz Eau De Toilette Spray + 3.4 oz Body Cream + 3.4 oz Shower.","1","amazon.com","Standard Orders","Seller","Mountain House","CA","95391","","88.12","0","8.99","0","0","0","0","0","0","0","0","-14.57","0","0","0","82.54"
"Mar 22, 2017 12:47:34 PM PDT","6319206251","Shipping Services","102-7274057-1977837","","Shipping Label Purchased through Amazon","","","Standard Orders","","","","","","0","0","0","0","0","0","0","0","0","0","0","0","0","0","-7.49","-7.49"
"Mar 22, 2017 12:48:26 PM PDT","6319206251","Order","102-7182723-6405810","6X-1W19-KPS2","EVERYONE BY LAMIS UNISEX PERFUME 3.4 OZ EDT SPRAY.","1","amazon.com","Standard Orders","Seller","Chapel Hill","North carolina","27517","","6.00","0","4.49","0","0","0","0","0","0","0","0","-1.57","0","0","0","8.92"
"Mar 22, 2017 12:49:04 PM PDT","6319206251","Shipping Services","102-7182723-6405810","","Shipping Label Purchased through Amazon","","","Standard Orders","","","","","","0","0","0","0","0","0","0","0","0","0","0","0","0","0","-4.32","-4.32"
"Mar 22, 2017 12:49:35 PM PDT","6319206251","Order","102-0080200-3109064","W4-6TKK-M8MV","BRUT by Faberge Cologne Spray (Original-Glass Bottle) 3 oz","1","amazon.com","Standard Orders","Seller","Winter Haven","Florida","33884","","9.94","0","5.00","0","0","0","0","0","0","0","0","-2.24","0","0","0","12.70"
"Mar 22, 2017 12:50:12 PM PDT","6319206251","Shipping Services","102-0080200-3109064","","Shipping Label Purchased through Amazon","","","Standard Orders","","","","","","0","0","0","0","0","0","0","0","0","0","0","0","0","0","-3.76","-3.76"
"Mar 22, 2017 12:50:38 PM PDT","6319206251","Order","002-9804590-4808246","Z7-YFWK-ATDZ","Radiance by Britney Spears, Eau De Parfum Spray, 3.3-Ounce","1","amazon.com","Standard Orders","Seller","SCHAUMBURG","IL","60173-2007","","23.50","0","5.28","0","0","0","0","0","0","0","0","-4.32","0","0","0","24.46"
"Mar 22, 2017 12:51:16 PM PDT","6319206251","Shipping Services","002-9804590-4808246","","Shipping Label Purchased through Amazon","","","Standard Orders","","","","","","0","0","0","0","0","0","0","0","0","0","0","0","0","0","-4.46","-4.46"
"Mar 22, 2017 12:52:23 PM PDT","6319206251","Order","002-3541020-4102620","E4-G6OD-TXK1","Plus Plus Feminine by Diesel 2.5 oz Eau de Toilette Spray New in Box (Women)","2","amazon.com","Standard Orders","Seller","Phoenix","Arizona","85027","","17.14","0","5.39","0","0","0","0","0","0","0","0","-3.38","0","0","0","19.15"
"Mar 22, 2017 12:53:01 PM PDT","6319206251","Shipping Services","002-3541020-4102620","","Shipping Label Purchased through Amazon","","","Standard Orders","","","","","","0","0","0","0","0","0","0","0","0","0","0","0","0","0","-6.05","-6.05"
"Mar 22, 2017 12:53:31 PM PDT","6319206251","Order","112-0715301-7485028","FZ-7H25-DGAL","Reb'L Fleur By Rihanna Gift Set -- 3.4 Oz Eau De Parfum Spray + 3 Oz Body Lotion + 3 Oz Shower Gel + .34 Oz Mini Edp Spray Women","1","amazon.com","Standard Orders","Seller","JACKSON","WY","83001-9171","","30.12","0","5.49","0","0","0","0","0","0","0","0","-5.34","0","0","0","30.27"
"Mar 22, 2017 12:54:08 PM PDT","6319206251","Shipping Services","112-0715301-7485028","","Shipping Label Purchased through Amazon","","","Standard Orders","","","","","","0","0","0","0","0","0","0","0","0","0","0","0","0","0","-7.01","-7.01"
"Mar 22, 2017 12:55:23 PM PDT","6319206251","Order","109-9878032-4237055","C7-6Y6H-8ED9","JEAN PAUL GAULTIER by Jean Paul Gaultier - Women - Eau De Parfum Spray 3.3 oz","1","amazon.com","Standard Orders","Seller","HENDERSON","NV","89011-1888","","74.16","0","5.24","0","0","0","0","0","0","0","0","-11.91","0","0","0","67.49"
"Mar 22, 2017 12:56:01 PM PDT","6319206251","Shipping Services","109-9878032-4237055","","Shipping Label Purchased through Amazon","","","Standard Orders","","","","","","0","0","0","0","0","0","0","0","0","0","0","0","0","0","-4.61","-4.61"
"Mar 22, 2017 12:58:26 PM PDT","6319206251","Order","107-5192870-3233869","6X-1W19-KPS2","EVERYONE BY LAMIS UNISEX PERFUME 3.4 OZ EDT SPRAY.","2","amazon.com","Standard Orders","Seller","BROOKLYN","NY","11236-3841","","12.00","0","4.49","0","0","0","0","0","0","0","0","-2.48","0","0","0","14.01"
"Mar 22, 2017 12:59:04 PM PDT","6319206251","Shipping Services","107-5192870-3233869","","Shipping Label Purchased through Amazon","","","Standard Orders","","","","","","0","0","0","0","0","0","0","0","0","0","0","0","0","0","-6.05","-6.05"
"Mar 22, 2017 12:59:41 PM PDT","6319206251","Order","105-9042540-6507418","AS-WJLN-2GTU","Design by Paul Sebastian for Men, Cologne Spray, 3.4-Ounce","1","amazon.com","Standard Orders","Seller","Hampton","VA","23666-2257","","14.00","0","5.09","0","0","0","0","0","0","0","0","-2.86","0","0","0","16.23"
"Mar 22, 2017 1:00:20 PM PDT","6319206251","Shipping Services","105-9042540-6507418","","Shipping Label Purchased through Amazon","","","Standard Orders","","","","","","0","0","0","0","0","0","0","0","0","0","0","0","0","0","-3.90","-3.90"
"Mar 22, 2017 1:01:51 PM PDT","6319206251","Order","112-7261595-4759443","96-87LJ-NVG6","Jessica Simpson Fancy Love Eau de Parfum Spray for Women, 3.4 Fluid Ounce","1","amazon.com","Standard Orders","Seller","WESTERVILLE","OH","43082-8194","","28.00","0","5.34","0","0","0","0","0","0","0","0","-5.00","0","0","0","28.34"
"Mar 22, 2017 1:02:28 PM PDT","6319206251","Shipping Services","112-7261595-4759443","","Shipping Label Purchased through Amazon","","","Standard Orders","","","","","","0","0","0","0","0","0","0","0","0","0","0","0","0","0","-4.46","-4.46"
"Mar 22, 2017 1:03:28 PM PDT","6319206251","Order","104-5071381-8311431","2L-YX0W-CS37","Johan B Merveille Eau De Parfum Spray for Women, 3.4 Ounce","1","amazon.com","Standard Orders","Seller","GLEN BURNIE","MD","21060-8360","","24.17","0","10.27","0","0","0","0","0","0","0","0","-5.17","0","0","0","29.27"
"Mar 22, 2017 1:04:05 PM PDT","6319206251","Shipping Services","104-5071381-8311431","","Shipping Label Purchased through Amazon","","","Standard Orders","","","","","","0","0","0","0","0","0","0","0","0","0","0","0","0","0","-6.05","-6.05"
"Mar 22, 2017 1:04:56 PM PDT","6319206251","Order","104-3008561-5349041","2L-YX0W-CS37","Johan B Merveille Eau De Parfum Spray for Women, 3.4 Ounce","1","amazon.com","Standard Orders","Seller","HOUSTON","TX","77073-6277","","24.17","0","5.34","0","0","0","0","0","0","0","0","-4.43","0","0","0","25.08"
"Mar 22, 2017 1:05:34 PM PDT","6319206251","Shipping Services","104-3008561-5349041","","Shipping Label Purchased through Amazon","","","Standard Orders","","","","","","0","0","0","0","0","0","0","0","0","0","0","0","0","0","-4.46","-4.46"
"Mar 22, 2017 1:06:13 PM PDT","6319206251","Order","104-2073518-1444212","Z7-YFWK-ATDZ","Radiance by Britney Spears, Eau De Parfum Spray, 3.3-Ounce","1","amazon.com","Standard Orders","Seller","Fairview","NJ","07022","","23.50","0","5.28","0","0","0","0","0","0","0","0","-4.32","0","0","0","24.46"
"Mar 22, 2017 1:06:51 PM PDT","6319206251","Shipping Services","104-2073518-1444212","","Shipping Label Purchased through Amazon","","","Standard Orders","","","","","","0","0","0","0","0","0","0","0","0","0","0","0","0","0","-4.46","-4.46"
"Mar 22, 2017 1:07:38 PM PDT","6319206251","Order","002-9475056-8362651","2L-YX0W-CS37","Johan B Merveille Eau De Parfum Spray for Women, 3.4 Ounce","1","amazon.com","Standard Orders","Seller","FPO","AE","09834-0702","","24.17","0","5.34","0","0","0","0","0","0","0","0","-4.43","0","0","0","25.08"
"Mar 22, 2017 1:08:14 PM PDT","6319206251","Shipping Services","002-9475056-8362651","","Shipping Label Purchased through Amazon","","","Standard Orders","","","","","","0","0","0","0","0","0","0","0","0","0","0","0","0","0","-4.46","-4.46"
"Mar 22, 2017 1:09:00 PM PDT","6319206251","Order","102-7611894-8257065","KG-EP0K-7LTJ","Jus De Amour for Women","1","amazon.com","Standard Orders","Seller","BROOKLYN","NY","11225-5013","","7.50","0","5.34","0","0","0","0","0","0","0","0","-1.93","0","0","0","10.91"
"Mar 22, 2017 1:09:36 PM PDT","6319206251","Shipping Services","102-7611894-8257065","","Shipping Label Purchased through Amazon","","","Standard Orders","","","","","","0","0","0","0","0","0","0","0","0","0","0","0","0","0","-4.46","-4.46"
"Mar 22, 2017 1:16:06 PM PDT","6319206251","Order","111-6915247-6509018","TZ-2RBR-JGGF","Yves Saint Laurent L'Homme Libre Eau De Toilette Spray for Men, 3.3 Ounce","1","amazon.com","Standard Orders","Seller","MANSFIELD","TEXAS","76063-8803","","58.00","0","5.37","0","0","0","0","0","0","0","0","-9.51","0","0","0","53.86"
"Mar 22, 2017 1:16:44 PM PDT","6319206251","Shipping Services","111-6915247-6509018","","Shipping Label Purchased through Amazon","","","Standard Orders","","","","","","0","0","0","0","0","0","0","0","0","0","0","0","0","0","-4.47","-4.47"
"Mar 22, 2017 1:17:57 PM PDT","6319206251","Order","103-2420547-5610660","VQ-3EX0-LMJP","Parfums Rivera Night Dreams Eau de Parfum Spray, 3.4 Ounce","1","amazon.com","Standard Orders","Seller","PHILADELPHIA","PA","19120-2339","","10.00","0","5.94","0","0","0","0","0","0","0","0","-2.39","0","0","0","13.55"
"Mar 22, 2017 1:18:35 PM PDT","6319206251","Shipping Services","103-2420547-5610660","","Shipping Label Purchased through Amazon","","","Standard Orders","","","","","","0","0","0","0","0","0","0","0","0","0","0","0","0","0","-6.05","-6.05"
"Mar 22, 2017 1:42:53 PM PDT","6319206251","Order","103-7340901-1235434","5N-570F-UTZV","TrésorL'eau De Parfum (50 Ml/1.7 Oz)Trésor","1","amazon.com","Standard Orders","Seller","Goffstown","NH","03045","","64.38","0","4.49","0","0","0","0","0","0","0","0","-10.33","0","0","0","58.54"
"Mar 22, 2017 1:43:32 PM PDT","6319206251","Shipping Services","103-7340901-1235434","","Shipping Label Purchased through Amazon","","","Standard Orders","","","","","","0","0","0","0","0","0","0","0","0","0","0","0","0","0","-3.91","-3.91"
"Mar 22, 2017 1:50:15 PM PDT","6319206251","Order","116-5124821-4189847","1W-5PTN-4YN0","Piver 489564 Reve Dor by Piver Cologne Splash 14.25 oz","1","amazon.com","Standard Orders","Seller","CORAL SPRINGS","FL","33065-4974","","26.58","0","6.49","0","0","0","0","0","0","0","0","-4.96","0","0","0","28.11"
"Mar 22, 2017 1:50:51 PM PDT","6319206251","Shipping Services","116-5124821-4189847","","Shipping Label Purchased through Amazon","","","Standard Orders","","","","","","0","0","0","0","0","0","0","0","0","0","0","0","0","0","-6.55","-6.55"
"Mar 23, 2017 12:22:25 PM PDT","6320183871","Order","116-9267273-4667443","DT-GQQP-NJQJ","Thé Oné 3.4oz Eau De Parfum Sprày MéN by Dolcé ànd Gàbbànà","1","amazon.com","Standard Orders","Seller","Grand prairie","Tx","75052","","73.63","0","25.00","0","0","0","0","0","0","0","0","-14.79","0","0","0","83.84"
"Mar 23, 2017 12:23:03 PM PDT","6320183871","Shipping Services","116-9267273-4667443","","Shipping Label Purchased through Amazon","","","Standard Orders","","","","","","0","0","0","0","0","0","0","0","0","0","0","0","0","0","-21.63","-21.63"
"Mar 23, 2017 12:24:59 PM PDT","6320183871","Order","103-6570356-8943469","3K-6WAG-7VKT","Comme Des Garcons Blue Cedrat Eau De Parfum Spray 3.4 Oz / 100 Ml For Men, 11.04 Ounce","1","amazon.com","Standard Orders","Seller","Brooklyn","New York","11221","","85.28","0","26.86","0","0","0","0","0","0","0","0","-16.82","0","0","0","95.32"
"Mar 23, 2017 12:25:37 PM PDT","6320183871","Shipping Services","103-6570356-8943469","","Shipping Label Purchased through Amazon","","","Standard Orders","","","","","","0","0","0","0","0","0","0","0","0","0","0","0","0","0","-6.20","-6.20"
"Mar 23, 2017 12:35:09 PM PDT","6320183871","Order","116-9855705-0981052","J3-HV1I-MHP6","Cuba Gold By Fragluxe Gift Set -- 3.3 Oz Eau De Toilette Spray + 3.3 Oz After Shave Spray + 6.7 Oz Body Deodorant Spray For Men","1","amazon.com","Standard Orders","Seller","San Diego","California","92104","","15.00","0","4.49","0","0","0","0","0","0","0","0","-2.92","0","0","0","16.57"
"Mar 23, 2017 12:35:47 PM PDT","6320183871","Shipping Services","116-9855705-0981052","","Shipping Label Purchased through Amazon","","","Standard Orders","","","","","","0","0","0","0","0","0","0","0","0","0","0","0","0","0","-7.34","-7.34"
"Mar 23, 2017 12:36:28 PM PDT","6320183871","Order","116-9608686-2941832","XU-A1VS-TZDF","Light Blué Women Gift Set 3.3 oz Eau De Toilette Spray + 3.4 oz Body Cream + 3.4 oz Shower.","1","amazon.com","Standard Orders","Seller","MARION","NC","28752-6346","","88.12","0","4.49","0","0","0","0","0","0","0","0","-13.89","0","0","0","78.72"
"Mar 23, 2017 12:37:01 PM PDT","6320183871","Shipping Services","116-9608686-2941832","","Shipping Label Purchased through Amazon","","","Standard Orders","","","","","","0","0","0","0","0","0","0","0","0","0","0","0","0","0","-6.82","-6.82"
"Mar 23, 2017 12:37:48 PM PDT","6320183871","Order","116-9406129-0580200","2R-XBDJ-90C7","Carolina Herrera 212 Vip Rose Eau de Parfum Spray for Women, 1.7 Ounce","1","amazon.com","Standard Orders","Seller","WESTON","FL","33331-3717","","43.64","0","5.33","0","0","0","0","0","0","0","0","-7.35","0","0","0","41.62"
"Mar 23, 2017 12:38:26 PM PDT","6320183871","Shipping Services","116-9406129-0580200","","Shipping Label Purchased through Amazon","","","Standard Orders","","","","","","0","0","0","0","0","0","0","0","0","0","0","0","0","0","-4.32","-4.32"
"Mar 23, 2017 12:39:24 PM PDT","6320183871","Order","112-7372433-2732256","9F-TM9C-OPMW","Black Point by YZY Perfume","2","amazon.com","Standard Orders","Seller","Missouri City","Texas","77489-5044","","12.00","0","6.49","0","0","0","0","0","0","0","0","-2.78","0","0","0","15.71"
"Mar 23, 2017 12:40:02 PM PDT","6320183871","Shipping Services","112-7372433-2732256","","Shipping Label Purchased through Amazon","","","Standard Orders","","","","","","0","0","0","0","0","0","0","0","0","0","0","0","0","0","-6.05","-6.05"
"Mar 23, 2017 12:54:26 PM PDT","6320183871","Order","112-0291681-4566611","0Y-13WR-ZN5E","L'homme Yves Saint Laurent By Yves Saint Laurent For Men. Eau De Toilette Spray 3.3-Ounces","1","amazon.com","Standard Orders","Seller","BROOKLYN","NY","11233-3968","","56.00","0","5.35","0","0","0","0","0","0","0","0","-9.20","0","0","0","52.15"
"Mar 23, 2017 12:55:04 PM PDT","6320183871","Shipping Services","112-0291681-4566611","","Shipping Label Purchased through Amazon","","","Standard Orders","","","","","","0","0","0","0","0","0","0","0","0","0","0","0","0","0","-4.47","-4.47"
"Mar 23, 2017 12:55:37 PM PDT","6320183871","Order","111-1507186-9585009","1O-YSQR-VEK9","1 Million Fragrance By Paco Rabanne 3pc Travel Edition Gift Set . 3.4 Fl.Oz. Eau De Toilette Spray + 3.4 S/G Men+15ml spray Mini For Men","1","amazon.com","Standard Orders","Seller","EULESS","TX","76039-3344","","70.74","0","4.49","0","0","0","0","0","0","0","0","-11.28","0","0","0","63.95"
"Mar 23, 2017 12:56:15 PM PDT","6320183871","Shipping Services","111-1507186-9585009","","Shipping Label Purchased through Amazon","","","Standard Orders","","","","","","0","0","0","0","0","0","0","0","0","0","0","0","0","0","-7.11","-7.11"
"Mar 23, 2017 12:56:41 PM PDT","6320183871","Order","109-9683666-7347424","DT-GQQP-NJQJ","Thé Oné 3.4oz Eau De Parfum Sprày MéN by Dolcé ànd Gàbbànà","1","amazon.com","Standard Orders","Seller","NORTH RIDGEVILLE","OH","44039-2220","","73.63","0","4.49","0","0","0","0","0","0","0","0","-11.72","0","0","0","66.40"
"Mar 23, 2017 12:57:18 PM PDT","6320183871","Shipping Services","109-9683666-7347424","","Shipping Label Purchased through Amazon","","","Standard Orders","","","","","","0","0","0","0","0","0","0","0","0","0","0","0","0","0","-6.20","-6.20"
"Mar 23, 2017 12:57:38 PM PDT","6320183871","Order","109-7566222-0573866","B0-30LP-CY8E","Jessica Simpson Fancy Love  Gift Set for Women (Eau de Parfum Spray 3.4 Ounce, Lotion 4 Ounce, Lotion 3 Ounce, Bath and Shower Cream, Eau de Parfum Sp","1","amazon.com","Standard Orders","Seller","Huntingdon Valley","Pa","19006","","48.47","0","6.89","0","0","0","0","0","0","0","0","-8.30","0","0","0","47.06"
"Mar 23, 2017 12:58:15 PM PDT","6320183871","Shipping Services","109-7566222-0573866","","Shipping Label Purchased through Amazon","","","Standard Orders","","","","","","0","0","0","0","0","0","0","0","0","0","0","0","0","0","-6.05","-6.05"
"Mar 23, 2017 1:03:41 PM PDT","6320183871","Order","109-0100015-9178615","2R-XBDJ-90C7","Carolina Herrera 212 Vip Rose Eau de Parfum Spray for Women, 1.7 Ounce","2","amazon.com","Standard Orders","Seller","NORTH MIAMI BEACH","FLORIDA","33160-3570","","87.28","0","11.51","0","0","0","0","0","0","0","0","-14.82","0","0","0","83.97"
"Mar 23, 2017 1:04:19 PM PDT","6320183871","Shipping Services","109-0100015-9178615","","Shipping Label Purchased through Amazon","","","Standard Orders","","","","","","0","0","0","0","0","0","0","0","0","0","0","0","0","0","-6.20","-6.20"
"Mar 23, 2017 1:04:56 PM PDT","6320183871","Order","108-8784128-9161049","Z7-YFWK-ATDZ","Radiance by Britney Spears, Eau De Parfum Spray, 3.3-Ounce","1","amazon.com","Standard Orders","Seller","HURRICANE","UT","84737-3153","","23.50","0","5.28","0","0","0","0","0","0","0","0","-4.32","0","0","0","24.46"
"Mar 23, 2017 1:05:34 PM PDT","6320183871","Shipping Services","108-8784128-9161049","","Shipping Label Purchased through Amazon","","","Standard Orders","","","","","","0","0","0","0","0","0","0","0","0","0","0","0","0","0","-4.46","-4.46"
"Mar 23, 2017 1:07:32 PM PDT","6320183871","Order","108-6037148-3381818","TZ-2RBR-JGGF","Yves Saint Laurent L'Homme Libre Eau De Toilette Spray for Men, 3.3 Ounce","1","amazon.com","Standard Orders","Seller","GAITHERSBURG","MD","20878-2930","","58.00","0","5.37","0","0","0","0","0","0","0","0","-9.51","0","0","0","53.86"
"Mar 23, 2017 1:08:09 PM PDT","6320183871","Shipping Services","108-6037148-3381818","","Shipping Label Purchased through Amazon","","","Standard Orders","","","","","","0","0","0","0","0","0","0","0","0","0","0","0","0","0","-4.47","-4.47"
"Mar 23, 2017 1:09:30 PM PDT","6320183871","Order","107-9683568-0049058","96-87LJ-NVG6","Jessica Simpson Fancy Love Eau de Parfum Spray for Women, 3.4 Fluid Ounce","1","amazon.com","Standard Orders","Seller","TRACY","CA","95376-2782","","28.00","0","5.34","0","0","0","0","0","0","0","0","-5.00","0","0","0","28.34"
"Mar 23, 2017 1:10:07 PM PDT","6320183871","Shipping Services","107-9683568-0049058","","Shipping Label Purchased through Amazon","","","Standard Orders","","","","","","0","0","0","0","0","0","0","0","0","0","0","0","0","0","-4.46","-4.46"
"Mar 23, 2017 1:10:43 PM PDT","6320183871","Order","107-6838034-9250608","Z7-YFWK-ATDZ","Radiance by Britney Spears, Eau De Parfum Spray, 3.3-Ounce","1","amazon.com","Standard Orders","Seller","FLOWER MOUND","TX","75028-2485","","23.50","0","5.28","0","0","0","0","0","0","0","0","-4.32","0","0","0","24.46"
"Mar 23, 2017 1:11:21 PM PDT","6320183871","Shipping Services","107-6838034-9250608","","Shipping Label Purchased through Amazon","","","Standard Orders","","","","","","0","0","0","0","0","0","0","0","0","0","0","0","0","0","-4.46","-4.46"
"Mar 23, 2017 1:12:59 PM PDT","6320183871","Order","102-5414289-2791437","TQ-OY5W-LZ3J","212 Sexy By Carolina Herrera For Women. Eau De Parfum Spray 3.4 Ounce","1","amazon.com","Standard Orders","Seller","APO","AE","09355","","51.20","0","5.28","0","0","0","0","0","0","0","0","-8.47","0","0","0","48.01"
"Mar 23, 2017 1:13:37 PM PDT","6320183871","Shipping Services","102-5414289-2791437","","Shipping Label Purchased through Amazon","","","Standard Orders","","","","","","0","0","0","0","0","0","0","0","0","0","0","0","0","0","-4.33","-4.33"
"Mar 23, 2017 1:14:20 PM PDT","6320183871","Order","107-2525331-9304224","RL-Z1OR-5MCR","Elizabeth Taylor White Diamonds 4-Piece Gift Set","1","amazon.com","Standard Orders","Seller","IRVINGTON","NJ","07111-3101","","38.56","0","6.44","0","0","0","0","0","0","0","0","-6.75","0","0","0","38.25"
"Mar 23, 2017 1:14:57 PM PDT","6320183871","Shipping Services","107-2525331-9304224","","Shipping Label Purchased through Amazon","","","Standard Orders","","","","","","0","0","0","0","0","0","0","0","0","0","0","0","0","0","-6.63","-6.63"
"Mar 23, 2017 1:15:41 PM PDT","6320183871","Order","106-5847850-8541837","2L-YX0W-CS37","Johan B Merveille Eau De Parfum Spray for Women, 3.4 Ounce","1","amazon.com","Standard Orders","Seller","ENTERPRISE","AL","36330-1651","","24.17","0","5.34","0","0","0","0","0","0","0","0","-4.43","0","0","0","25.08"
"Mar 23, 2017 1:16:18 PM PDT","6320183871","Shipping Services","106-5847850-8541837","","Shipping Label Purchased through Amazon","","","Standard Orders","","","","","","0","0","0","0","0","0","0","0","0","0","0","0","0","0","-4.46","-4.46"
"Mar 23, 2017 1:21:06 PM PDT","6320183871","Order","106-5008763-2255450","LX-TSWW-29S8","White Diamonds By Elizabeth Taylor Edt Spray 3.3 Oz for Women","1","amazon.com","Standard Orders","Seller","BULLARD","TX","75757-6469","","23.32","0","5.50","0","0","0","0","0","0","0","0","-4.32","0","0","0","24.50"
"Mar 23, 2017 1:21:43 PM PDT","6320183871","Shipping Services","106-5008763-2255450","","Shipping Label Purchased through Amazon","","","Standard Orders","","","","","","0","0","0","0","0","0","0","0","0","0","0","0","0","0","-4.04","-4.04"
"Mar 23, 2017 1:22:09 PM PDT","6320183871","Order","106-4414499-1909849","Z7-YFWK-ATDZ","Radiance by Britney Spears, Eau De Parfum Spray, 3.3-Ounce","1","amazon.com","Standard Orders","Seller","HOUSTON","TX","77271-0081","","23.50","0","5.28","0","0","0","0","0","0","0","0","-4.32","0","0","0","24.46"
"Mar 23, 2017 1:22:46 PM PDT","6320183871","Shipping Services","106-4414499-1909849","","Shipping Label Purchased through Amazon","","","Standard Orders","","","","","","0","0","0","0","0","0","0","0","0","0","0","0","0","0","-4.46","-4.46"
"Mar 23, 2017 1:23:14 PM PDT","6320183871","Order","105-3172950-0033867","KG-EP0K-7LTJ","Jus De Amour for Women","1","amazon.com","Standard Orders","Seller","SMITHTOWN","NY","11787-5419","","7.50","0","5.34","0","0","0","0","0","0","0","0","-1.93","0","0","0","10.91"
"Mar 23, 2017 1:23:53 PM PDT","6320183871","Shipping Services","105-3172950-0033867","","Shipping Label Purchased through Amazon","","","Standard Orders","","","","","","0","0","0","0","0","0","0","0","0","0","0","0","0","0","-4.46","-4.46"
"Mar 23, 2017 1:24:34 PM PDT","6320183871","Order","105-0523514-9999429","KG-EP0K-7LTJ","Jus De Amour for Women","1","amazon.com","Standard Orders","Seller","FRESNO","CA","93711-6027","","7.50","0","5.34","0","0","0","0","0","0","0","0","-1.93","0","0","0","10.91"
"Mar 23, 2017 1:25:12 PM PDT","6320183871","Shipping Services","105-0523514-9999429","","Shipping Label Purchased through Amazon","","","Standard Orders","","","","","","0","0","0","0","0","0","0","0","0","0","0","0","0","0","-4.46","-4.46"
"Mar 23, 2017 1:26:02 PM PDT","6320183871","Order","104-7322660-3612201","0Y-13WR-ZN5E","L'homme Yves Saint Laurent By Yves Saint Laurent For Men. Eau De Toilette Spray 3.3-Ounces","1","amazon.com","Standard Orders","Seller","NEW YORK","NY","10023-2801","","56.00","0","5.35","0","0","0","0","0","0","0","0","-9.20","0","0","0","52.15"
"Mar 23, 2017 1:26:39 PM PDT","6320183871","Shipping Services","104-7322660-3612201","","Shipping Label Purchased through Amazon","","","Standard Orders","","","","","","0","0","0","0","0","0","0","0","0","0","0","0","0","0","-4.47","-4.47"
"Mar 23, 2017 1:27:59 PM PDT","6320183871","Order","102-9488291-6221828","C8-0GJV-QWP1","GREY FLANNEL ~ GEOFFREY BEENE 4.0 OZ COLOGNE NEW IN BOX by Geoffrey Beene","1","amazon.com","Standard Orders","Seller","Kingston","OH","45644-9590","","15.83","0","5.04","0","0","0","0","0","0","0","0","-3.13","0","0","0","17.74"
"Mar 23, 2017 1:28:36 PM PDT","6320183871","Shipping Services","102-9488291-6221828","","Shipping Label Purchased through Amazon","","","Standard Orders","","","","","","0","0","0","0","0","0","0","0","0","0","0","0","0","0","-3.76","-3.76"
"Mar 23, 2017 1:29:04 PM PDT","6320183871","Order","102-2072491-1507447","Z7-YFWK-ATDZ","Radiance by Britney Spears, Eau De Parfum Spray, 3.3-Ounce","1","amazon.com","Standard Orders","Seller","LONDON","OH","43140-2011","","23.50","0","5.28","0","0","0","0","0","0","0","0","-4.32","0","0","0","24.46"
"Mar 23, 2017 1:29:41 PM PDT","6320183871","Shipping Services","102-2072491-1507447","","Shipping Label Purchased through Amazon","","","Standard Orders","","","","","","0","0","0","0","0","0","0","0","0","0","0","0","0","0","-4.46","-4.46"
"Mar 23, 2017 1:30:20 PM PDT","6320183871","Order","102-1834116-6045053","FZ-7H25-DGAL","Reb'L Fleur By Rihanna Gift Set -- 3.4 Oz Eau De Parfum Spray + 3 Oz Body Lotion + 3 Oz Shower Gel + .34 Oz Mini Edp Spray Women","1","amazon.com","Standard Orders","Seller","SAN BERNARDINO","CA","92407-2530","","30.12","0","5.49","0","0","0","0","0","0","0","0","-5.34","0","0","0","30.27"
"Mar 23, 2017 1:30:58 PM PDT","6320183871","Shipping Services","102-1834116-6045053","","Shipping Label Purchased through Amazon","","","Standard Orders","","","","","","0","0","0","0","0","0","0","0","0","0","0","0","0","0","-7.34","-7.34"
"Mar 23, 2017 1:31:30 PM PDT","6320183871","Order","002-6607595-3603422","4L-HLO9-1FMP","Kenneth Cole Black By Kenneth Cole For Men","1","amazon.com","Standard Orders","Seller","ANCHOR POINT","AK","99556-0961","","27.29","0","13.98","0","0","0","0","0","0","0","0","-6.19","0","0","0","35.08"
"Mar 23, 2017 1:32:08 PM PDT","6320183871","Shipping Services","002-6607595-3603422","","Shipping Label Purchased through Amazon","","","Standard Orders","","","","","","0","0","0","0","0","0","0","0","0","0","0","0","0","0","-6.05","-6.05"
"Mar 23, 2017 1:33:12 PM PDT","6320183871","Order","002-6389822-3876226","RF-LX73-TAHE","DIESEL PLUS PLUS by Diesel EDT SPRAY 2.5 OZ Masculine","1","amazon.com","Standard Orders","Seller","TAMPA","FL","33625-3928","","8.75","0","4.99","0","0","0","0","0","0","0","0","-2.06","0","0","0","11.68"
"Mar 23, 2017 1:33:47 PM PDT","6320183871","Shipping Services","002-6389822-3876226","","Shipping Label Purchased through Amazon","","","Standard Orders","","","","","","0","0","0","0","0","0","0","0","0","0","0","0","0","0","-3.62","-3.62"
"Mar 23, 2017 1:35:11 PM PDT","6320183871","Shipping Services","116-7454150-5259460","","Shipping Label Purchased through Amazon","","","Standard Orders","","","","","","0","0","0","0","0","0","0","0","0","0","0","0","0","0","-6.05","-6.05"
"Mar 23, 2017 1:36:11 PM PDT","6320183871","Order","112-9897401-1133037","63-KCGG-MOBG","Elegant Gold FOR MEN by Johan B. Paris - 3.4 oz EDT Spray by Johan","1","amazon.com","Standard Orders","Seller","CEDAR RAPIDS","IA","52404-5385","","16.63","0","4.49","0","0","0","0","0","0","0","0","-3.17","0","0","0","17.95"
"Mar 23, 2017 1:36:48 PM PDT","6320183871","Shipping Services","112-9897401-1133037","","Shipping Label Purchased through Amazon","","","Standard Orders","","","","","","0","0","0","0","0","0","0","0","0","0","0","0","0","0","-4.46","-4.46"
"Mar 23, 2017 1:42:16 PM PDT","6320183871","Order","112-2134142-7744233","2L-YX0W-CS37","Johan B Merveille Eau De Parfum Spray for Women, 3.4 Ounce","1","amazon.com","Standard Orders","Seller","URBANA","IL","61802-5403","","24.17","0","5.34","0","0","0","0","0","0","0","0","-4.43","0","0","0","25.08"
"Mar 23, 2017 1:42:54 PM PDT","6320183871","Shipping Services","112-2134142-7744233","","Shipping Label Purchased through Amazon","","","Standard Orders","","","","","","0","0","0","0","0","0","0","0","0","0","0","0","0","0","-4.46","-4.46"
"Mar 23, 2017 1:43:51 PM PDT","6320183871","Order","111-6708579-8113818","YI-Q248-ZGRN","Double Diamond 3.4 Eau De Perfume Spray Women","1","amazon.com","Standard Orders","Seller","New York","NY","10002","","6.29","0","5.69","0","0","0","0","0","0","0","0","-1.80","0","0","0","10.18"
"Mar 23, 2017 1:44:30 PM PDT","6320183871","Shipping Services","111-6708579-8113818","","Shipping Label Purchased through Amazon","","","Standard Orders","","","","","","0","0","0","0","0","0","0","0","0","0","0","0","0","0","-3.90","-3.90"
"Mar 23, 2017 1:45:29 PM PDT","6320183871","Order","107-6760641-0697007","DT-GQQP-NJQJ","Thé Oné 3.4oz Eau De Parfum Sprày MéN by Dolcé ànd Gàbbànà","1","amazon.com","Standard Orders","Seller","San Diego","CA","92139","","73.63","0","8.99","0","0","0","0","0","0","0","0","-12.39","0","0","0","70.23"
"Mar 23, 2017 1:45:58 PM PDT","6320183871","Order","116-7454150-5259460","GR-FCK2-0ICA","Insurrection Pure II By Reyane Tradition 3.0 Oz / 90 Ml Eau De Toilette Spray for Men","1","amazon.com","Standard Orders","Seller","CONWAY","AR","72034-5151","","20.00","0","5.64","0","0","0","0","0","0","0","0","-3.85","0","0","0","21.79"
"Mar 23, 2017 1:46:07 PM PDT","6320183871","Shipping Services","107-6760641-0697007","","Shipping Label Purchased through Amazon","","","Standard Orders","","","","","","0","0","0","0","0","0","0","0","0","0","0","0","0","0","-6.20","-6.20"
"Mar 23, 2017 1:47:30 PM PDT","6320183871","Order","108-3559625-8777817","JK-130P-A3PQ","Tiamo by Parfum Blaze Eau De Toilette Spray 3.4 oz","3","amazon.com","Standard Orders","Seller","BALTIMORE","MD","21224-2433","","37.44","0","7.49","0","0","0","0","0","0","0","0","-6.75","0","0","0","38.18"
"Mar 23, 2017 1:48:03 PM PDT","6320183871","Shipping Services","108-3559625-8777817","","Shipping Label Purchased through Amazon","","","Standard Orders","","","","","","0","0","0","0","0","0","0","0","0","0","0","0","0","0","-6.55","-6.55"
"Mar 23, 2017 1:48:24 PM PDT","6320183871","Order","104-7361701-6490641","DT-GQQP-NJQJ","Thé Oné 3.4oz Eau De Parfum Sprày MéN by Dolcé ànd Gàbbànà","1","amazon.com","Standard Orders","Seller","MILWAUKEE","WI","53205-2561","","73.63","0","4.49","0","0","0","0","0","0","0","0","-11.72","0","0","0","66.40"
"Mar 23, 2017 1:49:03 PM PDT","6320183871","Shipping Services","104-7361701-6490641","","Shipping Label Purchased through Amazon","","","Standard Orders","","","","","","0","0","0","0","0","0","0","0","0","0","0","0","0","0","-6.20","-6.20"
"Mar 23, 2017 1:49:47 PM PDT","6320183871","Order","103-9403945-5880219","Z7-YFWK-ATDZ","Radiance by Britney Spears, Eau De Parfum Spray, 3.3-Ounce","1","amazon.com","Standard Orders","Seller","RALEIGH","NC","27604-4859","","23.50","0","5.28","0","0","0","0","0","0","0","0","-4.32","0","0","0","24.46"
"Mar 23, 2017 1:50:26 PM PDT","6320183871","Shipping Services","103-9403945-5880219","","Shipping Label Purchased through Amazon","","","Standard Orders","","","","","","0","0","0","0","0","0","0","0","0","0","0","0","0","0","-4.46","-4.46"
"Mar 23, 2017 1:50:59 PM PDT","6320183871","Order","104-8035803-3319413","Q6-WPSC-SKZE","Tiamo Perfume For Women By Parfum Blaze","1","amazon.com","Standard Orders","Seller","HALLANDALE BEACH","FL","33009-3904","","10.00","0","5.49","0","0","0","0","0","0","0","0","-2.32","0","0","0","13.17"
"Mar 23, 2017 1:51:36 PM PDT","6320183871","Shipping Services","104-8035803-3319413","","Shipping Label Purchased through Amazon","","","Standard Orders","","","","","","0","0","0","0","0","0","0","0","0","0","0","0","0","0","-4.32","-4.32"
"Mar 23, 2017 2:00:33 PM PDT","6320183871","Order","105-4218319-7713046","7V-Z250-XMQX","Fidji Eau De Toillette Spray - 1.7 oz","1","amazon.com","Standard Orders","Seller","SAN DIEGO","CA","92101-7794","","31.47","0","4.51","0","0","0","0","0","0","0","0","-5.40","0","0","0","30.58"
"Mar 23, 2017 2:01:11 PM PDT","6320183871","Shipping Services","105-4218319-7713046","","Shipping Label Purchased through Amazon","","","Standard Orders","","","","","","0","0","0","0","0","0","0","0","0","0","0","0","0","0","-3.07","-3.07"
"Mar 23, 2017 2:05:26 PM PDT","6320183871","Order","112-5507647-1859425","63-KCGG-MOBG","Elegant Gold FOR MEN by Johan B. Paris - 3.4 oz EDT Spray by Johan","1","amazon.com","Standard Orders","Seller","Sarasota","FL","34239","","16.63","0","4.49","0","0","0","0","0","0","0","0","-3.17","0","0","0","17.95"
"Mar 23, 2017 2:06:05 PM PDT","6320183871","Shipping Services","112-5507647-1859425","","Shipping Label Purchased through Amazon","","","Standard Orders","","","","","","0","0","0","0","0","0","0","0","0","0","0","0","0","0","-4.46","-4.46"
"Mar 23, 2017 2:06:50 PM PDT","6320183871","Order","107-1210426-3961849","RF-LX73-TAHE","DIESEL PLUS PLUS by Diesel EDT SPRAY 2.5 OZ Masculine","1","amazon.com","Standard Orders","Seller","Santa Fe Springs","Ca","90670","","8.75","0","4.99","0","0","0","0","0","0","0","0","-2.06","0","0","0","11.68"
"Mar 23, 2017 2:07:28 PM PDT","6320183871","Shipping Services","107-1210426-3961849","","Shipping Label Purchased through Amazon","","","Standard Orders","","","","","","0","0","0","0","0","0","0","0","0","0","0","0","0","0","-3.62","-3.62"
"Mar 23, 2017 2:09:22 PM PDT","6320183871","Order","107-0502427-7382662","QX-WEGU-J8B7","Nicole Miller Frenzy Perfume Eau de Parfum Spray for Women, 3.4 Ounce","1","amazon.com","Standard Orders","Seller","NEW ORLEANS","LA","70127","","54.49","0","5.34","0","0","0","0","0","0","0","0","-8.97","0","0","0","50.86"
"Mar 23, 2017 2:09:59 PM PDT","6320183871","Shipping Services","107-0502427-7382662","","Shipping Label Purchased through Amazon","","","Standard Orders","","","","","","0","0","0","0","0","0","0","0","0","0","0","0","0","0","-4.61","-4.61"
"Mar 23, 2017 2:11:22 PM PDT","6320183871","Order","103-9839545-7177020","C8-0GJV-QWP1","GREY FLANNEL ~ GEOFFREY BEENE 4.0 OZ COLOGNE NEW IN BOX by Geoffrey Beene","1","amazon.com","Standard Orders","Seller","BRADENTON","FL","34203-8437","","14.95","0","5.04","0","0","0","0","0","0","0","0","-3.00","0","0","0","16.99"
"Mar 23, 2017 2:11:59 PM PDT","6320183871","Shipping Services","103-9839545-7177020","","Shipping Label Purchased through Amazon","","","Standard Orders","","","","","","0","0","0","0","0","0","0","0","0","0","0","0","0","0","-3.76","-3.76"
"Mar 23, 2017 2:15:31 PM PDT","6320183871","Order","002-3725232-3581053","2L-YX0W-CS37","Johan B Merveille Eau De Parfum Spray for Women, 3.4 Ounce","2","amazon.com","Standard Orders","Seller","KANSAS CITY","MO","64118-3274","","48.34","0","6.19","0","0","0","0","0","0","0","0","-8.18","0","0","0","46.35"
"Mar 23, 2017 2:16:09 PM PDT","6320183871","Shipping Services","002-3725232-3581053","","Shipping Label Purchased through Amazon","","","Standard Orders","","","","","","0","0","0","0","0","0","0","0","0","0","0","0","0","0","-6.05","-6.05"
"Mar 23, 2017 2:16:40 PM PDT","6320183871","Order","104-0163636-7332279","8S-BF2V-JH39","Piver Pompeia Cologne 14.25 oz Splash","1","amazon.com","Standard Orders","Seller","HACKETTSTOWN","NEW JERSEY","07840-4610","","26.39","0","5.49","0","0","0","0","0","0","0","0","-4.78","0","0","0","27.10"
"Mar 23, 2017 2:17:18 PM PDT","6320183871","Shipping Services","104-0163636-7332279","","Shipping Label Purchased through Amazon","","","Standard Orders","","","","","","0","0","0","0","0","0","0","0","0","0","0","0","0","0","-6.05","-6.05"
"Mar 24, 2017 1:24:49 PM PDT","6320183871","Order","116-2256612-8793859","JR-XXLL-R0UZ","NAUTICA BLUE by Nautica 3.4 Ounce / 100 ml Eau de Toilette Men Cologne Spray","3","amazon.com","Standard Orders","Seller","KAPOLEI","HAWAII","96707","","37.29","0","13.22","0","0","0","0","0","0","0","0","-7.59","0","0","0","42.92"
"Mar 24, 2017 1:25:27 PM PDT","6320183871","Shipping Services","116-2256612-8793859","","Shipping Label Purchased through Amazon","","","Standard Orders","","","","","","0","0","0","0","0","0","0","0","0","0","0","0","0","0","-6.55","-6.55"
"Mar 24, 2017 1:26:12 PM PDT","6320183871","Order","116-0359573-4272278","B0-30LP-CY8E","Jessica Simpson Fancy Love  Gift Set for Women (Eau de Parfum Spray 3.4 Ounce, Lotion 4 Ounce, Lotion 3 Ounce, Bath and Shower Cream, Eau de Parfum Sp","1","amazon.com","Standard Orders","Seller","Cincinnati","Ohio","45233","","48.41","0","6.89","0","0","0","0","0","0","0","0","-8.30","0","0","0","47.00"
"Mar 24, 2017 1:26:51 PM PDT","6320183871","Shipping Services","116-0359573-4272278","","Shipping Label Purchased through Amazon","","","Standard Orders","","","","","","0","0","0","0","0","0","0","0","0","0","0","0","0","0","-6.67","-6.67"
"Mar 24, 2017 1:27:06 PM PDT","6320183871","Order","112-5798110-6960263","GR-FCK2-0ICA","Insurrection Pure II By Reyane Tradition 3.0 Oz / 90 Ml Eau De Toilette Spray for Men","1","amazon.com","Standard Orders","Seller","MIAMI","FL","33136-3257","","20.00","0","5.64","0","0","0","0","0","0","0","0","-3.85","0","0","0","21.79"
"Mar 24, 2017 1:27:51 PM PDT","6320183871","Shipping Services","112-5798110-6960263","","Shipping Label Purchased through Amazon","","","Standard Orders","","","","","","0","0","0","0","0","0","0","0","0","0","0","0","0","0","-6.05","-6.05"
"Mar 24, 2017 1:29:12 PM PDT","6320183871","Order","112-2100645-7309008","B0-30LP-CY8E","Jessica Simpson Fancy Love  Gift Set for Women (Eau de Parfum Spray 3.4 Ounce, Lotion 4 Ounce, Lotion 3 Ounce, Bath and Shower Cream, Eau de Parfum Sp","1","amazon.com","Standard Orders","Seller","MIAMI","FL","33191-1622","","48.41","0","6.89","0","0","0","0","0","0","0","0","-8.30","0","0","0","47.00"
"Mar 24, 2017 1:29:46 PM PDT","6320183871","Shipping Services","112-2100645-7309008","","Shipping Label Purchased through Amazon","","","Standard Orders","","","","","","0","0","0","0","0","0","0","0","0","0","0","0","0","0","-7.11","-7.11"
"Mar 24, 2017 1:32:21 PM PDT","6320183871","Order","112-1000980-3183415","JR-XXLL-R0UZ","NAUTICA BLUE by Nautica 3.4 Ounce / 100 ml Eau de Toilette Men Cologne Spray","2","amazon.com","Standard Orders","Seller","FLUSHING","NY","11354-3948","","23.80","0","4.59","0","0","0","0","0","0","0","0","-4.26","0","0","0","24.13"
"Mar 24, 2017 1:32:59 PM PDT","6320183871","Shipping Services","112-1000980-3183415","","Shipping Label Purchased through Amazon","","","Standard Orders","","","","","","0","0","0","0","0","0","0","0","0","0","0","0","0","0","-6.05","-6.05"
"Mar 24, 2017 1:38:37 PM PDT","6320183871","Order","111-9509963-7211469","74-DRG6-NKAA","Estee Lauder Purse Beautiful Eau de Parfum Spray for Women, 6 Count","1","amazon.com","Standard Orders","Seller","EAGAN","MN","55123-1959","","59.49","0","5.09","0","0","0","0","0","0","0","0","-9.69","0","0","0","54.89"
"Mar 24, 2017 1:39:13 PM PDT","6320183871","Shipping Services","111-9509963-7211469","","Shipping Label Purchased through Amazon","","","Standard Orders","","","","","","0","0","0","0","0","0","0","0","0","0","0","0","0","0","-4.47","-4.47"
"Mar 24, 2017 1:39:57 PM PDT","6320183871","Order","111-5317778-3057844","C8-0GJV-QWP1","GREY FLANNEL ~ GEOFFREY BEENE 4.0 OZ COLOGNE NEW IN BOX by Geoffrey Beene","1","amazon.com","Standard Orders","Seller","SAN FRANCISCO","CA","94116-2112","","14.95","0","5.04","0","0","0","0","0","0","0","0","-3.00","0","0","0","16.99"
"Mar 24, 2017 1:40:33 PM PDT","6320183871","Shipping Services","111-5317778-3057844","","Shipping Label Purchased through Amazon","","","Standard Orders","","","","","","0","0","0","0","0","0","0","0","0","0","0","0","0","0","-3.76","-3.76"
"Mar 24, 2017 1:41:59 PM PDT","6320183871","Order","109-1570742-0281810","7O-G2ET-56AN","Marmol & Son Batman Eau De Toilette Spray For Men 100Ml/3.4Oz","1","amazon.com","Standard Orders","Seller","Riverside","il","60546","","6.48","0","6.49","0","0","0","0","0","0","0","0","-1.95","0","0","0","11.02"
"Mar 24, 2017 1:42:37 PM PDT","6320183871","Shipping Services","109-1570742-0281810","","Shipping Label Purchased through Amazon","","","Standard Orders","","","","","","0","0","0","0","0","0","0","0","0","0","0","0","0","0","-3.90","-3.90"
"Mar 24, 2017 1:43:06 PM PDT","6320183871","Order","109-0711477-9429801","2L-YX0W-CS37","Johan B Merveille Eau De Parfum Spray for Women, 3.4 Ounce","1","amazon.com","Standard Orders","Seller","HOLLAND","MI","49424-2176","","24.17","0","5.34","0","0","0","0","0","0","0","0","-4.43","0","0","0","25.08"
"Mar 24, 2017 1:43:44 PM PDT","6320183871","Shipping Services","109-0711477-9429801","","Shipping Label Purchased through Amazon","","","Standard Orders","","","","","","0","0","0","0","0","0","0","0","0","0","0","0","0","0","-4.46","-4.46"
"Mar 24, 2017 1:44:14 PM PDT","6320183871","Order","108-8854784-9097062","8S-BF2V-JH39","Piver Pompeia Cologne 14.25 oz Splash","1","amazon.com","Standard Orders","Seller","TAMPA","FL","33610-1456","","26.39","0","5.49","0","0","0","0","0","0","0","0","-4.78","0","0","0","27.10"
"Mar 24, 2017 1:44:53 PM PDT","6320183871","Shipping Services","108-8854784-9097062","","Shipping Label Purchased through Amazon","","","Standard Orders","","","","","","0","0","0","0","0","0","0","0","0","0","0","0","0","0","-6.83","-6.83"
"Mar 24, 2017 1:45:25 PM PDT","6320183871","Order","107-4472810-0673837","VQ-3EX0-LMJP","Parfums Rivera Night Dreams Eau de Parfum Spray, 3.4 Ounce","1","amazon.com","Standard Orders","Seller","JACKSONVILLE","FL","32210-1009","","9.04","0","5.94","0","0","0","0","0","0","0","0","-2.25","0","0","0","12.73"
"Mar 24, 2017 1:46:04 PM PDT","6320183871","Shipping Services","107-4472810-0673837","","Shipping Label Purchased through Amazon","","","Standard Orders","","","","","","0","0","0","0","0","0","0","0","0","0","0","0","0","0","-6.05","-6.05"
"Mar 24, 2017 1:46:48 PM PDT","6320183871","Order","104-3871060-5788200","2R-XBDJ-90C7","Carolina Herrera 212 Vip Rose Eau de Parfum Spray for Women, 1.7 Ounce","1","amazon.com","Standard Orders","Seller","MIAMI","FL","33184-3500","","43.64","0","5.33","0","0","0","0","0","0","0","0","-7.35","0","0","0","41.62"
"Mar 24, 2017 1:47:25 PM PDT","6320183871","Shipping Services","104-3871060-5788200","","Shipping Label Purchased through Amazon","","","Standard Orders","","","","","","0","0","0","0","0","0","0","0","0","0","0","0","0","0","-4.32","-4.32"
"Mar 24, 2017 1:50:26 PM PDT","6320183871","Order","104-3142880-7975448","DE-E6EO-HYLG","212 Sexy By: Carolina Herrera 3.4 oz EDT, Men's","1","amazon.com","Standard Orders","Seller","LONG ISLAND CITY","NY","11106-5181","","67.55","0","4.49","0","0","0","0","0","0","0","0","-10.81","0","0","0","61.23"
"Mar 24, 2017 1:51:05 PM PDT","6320183871","Shipping Services","104-3142880-7975448","","Shipping Label Purchased through Amazon","","","Standard Orders","","","","","","0","0","0","0","0","0","0","0","0","0","0","0","0","0","-4.61","-4.61"
"Mar 24, 2017 1:52:49 PM PDT","6320183871","Order","103-9894162-5089861","JQ-XP7R-N74L","212 VIP ROSE by Carolina Herrera 2.7 Ounce / 80 ml Eau de Parfum Women Perfume Spray","1","amazon.com","Standard Orders","Seller","DELTONA","FL","32725-1721","","74.51","0","5.39","0","0","0","0","0","0","0","0","-11.99","0","0","0","67.91"
"Mar 24, 2017 1:53:28 PM PDT","6320183871","Shipping Services","103-9894162-5089861","","Shipping Label Purchased through Amazon","","","Standard Orders","","","","","","0","0","0","0","0","0","0","0","0","0","0","0","0","0","-4.61","-4.61"
"Mar 24, 2017 1:54:18 PM PDT","6320183871","Order","103-6512959-9193037","PK-TCB4-U3KF","Nautica Pure 3.4 Fl. oz. Eau De Toilette Spray Men by Nautica","1","amazon.com","Standard Orders","Seller","HOOVER","AL","35216-6228","","22.32","0","4.49","0","0","0","0","0","0","0","0","-4.02","0","0","0","22.79"
"Mar 24, 2017 1:54:56 PM PDT","6320183871","Shipping Services","103-6512959-9193037","","Shipping Label Purchased through Amazon","","","Standard Orders","","","","","","0","0","0","0","0","0","0","0","0","0","0","0","0","0","-4.46","-4.46"
"Mar 24, 2017 1:55:18 PM PDT","6320183871","Order","103-5341258-3620253","0Y-13WR-ZN5E","L'homme Yves Saint Laurent By Yves Saint Laurent For Men. Eau De Toilette Spray 3.3-Ounces","1","amazon.com","Standard Orders","Seller","PARAMUS","NJ","07652-1935","","57.33","0","5.35","0","0","0","0","0","0","0","0","-9.40","0","0","0","53.28"
"Mar 24, 2017 1:55:54 PM PDT","6320183871","Shipping Services","103-5341258-3620253","","Shipping Label Purchased through Amazon","","","Standard Orders","","","","","","0","0","0","0","0","0","0","0","0","0","0","0","0","0","-4.47","-4.47"
"Mar 24, 2017 1:56:59 PM PDT","6320183871","Order","103-4892678-5596254","C8-0GJV-QWP1","GREY FLANNEL ~ GEOFFREY BEENE 4.0 OZ COLOGNE NEW IN BOX by Geoffrey Beene","1","amazon.com","Standard Orders","Seller","Springfield","MA","01104","","14.95","0","5.04","0","0","0","0","0","0","0","0","-3.00","0","0","0","16.99"
"Mar 24, 2017 1:57:38 PM PDT","6320183871","Shipping Services","103-4892678-5596254","","Shipping Label Purchased through Amazon","","","Standard Orders","","","","","","0","0","0","0","0","0","0","0","0","0","0","0","0","0","-3.76","-3.76"
"Mar 24, 2017 1:58:17 PM PDT","6320183871","Order","103-3422972-8203427","VH-EQQ1-0YO5","NAUTICA CLASSIC by Nautica 3.4 Ounce / 100 ml Eau de Toilette Men Cologne Spray","1","amazon.com","Standard Orders","Seller","CITRUS SPRINGS","FL","34434-4951","","10.22","0","4.54","0","0","0","0","0","0","0","0","-2.21","0","0","0","12.55"
"Mar 24, 2017 1:58:55 PM PDT","6320183871","Shipping Services","103-3422972-8203427","","Shipping Label Purchased through Amazon","","","Standard Orders","","","","","","0","0","0","0","0","0","0","0","0","0","0","0","0","0","-4.04","-4.04"
"Mar 24, 2017 2:00:26 PM PDT","6320183871","Order","103-2910554-3117845","8S-BF2V-JH39","Piver Pompeia Cologne 14.25 oz Splash","2","amazon.com","Standard Orders","Seller","MONTCLAIR","NJ","07042-4207","","52.78","0","6.49","0","0","0","0","0","0","0","0","-8.90","0","0","0","50.37"
"Mar 24, 2017 2:01:05 PM PDT","6320183871","Shipping Services","103-2910554-3117845","","Shipping Label Purchased through Amazon","","","Standard Orders","","","","","","0","0","0","0","0","0","0","0","0","0","0","0","0","0","-6.78","-6.78"
"Mar 24, 2017 2:02:25 PM PDT","6320183871","Order","102-0608999-9023427","GM-ZQK0-9GM1","One Direction 'Between Us' Eau de Parfum Spray 3.4oz/100ml New In Box","1","amazon.com","Standard Orders","Seller","WASHINGTON","NJ","07882-1019","","18.19","0","5.42","0","0","0","0","0","0","0","0","-3.54","0","0","0","20.07"
"Mar 24, 2017 2:03:03 PM PDT","6320183871","Shipping Services","102-0608999-9023427","","Shipping Label Purchased through Amazon","","","Standard Orders","","","","","","0","0","0","0","0","0","0","0","0","0","0","0","0","0","-4.46","-4.46"
"Mar 24, 2017 2:03:40 PM PDT","6320183871","Order","002-8930526-4420233","KG-EP0K-7LTJ","Jus De Amour for Women","2","amazon.com","Standard Orders","Seller","Hartford","Ct","06112","","15.00","0","6.19","0","0","0","0","0","0","0","0","-3.18","0","0","0","18.01"
"Mar 24, 2017 2:04:19 PM PDT","6320183871","Shipping Services","002-8930526-4420233","","Shipping Label Purchased through Amazon","","","Standard Orders","","","","","","0","0","0","0","0","0","0","0","0","0","0","0","0","0","-6.05","-6.05"
"Mar 24, 2017 2:04:46 PM PDT","6320183871","Order","002-0609578-4313030","0Y-13WR-ZN5E","L'homme Yves Saint Laurent By Yves Saint Laurent For Men. Eau De Toilette Spray 3.3-Ounces","1","amazon.com","Standard Orders","Seller","WEST PALM BEACH","FL","33401-1965","","56.00","0","5.35","0","0","0","0","0","0","0","0","-9.20","0","0","0","52.15"
"Mar 24, 2017 2:05:23 PM PDT","6320183871","Shipping Services","002-0609578-4313030","","Shipping Label Purchased through Amazon","","","Standard Orders","","","","","","0","0","0","0","0","0","0","0","0","0","0","0","0","0","-4.47","-4.47"
"Mar 24, 2017 2:06:24 PM PDT","6320183871","Order","116-3404552-0414642","2L-YX0W-CS37","Johan B Merveille Eau De Parfum Spray for Women, 3.4 Ounce","1","amazon.com","Standard Orders","Seller","SPRING HILL","FL","34608-2409","","24.17","0","5.34","0","0","0","0","0","0","0","0","-4.43","0","0","0","25.08"
"Mar 24, 2017 2:06:58 PM PDT","6320183871","Shipping Services","116-3404552-0414642","","Shipping Label Purchased through Amazon","","","Standard Orders","","","","","","0","0","0","0","0","0","0","0","0","0","0","0","0","0","-4.46","-4.46"
"Mar 24, 2017 2:08:06 PM PDT","6320183871","Order","112-9150394-8775426","GR-FCK2-0ICA","Insurrection Pure II By Reyane Tradition 3.0 Oz / 90 Ml Eau De Toilette Spray for Men","1","amazon.com","Standard Orders","Seller","MIAMI","FL","33168-1801","","20.00","0","5.64","0","0","0","0","0","0","0","0","-3.85","0","0","0","21.79"
"Mar 24, 2017 2:08:45 PM PDT","6320183871","Shipping Services","112-9150394-8775426","","Shipping Label Purchased through Amazon","","","Standard Orders","","","","","","0","0","0","0","0","0","0","0","0","0","0","0","0","0","-6.05","-6.05"
"Mar 24, 2017 2:09:11 PM PDT","6320183871","Order","112-5532884-4521848","PK-TCB4-U3KF","Nautica Pure 3.4 Fl. oz. Eau De Toilette Spray Men by Nautica","1","amazon.com","Standard Orders","Seller","SHEPHERDSVILLE","KENTUCKY","40165-8901","","22.30","0","4.49","0","0","0","0","0","0","0","0","-4.02","0","0","0","22.77"
"Mar 24, 2017 2:09:50 PM PDT","6320183871","Shipping Services","112-5532884-4521848","","Shipping Label Purchased through Amazon","","","Standard Orders","","","","","","0","0","0","0","0","0","0","0","0","0","0","0","0","0","-4.46","-4.46"
"Mar 24, 2017 2:10:35 PM PDT","6320183871","Order","109-1016383-2010605","FI-6L5M-3BSG","Bvlgari Men's BLV Pour Homme EDT Spray,Blue,3.4 oz","1","amazon.com","Standard Orders","Seller","MIAMI","FLORIDA","33166-2721","","33.00","0","5.54","0","0","0","0","0","0","0","0","-5.78","0","0","0","32.76"
"Mar 24, 2017 2:11:12 PM PDT","6320183871","Shipping Services","109-1016383-2010605","","Shipping Label Purchased through Amazon","","","Standard Orders","","","","","","0","0","0","0","0","0","0","0","0","0","0","0","0","0","-4.46","-4.46"
"Mar 24, 2017 2:11:42 PM PDT","6320183871","Order","108-7068540-9078644","N6-T97C-HZ2W","INSURRECTION by Reyane Tradition Men's Eau De Toilette Spray 3.4 oz - 100% Authentic","1","amazon.com","Standard Orders","Seller","COLUMBIA","SC","29203-9013","","16.00","0","5.49","0","0","0","0","0","0","0","0","-3.22","0","0","0","18.27"
"Mar 24, 2017 2:12:20 PM PDT","6320183871","Shipping Services","108-7068540-9078644","","Shipping Label Purchased through Amazon","","","Standard Orders","","","","","","0","0","0","0","0","0","0","0","0","0","0","0","0","0","-4.46","-4.46"
"Mar 24, 2017 2:13:17 PM PDT","6320183871","Order","108-3508894-5664241","0Y-13WR-ZN5E","L'homme Yves Saint Laurent By Yves Saint Laurent For Men. Eau De Toilette Spray 3.3-Ounces","1","amazon.com","Standard Orders","Seller","APO","AE","09824-0004","","56.00","0","5.35","0","0","0","0","0","0","0","0","-9.20","0","0","0","52.15"
"Mar 24, 2017 2:13:56 PM PDT","6320183871","Shipping Services","108-3508894-5664241","","Shipping Label Purchased through Amazon","","","Standard Orders","","","","","","0","0","0","0","0","0","0","0","0","0","0","0","0","0","-4.47","-4.47"
"Mar 24, 2017 2:14:23 PM PDT","6320183871","Order","107-8515889-8516259","GR-FCK2-0ICA","Insurrection Pure II By Reyane Tradition 3.0 Oz / 90 Ml Eau De Toilette Spray for Men","1","amazon.com","Standard Orders","Seller","LAS VEGAS","NV","89183-7157","","20.00","0","5.64","0","0","0","0","0","0","0","0","-3.85","0","0","0","21.79"
"Mar 24, 2017 2:15:01 PM PDT","6320183871","Shipping Services","107-8515889-8516259","","Shipping Label Purchased through Amazon","","","Standard Orders","","","","","","0","0","0","0","0","0","0","0","0","0","0","0","0","0","-6.05","-6.05"
"Mar 24, 2017 2:15:25 PM PDT","6320183871","Order","106-8107673-4598601","5O-L8CN-X1ZE","Perry Ellis 18 Intense by Perry Ellis for Men - 3.4 Ounce EDT Spray","1","amazon.com","Standard Orders","Seller","San Tan Valley","AZ","85143","","27.82","0","5.29","0","0","0","0","0","0","0","0","-4.97","0","0","0","28.14"
"Mar 24, 2017 2:16:04 PM PDT","6320183871","Shipping Services","106-8107673-4598601","","Shipping Label Purchased through Amazon","","","Standard Orders","","","","","","0","0","0","0","0","0","0","0","0","0","0","0","0","0","-4.46","-4.46"
"Mar 24, 2017 2:16:47 PM PDT","6320183871","Order","102-2819828-7373008","1O-YSQR-VEK9","1 Million Fragrance By Paco Rabanne 3pc Travel Edition Gift Set . 3.4 Fl.Oz. Eau De Toilette Spray + 3.4 S/G Men+15ml spray Mini For Men","1","amazon.com","Standard Orders","Seller","FPO","AP","96310-0024","","70.69","0","4.49","0","0","0","0","0","0","0","0","-11.28","0","0","0","63.90"
"Mar 24, 2017 2:17:26 PM PDT","6320183871","Shipping Services","102-2819828-7373008","","Shipping Label Purchased through Amazon","","","Standard Orders","","","","","","0","0","0","0","0","0","0","0","0","0","0","0","0","0","-7.49","-7.49"
"Mar 24, 2017 2:18:17 PM PDT","6320183871","Order","002-1952737-9194642","XU-A1VS-TZDF","Light Blué Women Gift Set 3.3 oz Eau De Toilette Spray + 3.4 oz Body Cream + 3.4 oz Shower.","1","amazon.com","Standard Orders","Seller","FORT KENT","MAINE","04743-1520","","88.12","0","4.49","0","0","0","0","0","0","0","0","-13.89","0","0","0","78.72"
"Mar 24, 2017 2:18:55 PM PDT","6320183871","Shipping Services","002-1952737-9194642","","Shipping Label Purchased through Amazon","","","Standard Orders","","","","","","0","0","0","0","0","0","0","0","0","0","0","0","0","0","-6.82","-6.82"
"Mar 24, 2017 2:20:03 PM PDT","6320183871","Order","103-8954567-3603454","6X-1W19-KPS2","EVERYONE BY LAMIS UNISEX PERFUME 3.4 OZ EDT SPRAY.","4","amazon.com","Standard Orders","Seller","ATLANTA","GEORGIA","30349-8140","","24.00","0","4.49","0","0","0","0","0","0","0","0","-4.28","0","0","0","24.21"
"Mar 24, 2017 2:20:42 PM PDT","6320183871","Shipping Services","103-8954567-3603454","","Shipping Label Purchased through Amazon","","","Standard Orders","","","","","","0","0","0","0","0","0","0","0","0","0","0","0","0","0","-8.21","-8.21"
"Mar 24, 2017 2:21:10 PM PDT","6320183871","Order","102-4732058-3220223","YI-Q248-ZGRN","Double Diamond 3.4 Eau De Perfume Spray Women","4","amazon.com","Standard Orders","Seller","BRONX","NY","10469-3131","","25.16","0","9.29","0","0","0","0","0","0","0","0","-5.16","0","0","0","29.29"
"Mar 24, 2017 2:21:48 PM PDT","6320183871","Shipping Services","102-4732058-3220223","","Shipping Label Purchased through Amazon","","","Standard Orders","","","","","","0","0","0","0","0","0","0","0","0","0","0","0","0","0","-6.63","-6.63"
"Mar 24, 2017 2:22:51 PM PDT","6320183871","Order","002-7671024-6718657","YI-Q248-ZGRN","Double Diamond 3.4 Eau De Perfume Spray Women","2","amazon.com","Standard Orders","Seller","MIAMI","FL","33137-1361","","12.58","0","6.89","0","0","0","0","0","0","0","0","-2.92","0","0","0","16.55"
"Mar 24, 2017 2:23:28 PM PDT","6320183871","Shipping Services","002-7671024-6718657","","Shipping Label Purchased through Amazon","","","Standard Orders","","","","","","0","0","0","0","0","0","0","0","0","0","0","0","0","0","-6.05","-6.05"
"Mar 24, 2017 2:24:22 PM PDT","6320183871","Order","105-8954374-7834640","0D-ZN8O-QQ8V","P O L O Black Fragrance for Men Luxury Perfume Spray 4.2 Oz. New with Box","1","amazon.com","Standard Orders","Seller","CHICAGO","ILLINOIS","60623-3523","","53.27","0","8.99","0","0","0","0","0","0","0","0","-9.34","0","0","0","52.92"
"Mar 24, 2017 2:24:58 PM PDT","6320183871","Shipping Services","105-8954374-7834640","","Shipping Label Purchased through Amazon","","","Standard Orders","","","","","","0","0","0","0","0","0","0","0","0","0","0","0","0","0","-6.20","-6.20"
"Mar 26, 2017 4:14:56 PM PDT","6321861771","Order","107-3168837-7978642","BF-2O4Q-JYRE","Paco Rabanne 1 million Cologne for Men 6.8 oz Eau De Toilette Spray","1","amazon.com","Standard Orders","Seller","Newport Beach","CA","92660","","82.71","0","27.00","0","0","0","0","0","0","0","0","-16.46","0","0","0","93.25"
"Mar 26, 2017 4:15:35 PM PDT","6321861771","Shipping Services","107-3168837-7978642","","Shipping Label Purchased through Amazon","","","Standard Orders","","","","","","0","0","0","0","0","0","0","0","0","0","0","0","0","0","-21.63","-21.63"
"Mar 26, 2017 4:23:01 PM PDT","6321861771","Order","105-6611223-6705856","1O-YSQR-VEK9","1 Million Fragrance By Paco Rabanne 3pc Travel Edition Gift Set . 3.4 Fl.Oz. Eau De Toilette Spray + 3.4 S/G Men+15ml spray Mini For Men","1","amazon.com","Standard Orders","Seller","DORAL","FL","33195-6503","","70.59","0","25.00","0","0","0","0","0","0","0","0","-14.34","0","0","0","81.25"
"Mar 26, 2017 4:23:38 PM PDT","6321861771","Shipping Services","105-6611223-6705856","","Shipping Label Purchased through Amazon","","","Standard Orders","","","","","","0","0","0","0","0","0","0","0","0","0","0","0","0","0","-21.42","-21.42"
"Mar 26, 2017 4:27:01 PM PDT","6321861771","Order","116-9068182-0287468","21-NWUH-FKC6","Liz Claiborne Curve Men Gift Set (Spray, Skin Soother, Hair and Body Wash)","1","amazon.com","Standard Orders","Seller","florence","ky","41042","","34.34","0","6.64","0","0","0","0","0","0","0","0","-6.15","0","0","0","34.83"
"Mar 26, 2017 4:27:39 PM PDT","6321861771","Shipping Services","116-9068182-0287468","","Shipping Label Purchased through Amazon","","","Standard Orders","","","","","","0","0","0","0","0","0","0","0","0","0","0","0","0","0","-6.93","-6.93"
"Mar 26, 2017 4:39:39 PM PDT","6321861771","Order","116-8357976-7716269","1O-YSQR-VEK9","1 Million Fragrance By Paco Rabanne 3pc Travel Edition Gift Set . 3.4 Fl.Oz. Eau De Toilette Spray + 3.4 S/G Men+15ml spray Mini For Men","1","amazon.com","Standard Orders","Seller","ST THOMAS","VI","00803-4211","","70.59","0","12.99","0","0","0","0","0","0","0","0","-12.54","0","0","0","71.04"
"Mar 26, 2017 4:40:17 PM PDT","6321861771","Shipping Services","116-8357976-7716269","","Shipping Label Purchased through Amazon","","","Standard Orders","","","","","","0","0","0","0","0","0","0","0","0","0","0","0","0","0","-6.70","-6.70"
"Mar 26, 2017 4:41:41 PM PDT","6321861771","Order","116-5868277-9982662","W4-6TKK-M8MV","BRUT by Faberge Cologne Spray (Original-Glass Bottle) 3 oz","1","amazon.com","Standard Orders","Seller","SAINT PAUL","MN","55101-1977","","9.94","0","5.00","0","0","0","0","0","0","0","0","-2.24","0","0","0","12.70"
"Mar 26, 2017 4:42:20 PM PDT","6321861771","Shipping Services","116-5868277-9982662","","Shipping Label Purchased through Amazon","","","Standard Orders","","","","","","0","0","0","0","0","0","0","0","0","0","0","0","0","0","-3.76","-3.76"
"Mar 26, 2017 4:45:31 PM PDT","6321861771","Order","116-3374340-1897815","5O-31IO-QBG8","Bvlgari Aqva Eau de Toilette Spray for Men, New In Box, 3.4 Fluid Ounce","1","amazon.com","Standard Orders","Seller","FORT LAUDERDALE","FL","33312-6807","","34.00","0","10.27","0","0","0","0","0","0","0","0","-6.64","0","0","0","37.63"
"Mar 26, 2017 4:46:06 PM PDT","6321861771","Shipping Services","116-3374340-1897815","","Shipping Label Purchased through Amazon","","","Standard Orders","","","","","","0","0","0","0","0","0","0","0","0","0","0","0","0","0","-6.05","-6.05"
"Mar 26, 2017 4:47:29 PM PDT","6321861771","Order","114-5499318-0167417","Q3-403L-TYOP","VERSACE WOMAN by Versace Women's Eau De Parfum Spray 3.4 oz - 100% Authentic","1","amazon.com","Standard Orders","Seller","Upper Marlboro","MD","20772","","34.46","0","5.49","0","0","0","0","0","0","0","0","-5.99","0","0","0","33.96"
"Mar 26, 2017 4:48:07 PM PDT","6321861771","Shipping Services","114-5499318-0167417","","Shipping Label Purchased through Amazon","","","Standard Orders","","","","","","0","0","0","0","0","0","0","0","0","0","0","0","0","0","-4.46","-4.46"
"Mar 26, 2017 4:49:09 PM PDT","6321861771","Order","114-0883991-3856265","C8-0GJV-QWP1","GREY FLANNEL ~ GEOFFREY BEENE 4.0 OZ COLOGNE NEW IN BOX by Geoffrey Beene","1","amazon.com","Standard Orders","Seller","SAN FRANCISCO","CALIFORNIA","94112-2123","","14.96","0","5.04","0","0","0","0","0","0","0","0","-3.00","0","0","0","17.00"
"Mar 26, 2017 4:49:48 PM PDT","6321861771","Shipping Services","114-0883991-3856265","","Shipping Label Purchased through Amazon","","","Standard Orders","","","","","","0","0","0","0","0","0","0","0","0","0","0","0","0","0","-3.76","-3.76"
"Mar 26, 2017 4:51:14 PM PDT","6321861771","Order","113-8187146-5029827","N5-B3PK-64P7","Karen Low Pure Crystal Eau de Parfum Spray for Women, 3.4 Ounce","1","amazon.com","Standard Orders","Seller","HELOTES","TX","78023-4714","","10.49","0","4.99","0","0","0","0","0","0","0","0","-2.32","0","0","0","13.16"
"Mar 26, 2017 4:51:52 PM PDT","6321861771","Shipping Services","113-8187146-5029827","","Shipping Label Purchased through Amazon","","","Standard Orders","","","","","","0","0","0","0","0","0","0","0","0","0","0","0","0","0","-4.18","-4.18"
"Mar 26, 2017 4:53:29 PM PDT","6321861771","Order","113-7878823-5138607","VQ-3EX0-LMJP","Parfums Rivera Night Dreams Eau de Parfum Spray, 3.4 Ounce","1","amazon.com","Standard Orders","Seller","TOLEDO","OH","43605-4906","","14.98","0","0","0","0","0","0","0","0","0","0","-2.25","0","0","0","12.73"
"Mar 26, 2017 4:54:09 PM PDT","6321861771","Shipping Services","113-7878823-5138607","","Shipping Label Purchased through Amazon","","","Standard Orders","","","","","","0","0","0","0","0","0","0","0","0","0","0","0","0","0","-6.05","-6.05"
"Mar 26, 2017 4:55:16 PM PDT","6321861771","Order","113-7073288-6336243","OA-PJRJ-Y9NK","OSCAR by Oscar de la Renta Eau De Toilette Spray 3.4 oz for Women","1","amazon.com","Standard Orders","Seller","BOCA RATON","FL","33496-1886","","25.00","0","5.29","0","0","0","0","0","0","0","0","-4.54","0","0","0","25.75"
"Mar 26, 2017 4:55:55 PM PDT","6321861771","Shipping Services","113-7073288-6336243","","Shipping Label Purchased through Amazon","","","Standard Orders","","","","","","0","0","0","0","0","0","0","0","0","0","0","0","0","0","-4.32","-4.32"
"Mar 26, 2017 4:57:18 PM PDT","6321861771","Order","113-5391542-5538639","BF-2O4Q-JYRE","Paco Rabanne 1 million Cologne for Men 6.8 oz Eau De Toilette Spray","1","amazon.com","Standard Orders","Seller","NEW YORK","NY","10040-2606","","80.00","0","4.49","0","0","0","0","0","0","0","0","-12.67","0","0","0","71.82"
"Mar 26, 2017 4:57:45 PM PDT","6321861771","Shipping Services","113-5391542-5538639","","Shipping Label Purchased through Amazon","","","Standard Orders","","","","","","0","0","0","0","0","0","0","0","0","0","0","0","0","0","-6.20","-6.20"
"Mar 26, 2017 4:59:19 PM PDT","6321861771","Order","112-4644812-8461064","OA-PJRJ-Y9NK","OSCAR by Oscar de la Renta Eau De Toilette Spray 3.4 oz for Women","1","amazon.com","Standard Orders","Seller","CHULA VISTA","CA","91913-1313","","25.00","0","5.29","0","0","0","0","0","0","0","0","-4.54","0","0","0","25.75"
"Mar 26, 2017 4:59:56 PM PDT","6321861771","Shipping Services","112-4644812-8461064","","Shipping Label Purchased through Amazon","","","Standard Orders","","","","","","0","0","0","0","0","0","0","0","0","0","0","0","0","0","-4.32","-4.32"
"Mar 26, 2017 5:01:35 PM PDT","6321861771","Order","112-6682856-6851437","JK-130P-A3PQ","Tiamo by Parfum Blaze Eau De Toilette Spray 3.4 oz","1","amazon.com","Standard Orders","Seller","HOMESTEAD","FL","33033-7046","","10.75","0","5.49","0","0","0","0","0","0","0","0","-2.44","0","0","0","13.80"
"Mar 26, 2017 5:02:14 PM PDT","6321861771","Shipping Services","112-6682856-6851437","","Shipping Label Purchased through Amazon","","","Standard Orders","","","","","","0","0","0","0","0","0","0","0","0","0","0","0","0","0","-4.46","-4.46"
"Mar 26, 2017 5:03:51 PM PDT","6321861771","Order","112-3729325-4257052","RF-LX73-TAHE","DIESEL PLUS PLUS by Diesel EDT SPRAY 2.5 OZ Masculine","1","amazon.com","Standard Orders","Seller","FORT LAUDERDALE","FL","33319-2709","","9.50","0","4.99","0","0","0","0","0","0","0","0","-2.17","0","0","0","12.32"
"Mar 26, 2017 5:04:30 PM PDT","6321861771","Shipping Services","112-3729325-4257052","","Shipping Label Purchased through Amazon","","","Standard Orders","","","","","","0","0","0","0","0","0","0","0","0","0","0","0","0","0","-3.62","-3.62"
"Mar 26, 2017 5:06:01 PM PDT","6321861771","Order","111-6296040-5303414","N5-B3PK-64P7","Karen Low Pure Crystal Eau de Parfum Spray for Women, 3.4 Ounce","1","amazon.com","Standard Orders","Seller","Kansas City","MO","64138","","10.49","0","4.99","0","0","0","0","0","0","0","0","-2.32","0","0","0","13.16"
"Mar 26, 2017 5:06:40 PM PDT","6321861771","Shipping Services","111-6296040-5303414","","Shipping Label Purchased through Amazon","","","Standard Orders","","","","","","0","0","0","0","0","0","0","0","0","0","0","0","0","0","-4.18","-4.18"
"Mar 26, 2017 5:07:43 PM PDT","6321861771","Order","111-4785616-8725061","KG-EP0K-7LTJ","Jus De Amour for Women","1","amazon.com","Standard Orders","Seller","PHILADELPHIA","PA","19143-2625","","7.50","0","5.34","0","0","0","0","0","0","0","0","-1.93","0","0","0","10.91"
"Mar 26, 2017 5:08:21 PM PDT","6321861771","Shipping Services","111-4785616-8725061","","Shipping Label Purchased through Amazon","","","Standard Orders","","","","","","0","0","0","0","0","0","0","0","0","0","0","0","0","0","-4.46","-4.46"
"Mar 26, 2017 5:09:31 PM PDT","6321861771","Order","111-0728841-2736228","2R-XBDJ-90C7","Carolina Herrera 212 Vip Rose Eau de Parfum Spray for Women, 1.7 Ounce","1","amazon.com","Standard Orders","Seller","Marina Del Rey","CA","90292","","48.98","0","0","0","0","0","0","0","0","0","0","-7.35","0","0","0","41.63"
"Mar 26, 2017 5:10:09 PM PDT","6321861771","Shipping Services","111-0728841-2736228","","Shipping Label Purchased through Amazon","","","Standard Orders","","","","","","0","0","0","0","0","0","0","0","0","0","0","0","0","0","-4.32","-4.32"
"Mar 26, 2017 5:11:09 PM PDT","6321861771","Order","111-0488919-1304245","JK-130P-A3PQ","Tiamo by Parfum Blaze Eau De Toilette Spray 3.4 oz","1","amazon.com","Standard Orders","Seller","SOUTH OZONE PARK","NY","11420-0801","","10.85","0","5.49","0","0","0","0","0","0","0","0","-2.45","0","0","0","13.89"
"Mar 26, 2017 5:11:47 PM PDT","6321861771","Shipping Services","111-0488919-1304245","","Shipping Label Purchased through Amazon","","","Standard Orders","","","","","","0","0","0","0","0","0","0","0","0","0","0","0","0","0","-4.46","-4.46"
"Mar 26, 2017 5:15:10 PM PDT","6321861771","Order","111-0475134-1856232","GD-NZTJ-34FK","Karl Lagerfeld Eau De Toilette Spray, 3.4 Ounce","1","amazon.com","Standard Orders","Seller","CHESTERFIELD","MI","48047-1909","","23.95","0","5.54","0","0","0","0","0","0","0","0","-4.42","0","0","0","25.07"
"Mar 26, 2017 5:15:48 PM PDT","6321861771","Shipping Services","111-0475134-1856232","","Shipping Label Purchased through Amazon","","","Standard Orders","","","","","","0","0","0","0","0","0","0","0","0","0","0","0","0","0","-4.46","-4.46"
"Mar 26, 2017 5:17:49 PM PDT","6321861771","Order","109-7465185-7042628","AO-S8GV-5G1E","Paris Hilton Gift Set for Women (Eau de Parfum Spray 3.4 Ounce, Eau de Parfum Spray 1 Ounce, Lotion, Bath and Shower Gel)","1","amazon.com","Standard Orders","Seller","HAYWARD","CA","94541-1367","","46.21","0","6.29","0","0","0","0","0","0","0","0","-7.88","0","0","0","44.62"
"Mar 26, 2017 5:18:28 PM PDT","6321861771","Shipping Services","109-7465185-7042628","","Shipping Label Purchased through Amazon","","","Standard Orders","","","","","","0","0","0","0","0","0","0","0","0","0","0","0","0","0","-7.34","-7.34"
"Mar 26, 2017 5:20:51 PM PDT","6321861771","Order","109-5852491-7873823","W4-6TKK-M8MV","BRUT by Faberge Cologne Spray (Original-Glass Bottle) 3 oz","1","amazon.com","Standard Orders","Seller","Bronx","New York","10469","","9.94","0","5.00","0","0","0","0","0","0","0","0","-2.24","0","0","0","12.70"
"Mar 26, 2017 5:21:28 PM PDT","6321861771","Shipping Services","109-5852491-7873823","","Shipping Label Purchased through Amazon","","","Standard Orders","","","","","","0","0","0","0","0","0","0","0","0","0","0","0","0","0","-3.76","-3.76"
"Mar 26, 2017 5:23:08 PM PDT","6321861771","Order","109-4536568-2255418","Z7-YFWK-ATDZ","Radiance by Britney Spears, Eau De Parfum Spray, 3.3-Ounce","1","amazon.com","Standard Orders","Seller","OFALLON","IL","62269","","23.50","0","5.28","0","0","0","0","0","0","0","0","-4.32","0","0","0","24.46"
"Mar 26, 2017 5:23:46 PM PDT","6321861771","Shipping Services","109-4536568-2255418","","Shipping Label Purchased through Amazon","","","Standard Orders","","","","","","0","0","0","0","0","0","0","0","0","0","0","0","0","0","-4.46","-4.46"
"Mar 26, 2017 5:24:46 PM PDT","6321861771","Order","108-7203222-6745014","OA-PJRJ-Y9NK","OSCAR by Oscar de la Renta Eau De Toilette Spray 3.4 oz for Women","1","amazon.com","Standard Orders","Seller","Fort Myers","FL","33919","","25.00","0","5.29","0","0","0","0","0","0","0","0","-4.54","0","0","0","25.75"
"Mar 26, 2017 5:25:24 PM PDT","6321861771","Shipping Services","108-7203222-6745014","","Shipping Label Purchased through Amazon","","","Standard Orders","","","","","","0","0","0","0","0","0","0","0","0","0","0","0","0","0","-4.32","-4.32"
"Mar 26, 2017 5:28:55 PM PDT","6321861771","Order","108-7604745-4345866","VQ-3EX0-LMJP","Parfums Rivera Night Dreams Eau de Parfum Spray, 3.4 Ounce","1","amazon.com","Standard Orders","Seller","DORAL","FL","33198-1522","","9.04","0","5.94","0","0","0","0","0","0","0","0","-2.25","0","0","0","12.73"
"Mar 26, 2017 5:29:34 PM PDT","6321861771","Shipping Services","108-7604745-4345866","","Shipping Label Purchased through Amazon","","","Standard Orders","","","","","","0","0","0","0","0","0","0","0","0","0","0","0","0","0","-6.05","-6.05"
"Mar 26, 2017 5:30:57 PM PDT","6321861771","Order","108-0507273-7581030","2R-XBDJ-90C7","Carolina Herrera 212 Vip Rose Eau de Parfum Spray for Women, 1.7 Ounce","1","amazon.com","Standard Orders","Seller","QUINCY","MA","02169-6802","","43.65","0","5.33","0","0","0","0","0","0","0","0","-7.35","0","0","0","41.63"
"Mar 26, 2017 5:31:36 PM PDT","6321861771","Shipping Services","108-0507273-7581030","","Shipping Label Purchased through Amazon","","","Standard Orders","","","","","","0","0","0","0","0","0","0","0","0","0","0","0","0","0","-4.32","-4.32"
"Mar 26, 2017 5:37:03 PM PDT","6321861771","Order","109-7174099-9415409","2L-YX0W-CS37","Johan B Merveille Eau De Parfum Spray for Women, 3.4 Ounce","1","amazon.com","Standard Orders","Seller","MAHOPAC","NEW YORK","10541-2826","","24.17","0","5.34","0","0","0","0","0","0","0","0","-4.43","0","0","0","25.08"
"Mar 26, 2017 5:37:40 PM PDT","6321861771","Shipping Services","109-7174099-9415409","","Shipping Label Purchased through Amazon","","","Standard Orders","","","","","","0","0","0","0","0","0","0","0","0","0","0","0","0","0","-4.46","-4.46"
"Mar 26, 2017 5:38:10 PM PDT","6321861771","Order","114-4059982-4202611","2L-YX0W-CS37","Johan B Merveille Eau De Parfum Spray for Women, 3.4 Ounce","1","amazon.com","Standard Orders","Seller","Concord","North Carolina","28027","","24.17","0","5.34","0","0","0","0","0","0","0","0","-4.43","0","0","0","25.08"
"Mar 26, 2017 5:38:48 PM PDT","6321861771","Shipping Services","114-4059982-4202611","","Shipping Label Purchased through Amazon","","","Standard Orders","","","","","","0","0","0","0","0","0","0","0","0","0","0","0","0","0","-4.46","-4.46"
"Mar 26, 2017 5:41:43 PM PDT","6321861771","Order","111-5860479-9407436","E6-7ICL-MMQ5","Perfume Diable Bleu for Men 3.3 oz EDT by Creation Lamis","2","amazon.com","Standard Orders","Seller","Wilmington","DELAWARE","19806","","14.00","0","5.81","0","0","0","0","0","0","0","0","-2.98","0","0","0","16.83"
"Mar 26, 2017 5:42:21 PM PDT","6321861771","Shipping Services","111-5860479-9407436","","Shipping Label Purchased through Amazon","","","Standard Orders","","","","","","0","0","0","0","0","0","0","0","0","0","0","0","0","0","-6.05","-6.05"
"Mar 26, 2017 5:44:42 PM PDT","6321861771","Order","112-0045658-4729031","YI-Q248-ZGRN","Double Diamond 3.4 Eau De Perfume Spray Women","2","amazon.com","Standard Orders","Seller","BERGENFIELD","NJ","07621-4532","","15.60","0","6.89","0","0","0","0","0","0","0","0","-3.38","0","0","0","19.11"
"Mar 26, 2017 5:45:21 PM PDT","6321861771","Shipping Services","112-0045658-4729031","","Shipping Label Purchased through Amazon","","","Standard Orders","","","","","","0","0","0","0","0","0","0","0","0","0","0","0","0","0","-6.05","-6.05"
"Mar 26, 2017 5:46:26 PM PDT","6321861771","Order","107-8407302-5697825","Z7-YFWK-ATDZ","Radiance by Britney Spears, Eau De Parfum Spray, 3.3-Ounce","1","amazon.com","Standard Orders","Seller","MASON CITY","IA","50401-2433","","23.50","0","5.28","0","0","0","0","0","0","0","0","-4.32","0","0","0","24.46"
"Mar 26, 2017 5:47:04 PM PDT","6321861771","Shipping Services","107-8407302-5697825","","Shipping Label Purchased through Amazon","","","Standard Orders","","","","","","0","0","0","0","0","0","0","0","0","0","0","0","0","0","-4.46","-4.46"
"Mar 26, 2017 5:48:12 PM PDT","6321861771","Order","107-8578306-8156214","LX-TSWW-29S8","White Diamonds By Elizabeth Taylor Edt Spray 3.3 Oz for Women","1","amazon.com","Standard Orders","Seller","LOUDON","NH","03307-1318","","23.32","0","5.50","0","0","0","0","0","0","0","0","-4.32","0","0","0","24.50"
"Mar 26, 2017 5:48:50 PM PDT","6321861771","Shipping Services","107-8578306-8156214","","Shipping Label Purchased through Amazon","","","Standard Orders","","","","","","0","0","0","0","0","0","0","0","0","0","0","0","0","0","-4.04","-4.04"
"Mar 26, 2017 5:51:22 PM PDT","6321861771","Order","107-3921531-5008240","2L-YX0W-CS37","Johan B Merveille Eau De Parfum Spray for Women, 3.4 Ounce","1","amazon.com","Standard Orders","Seller","EAU CLAIRE","WI","54701-8868","","24.17","0","5.34","0","0","0","0","0","0","0","0","-4.43","0","0","0","25.08"
"Mar 26, 2017 5:52:00 PM PDT","6321861771","Shipping Services","107-3921531-5008240","","Shipping Label Purchased through Amazon","","","Standard Orders","","","","","","0","0","0","0","0","0","0","0","0","0","0","0","0","0","-4.46","-4.46"
"Mar 26, 2017 6:11:03 PM PDT","6321861771","Order","106-4621204-8810629","RF-LX73-TAHE","DIESEL PLUS PLUS by Diesel EDT SPRAY 2.5 OZ Masculine","1","amazon.com","Standard Orders","Seller","DORAL","FL","33126-1930","","8.75","0","4.99","0","0","0","0","0","0","0","0","-2.06","0","0","0","11.68"
"Mar 26, 2017 6:11:38 PM PDT","6321861771","Shipping Services","106-4621204-8810629","","Shipping Label Purchased through Amazon","","","Standard Orders","","","","","","0","0","0","0","0","0","0","0","0","0","0","0","0","0","-3.62","-3.62"
"Mar 26, 2017 6:14:17 PM PDT","6321861771","Order","105-9104272-9659400","XU-A1VS-TZDF","Light Blué Women Gift Set 3.3 oz Eau De Toilette Spray + 3.4 oz Body Cream + 3.4 oz Shower.","1","amazon.com","Standard Orders","Seller","MIAMI LAKES","FL","33014-3051","","88.12","0","4.49","0","0","0","0","0","0","0","0","-13.89","0","0","0","78.72"
"Mar 26, 2017 6:14:54 PM PDT","6321861771","Shipping Services","105-9104272-9659400","","Shipping Label Purchased through Amazon","","","Standard Orders","","","","","","0","0","0","0","0","0","0","0","0","0","0","0","0","0","-7.11","-7.11"
"Mar 26, 2017 6:15:47 PM PDT","6321861771","Order","105-9077527-0807431","2R-XBDJ-90C7","Carolina Herrera 212 Vip Rose Eau de Parfum Spray for Women, 1.7 Ounce","1","amazon.com","Standard Orders","Seller","LOWELL","MA","01851-3718","","43.65","0","5.33","0","0","0","0","0","0","0","0","-7.35","0","0","0","41.63"
"Mar 26, 2017 6:16:26 PM PDT","6321861771","Shipping Services","105-9077527-0807431","","Shipping Label Purchased through Amazon","","","Standard Orders","","","","","","0","0","0","0","0","0","0","0","0","0","0","0","0","0","-4.32","-4.32"
"Mar 26, 2017 6:17:36 PM PDT","6321861771","Order","105-9080173-7181866","FZ-7H25-DGAL","Reb'L Fleur By Rihanna Gift Set -- 3.4 Oz Eau De Parfum Spray + 3 Oz Body Lotion + 3 Oz Shower Gel + .34 Oz Mini Edp Spray Women","1","amazon.com","Standard Orders","Seller","Accokeek","MD","20607","","30.12","0","5.49","0","0","0","0","0","0","0","0","-5.34","0","0","0","30.27"
"Mar 26, 2017 6:18:15 PM PDT","6321861771","Shipping Services","105-9080173-7181866","","Shipping Label Purchased through Amazon","","","Standard Orders","","","","","","0","0","0","0","0","0","0","0","0","0","0","0","0","0","-6.56","-6.56"
"Mar 26, 2017 6:19:06 PM PDT","6321861771","Order","105-8251011-8918667","RF-LX73-TAHE","DIESEL PLUS PLUS by Diesel EDT SPRAY 2.5 OZ Masculine","1","amazon.com","Standard Orders","Seller","Queens","New york","11373","","8.75","0","4.99","0","0","0","0","0","0","0","0","-2.06","0","0","0","11.68"
"Mar 26, 2017 6:19:44 PM PDT","6321861771","Shipping Services","105-8251011-8918667","","Shipping Label Purchased through Amazon","","","Standard Orders","","","","","","0","0","0","0","0","0","0","0","0","0","0","0","0","0","-3.62","-3.62"
"Mar 26, 2017 6:22:52 PM PDT","6321861771","Order","112-7832349-1623433","63-KCGG-MOBG","Elegant Gold FOR MEN by Johan B. Paris - 3.4 oz EDT Spray by Johan","3","amazon.com","Standard Orders","Seller","TUCSON","AZ","85710-5826","","49.89","0","4.49","0","0","0","0","0","0","0","0","-8.16","0","0","0","46.22"
"Mar 26, 2017 6:23:31 PM PDT","6321861771","Shipping Services","112-7832349-1623433","","Shipping Label Purchased through Amazon","","","Standard Orders","","","","","","0","0","0","0","0","0","0","0","0","0","0","0","0","0","-6.05","-6.05"
"Mar 26, 2017 6:26:50 PM PDT","6321861771","Order","109-3179434-4354645","RL-Z1OR-5MCR","Elizabeth Taylor White Diamonds 4-Piece Gift Set","2","amazon.com","Standard Orders","Seller","FARGO","ND","58103-3233","","76.62","0","8.39","0","0","0","0","0","0","0","0","-12.76","0","0","0","72.25"
"Mar 26, 2017 6:27:29 PM PDT","6321861771","Shipping Services","109-3179434-4354645","","Shipping Label Purchased through Amazon","","","Standard Orders","","","","","","0","0","0","0","0","0","0","0","0","0","0","0","0","0","-9.36","-9.36"
"Mar 26, 2017 6:30:27 PM PDT","6321861771","Order","108-5436665-6855437","BL-T5K9-7G6S","Diesel Plus Plus 2.5oz 3pc Gift Set for Man","2","amazon.com","Standard Orders","Seller","NEW YORK","NEW YORK","10019-6012","","39.00","0","8.45","0","0","0","0","0","0","0","0","-7.12","0","0","0","40.33"
"Mar 26, 2017 6:31:02 PM PDT","6321861771","Shipping Services","108-5436665-6855437","","Shipping Label Purchased through Amazon","","","Standard Orders","","","","","","0","0","0","0","0","0","0","0","0","0","0","0","0","0","-6.71","-6.71"
"Mar 26, 2017 6:32:56 PM PDT","6321861771","Order","105-4870010-6143429","BF-2O4Q-JYRE","Paco Rabanne 1 million Cologne for Men 6.8 oz Eau De Toilette Spray","1","amazon.com","Standard Orders","Seller","WALTHAM","MA","02452-6237","","82.71","0","0","0","0","0","0","0","0","0","0","-12.41","0","0","0","70.30"
"Mar 26, 2017 6:33:32 PM PDT","6321861771","Shipping Services","105-4870010-6143429","","Shipping Label Purchased through Amazon","","","Standard Orders","","","","","","0","0","0","0","0","0","0","0","0","0","0","0","0","0","-6.20","-6.20"
"Mar 26, 2017 6:37:36 PM PDT","6321861771","Order","105-4697170-3071430","OA-PJRJ-Y9NK","OSCAR by Oscar de la Renta Eau De Toilette Spray 3.4 oz for Women","2","amazon.com","Standard Orders","Seller","ANTHONY","FL","32617-2503","","50.00","0","6.09","0","0","0","0","0","0","0","0","-8.42","0","0","0","47.67"
"Mar 26, 2017 6:38:14 PM PDT","6321861771","Shipping Services","105-4697170-3071430","","Shipping Label Purchased through Amazon","","","Standard Orders","","","","","","0","0","0","0","0","0","0","0","0","0","0","0","0","0","-6.05","-6.05"
"Mar 26, 2017 6:39:52 PM PDT","6321861771","Order","105-3258302-4122637","RF-LX73-TAHE","DIESEL PLUS PLUS by Diesel EDT SPRAY 2.5 OZ Masculine","1","amazon.com","Standard Orders","Seller","DAYTONA BEACH","FL","32119-1482","","14.00","0","0","0","0","0","0","0","0","0","0","-2.10","0","0","0","11.90"
"Mar 26, 2017 6:40:31 PM PDT","6321861771","Shipping Services","105-3258302-4122637","","Shipping Label Purchased through Amazon","","","Standard Orders","","","","","","0","0","0","0","0","0","0","0","0","0","0","0","0","0","-3.62","-3.62"
"Mar 26, 2017 6:46:16 PM PDT","6321861771","Order","106-5364752-4836243","74-DRG6-NKAA","Estee Lauder Purse Beautiful Eau de Parfum Spray for Women, 6 Count","1","amazon.com","Standard Orders","Seller","Atlanta","GA","30346","","59.49","0","5.09","0","0","0","0","0","0","0","0","-9.69","0","0","0","54.89"
"Mar 26, 2017 6:46:54 PM PDT","6321861771","Shipping Services","106-5364752-4836243","","Shipping Label Purchased through Amazon","","","Standard Orders","","","","","","0","0","0","0","0","0","0","0","0","0","0","0","0","0","-4.47","-4.47"
"Mar 26, 2017 6:47:49 PM PDT","6321861771","Order","105-1299887-7003453","RF-LX73-TAHE","DIESEL PLUS PLUS by Diesel EDT SPRAY 2.5 OZ Masculine","1","amazon.com","Standard Orders","Seller","DORAL","FL","33122-1059","","8.75","0","4.99","0","0","0","0","0","0","0","0","-2.06","0","0","0","11.68"
"Mar 26, 2017 6:48:27 PM PDT","6321861771","Shipping Services","105-1299887-7003453","","Shipping Label Purchased through Amazon","","","Standard Orders","","","","","","0","0","0","0","0","0","0","0","0","0","0","0","0","0","-3.62","-3.62"
"Mar 26, 2017 6:49:21 PM PDT","6321861771","Order","103-5222046-7068250","RF-LX73-TAHE","DIESEL PLUS PLUS by Diesel EDT SPRAY 2.5 OZ Masculine","1","amazon.com","Standard Orders","Seller","NEWARK","NEW JERSEY","07107-1823","","14.00","0","0","0","0","0","0","0","0","0","0","-2.10","0","0","0","11.90"
"Mar 26, 2017 6:49:59 PM PDT","6321861771","Shipping Services","103-5222046-7068250","","Shipping Label Purchased through Amazon","","","Standard Orders","","","","","","0","0","0","0","0","0","0","0","0","0","0","0","0","0","-3.62","-3.62"
"Mar 26, 2017 6:51:15 PM PDT","6321861771","Order","104-5149553-2043415","RF-LX73-TAHE","DIESEL PLUS PLUS by Diesel EDT SPRAY 2.5 OZ Masculine","1","amazon.com","Standard Orders","Seller","GLEN HEAD","NEW YORK","11545-1612","","8.75","0","4.99","0","0","0","0","0","0","0","0","-2.06","0","0","0","11.68"
"Mar 26, 2017 6:51:55 PM PDT","6321861771","Shipping Services","104-5149553-2043415","","Shipping Label Purchased through Amazon","","","Standard Orders","","","","","","0","0","0","0","0","0","0","0","0","0","0","0","0","0","-3.62","-3.62"
"Mar 26, 2017 6:52:57 PM PDT","6321861771","Order","104-2187107-4547431","RF-LX73-TAHE","DIESEL PLUS PLUS by Diesel EDT SPRAY 2.5 OZ Masculine","3","amazon.com","Standard Orders","Seller","DETROIT LAKES","MN","56501-3619","","26.25","0","5.99","0","0","0","0","0","0","0","0","-4.83","0","0","0","27.41"
"Mar 26, 2017 6:53:35 PM PDT","6321861771","Shipping Services","104-2187107-4547431","","Shipping Label Purchased through Amazon","","","Standard Orders","","","","","","0","0","0","0","0","0","0","0","0","0","0","0","0","0","-6.05","-6.05"
"Mar 26, 2017 6:55:13 PM PDT","6321861771","Order","104-0940632-9791452","0Y-13WR-ZN5E","L'homme Yves Saint Laurent By Yves Saint Laurent For Men. Eau De Toilette Spray 3.3-Ounces","1","amazon.com","Standard Orders","Seller","QUEENS VILLAGE","NY","11427-2330","","56.00","0","5.35","0","0","0","0","0","0","0","0","-9.20","0","0","0","52.15"
"Mar 26, 2017 6:55:50 PM PDT","6321861771","Shipping Services","104-0940632-9791452","","Shipping Label Purchased through Amazon","","","Standard Orders","","","","","","0","0","0","0","0","0","0","0","0","0","0","0","0","0","-4.47","-4.47"
"Mar 26, 2017 6:56:34 PM PDT","6321861771","Order","103-9108351-7372268","6R-NNK1-6O0K","L'homme Yves Saint Laurent By Yves Saint Laurent For Men. Eau De Toilette Spray 3.3-Ounce Bottle","1","amazon.com","Standard Orders","Seller","Christiansted","US Virgin Islands","00821","","56.00","0","5.34","0","0","0","0","0","0","0","0","-9.20","0","0","0","52.14"
"Mar 26, 2017 6:57:10 PM PDT","6321861771","Shipping Services","103-9108351-7372268","","Shipping Label Purchased through Amazon","","","Standard Orders","","","","","","0","0","0","0","0","0","0","0","0","0","0","0","0","0","-4.47","-4.47"
"Mar 26, 2017 6:57:53 PM PDT","6321861771","Order","103-6607619-5678629","N5-B3PK-64P7","Karen Low Pure Crystal Eau de Parfum Spray for Women, 3.4 Ounce","1","amazon.com","Standard Orders","Seller","Albuquerque","NM","87120-4961","","15.00","0","0","0","0","0","0","0","0","0","0","-2.25","0","0","0","12.75"
"Mar 26, 2017 6:58:31 PM PDT","6321861771","Shipping Services","103-6607619-5678629","","Shipping Label Purchased through Amazon","","","Standard Orders","","","","","","0","0","0","0","0","0","0","0","0","0","0","0","0","0","-4.18","-4.18"
"Mar 26, 2017 7:00:27 PM PDT","6321861771","Order","103-3887411-9861808","6X-1W19-KPS2","EVERYONE BY LAMIS UNISEX PERFUME 3.4 OZ EDT SPRAY.","2","amazon.com","Standard Orders","Seller","NEW YORK","NY","10037-3537","","12.00","0","4.49","0","0","0","0","0","0","0","0","-2.48","0","0","0","14.01"
"Mar 26, 2017 7:01:05 PM PDT","6321861771","Shipping Services","103-3887411-9861808","","Shipping Label Purchased through Amazon","","","Standard Orders","","","","","","0","0","0","0","0","0","0","0","0","0","0","0","0","0","-6.05","-6.05"
"Mar 26, 2017 7:02:24 PM PDT","6321861771","Order","103-0602285-3082604","Z7-YFWK-ATDZ","Radiance by Britney Spears, Eau De Parfum Spray, 3.3-Ounce","1","amazon.com","Standard Orders","Seller","WORCESTER","MA","01609-1865","","23.50","0","5.28","0","0","0","0","0","0","0","0","-4.32","0","0","0","24.46"
"Mar 26, 2017 7:03:02 PM PDT","6321861771","Shipping Services","103-0602285-3082604","","Shipping Label Purchased through Amazon","","","Standard Orders","","","","","","0","0","0","0","0","0","0","0","0","0","0","0","0","0","-4.46","-4.46"
"Mar 26, 2017 7:04:58 PM PDT","6321861771","Order","103-9955727-9381815","QE-9U4J-U2YO","NEW BRAND EVA 3.3 OZ.","2","amazon.com","Standard Orders","Seller","LAKE ZURICH","IL","60047-1417","","13.40","0","5.91","0","0","0","0","0","0","0","0","-2.90","0","0","0","16.41"
"Mar 26, 2017 7:05:36 PM PDT","6321861771","Shipping Services","103-9955727-9381815","","Shipping Label Purchased through Amazon","","","Standard Orders","","","","","","0","0","0","0","0","0","0","0","0","0","0","0","0","0","-6.05","-6.05"
"Mar 26, 2017 7:06:42 PM PDT","6321861771","Order","002-2248218-3849834","Z7-YFWK-ATDZ","Radiance by Britney Spears, Eau De Parfum Spray, 3.3-Ounce","1","amazon.com","Standard Orders","Seller","LAS VEGAS","NV","89129-6406","","23.50","0","5.28","0","0","0","0","0","0","0","0","-4.32","0","0","0","24.46"
"Mar 26, 2017 7:07:20 PM PDT","6321861771","Shipping Services","002-2248218-3849834","","Shipping Label Purchased through Amazon","","","Standard Orders","","","","","","0","0","0","0","0","0","0","0","0","0","0","0","0","0","-4.46","-4.46"
"Mar 26, 2017 7:10:33 PM PDT","6321861771","Order","103-8976418-6869062","2L-YX0W-CS37","Johan B Merveille Eau De Parfum Spray for Women, 3.4 Ounce","1","amazon.com","Standard Orders","Seller","Hingham","MA","02043","","34.99","0","0","0","0","0","0","0","0","0","0","-5.25","0","0","0","29.74"
"Mar 26, 2017 7:11:12 PM PDT","6321861771","Shipping Services","103-8976418-6869062","","Shipping Label Purchased through Amazon","","","Standard Orders","","","","","","0","0","0","0","0","0","0","0","0","0","0","0","0","0","-4.46","-4.46"
"Mar 26, 2017 7:11:34 PM PDT","6321861771","Order","104-5026465-9089025","2L-YX0W-CS37","Johan B Merveille Eau De Parfum Spray for Women, 3.4 Ounce","1","amazon.com","Standard Orders","Seller","PELHAM","NC","27311-8946","","24.17","0","5.34","0","0","0","0","0","0","0","0","-4.43","0","0","0","25.08"
"Mar 26, 2017 7:12:12 PM PDT","6321861771","Shipping Services","104-5026465-9089025","","Shipping Label Purchased through Amazon","","","Standard Orders","","","","","","0","0","0","0","0","0","0","0","0","0","0","0","0","0","-4.46","-4.46"
"Mar 26, 2017 7:17:53 PM PDT","6321861771","Order","102-8693394-3405817","YI-Q248-ZGRN","Double Diamond 3.4 Eau De Perfume Spray Women","6","amazon.com","Standard Orders","Seller","MATTAPAN","MA","02126-1417","","37.74","0","11.69","0","0","0","0","0","0","0","0","-7.44","0","0","0","41.99"
"Mar 26, 2017 7:18:32 PM PDT","6321861771","Shipping Services","102-8693394-3405817","","Shipping Label Purchased through Amazon","","","Standard Orders","","","","","","0","0","0","0","0","0","0","0","0","0","0","0","0","0","-7.46","-7.46"
"Mar 26, 2017 7:19:21 PM PDT","6321861771","Order","104-9414719-3190667","N6-T97C-HZ2W","INSURRECTION by Reyane Tradition Men's Eau De Toilette Spray 3.4 oz - 100% Authentic","1","amazon.com","Standard Orders","Seller","MCDONOUGH","GA","30253-4786","","16.00","0","5.49","0","0","0","0","0","0","0","0","-3.22","0","0","0","18.27"
"Mar 26, 2017 7:19:58 PM PDT","6321861771","Shipping Services","104-9414719-3190667","","Shipping Label Purchased through Amazon","","","Standard Orders","","","","","","0","0","0","0","0","0","0","0","0","0","0","0","0","0","-4.46","-4.46"
"Mar 26, 2017 7:22:21 PM PDT","6321861771","Order","109-1027082-5545005","74-DRG6-NKAA","Estee Lauder Purse Beautiful Eau de Parfum Spray for Women, 6 Count","1","amazon.com","Standard Orders","Seller","EASTOVER","SC","29044-9559","","60.87","0","5.09","0","0","0","0","0","0","0","0","-9.89","0","0","0","56.07"
"Mar 26, 2017 7:22:59 PM PDT","6321861771","Shipping Services","109-1027082-5545005","","Shipping Label Purchased through Amazon","","","Standard Orders","","","","","","0","0","0","0","0","0","0","0","0","0","0","0","0","0","-4.47","-4.47"
"Mar 26, 2017 7:25:12 PM PDT","6321861771","Order","116-0184702-6861008","F3-YTCU-QEKH","Extasia Black by New Brand, 3.3 oz Eau De Toilette Spray for men","3","amazon.com","Standard Orders","Seller","PROVIDENCE","RI","02908-3309","","14.37","0","7.49","0","0","0","0","0","0","0","0","-3.27","0","0","0","18.59"
"Mar 26, 2017 7:25:50 PM PDT","6321861771","Shipping Services","116-0184702-6861008","","Shipping Label Purchased through Amazon","","","Standard Orders","","","","","","0","0","0","0","0","0","0","0","0","0","0","0","0","0","-6.70","-6.70"
"Mar 26, 2017 7:28:10 PM PDT","6321861771","Order","104-6908224-9569024","RF-LX73-TAHE","DIESEL PLUS PLUS by Diesel EDT SPRAY 2.5 OZ Masculine","1","amazon.com","Standard Orders","Seller","MADISON","WI","53703-6000","","8.75","0","4.99","0","0","0","0","0","0","0","0","-2.06","0","0","0","11.68"
"Mar 26, 2017 7:28:48 PM PDT","6321861771","Shipping Services","104-6908224-9569024","","Shipping Label Purchased through Amazon","","","Standard Orders","","","","","","0","0","0","0","0","0","0","0","0","0","0","0","0","0","-3.62","-3.62"
"Mar 26, 2017 7:32:49 PM PDT","6321861771","Order","002-2751730-3125030","IO-HZ2V-OAW9","Viktor & Rolf Flowerbomb Eau De Parfum 100ml / 3.4 Oz","1","amazon.com","Standard Orders","Seller","PEABODY","MA","01960-8215","","110.43","0","4.55","0","0","0","0","0","0","0","0","-17.25","0","0","0","97.73"
"Mar 26, 2017 7:33:29 PM PDT","6321861771","Shipping Services","002-2751730-3125030","","Shipping Label Purchased through Amazon","","","Standard Orders","","","","","","0","0","0","0","0","0","0","0","0","0","0","0","0","0","-7.15","-7.15"
"Mar 26, 2017 7:36:08 PM PDT","6321861771","Order","002-2524912-5075463","R9-V3EO-9GBV","Samba by Perfumer's Workshop for Women - 3.3 Ounce EDT Spray","1","amazon.com","Standard Orders","Seller","NEDERLAND","TX","77627-7625","","8.60","0","5.09","0","0","0","0","0","0","0","0","-2.05","0","0","0","11.64"
"Mar 26, 2017 7:36:45 PM PDT","6321861771","Shipping Services","002-2524912-5075463","","Shipping Label Purchased through Amazon","","","Standard Orders","","","","","","0","0","0","0","0","0","0","0","0","0","0","0","0","0","-3.76","-3.76"
"Mar 27, 2017 5:02:43 AM PDT","6322454081","Transfer","","","To your account ending in: 6276, Bank Transfer ID: 091000013066313","","","Standard Orders","","","","","","0","0","0","0","0","0","0","0","0","0","0","0","0","0","-2,398.75","-2,398.75"
"Mar 27, 2017 12:13:00 PM PDT","6322454081","Order","115-2572144-0226647","YI-Q248-ZGRN","Double Diamond 3.4 Eau De Perfume Spray Women","1","amazon.com","Standard Orders","Seller","MONTGOMERY","ALABAMA","36117-3027","","7.80","0","5.69","0","0","0","0","0","0","0","0","-2.02","0","0","0","11.47"
"Mar 27, 2017 12:13:40 PM PDT","6322454081","Shipping Services","115-2572144-0226647","","Shipping Label Purchased through Amazon","","","Standard Orders","","","","","","0","0","0","0","0","0","0","0","0","0","0","0","0","0","-3.90","-3.90"
"Mar 27, 2017 12:14:59 PM PDT","6322454081","Order","114-5386801-5676255","5O-L8CN-X1ZE","Perry Ellis 18 Intense by Perry Ellis for Men - 3.4 Ounce EDT Spray","1","amazon.com","Standard Orders","Seller","DORCHESTER","MA","02124-2049","","27.65","0","5.29","0","0","0","0","0","0","0","0","-4.94","0","0","0","28.00"
"Mar 27, 2017 12:15:37 PM PDT","6322454081","Shipping Services","114-5386801-5676255","","Shipping Label Purchased through Amazon","","","Standard Orders","","","","","","0","0","0","0","0","0","0","0","0","0","0","0","0","0","-4.46","-4.46"
"Mar 27, 2017 12:20:32 PM PDT","6322454081","Order","113-6508222-2693855","OA-PJRJ-Y9NK","OSCAR by Oscar de la Renta Eau De Toilette Spray 3.4 oz for Women","1","amazon.com","Standard Orders","Seller","COLLEGE PARK","GA","30349-5846","","30.00","0","0","0","0","0","0","0","0","0","0","-4.50","0","0","0","25.50"
"Mar 27, 2017 12:21:09 PM PDT","6322454081","Shipping Services","113-6508222-2693855","","Shipping Label Purchased through Amazon","","","Standard Orders","","","","","","0","0","0","0","0","0","0","0","0","0","0","0","0","0","-4.32","-4.32"
"Mar 27, 2017 12:23:08 PM PDT","6322454081","Order","108-8879411-7866639","N5-B3PK-64P7","Karen Low Pure Crystal Eau de Parfum Spray for Women, 3.4 Ounce","1","amazon.com","Standard Orders","Seller","ROCHESTER","NY","14627-0001","","15.00","0","0","0","0","0","0","0","0","0","0","-2.25","0","0","0","12.75"
"Mar 27, 2017 12:23:08 PM PDT","6322454081","Order","108-8879411-7866639","N5-B3PK-64P7","Karen Low Pure Crystal Eau de Parfum Spray for Women, 3.4 Ounce","1","amazon.com","Standard Orders","Seller","ROCHESTER","NY","14627-0001","","15.00","0","0","0","0","0","0","0","0","0","0","-2.25","0","0","0","12.75"
"Mar 27, 2017 12:23:35 PM PDT","6322454081","Shipping Services","108-8879411-7866639","","Shipping Label Purchased through Amazon","","","Standard Orders","","","","","","0","0","0","0","0","0","0","0","0","0","0","0","0","0","-6.05","-6.05"
"Mar 27, 2017 12:24:59 PM PDT","6322454081","Order","108-3005052-2424246","79-A9IS-KT66","Reb'L Fleur Rihanna Gift Set for Women","1","amazon.com","Standard Orders","Seller","FLORENCE","KY","41042-2614","","30.00","0","6.83","0","0","0","0","0","0","0","0","-5.52","0","0","0","31.31"
"Mar 27, 2017 12:25:33 PM PDT","6322454081","Shipping Services","108-3005052-2424246","","Shipping Label Purchased through Amazon","","","Standard Orders","","","","","","0","0","0","0","0","0","0","0","0","0","0","0","0","0","-6.67","-6.67"
"Mar 27, 2017 12:26:38 PM PDT","6322454081","Order","105-6226714-1274625","GE-DDEU-7TI5","Samba By Perfumers Workshop For Men. Eau De Toilette Spray 3.3 Ounces","1","amazon.com","Standard Orders","Seller","BELLEVILLE","IL","62223-2124","","20.00","0","5.04","0","0","0","0","0","0","0","0","-3.76","0","0","0","21.28"
"Mar 27, 2017 12:27:16 PM PDT","6322454081","Shipping Services","105-6226714-1274625","","Shipping Label Purchased through Amazon","","","Standard Orders","","","","","","0","0","0","0","0","0","0","0","0","0","0","0","0","0","-3.76","-3.76"
"Mar 27, 2017 12:30:10 PM PDT","6322454081","Order","105-5552944-6697053","2R-XBDJ-90C7","Carolina Herrera 212 Vip Rose Eau de Parfum Spray for Women, 1.7 Ounce","1","amazon.com","Standard Orders","Seller","DORAL","FL","33126-1101","","43.65","0","5.33","0","0","0","0","0","0","0","0","-7.35","0","0","0","41.63"
"Mar 27, 2017 12:30:47 PM PDT","6322454081","Shipping Services","105-5552944-6697053","","Shipping Label Purchased through Amazon","","","Standard Orders","","","","","","0","0","0","0","0","0","0","0","0","0","0","0","0","0","-4.32","-4.32"
"Mar 27, 2017 12:32:33 PM PDT","6322454081","Order","116-0893975-4013802","ZN-92M4-G16X","Paco Rabanne By Paco Rabanne For Men. Eau De Toilette Splash Or Spray 6.8 Oz","1","amazon.com","Standard Orders","Seller","BEVERLY","MA","01915-1077","","42.91","0","5.54","0","0","0","0","0","0","0","0","-7.27","0","0","0","41.18"
"Mar 27, 2017 12:33:10 PM PDT","6322454081","Shipping Services","116-0893975-4013802","","Shipping Label Purchased through Amazon","","","Standard Orders","","","","","","0","0","0","0","0","0","0","0","0","0","0","0","0","0","-6.05","-6.05"
"Mar 27, 2017 12:34:47 PM PDT","6322454081","Order","105-0271208-6580251","2R-XBDJ-90C7","Carolina Herrera 212 Vip Rose Eau de Parfum Spray for Women, 1.7 Ounce","1","amazon.com","Standard Orders","Seller","TAMPA","FL","33614-1906","","48.98","0","11.25","0","0","0","0","0","0","0","0","-9.03","0","0","0","51.20"
"Mar 27, 2017 12:35:18 PM PDT","6322454081","Shipping Services","105-0271208-6580251","","Shipping Label Purchased through Amazon","","","Standard Orders","","","","","","0","0","0","0","0","0","0","0","0","0","0","0","0","0","-6.05","-6.05"
"Mar 27, 2017 12:36:45 PM PDT","6322454081","Order","115-3398802-2224244","BF-2O4Q-JYRE","Paco Rabanne 1 million Cologne for Men 6.8 oz Eau De Toilette Spray","1","amazon.com","Standard Orders","Seller","BROOKLYN","NEW YORK","11226-7906","","82.71","0","0","0","0","0","0","0","0","0","0","-12.41","0","0","0","70.30"
"Mar 27, 2017 12:37:23 PM PDT","6322454081","Shipping Services","115-3398802-2224244","","Shipping Label Purchased through Amazon","","","Standard Orders","","","","","","0","0","0","0","0","0","0","0","0","0","0","0","0","0","-6.20","-6.20"
"Mar 27, 2017 12:46:28 PM PDT","6322454081","Order","108-0358313-7873012","PN-4YRR-HTCL","Lalique By Lalique For Women. Eau De Parfum Spray 3.3 Ounces","1","amazon.com","Standard Orders","Seller","PACIFICA","CA","94044-2395","","30.00","0","5.19","0","0","0","0","0","0","0","0","-5.28","0","0","0","29.91"
"Mar 27, 2017 12:47:05 PM PDT","6322454081","Shipping Services","108-0358313-7873012","","Shipping Label Purchased through Amazon","","","Standard Orders","","","","","","0","0","0","0","0","0","0","0","0","0","0","0","0","0","-4.18","-4.18"
"Mar 27, 2017 12:49:02 PM PDT","6322454081","Order","108-1654458-2133002","AY-H3R8-PBQ6","Dana Navy Eau de Toilettes Spray for Women, 2.5 Ounce","1","amazon.com","Standard Orders","Seller","JAMESTOWN","ND","58401-9780","","58.95","0","4.99","0","0","0","0","0","0","0","0","-9.59","0","0","0","54.35"
"Mar 27, 2017 12:49:41 PM PDT","6322454081","Shipping Services","108-1654458-2133002","","Shipping Label Purchased through Amazon","","","Standard Orders","","","","","","0","0","0","0","0","0","0","0","0","0","0","0","0","0","-3.77","-3.77"
"Mar 27, 2017 12:50:50 PM PDT","6322454081","Order","105-7370420-1309040","AY-H3R8-PBQ6","Dana Navy Eau de Toilettes Spray for Women, 2.5 Ounce","1","amazon.com","Standard Orders","Seller","Des Plaines","Illinois","60016","","58.95","0","4.99","0","0","0","0","0","0","0","0","-9.59","0","0","0","54.35"
"Mar 27, 2017 12:51:28 PM PDT","6322454081","Shipping Services","105-7370420-1309040","","Shipping Label Purchased through Amazon","","","Standard Orders","","","","","","0","0","0","0","0","0","0","0","0","0","0","0","0","0","-3.77","-3.77"
"Mar 27, 2017 12:52:50 PM PDT","6322454081","Order","107-0091548-0817013","C7-6Y6H-8ED9","JEAN PAUL GAULTIER by Jean Paul Gaultier - Women - Eau De Parfum Spray 3.3 oz","1","amazon.com","Standard Orders","Seller","PRESCOTT","AZ","86305-3427","","70.55","0","10.12","0","0","0","0","0","0","0","0","-12.10","0","0","0","68.57"
"Mar 27, 2017 12:53:28 PM PDT","6322454081","Shipping Services","107-0091548-0817013","","Shipping Label Purchased through Amazon","","","Standard Orders","","","","","","0","0","0","0","0","0","0","0","0","0","0","0","0","0","-6.20","-6.20"
"Mar 27, 2017 12:56:03 PM PDT","6322454081","Order","103-6284965-2390636","1M-4RBO-39RF","Jessica Simpson I Fancy You Women Eau De Parfum Spray, 3.4 Ounce","1","amazon.com","Standard Orders","Seller","STOCKTON","CA","95203-2537","","16.16","0","5.44","0","0","0","0","0","0","0","0","-3.24","0","0","0","18.36"
"Mar 27, 2017 12:56:39 PM PDT","6322454081","Shipping Services","103-6284965-2390636","","Shipping Label Purchased through Amazon","","","Standard Orders","","","","","","0","0","0","0","0","0","0","0","0","0","0","0","0","0","-4.32","-4.32"
"Mar 27, 2017 12:59:39 PM PDT","6322454081","Order","107-4201350-4435456","VH-EQQ1-0YO5","NAUTICA CLASSIC by Nautica 3.4 Ounce / 100 ml Eau de Toilette Men Cologne Spray","2","amazon.com","Standard Orders","Seller","LAWRENCEVILLE","GA","30044-2998","","20.24","0","4.59","0","0","0","0","0","0","0","0","-3.72","0","0","0","21.11"
"Mar 27, 2017 1:00:17 PM PDT","6322454081","Shipping Services","107-4201350-4435456","","Shipping Label Purchased through Amazon","","","Standard Orders","","","","","","0","0","0","0","0","0","0","0","0","0","0","0","0","0","-6.05","-6.05"
"Mar 27, 2017 1:02:04 PM PDT","6322454081","Order","108-1848630-0544230","Z7-YFWK-ATDZ","Radiance by Britney Spears, Eau De Parfum Spray, 3.3-Ounce","1","amazon.com","Standard Orders","Seller","RIDGEFIELD","NJ","07657-1233","","28.37","0","0","0","0","0","0","0","0","0","0","-4.26","0","0","0","24.11"
"Mar 27, 2017 1:02:41 PM PDT","6322454081","Shipping Services","108-1848630-0544230","","Shipping Label Purchased through Amazon","","","Standard Orders","","","","","","0","0","0","0","0","0","0","0","0","0","0","0","0","0","-4.46","-4.46"
"Mar 27, 2017 1:05:06 PM PDT","6322454081","Shipping Services","111-3123470-6589038","","Shipping Label Purchased through Amazon","","","Standard Orders","","","","","","0","0","0","0","0","0","0","0","0","0","0","0","0","0","-4.18","-4.18"
"Mar 27, 2017 1:05:25 PM PDT","6322454081","Order","111-5586698-5415426","N5-B3PK-64P7","Karen Low Pure Crystal Eau de Parfum Spray for Women, 3.4 Ounce","1","amazon.com","Standard Orders","Seller","FRANKLIN","GA","30217-3928","","15.00","0","0","0","0","0","0","0","0","0","0","-2.25","0","0","0","12.75"
"Mar 27, 2017 1:06:02 PM PDT","6322454081","Shipping Services","111-5586698-5415426","","Shipping Label Purchased through Amazon","","","Standard Orders","","","","","","0","0","0","0","0","0","0","0","0","0","0","0","0","0","-4.18","-4.18"
"Mar 27, 2017 1:07:11 PM PDT","6322454081","Order","108-5158743-8814650","M8-PEDR-E2QE","Clipsal 3.4 Fl. oz. Eau De Toilette Spray Men","1","amazon.com","Standard Orders","Seller","SCHWENKSVILLE","PA","19473-2030","","8.09","0","4.99","0","0","0","0","0","0","0","0","-1.96","0","0","0","11.12"
"Mar 27, 2017 1:07:49 PM PDT","6322454081","Shipping Services","108-5158743-8814650","","Shipping Label Purchased through Amazon","","","Standard Orders","","","","","","0","0","0","0","0","0","0","0","0","0","0","0","0","0","-4.46","-4.46"
"Mar 27, 2017 1:11:43 PM PDT","6322454081","Order","104-4444315-0229867","2L-YX0W-CS37","Johan B Merveille Eau De Parfum Spray for Women, 3.4 Ounce","1","amazon.com","Standard Orders","Seller","Raynham","MA","02767","","29.17","0","5.34","0","0","0","0","0","0","0","0","-5.18","0","0","0","29.33"
"Mar 27, 2017 1:12:20 PM PDT","6322454081","Shipping Services","104-4444315-0229867","","Shipping Label Purchased through Amazon","","","Standard Orders","","","","","","0","0","0","0","0","0","0","0","0","0","0","0","0","0","-4.46","-4.46"
"Mar 27, 2017 1:13:11 PM PDT","6322454081","Order","112-7021314-4382651","2L-YX0W-CS37","Johan B Merveille Eau De Parfum Spray for Women, 3.4 Ounce","1","amazon.com","Standard Orders","Seller","BRONX","NY","10463-5772","","34.99","0","0","0","0","0","0","0","0","0","0","-5.25","0","0","0","29.74"
"Mar 27, 2017 1:13:49 PM PDT","6322454081","Shipping Services","112-7021314-4382651","","Shipping Label Purchased through Amazon","","","Standard Orders","","","","","","0","0","0","0","0","0","0","0","0","0","0","0","0","0","-4.46","-4.46"
"Mar 27, 2017 1:17:01 PM PDT","6322454081","Order","111-3123470-6589038","N5-B3PK-64P7","Karen Low Pure Crystal Eau de Parfum Spray for Women, 3.4 Ounce","1","amazon.com","Standard Orders","Seller","LONGVIEW","TX","75605-7210","","10.49","0","4.99","0","0","0","0","0","0","0","0","-2.32","0","0","0","13.16"
"Mar 27, 2017 1:17:14 PM PDT","6322454081","Shipping Services","109-8142514-0405008","","Shipping Label Purchased through Amazon","","","Standard Orders","","","","","","0","0","0","0","0","0","0","0","0","0","0","0","0","0","-4.46","-4.46"
"Mar 27, 2017 1:26:54 PM PDT","6322454081","Order","109-7231580-9897016","DT-GQQP-NJQJ","Thé Oné 3.4oz Eau De Parfum Sprày MéN by Dolcé ànd Gàbbànà","1","amazon.com","Standard Orders","Seller","RICHMOND","IN","47374-3313","","69.97","0","4.49","0","0","0","0","0","0","0","0","-11.17","0","0","0","63.29"
"Mar 27, 2017 1:27:32 PM PDT","6322454081","Shipping Services","109-7231580-9897016","","Shipping Label Purchased through Amazon","","","Standard Orders","","","","","","0","0","0","0","0","0","0","0","0","0","0","0","0","0","-6.20","-6.20"
"Mar 27, 2017 1:27:52 PM PDT","6322454081","Order","104-8753095-0551407","DT-GQQP-NJQJ","Thé Oné 3.4oz Eau De Parfum Sprày MéN by Dolcé ànd Gàbbànà","1","amazon.com","Standard Orders","Seller","MILFORD","OH","45150-5113","","71.11","0","4.49","0","0","0","0","0","0","0","0","-11.34","0","0","0","64.26"
"Mar 27, 2017 1:28:30 PM PDT","6322454081","Shipping Services","104-8753095-0551407","","Shipping Label Purchased through Amazon","","","Standard Orders","","","","","","0","0","0","0","0","0","0","0","0","0","0","0","0","0","-6.20","-6.20"
"Mar 27, 2017 1:28:45 PM PDT","6322454081","Order","109-8142514-0405008","GM-ZQK0-9GM1","One Direction 'Between Us' Eau de Parfum Spray 3.4oz/100ml New In Box","1","amazon.com","Standard Orders","Seller","PHILADELPHIA","PA","19128-1503","","23.19","0","5.42","0","0","0","0","0","0","0","0","-4.29","0","0","0","24.32"
"Mar 27, 2017 1:29:32 PM PDT","6322454081","Order","102-0394434-5755427","DT-GQQP-NJQJ","Thé Oné 3.4oz Eau De Parfum Sprày MéN by Dolcé ànd Gàbbànà","1","amazon.com","Standard Orders","Seller","PHILADELPHIA","PA","19130-1812","","69.97","0","4.49","0","0","0","0","0","0","0","0","-11.17","0","0","0","63.29"
"Mar 27, 2017 1:30:09 PM PDT","6322454081","Shipping Services","102-0394434-5755427","","Shipping Label Purchased through Amazon","","","Standard Orders","","","","","","0","0","0","0","0","0","0","0","0","0","0","0","0","0","-6.20","-6.20"
"Mar 27, 2017 1:35:52 PM PDT","6322454081","Order","002-7783864-6789820","1O-YSQR-VEK9","1 Million Fragrance By Paco Rabanne 3pc Travel Edition Gift Set . 3.4 Fl.Oz. Eau De Toilette Spray + 3.4 S/G Men+15ml spray Mini For Men","2","amazon.com","Standard Orders","Seller","CULVER CITY","CA","90230-7181","","141.06","0","4.49","0","0","0","0","0","0","0","0","-21.84","0","0","0","123.71"
"Mar 27, 2017 1:36:41 PM PDT","6322454081","Shipping Services","002-7783864-6789820","","Shipping Label Purchased through Amazon","","","Standard Orders","","","","","","0","0","0","0","0","0","0","0","0","0","0","0","0","0","-10.87","-10.87"
"Mar 27, 2017 1:38:20 PM PDT","6322454081","Order","107-8381453-5247416","5R-2LX9-BGJ3","Jessica Mcclintock 2 Piece Gift Set for Women","1","amazon.com","Standard Orders","Seller","upper marlboro","maryland","20774","","59.78","0","6.19","0","0","0","0","0","0","0","0","-9.90","0","0","0","56.07"
"Mar 27, 2017 1:38:57 PM PDT","6322454081","Shipping Services","107-8381453-5247416","","Shipping Label Purchased through Amazon","","","Standard Orders","","","","","","0","0","0","0","0","0","0","0","0","0","0","0","0","0","-6.71","-6.71"
"Mar 27, 2017 1:40:33 PM PDT","6322454081","Order","002-7089833-4065845","N5-B3PK-64P7","Karen Low Pure Crystal Eau de Parfum Spray for Women, 3.4 Ounce","1","amazon.com","Standard Orders","Seller","Franklin","TN","37064","","10.49","0","4.99","0","0","0","0","0","0","0","0","-2.32","0","0","0","13.16"
"Mar 27, 2017 1:41:11 PM PDT","6322454081","Shipping Services","002-7089833-4065845","","Shipping Label Purchased through Amazon","","","Standard Orders","","","","","","0","0","0","0","0","0","0","0","0","0","0","0","0","0","-4.18","-4.18"
"Mar 27, 2017 1:41:56 PM PDT","6322454081","Order","002-0708121-0385041","N5-B3PK-64P7","Karen Low Pure Crystal Eau de Parfum Spray for Women, 3.4 Ounce","1","amazon.com","Standard Orders","Seller","Papillion","NE","68046","","15.00","0","0","0","0","0","0","0","0","0","0","-2.25","0","0","0","12.75"
"Mar 27, 2017 1:42:33 PM PDT","6322454081","Shipping Services","002-0708121-0385041","","Shipping Label Purchased through Amazon","","","Standard Orders","","","","","","0","0","0","0","0","0","0","0","0","0","0","0","0","0","-4.18","-4.18"
"Mar 27, 2017 1:50:33 PM PDT","6322454081","Order","103-2283656-4878660","OI-C2S7-9PQF","Curve Crush for Women by Liz Claiborne, Gift Set - 3.4 oz Eau De Toilette Spray + .5 oz Mini EDT Spray + 2.5 oz Body Lotion + 2.5 oz Shoer Gel","1","amazon.com","Standard Orders","Seller","WIBAUX","MT","59353-9036","","36.34","0","6.69","0","0","0","0","0","0","0","0","-6.45","0","0","0","36.58"
"Mar 27, 2017 1:51:11 PM PDT","6322454081","Shipping Services","103-2283656-4878660","","Shipping Label Purchased through Amazon","","","Standard Orders","","","","","","0","0","0","0","0","0","0","0","0","0","0","0","0","0","-7.01","-7.01"
"Mar 27, 2017 1:51:59 PM PDT","6322454081","Order","107-4794735-5384227","XZ-CKDF-GKNC","Shi by Alfred Sung for Women Gift Set","1","amazon.com","Standard Orders","Seller","Boynton Beach","Florida","33435","","26.00","0","5.69","0","0","0","0","0","0","0","0","-4.75","0","0","0","26.94"
"Mar 27, 2017 1:52:36 PM PDT","6322454081","Shipping Services","107-4794735-5384227","","Shipping Label Purchased through Amazon","","","Standard Orders","","","","","","0","0","0","0","0","0","0","0","0","0","0","0","0","0","-6.96","-6.96"
"Mar 27, 2017 1:58:01 PM PDT","6322454081","Order","107-6589694-2055448","RL-Z1OR-5MCR","Elizabeth Taylor White Diamonds 4-Piece Gift Set","1","amazon.com","Standard Orders","Seller","DES PLAINES","IL","60018-2563","","38.31","0","6.44","0","0","0","0","0","0","0","0","-6.71","0","0","0","38.04"
"Mar 27, 2017 1:58:38 PM PDT","6322454081","Shipping Services","107-6589694-2055448","","Shipping Label Purchased through Amazon","","","Standard Orders","","","","","","0","0","0","0","0","0","0","0","0","0","0","0","0","0","-8.21","-8.21"
"Mar 27, 2017 2:02:02 PM PDT","6322454081","Order","002-9782069-0246665","6D-4JJ7-1GSK","Nina Ricci Eau de Parfum Spray, Premier Jour, 3.3 Fluid Ounce","2","amazon.com","Standard Orders","Seller","MIAMI","FL","33166-2828","","68.00","0","6.09","0","0","0","0","0","0","0","0","-11.12","0","0","0","62.97"
"Mar 27, 2017 2:02:41 PM PDT","6322454081","Shipping Services","002-9782069-0246665","","Shipping Label Purchased through Amazon","","","Standard Orders","","","","","","0","0","0","0","0","0","0","0","0","0","0","0","0","0","-6.70","-6.70"
"Mar 27, 2017 2:04:37 PM PDT","6322454081","Order","103-4294809-1152269","BX-37NX-FUNV","Imari","1","amazon.com","Standard Orders","Seller","SAN DIEGO","CA","92126-4017","","20.87","0","4.57","0","0","0","0","0","0","0","0","-3.82","0","0","0","21.62"
"Mar 27, 2017 2:05:16 PM PDT","6322454081","Shipping Services","103-4294809-1152269","","Shipping Label Purchased through Amazon","","","Standard Orders","","","","","","0","0","0","0","0","0","0","0","0","0","0","0","0","0","-3.07","-3.07"
"Mar 27, 2017 2:13:35 PM PDT","6322454081","Shipping Services","114-0184524-9680258","","Shipping Label Purchased through Amazon","","","Standard Orders","","","","","","0","0","0","0","0","0","0","0","0","0","0","0","0","0","-6.05","-6.05"
"Mar 27, 2017 2:15:32 PM PDT","6322454081","Order","111-4807879-6016212","RF-LX73-TAHE","DIESEL PLUS PLUS by Diesel EDT SPRAY 2.5 OZ Masculine","2","amazon.com","Standard Orders","Seller","LAWRENCE","KS","66049-5029","","25.46","0","0","0","0","0","0","0","0","0","0","-3.82","0","0","0","21.64"
"Mar 27, 2017 2:16:09 PM PDT","6322454081","Shipping Services","111-4807879-6016212","","Shipping Label Purchased through Amazon","","","Standard Orders","","","","","","0","0","0","0","0","0","0","0","0","0","0","0","0","0","-6.05","-6.05"
"Mar 27, 2017 2:23:26 PM PDT","6322454081","Order","114-0184524-9680258","JM-LA2S-3Y0J","Thé oné 3.4 Oz Eau De Toilette Spray For Men","1","amazon.com","Standard Orders","Seller","NORTH HOLLYWOOD","CA","91606","","48.00","0","4.49","0","0","0","0","0","0","0","0","-7.87","0","0","0","44.62"
"Mar 27, 2017 2:25:02 PM PDT","6322454081","Order","114-5120484-4858630","B0-30LP-CY8E","Jessica Simpson Fancy Love  Gift Set for Women (Eau de Parfum Spray 3.4 Ounce, Lotion 4 Ounce, Lotion 3 Ounce, Bath and Shower Cream, Eau de Parfum Sp","1","amazon.com","Standard Orders","Seller","Ste. Genevieve","Missouri","63670","","48.11","0","6.89","0","0","0","0","0","0","0","0","-8.25","0","0","0","46.75"
"Mar 27, 2017 2:25:40 PM PDT","6322454081","Shipping Services","114-5120484-4858630","","Shipping Label Purchased through Amazon","","","Standard Orders","","","","","","0","0","0","0","0","0","0","0","0","0","0","0","0","0","-8.21","-8.21"
"Mar 27, 2017 2:26:55 PM PDT","6322454081","Order","112-1821058-5461065","1O-M08O-A0OC","Víva La Juícy Gold by Juícy Couture Women's 3.4 Oz EDP Spray","1","amazon.com","Standard Orders","Seller","GRAND ISLAND","NE","68801-7877","","60.47","0","4.49","0","0","0","0","0","0","0","0","-9.74","0","0","0","55.22"
"Mar 27, 2017 2:27:33 PM PDT","6322454081","Shipping Services","112-1821058-5461065","","Shipping Label Purchased through Amazon","","","Standard Orders","","","","","","0","0","0","0","0","0","0","0","0","0","0","0","0","0","-6.20","-6.20"
"Mar 27, 2017 2:28:47 PM PDT","6322454081","Order","105-0632092-5055461","JK-130P-A3PQ","Tiamo by Parfum Blaze Eau De Toilette Spray 3.4 oz","1","amazon.com","Standard Orders","Seller","East Meadow","NY","11554","","16.24","0","0","0","0","0","0","0","0","0","0","-2.44","0","0","0","13.80"
"Mar 27, 2017 2:29:25 PM PDT","6322454081","Shipping Services","105-0632092-5055461","","Shipping Label Purchased through Amazon","","","Standard Orders","","","","","","0","0","0","0","0","0","0","0","0","0","0","0","0","0","-4.46","-4.46"
"Mar 27, 2017 2:30:23 PM PDT","6322454081","Order","103-1446440-5493052","0Y-13WR-ZN5E","L'homme Yves Saint Laurent By Yves Saint Laurent For Men. Eau De Toilette Spray 3.3-Ounces","1","amazon.com","Standard Orders","Seller","Mequon","WI","53092","","56.00","0","5.35","0","0","0","0","0","0","0","0","-9.20","0","0","0","52.15"
"Mar 27, 2017 2:30:54 PM PDT","6322454081","Shipping Services","103-1446440-5493052","","Shipping Label Purchased through Amazon","","","Standard Orders","","","","","","0","0","0","0","0","0","0","0","0","0","0","0","0","0","-4.47","-4.47"
"Mar 27, 2017 2:38:39 PM PDT","6322454081","Order","105-5641783-8401069","XU-A1VS-TZDF","Light Blué Women Gift Set 3.3 oz Eau De Toilette Spray + 3.4 oz Body Cream + 3.4 oz Shower.","1","amazon.com","Standard Orders","Seller","ARANSAS PASS","TX","78336-3018","","88.12","0","4.49","0","0","0","0","0","0","0","0","-13.89","0","0","0","78.72"
"Mar 27, 2017 2:39:17 PM PDT","6322454081","Shipping Services","105-5641783-8401069","","Shipping Label Purchased through Amazon","","","Standard Orders","","","","","","0","0","0","0","0","0","0","0","0","0","0","0","0","0","-7.16","-7.16"
"Mar 27, 2017 2:46:22 PM PDT","6322454081","Order","105-2994416-4559469","D3-7EKJ-9D90","Luna Rossa For Men 3.4 oz EDT Spray By Prada","1","amazon.com","Standard Orders","Seller","LYNN","MA","01901-1443","","67.68","0","5.31","0","0","0","0","0","0","0","0","-10.95","0","0","0","62.04"
"Mar 27, 2017 2:47:00 PM PDT","6322454081","Shipping Services","105-2994416-4559469","","Shipping Label Purchased through Amazon","","","Standard Orders","","","","","","0","0","0","0","0","0","0","0","0","0","0","0","0","0","-4.61","-4.61"
"Mar 27, 2017 3:56:13 PM PDT","6322454081","Order","102-3304255-2695426","T8-54BS-ZV7O","Dior Hypnotic Poison Eau de Toilette Spray for Women, 1.7 Ounce","1","amazon.com","Standard Orders","Seller","Petaluma","California","94954","","60.00","0","5.04","0","0","0","0","0","0","0","0","-9.76","0","0","0","55.28"
"Mar 27, 2017 3:56:51 PM PDT","6322454081","Shipping Services","102-3304255-2695426","","Shipping Label Purchased through Amazon","","","Standard Orders","","","","","","0","0","0","0","0","0","0","0","0","0","0","0","0","0","-4.47","-4.47"
"Mar 27, 2017 4:06:04 PM PDT","6322454081","Order","113-8647380-8999436","R9-V3EO-9GBV","Samba by Perfumer's Workshop for Women - 3.3 Ounce EDT Spray","1","amazon.com","Standard Orders","Seller","MESQUITE","TX","75150-6804","","8.60","0","5.09","0","0","0","0","0","0","0","0","-2.05","0","0","0","11.64"
"Mar 27, 2017 4:06:43 PM PDT","6322454081","Shipping Services","113-8647380-8999436","","Shipping Label Purchased through Amazon","","","Standard Orders","","","","","","0","0","0","0","0","0","0","0","0","0","0","0","0","0","-3.76","-3.76"
"Mar 27, 2017 4:10:43 PM PDT","6322454081","Order","103-9492592-6540215","Y9-1YIN-CGA7","Royal Copenhagen By Royal Copenhagen For Men. Cologne Splash 8.0 Oz","5","amazon.com","Standard Orders","Seller","CHULA VISTA","CA","91915-1945","","100.00","0","10.99","0","0","0","0","0","0","0","0","-16.65","0","0","0","94.34"
"Mar 27, 2017 4:11:21 PM PDT","6322454081","Shipping Services","103-9492592-6540215","","Shipping Label Purchased through Amazon","","","Standard Orders","","","","","","0","0","0","0","0","0","0","0","0","0","0","0","0","0","-14.90","-14.90"
"Mar 28, 2017 1:26:04 PM PDT","6323279801","Order","116-8135473-5602647","BF-2O4Q-JYRE","Paco Rabanne 1 million Cologne for Men 6.8 oz Eau De Toilette Spray","1","amazon.com","Standard Orders","Seller","WESTERLY","RI","02891-0001","","82.70","0","5.50","0","0","0","0","0","0","0","0","-13.23","0","0","0","74.97"
"Mar 28, 2017 1:26:42 PM PDT","6323279801","Shipping Services","116-8135473-5602647","","Shipping Label Purchased through Amazon","","","Standard Orders","","","","","","0","0","0","0","0","0","0","0","0","0","0","0","0","0","-6.20","-6.20"
"Mar 28, 2017 1:27:52 PM PDT","6323279801","Order","116-4415972-7614643","E6-7ICL-MMQ5","Perfume Diable Bleu for Men 3.3 oz EDT by Creation Lamis","1","amazon.com","Standard Orders","Seller","WILLIAMSTOWN","NEW JERSEY","08094-6335","","11.00","0","6.16","0","0","0","0","0","0","0","0","-2.57","0","0","0","14.59"
"Mar 28, 2017 1:27:52 PM PDT","6323279801","Order","116-4415972-7614643","DN-0G1V-G4UO","CREATION LAMIS PURE BLACK 3.3 OZ.","1","amazon.com","Standard Orders","Seller","WILLIAMSTOWN","NEW JERSEY","08094-6335","","4.75","0","5.20","0","0","0","0","0","0","0","0","-1.49","0","0","0","8.46"
"Mar 28, 2017 1:28:28 PM PDT","6323279801","Shipping Services","116-4415972-7614643","","Shipping Label Purchased through Amazon","","","Standard Orders","","","","","","0","0","0","0","0","0","0","0","0","0","0","0","0","0","-6.05","-6.05"
"Mar 28, 2017 1:30:50 PM PDT","6323279801","Order","115-7728462-9838602","VQ-3EX0-LMJP","Parfums Rivera Night Dreams Eau de Parfum Spray, 3.4 Ounce","1","amazon.com","Standard Orders","Seller","BRONX","NY","10458-3191","","14.98","0","0","0","0","0","0","0","0","0","0","-2.25","0","0","0","12.73"
"Mar 28, 2017 1:31:26 PM PDT","6323279801","Shipping Services","115-7728462-9838602","","Shipping Label Purchased through Amazon","","","Standard Orders","","","","","","0","0","0","0","0","0","0","0","0","0","0","0","0","0","-6.05","-6.05"
"Mar 28, 2017 1:34:50 PM PDT","6323279801","Order","113-7394872-9301852","63-KCGG-MOBG","Elegant Gold FOR MEN by Johan B. Paris - 3.4 oz EDT Spray by Johan","1","amazon.com","Standard Orders","Seller","MIAMI","FL","33172-2191","","16.63","0","4.49","0","0","0","0","0","0","0","0","-3.17","0","0","0","17.95"
"Mar 28, 2017 1:35:27 PM PDT","6323279801","Shipping Services","113-7394872-9301852","","Shipping Label Purchased through Amazon","","","Standard Orders","","","","","","0","0","0","0","0","0","0","0","0","0","0","0","0","0","-4.46","-4.46"
"Mar 28, 2017 1:37:55 PM PDT","6323279801","Order","113-5113193-8652264","C8-0GJV-QWP1","GREY FLANNEL ~ GEOFFREY BEENE 4.0 OZ COLOGNE NEW IN BOX by Geoffrey Beene","1","amazon.com","Standard Orders","Seller","LITTLETON","CO","80123-1372","","14.67","0","5.04","0","0","0","0","0","0","0","0","-2.96","0","0","0","16.75"
"Mar 28, 2017 1:38:34 PM PDT","6323279801","Shipping Services","113-5113193-8652264","","Shipping Label Purchased through Amazon","","","Standard Orders","","","","","","0","0","0","0","0","0","0","0","0","0","0","0","0","0","-3.76","-3.76"
"Mar 28, 2017 1:39:46 PM PDT","6323279801","Order","108-4584106-3794609","RF-LX73-TAHE","DIESEL PLUS PLUS by Diesel EDT SPRAY 2.5 OZ Masculine","1","amazon.com","Standard Orders","Seller","MIAMI","FLORIDA","33125-5021","","12.73","0","0","0","0","0","0","0","0","0","0","-1.91","0","0","0","10.82"
"Mar 28, 2017 1:40:24 PM PDT","6323279801","Shipping Services","108-4584106-3794609","","Shipping Label Purchased through Amazon","","","Standard Orders","","","","","","0","0","0","0","0","0","0","0","0","0","0","0","0","0","-3.62","-3.62"
"Mar 28, 2017 1:41:18 PM PDT","6323279801","Order","105-9546584-5873014","RF-LX73-TAHE","DIESEL PLUS PLUS by Diesel EDT SPRAY 2.5 OZ Masculine","1","amazon.com","Standard Orders","Seller","CHARLOTTE","NC","28210-5249","","12.73","0","0","0","0","0","0","0","0","0","0","-1.91","0","0","0","10.82"
"Mar 28, 2017 1:41:56 PM PDT","6323279801","Shipping Services","105-9546584-5873014","","Shipping Label Purchased through Amazon","","","Standard Orders","","","","","","0","0","0","0","0","0","0","0","0","0","0","0","0","0","-3.62","-3.62"
"Mar 28, 2017 1:42:54 PM PDT","6323279801","Order","103-1666089-3845014","2L-YX0W-CS37","Johan B Merveille Eau De Parfum Spray for Women, 3.4 Ounce","1","amazon.com","Standard Orders","Seller","SOUTHFIELD","MI","48076-5369","","32.99","0","0","0","0","0","0","0","0","0","0","-4.95","0","0","0","28.04"
"Mar 28, 2017 1:43:32 PM PDT","6323279801","Shipping Services","103-1666089-3845014","","Shipping Label Purchased through Amazon","","","Standard Orders","","","","","","0","0","0","0","0","0","0","0","0","0","0","0","0","0","-4.46","-4.46"
"Mar 28, 2017 1:44:55 PM PDT","6323279801","Order","102-9260912-1794648","GR-FCK2-0ICA","Insurrection Pure II By Reyane Tradition 3.0 Oz / 90 Ml Eau De Toilette Spray for Men","1","amazon.com","Standard Orders","Seller","Miami","Fl","33126","","22.98","0","5.64","0","0","0","0","0","0","0","0","-4.29","0","0","0","24.33"
"Mar 28, 2017 1:45:33 PM PDT","6323279801","Shipping Services","102-9260912-1794648","","Shipping Label Purchased through Amazon","","","Standard Orders","","","","","","0","0","0","0","0","0","0","0","0","0","0","0","0","0","-6.05","-6.05"
"Mar 28, 2017 1:46:17 PM PDT","6323279801","Order","115-6111144-6411406","N5-B3PK-64P7","Karen Low Pure Crystal Eau de Parfum Spray for Women, 3.4 Ounce","1","amazon.com","Standard Orders","Seller","EAGLE","ID","83616-4895","","15.00","0","0","0","0","0","0","0","0","0","0","-2.25","0","0","0","12.75"
"Mar 28, 2017 1:46:56 PM PDT","6323279801","Shipping Services","115-6111144-6411406","","Shipping Label Purchased through Amazon","","","Standard Orders","","","","","","0","0","0","0","0","0","0","0","0","0","0","0","0","0","-4.18","-4.18"
"Mar 28, 2017 1:47:27 PM PDT","6323279801","Order","115-2218189-4431455","B1-7XGT-EESF","Desire Red Alfred Dunhill 3.4 EDT Cologne Spray Men","1","amazon.com","Standard Orders","Seller","JAMAICA","NY","11435-5723","","24.48","0","5.19","0","0","0","0","0","0","0","0","-4.45","0","0","0","25.22"
"Mar 28, 2017 1:48:07 PM PDT","6323279801","Shipping Services","115-2218189-4431455","","Shipping Label Purchased through Amazon","","","Standard Orders","","","","","","0","0","0","0","0","0","0","0","0","0","0","0","0","0","-4.46","-4.46"
"Mar 28, 2017 1:49:27 PM PDT","6323279801","Order","113-0912737-7001040","RF-LX73-TAHE","DIESEL PLUS PLUS by Diesel EDT SPRAY 2.5 OZ Masculine","1","amazon.com","Standard Orders","Seller","APEX","NORTH CAROLINA","27523-8242","","12.73","0","0","0","0","0","0","0","0","0","0","-1.91","0","0","0","10.82"
"Mar 28, 2017 1:50:05 PM PDT","6323279801","Shipping Services","113-0912737-7001040","","Shipping Label Purchased through Amazon","","","Standard Orders","","","","","","0","0","0","0","0","0","0","0","0","0","0","0","0","0","-3.62","-3.62"
"Mar 28, 2017 1:51:50 PM PDT","6323279801","Order","111-8567422-5714600","RF-LX73-TAHE","DIESEL PLUS PLUS by Diesel EDT SPRAY 2.5 OZ Masculine","1","amazon.com","Standard Orders","Seller","LAFAYETTE","LA","70506-3077","","12.73","0","0","0","0","0","0","0","0","0","0","-1.91","0","0","0","10.82"
"Mar 28, 2017 1:52:29 PM PDT","6323279801","Shipping Services","111-8567422-5714600","","Shipping Label Purchased through Amazon","","","Standard Orders","","","","","","0","0","0","0","0","0","0","0","0","0","0","0","0","0","-3.62","-3.62"
"Mar 28, 2017 1:53:12 PM PDT","6323279801","Order","108-3078735-1201818","BL-T5K9-7G6S","Diesel Plus Plus 2.5oz 3pc Gift Set for Man","1","amazon.com","Standard Orders","Seller","DORAL","FL","33198-1506","","19.47","0","6.47","0","0","0","0","0","0","0","0","-3.89","0","0","0","22.05"
"Mar 28, 2017 1:53:51 PM PDT","6323279801","Shipping Services","108-3078735-1201818","","Shipping Label Purchased through Amazon","","","Standard Orders","","","","","","0","0","0","0","0","0","0","0","0","0","0","0","0","0","-6.96","-6.96"
"Mar 28, 2017 1:54:53 PM PDT","6323279801","Order","105-4477992-1661836","FI-6L5M-3BSG","Bvlgari Men's BLV Pour Homme EDT Spray,Blue,3.4 oz","1","amazon.com","Standard Orders","Seller","OVERLAND PARK","KS","66221","","32.19","0","5.54","0","0","0","0","0","0","0","0","-5.66","0","0","0","32.07"
"Mar 28, 2017 1:55:31 PM PDT","6323279801","Shipping Services","105-4477992-1661836","","Shipping Label Purchased through Amazon","","","Standard Orders","","","","","","0","0","0","0","0","0","0","0","0","0","0","0","0","0","-4.46","-4.46"
"Mar 28, 2017 1:56:42 PM PDT","6323279801","Order","104-7087400-4889057","DT-GQQP-NJQJ","Thé Oné 3.4oz Eau De Parfum Sprày MéN by Dolcé ànd Gàbbànà","1","amazon.com","Standard Orders","Seller","CHICAGO","IL","60615-3813","","79.99","0","0","0","0","0","0","0","0","0","0","-12.00","0","0","0","67.99"
"Mar 28, 2017 1:57:21 PM PDT","6323279801","Shipping Services","104-7087400-4889057","","Shipping Label Purchased through Amazon","","","Standard Orders","","","","","","0","0","0","0","0","0","0","0","0","0","0","0","0","0","-6.20","-6.20"
"Mar 28, 2017 1:57:38 PM PDT","6323279801","Order","111-2781315-7025062","72-CU1L-SLHE","Cuba Variety By Cuba For Men. Set-4 Piece Mini Variety With Cuba Gold, Red, Blue, & Orange & All Are .17 OZ","1","amazon.com","Standard Orders","Seller","FALLBROOK","CA","92028-2307","","25.00","0","4.59","0","0","0","0","0","0","0","0","-4.44","0","0","0","25.15"
"Mar 28, 2017 1:58:16 PM PDT","6323279801","Shipping Services","111-2781315-7025062","","Shipping Label Purchased through Amazon","","","Standard Orders","","","","","","0","0","0","0","0","0","0","0","0","0","0","0","0","0","-3.90","-3.90"
"Mar 28, 2017 1:59:22 PM PDT","6323279801","Order","002-4343737-8445828","9F-TM9C-OPMW","Black Point by YZY Perfume","1","amazon.com","Standard Orders","Seller","NORTH MIAMI BEACH","FL","33162-4740","","5.60","0","5.49","0","0","0","0","0","0","0","0","-1.66","0","0","0","9.43"
"Mar 28, 2017 2:00:00 PM PDT","6323279801","Shipping Services","002-4343737-8445828","","Shipping Label Purchased through Amazon","","","Standard Orders","","","","","","0","0","0","0","0","0","0","0","0","0","0","0","0","0","-4.18","-4.18"
"Mar 28, 2017 2:00:12 PM PDT","6323279801","Order","115-0308010-0361014","GR-FCK2-0ICA","Insurrection Pure II By Reyane Tradition 3.0 Oz / 90 Ml Eau De Toilette Spray for Men","1","amazon.com","Standard Orders","Seller","MIAMI","FL","33183-2005","","22.98","0","5.64","0","0","0","0","0","0","0","0","-4.29","0","0","0","24.33"
"Mar 28, 2017 2:00:50 PM PDT","6323279801","Shipping Services","115-0308010-0361014","","Shipping Label Purchased through Amazon","","","Standard Orders","","","","","","0","0","0","0","0","0","0","0","0","0","0","0","0","0","-6.05","-6.05"
"Mar 28, 2017 2:06:53 PM PDT","6323279801","Order","116-5515314-0242608","RF-LX73-TAHE","DIESEL PLUS PLUS by Diesel EDT SPRAY 2.5 OZ Masculine","1","amazon.com","Standard Orders","Seller","AVON","IN","46123-4503","","13.56","0","0","0","0","0","0","0","0","0","0","-2.03","0","0","0","11.53"
"Mar 28, 2017 2:07:31 PM PDT","6323279801","Shipping Services","116-5515314-0242608","","Shipping Label Purchased through Amazon","","","Standard Orders","","","","","","0","0","0","0","0","0","0","0","0","0","0","0","0","0","-3.62","-3.62"
"Mar 28, 2017 2:08:19 PM PDT","6323279801","Order","107-7799359-3441809","DT-GQQP-NJQJ","Thé Oné 3.4oz Eau De Parfum Sprày MéN by Dolcé ànd Gàbbànà","1","amazon.com","Standard Orders","Seller","SAN JOSE","CA","95125-5219","","79.99","0","0","0","0","0","0","0","0","0","0","-12.00","0","0","0","67.99"
"Mar 28, 2017 2:08:57 PM PDT","6323279801","Shipping Services","107-7799359-3441809","","Shipping Label Purchased through Amazon","","","Standard Orders","","","","","","0","0","0","0","0","0","0","0","0","0","0","0","0","0","-6.20","-6.20"
"Mar 28, 2017 2:12:22 PM PDT","6323279801","Order","103-7489989-4765008","R9-V3EO-9GBV","Samba by Perfumer's Workshop for Women - 3.3 Ounce EDT Spray","2","amazon.com","Standard Orders","Seller","POMPANO BEACH","FL","33064-5608","","17.20","0","5.69","0","0","0","0","0","0","0","0","-3.44","0","0","0","19.45"
"Mar 28, 2017 2:13:01 PM PDT","6323279801","Shipping Services","103-7489989-4765008","","Shipping Label Purchased through Amazon","","","Standard Orders","","","","","","0","0","0","0","0","0","0","0","0","0","0","0","0","0","-6.05","-6.05"
"Mar 28, 2017 2:16:10 PM PDT","6323279801","Order","112-0262867-5093070","B1-9MKJ-ITAB","Swiss Army Mountain Water by Swiss Army, 3.4 Ounce 100ml EDT Spray","1","amazon.com","Standard Orders","Seller","Azusa","CA","91702","","22.87","0","5.04","0","0","0","0","0","0","0","0","-4.19","0","0","0","23.72"
"Mar 28, 2017 2:16:48 PM PDT","6323279801","Shipping Services","112-0262867-5093070","","Shipping Label Purchased through Amazon","","","Standard Orders","","","","","","0","0","0","0","0","0","0","0","0","0","0","0","0","0","-3.90","-3.90"
"Mar 28, 2017 2:17:39 PM PDT","6323279801","Order","102-6203275-1897839","B1-9MKJ-ITAB","Swiss Army Mountain Water by Swiss Army, 3.4 Ounce 100ml EDT Spray","1","amazon.com","Standard Orders","Seller","MIAMI","FL","33191-1622","","22.87","0","5.04","0","0","0","0","0","0","0","0","-4.19","0","0","0","23.72"
"Mar 28, 2017 2:18:16 PM PDT","6323279801","Shipping Services","102-6203275-1897839","","Shipping Label Purchased through Amazon","","","Standard Orders","","","","","","0","0","0","0","0","0","0","0","0","0","0","0","0","0","-3.90","-3.90"
"Mar 28, 2017 2:19:19 PM PDT","6323279801","Order","102-3848976-4483426","GR-FSVC-DTZN","Karen Low X Change Cool by Karen Low for Men Eau de Toilette Spray 3.4 oz","1","amazon.com","Standard Orders","Seller","BAKERSFIELD","CA","93314-9109","","14.99","0","0","0","0","0","0","0","0","0","0","-2.25","0","0","0","12.74"
"Mar 28, 2017 2:19:58 PM PDT","6323279801","Shipping Services","102-3848976-4483426","","Shipping Label Purchased through Amazon","","","Standard Orders","","","","","","0","0","0","0","0","0","0","0","0","0","0","0","0","0","-3.90","-3.90"
"Mar 28, 2017 3:28:40 PM PDT","6323279801","Order","116-0689934-0739430","Z7-YFWK-ATDZ","Radiance by Britney Spears, Eau De Parfum Spray, 3.3-Ounce","1","amazon.com","Standard Orders","Seller","DORAL","FL","33195-4116","","28.22","0","0","0","0","0","0","0","0","0","0","-4.23","0","0","0","23.99"
"Mar 28, 2017 3:29:17 PM PDT","6323279801","Shipping Services","116-0689934-0739430","","Shipping Label Purchased through Amazon","","","Standard Orders","","","","","","0","0","0","0","0","0","0","0","0","0","0","0","0","0","-4.46","-4.46"
"Mar 28, 2017 3:29:57 PM PDT","6323279801","Order","115-1310461-5266659","W0-88Z2-COX9","Elizabeth Taylor 4 Piece White Diamonds Fragrance Gift Set for Women","1","amazon.com","Standard Orders","Seller","TAMPA","FLORIDA","33614-3806","","36.99","0","6.49","0","0","0","0","0","0","0","0","-6.52","0","0","0","36.96"
"Mar 28, 2017 3:30:34 PM PDT","6323279801","Shipping Services","115-1310461-5266659","","Shipping Label Purchased through Amazon","","","Standard Orders","","","","","","0","0","0","0","0","0","0","0","0","0","0","0","0","0","-6.83","-6.83"
"Mar 28, 2017 3:31:31 PM PDT","6323279801","Order","114-0501893-6317815","0Y-13WR-ZN5E","L'homme Yves Saint Laurent By Yves Saint Laurent For Men. Eau De Toilette Spray 3.3-Ounces","1","amazon.com","Standard Orders","Seller","STATE COLLEGE","PA","16801-5907","","57.33","0","5.35","0","0","0","0","0","0","0","0","-9.40","0","0","0","53.28"
"Mar 28, 2017 3:32:05 PM PDT","6323279801","Shipping Services","114-0501893-6317815","","Shipping Label Purchased through Amazon","","","Standard Orders","","","","","","0","0","0","0","0","0","0","0","0","0","0","0","0","0","-4.47","-4.47"
"Mar 28, 2017 3:55:52 PM PDT","6323279801","Order","102-8888021-0010629","Z7-YFWK-ATDZ","Radiance by Britney Spears, Eau De Parfum Spray, 3.3-Ounce","1","amazon.com","Standard Orders","Seller","SURPRISE","AZ","85379-6091","","28.22","0","0","0","0","0","0","0","0","0","0","-4.23","0","0","0","23.99"
"Mar 28, 2017 3:56:29 PM PDT","6323279801","Shipping Services","102-8888021-0010629","","Shipping Label Purchased through Amazon","","","Standard Orders","","","","","","0","0","0","0","0","0","0","0","0","0","0","0","0","0","-4.46","-4.46"
"Mar 28, 2017 3:58:25 PM PDT","6323279801","Order","107-0218604-3746602","0Y-13WR-ZN5E","L'homme Yves Saint Laurent By Yves Saint Laurent For Men. Eau De Toilette Spray 3.3-Ounces","1","amazon.com","Standard Orders","Seller","PRAIRIE VILLAGE","KANSAS","66208-2548","","57.58","0","5.35","0","0","0","0","0","0","0","0","-9.44","0","0","0","53.49"
"Mar 28, 2017 3:59:04 PM PDT","6323279801","Shipping Services","107-0218604-3746602","","Shipping Label Purchased through Amazon","","","Standard Orders","","","","","","0","0","0","0","0","0","0","0","0","0","0","0","0","0","-4.47","-4.47"
"Mar 28, 2017 4:00:41 PM PDT","6323279801","Order","107-1640599-8558668","XU-A1VS-TZDF","Light Blué Women Gift Set 3.3 oz Eau De Toilette Spray + 3.4 oz Body Cream + 3.4 oz Shower.","1","amazon.com","Standard Orders","Seller","MESQUITE","TX","75150-3519","","88.12","0","4.49","0","0","0","0","0","0","0","0","-13.89","0","0","0","78.72"
"Mar 28, 2017 4:01:20 PM PDT","6323279801","Shipping Services","107-1640599-8558668","","Shipping Label Purchased through Amazon","","","Standard Orders","","","","","","0","0","0","0","0","0","0","0","0","0","0","0","0","0","-7.11","-7.11"
"Mar 28, 2017 4:04:13 PM PDT","6323279801","Order","108-1013468-9676209","VA-K45B-S1M7","4711 by Muelhens EAU DE COLOGNE 10 OZ","2","amazon.com","Standard Orders","Seller","MIAMI","FL","33191-1101","","38.00","0","7.13","0","0","0","0","0","0","0","0","-6.78","0","0","0","38.35"
"Mar 28, 2017 4:04:50 PM PDT","6323279801","Shipping Services","108-1013468-9676209","","Shipping Label Purchased through Amazon","","","Standard Orders","","","","","","0","0","0","0","0","0","0","0","0","0","0","0","0","0","-6.96","-6.96"
"Mar 28, 2017 4:06:03 PM PDT","6323279801","Order","102-2581789-1013009","IL-IROW-9WPF","Cuba Gold by Cuba 20 x 1.17 oz Eau de Toilette Spray ( 1 Box )","2","amazon.com","Standard Orders","Seller","SAN RAMON","CA","94582-4611","","119.00","0","4.49","0","0","0","0","0","0","0","0","-18.52","0","0","0","104.97"
"Mar 28, 2017 4:06:43 PM PDT","6323279801","Shipping Services","102-2581789-1013009","","Shipping Label Purchased through Amazon","","","Standard Orders","","","","","","0","0","0","0","0","0","0","0","0","0","0","0","0","0","-10.87","-10.87"
"Mar 28, 2017 4:46:56 PM PDT","6323279801","Refund","106-4414499-1909849","Z7-YFWK-ATDZ","Radiance by Britney Spears, Eau De Parfum Spray, 3.3-Ounce","1","amazon.com","Standard Orders","Seller","HOUSTON","TX","77271-0081","","-23.50","0","0","0","0","0","0","0","0","0","0","2.82","0","0","0","-20.68"
"Mar 28, 2017 5:03:16 PM PDT","6323279801","Order","114-5059134-0591430","74-DRG6-NKAA","Estee Lauder Purse Beautiful Eau de Parfum Spray for Women, 6 Count","1","amazon.com","Standard Orders","Seller","LITTLETON","CO","80120-5427","","65.96","0","0","0","0","0","0","0","0","0","0","-9.89","0","0","0","56.07"
"Mar 28, 2017 5:03:54 PM PDT","6323279801","Shipping Services","114-5059134-0591430","","Shipping Label Purchased through Amazon","","","Standard Orders","","","","","","0","0","0","0","0","0","0","0","0","0","0","0","0","0","-4.47","-4.47"
"Mar 29, 2017 1:09:23 PM PDT","6323279801","Order","114-2933828-0504263","GD-NZTJ-34FK","Karl Lagerfeld Eau De Toilette Spray, 3.4 Ounce","2","amazon.com","Standard Orders","Seller","BRONX","NY","10454-3713","","47.90","0","6.59","0","0","0","0","0","0","0","0","-8.18","0","0","0","46.31"
"Mar 29, 2017 1:10:00 PM PDT","6323279801","Shipping Services","114-2933828-0504263","","Shipping Label Purchased through Amazon","","","Standard Orders","","","","","","0","0","0","0","0","0","0","0","0","0","0","0","0","0","-6.05","-6.05"
"Mar 29, 2017 1:11:19 PM PDT","6323279801","Order","104-2152583-7467449","BF-2O4Q-JYRE","Paco Rabanne 1 million Cologne for Men 6.8 oz Eau De Toilette Spray","1","amazon.com","Standard Orders","Seller","DANBURY","CT","06810-5935","","82.70","0","9.99","0","0","0","0","0","0","0","0","-13.90","0","0","0","78.79"
"Mar 29, 2017 1:11:55 PM PDT","6323279801","Shipping Services","104-2152583-7467449","","Shipping Label Purchased through Amazon","","","Standard Orders","","","","","","0","0","0","0","0","0","0","0","0","0","0","0","0","0","-6.78","-6.78"
"Mar 29, 2017 1:22:25 PM PDT","6323279801","Order","113-4367319-0721829","1O-YSQR-VEK9","1 Million Fragrance By Paco Rabanne 3pc Travel Edition Gift Set . 3.4 Fl.Oz. Eau De Toilette Spray + 3.4 S/G Men+15ml spray Mini For Men","1","amazon.com","Standard Orders","Seller","GRANT","FLORIDA","32949-8125","","70.53","0","4.49","0","0","0","0","0","0","0","0","-11.25","0","0","0","63.77"
"Mar 29, 2017 1:23:03 PM PDT","6323279801","Shipping Services","113-4367319-0721829","","Shipping Label Purchased through Amazon","","","Standard Orders","","","","","","0","0","0","0","0","0","0","0","0","0","0","0","0","0","-6.98","-6.98"
"Mar 29, 2017 1:46:31 PM PDT","6323279801","Order","116-0248349-8846677","TP-JZ2P-HJSY","Daisy Eau So Fresh by Marc Jacobs Eau De Toilette Spray 4.2 oz Women's","1","amazon.com","Standard Orders","Seller","SAN LEANDRO","CA","94577-5400","","59.00","0","4.97","0","0","0","0","0","0","0","0","-9.60","0","0","0","54.37"
"Mar 29, 2017 1:47:05 PM PDT","6323279801","Shipping Services","116-0248349-8846677","","Shipping Label Purchased through Amazon","","","Standard Orders","","","","","","0","0","0","0","0","0","0","0","0","0","0","0","0","0","-4.61","-4.61"
"Mar 29, 2017 1:47:31 PM PDT","6323279801","Order","115-4653379-5914630","BF-2O4Q-JYRE","Paco Rabanne 1 million Cologne for Men 6.8 oz Eau De Toilette Spray","1","amazon.com","Standard Orders","Seller","MIAMI","FLORIDA","33182-2291","","82.70","0","0","0","0","0","0","0","0","0","0","-12.41","0","0","0","70.29"
"Mar 29, 2017 1:48:08 PM PDT","6323279801","Shipping Services","115-4653379-5914630","","Shipping Label Purchased through Amazon","","","Standard Orders","","","","","","0","0","0","0","0","0","0","0","0","0","0","0","0","0","-6.20","-6.20"
"Mar 29, 2017 1:48:32 PM PDT","6323279801","Order","114-0515235-0837800","TP-JZ2P-HJSY","Daisy Eau So Fresh by Marc Jacobs Eau De Toilette Spray 4.2 oz Women's","1","amazon.com","Standard Orders","Seller","PARMA","OHIO","44130-1868","","59.00","0","4.97","0","0","0","0","0","0","0","0","-9.60","0","0","0","54.37"
"Mar 29, 2017 1:49:08 PM PDT","6323279801","Shipping Services","114-0515235-0837800","","Shipping Label Purchased through Amazon","","","Standard Orders","","","","","","0","0","0","0","0","0","0","0","0","0","0","0","0","0","-4.61","-4.61"
"Mar 30, 2017 1:42:26 PM PDT","6324962971","Order","114-8736817-1949803","PO-CX8T-9V0U","Nautica Voyage By Nautica For Men. Eau De Toilette Spray 3.4 oz","1","amazon.com","Standard Orders","Seller","Metairie","LA","70001","","15.18","0","5.09","0","0","0","0","0","0","0","0","-3.04","0","0","0","17.23"
"Mar 30, 2017 1:43:03 PM PDT","6324962971","Shipping Services","114-8736817-1949803","","Shipping Label Purchased through Amazon","","","Standard Orders","","","","","","0","0","0","0","0","0","0","0","0","0","0","0","0","0","-4.32","-4.32"
"Mar 30, 2017 1:44:09 PM PDT","6324962971","Order","114-0764108-2497808","RF-LX73-TAHE","DIESEL PLUS PLUS by Diesel EDT SPRAY 2.5 OZ Masculine","1","amazon.com","Standard Orders","Seller","METAIRIE","LA","70005-2304","","13.56","0","0","0","0","0","0","0","0","0","0","-2.03","0","0","0","11.53"
"Mar 30, 2017 1:44:42 PM PDT","6324962971","Shipping Services","114-0764108-2497808","","Shipping Label Purchased through Amazon","","","Standard Orders","","","","","","0","0","0","0","0","0","0","0","0","0","0","0","0","0","-3.62","-3.62"
"Mar 30, 2017 1:46:09 PM PDT","6324962971","Order","113-7046109-9890645","JV-B0NK-CR8U","360 Red by Perry Ellis for Men - 3.4 Ounce EDT Spray","1","amazon.com","Standard Orders","Seller","VALLEJO","CA","94590-5145","","19.74","0","4.98","0","0","0","0","0","0","0","0","-3.71","0","0","0","21.01"
"Mar 30, 2017 1:46:42 PM PDT","6324962971","Shipping Services","113-7046109-9890645","","Shipping Label Purchased through Amazon","","","Standard Orders","","","","","","0","0","0","0","0","0","0","0","0","0","0","0","0","0","-4.18","-4.18"
"Mar 30, 2017 1:47:37 PM PDT","6324962971","Order","113-1165214-9744250","PO-CX8T-9V0U","Nautica Voyage By Nautica For Men. Eau De Toilette Spray 3.4 oz","1","amazon.com","Standard Orders","Seller","Nashville","Tennessee","37219","","15.18","0","5.09","0","0","0","0","0","0","0","0","-3.04","0","0","0","17.23"
"Mar 30, 2017 1:48:13 PM PDT","6324962971","Shipping Services","113-1165214-9744250","","Shipping Label Purchased through Amazon","","","Standard Orders","","","","","","0","0","0","0","0","0","0","0","0","0","0","0","0","0","-4.32","-4.32"
"Mar 30, 2017 1:49:07 PM PDT","6324962971","Order","112-0418098-6016268","LX-TSWW-29S8","White Diamonds By Elizabeth Taylor Edt Spray 3.3 Oz for Women","1","amazon.com","Standard Orders","Seller","KAUNAKAKAI","HI","96748-0924","","23.97","0","14.51","0","0","0","0","0","0","0","0","-5.77","0","0","0","32.71"
"Mar 30, 2017 1:49:44 PM PDT","6324962971","Shipping Services","112-0418098-6016268","","Shipping Label Purchased through Amazon","","","Standard Orders","","","","","","0","0","0","0","0","0","0","0","0","0","0","0","0","0","-6.05","-6.05"
"Mar 30, 2017 1:50:24 PM PDT","6324962971","Order","111-6445411-5069829","PO-CX8T-9V0U","Nautica Voyage By Nautica For Men. Eau De Toilette Spray 3.4 oz","1","amazon.com","Standard Orders","Seller","BRONX","NY","10451-4509","","20.18","0","5.09","0","0","0","0","0","0","0","0","-3.79","0","0","0","21.48"
"Mar 30, 2017 1:50:57 PM PDT","6324962971","Shipping Services","111-6445411-5069829","","Shipping Label Purchased through Amazon","","","Standard Orders","","","","","","0","0","0","0","0","0","0","0","0","0","0","0","0","0","-4.32","-4.32"
"Mar 30, 2017 1:51:28 PM PDT","6324962971","Order","111-3900676-7915412","PO-CX8T-9V0U","Nautica Voyage By Nautica For Men. Eau De Toilette Spray 3.4 oz","1","amazon.com","Standard Orders","Seller","DOVER","DE","19901-4711","","15.18","0","5.09","0","0","0","0","0","0","0","0","-3.04","0","0","0","17.23"
"Mar 30, 2017 1:52:05 PM PDT","6324962971","Shipping Services","111-3900676-7915412","","Shipping Label Purchased through Amazon","","","Standard Orders","","","","","","0","0","0","0","0","0","0","0","0","0","0","0","0","0","-4.32","-4.32"
"Mar 30, 2017 1:52:40 PM PDT","6324962971","Order","107-4024895-8340258","PO-CX8T-9V0U","Nautica Voyage By Nautica For Men. Eau De Toilette Spray 3.4 oz","1","amazon.com","Standard Orders","Seller","WEST OLIVE","MI","49460-9763","","15.18","0","5.09","0","0","0","0","0","0","0","0","-3.04","0","0","0","17.23"
"Mar 30, 2017 1:53:10 PM PDT","6324962971","Shipping Services","107-4024895-8340258","","Shipping Label Purchased through Amazon","","","Standard Orders","","","","","","0","0","0","0","0","0","0","0","0","0","0","0","0","0","-4.32","-4.32"
"Mar 30, 2017 1:54:08 PM PDT","6324962971","Order","107-3889503-1473815","PO-CX8T-9V0U","Nautica Voyage By Nautica For Men. Eau De Toilette Spray 3.4 oz","1","amazon.com","Standard Orders","Seller","KINGWOOD","TEXAS","77339-1250","","15.18","0","5.09","0","0","0","0","0","0","0","0","-3.04","0","0","0","17.23"
"Mar 30, 2017 1:54:45 PM PDT","6324962971","Shipping Services","107-3889503-1473815","","Shipping Label Purchased through Amazon","","","Standard Orders","","","","","","0","0","0","0","0","0","0","0","0","0","0","0","0","0","-4.32","-4.32"
"Mar 30, 2017 1:55:12 PM PDT","6324962971","Order","104-7133575-1587421","PO-CX8T-9V0U","Nautica Voyage By Nautica For Men. Eau De Toilette Spray 3.4 oz","1","amazon.com","Standard Orders","Seller","COLLEGE PARK","GA","30349-8510","","15.18","0","5.09","0","0","0","0","0","0","0","0","-3.04","0","0","0","17.23"
"Mar 30, 2017 1:55:47 PM PDT","6324962971","Shipping Services","104-7133575-1587421","","Shipping Label Purchased through Amazon","","","Standard Orders","","","","","","0","0","0","0","0","0","0","0","0","0","0","0","0","0","-4.32","-4.32"
"Mar 30, 2017 1:56:11 PM PDT","6324962971","Order","104-6004969-9835430","PO-CX8T-9V0U","Nautica Voyage By Nautica For Men. Eau De Toilette Spray 3.4 oz","1","amazon.com","Standard Orders","Seller","grant","fl","32949","","15.18","0","5.09","0","0","0","0","0","0","0","0","-3.04","0","0","0","17.23"
"Mar 30, 2017 1:56:47 PM PDT","6324962971","Shipping Services","104-6004969-9835430","","Shipping Label Purchased through Amazon","","","Standard Orders","","","","","","0","0","0","0","0","0","0","0","0","0","0","0","0","0","-4.32","-4.32"
"Mar 30, 2017 1:57:32 PM PDT","6324962971","Order","104-0066316-1019452","PO-CX8T-9V0U","Nautica Voyage By Nautica For Men. Eau De Toilette Spray 3.4 oz","1","amazon.com","Standard Orders","Seller","DORAL","FL","33195-6503","","15.18","0","5.09","0","0","0","0","0","0","0","0","-3.04","0","0","0","17.23"
"Mar 30, 2017 1:58:07 PM PDT","6324962971","Shipping Services","104-0066316-1019452","","Shipping Label Purchased through Amazon","","","Standard Orders","","","","","","0","0","0","0","0","0","0","0","0","0","0","0","0","0","-4.32","-4.32"
"Mar 30, 2017 1:59:04 PM PDT","6324962971","Order","103-6493431-4825056","PO-CX8T-9V0U","Nautica Voyage By Nautica For Men. Eau De Toilette Spray 3.4 oz","1","amazon.com","Standard Orders","Seller","BATON ROUGE","LA","70805-3733","","15.18","0","5.09","0","0","0","0","0","0","0","0","-3.04","0","0","0","17.23"
"Mar 30, 2017 1:59:42 PM PDT","6324962971","Shipping Services","103-6493431-4825056","","Shipping Label Purchased through Amazon","","","Standard Orders","","","","","","0","0","0","0","0","0","0","0","0","0","0","0","0","0","-4.32","-4.32"
"Mar 30, 2017 2:00:26 PM PDT","6324962971","Order","103-5650216-9336251","LX-TSWW-29S8","White Diamonds By Elizabeth Taylor Edt Spray 3.3 Oz for Women","1","amazon.com","Standard Orders","Seller","GLENNVILLE","GA","30427-2841","","24.08","0","5.50","0","0","0","0","0","0","0","0","-4.44","0","0","0","25.14"
"Mar 30, 2017 2:01:02 PM PDT","6324962971","Shipping Services","103-5650216-9336251","","Shipping Label Purchased through Amazon","","","Standard Orders","","","","","","0","0","0","0","0","0","0","0","0","0","0","0","0","0","-4.04","-4.04"
"Mar 30, 2017 2:01:50 PM PDT","6324962971","Order","104-0953821-8407416","2L-YX0W-CS37","Johan B Merveille Eau De Parfum Spray for Women, 3.4 Ounce","2","amazon.com","Standard Orders","Seller","Orlando","FL","32836-5475","","65.98","0","0","0","0","0","0","0","0","0","0","-9.90","0","0","0","56.08"
"Mar 30, 2017 2:02:23 PM PDT","6324962971","Shipping Services","104-0953821-8407416","","Shipping Label Purchased through Amazon","","","Standard Orders","","","","","","0","0","0","0","0","0","0","0","0","0","0","0","0","0","-6.20","-6.20"
"Mar 30, 2017 2:03:38 PM PDT","6324962971","Order","104-4797412-0459467","2L-YX0W-CS37","Johan B Merveille Eau De Parfum Spray for Women, 3.4 Ounce","1","amazon.com","Standard Orders","Seller","GIBSONIA","PA","15044-8946","","32.99","0","0","0","0","0","0","0","0","0","0","-4.95","0","0","0","28.04"
"Mar 30, 2017 2:04:15 PM PDT","6324962971","Shipping Services","104-4797412-0459467","","Shipping Label Purchased through Amazon","","","Standard Orders","","","","","","0","0","0","0","0","0","0","0","0","0","0","0","0","0","-4.46","-4.46"
"Mar 30, 2017 2:05:40 PM PDT","6324962971","Order","108-0611412-7044265","GR-FCK2-0ICA","Insurrection Pure II By Reyane Tradition 3.0 Oz / 90 Ml Eau De Toilette Spray for Men","1","amazon.com","Standard Orders","Seller","MIAMISBURG","OH","45342-5222","","23.87","0","5.64","0","0","0","0","0","0","0","0","-4.43","0","0","0","25.08"
"Mar 30, 2017 2:06:16 PM PDT","6324962971","Shipping Services","108-0611412-7044265","","Shipping Label Purchased through Amazon","","","Standard Orders","","","","","","0","0","0","0","0","0","0","0","0","0","0","0","0","0","-6.05","-6.05"
"Mar 30, 2017 2:06:44 PM PDT","6324962971","Order","002-5200697-0910604","2R-XBDJ-90C7","Carolina Herrera 212 Vip Rose Eau de Parfum Spray for Women, 1.7 Ounce","1","amazon.com","Standard Orders","Seller","hialeah","FL","33012","","53.85","0","0","0","0","0","0","0","0","0","0","-8.08","0","0","0","45.77"
"Mar 30, 2017 2:07:22 PM PDT","6324962971","Shipping Services","002-5200697-0910604","","Shipping Label Purchased through Amazon","","","Standard Orders","","","","","","0","0","0","0","0","0","0","0","0","0","0","0","0","0","-4.47","-4.47"
"Mar 30, 2017 2:13:03 PM PDT","6324962971","Order","112-7293925-2352244","1O-YSQR-VEK9","1 Million Fragrance By Paco Rabanne 3pc Travel Edition Gift Set . 3.4 Fl.Oz. Eau De Toilette Spray + 3.4 S/G Men+15ml spray Mini For Men","1","amazon.com","Standard Orders","Seller","LANTANA","FL","33462-3028","","70.00","0","4.49","0","0","0","0","0","0","0","0","-11.17","0","0","0","63.32"
"Mar 30, 2017 2:13:40 PM PDT","6324962971","Shipping Services","112-7293925-2352244","","Shipping Label Purchased through Amazon","","","Standard Orders","","","","","","0","0","0","0","0","0","0","0","0","0","0","0","0","0","-7.11","-7.11"
"Mar 31, 2017 11:02:44 AM PDT","6325730091","Transfer","","","To your account ending in: 6276, Bank Transfer ID: 091000015629625","","","Standard Orders","","","","","","0","0","0","0","0","0","0","0","0","0","0","0","0","0","-1,075.70","-1,075.70"
"Mar 31, 2017 1:27:31 PM PDT","6325730091","Order","113-8413821-9110665","DT-GQQP-NJQJ","Thé Oné 3.4oz Eau De Parfum Sprày MéN by Dolcé ànd Gàbbànà","1","amazon.com","Standard Orders","Seller","CHRISTIANSBURG","VA","24073-2470","","79.99","0","27.00","0","0","0","0","0","0","0","0","-16.05","0","0","0","90.94"
"Mar 31, 2017 1:28:15 PM PDT","6325730091","Shipping Services","113-8413821-9110665","","Shipping Label Purchased through Amazon","","","Standard Orders","","","","","","0","0","0","0","0","0","0","0","0","0","0","0","0","0","-21.63","-21.63"
"Mar 31, 2017 1:28:50 PM PDT","6325730091","Order","114-9626775-1277052","RF-LX73-TAHE","DIESEL PLUS PLUS by Diesel EDT SPRAY 2.5 OZ Masculine","1","amazon.com","Standard Orders","Seller","Miami","Fl","33183","","13.56","0","0","0","0","0","0","0","0","0","0","-2.03","0","0","0","11.53"
"Mar 31, 2017 1:29:28 PM PDT","6325730091","Shipping Services","114-9626775-1277052","","Shipping Label Purchased through Amazon","","","Standard Orders","","","","","","0","0","0","0","0","0","0","0","0","0","0","0","0","0","-3.62","-3.62"
"Mar 31, 2017 1:30:03 PM PDT","6325730091","Order","114-8398307-0085069","PO-CX8T-9V0U","Nautica Voyage By Nautica For Men. Eau De Toilette Spray 3.4 oz","1","amazon.com","Standard Orders","Seller","NOVATO","CA","94949-5497","","17.80","0","9.89","0","0","0","0","0","0","0","0","-4.15","0","0","0","23.54"
"Mar 31, 2017 1:30:36 PM PDT","6325730091","Shipping Services","114-8398307-0085069","","Shipping Label Purchased through Amazon","","","Standard Orders","","","","","","0","0","0","0","0","0","0","0","0","0","0","0","0","0","-6.05","-6.05"
"Mar 31, 2017 1:31:09 PM PDT","6325730091","Order","114-3072384-7621859","PO-CX8T-9V0U","Nautica Voyage By Nautica For Men. Eau De Toilette Spray 3.4 oz","1","amazon.com","Standard Orders","Seller","KEY WEST","FLORIDA","33040-4925","","17.80","0","5.09","0","0","0","0","0","0","0","0","-3.43","0","0","0","19.46"
"Mar 31, 2017 1:31:40 PM PDT","6325730091","Shipping Services","114-3072384-7621859","","Shipping Label Purchased through Amazon","","","Standard Orders","","","","","","0","0","0","0","0","0","0","0","0","0","0","0","0","0","-4.32","-4.32"
"Mar 31, 2017 1:32:11 PM PDT","6325730091","Order","114-0444446-5549035","PO-CX8T-9V0U","Nautica Voyage By Nautica For Men. Eau De Toilette Spray 3.4 oz","1","amazon.com","Standard Orders","Seller","NASHVILLE","TN","37235-0001","","17.80","0","5.09","0","0","0","0","0","0","0","0","-3.43","0","0","0","19.46"
"Mar 31, 2017 1:32:45 PM PDT","6325730091","Shipping Services","114-0444446-5549035","","Shipping Label Purchased through Amazon","","","Standard Orders","","","","","","0","0","0","0","0","0","0","0","0","0","0","0","0","0","-4.32","-4.32"
"Mar 31, 2017 1:33:10 PM PDT","6325730091","Order","113-7930193-7286669","IO-HZ2V-OAW9","Viktor & Rolf Flowerbomb Eau De Parfum 100ml / 3.4 Oz","1","amazon.com","Standard Orders","Seller","ITHACA","NY","14850-8787","","110.43","0","4.55","0","0","0","0","0","0","0","0","-17.25","0","0","0","97.73"
"Mar 31, 2017 1:33:47 PM PDT","6325730091","Shipping Services","113-7930193-7286669","","Shipping Label Purchased through Amazon","","","Standard Orders","","","","","","0","0","0","0","0","0","0","0","0","0","0","0","0","0","-6.65","-6.65"
"Mar 31, 2017 1:34:14 PM PDT","6325730091","Order","113-5052285-9885028","W4-6TKK-M8MV","BRUT by Faberge Cologne Spray (Original-Glass Bottle) 3 oz","2","amazon.com","Standard Orders","Seller","KNOXVILLE","IA","50138-1062","","29.18","0","0","0","0","0","0","0","0","0","0","-4.38","0","0","0","24.80"
"Mar 31, 2017 1:34:50 PM PDT","6325730091","Shipping Services","113-5052285-9885028","","Shipping Label Purchased through Amazon","","","Standard Orders","","","","","","0","0","0","0","0","0","0","0","0","0","0","0","0","0","-6.05","-6.05"
"Mar 31, 2017 1:35:40 PM PDT","6325730091","Order","111-8926445-8085825","21-NWUH-FKC6","Liz Claiborne Curve Men Gift Set (Spray, Skin Soother, Hair and Body Wash)","1","amazon.com","Standard Orders","Seller","COLUMBUS","OH","43231-4808","","34.34","0","12.21","0","0","0","0","0","0","0","0","-6.98","0","0","0","39.57"
"Mar 31, 2017 1:36:15 PM PDT","6325730091","Shipping Services","111-8926445-8085825","","Shipping Label Purchased through Amazon","","","Standard Orders","","","","","","0","0","0","0","0","0","0","0","0","0","0","0","0","0","-6.93","-6.93"
"Mar 31, 2017 1:37:27 PM PDT","6325730091","Order","111-0856217-7957864","WR-AM4A-Y6QY","Paco Rabanne Invictus by Paco Rabanne Edt Spray 3.4 oz for Men","1","amazon.com","Standard Orders","Seller","SAN ANTONIO","TEXAS","78253-6269","","57.92","0","5.37","0","0","0","0","0","0","0","0","-9.49","0","0","0","53.80"
"Mar 31, 2017 1:38:03 PM PDT","6325730091","Shipping Services","111-0856217-7957864","","Shipping Label Purchased through Amazon","","","Standard Orders","","","","","","0","0","0","0","0","0","0","0","0","0","0","0","0","0","-4.61","-4.61"
"Mar 31, 2017 1:39:14 PM PDT","6325730091","Order","111-2547841-1589834","PO-CX8T-9V0U","Nautica Voyage By Nautica For Men. Eau De Toilette Spray 3.4 oz","4","amazon.com","Standard Orders","Seller","BROOKLYN","NY","11226-1849","","68.00","0","6.89","0","0","0","0","0","0","0","0","-11.24","0","0","0","63.65"
"Mar 31, 2017 1:39:50 PM PDT","6325730091","Shipping Services","111-2547841-1589834","","Shipping Label Purchased through Amazon","","","Standard Orders","","","","","","0","0","0","0","0","0","0","0","0","0","0","0","0","0","-6.78","-6.78"
"Mar 31, 2017 1:40:10 PM PDT","6325730091","Order","111-0284765-5237835","PO-CX8T-9V0U","Nautica Voyage By Nautica For Men. Eau De Toilette Spray 3.4 oz","1","amazon.com","Standard Orders","Seller","Mansfield","Ohio","44903","","17.00","0","5.09","0","0","0","0","0","0","0","0","-3.31","0","0","0","18.78"
"Mar 31, 2017 1:40:46 PM PDT","6325730091","Shipping Services","111-0284765-5237835","","Shipping Label Purchased through Amazon","","","Standard Orders","","","","","","0","0","0","0","0","0","0","0","0","0","0","0","0","0","-4.32","-4.32"
"Mar 31, 2017 1:41:15 PM PDT","6325730091","Order","108-7444100-5015451","N6-T97C-HZ2W","INSURRECTION by Reyane Tradition Men's Eau De Toilette Spray 3.4 oz - 100% Authentic","1","amazon.com","Standard Orders","Seller","Austin","TX","78753","","21.40","0","0","0","0","0","0","0","0","0","0","-3.21","0","0","0","18.19"
"Mar 31, 2017 1:41:53 PM PDT","6325730091","Shipping Services","108-7444100-5015451","","Shipping Label Purchased through Amazon","","","Standard Orders","","","","","","0","0","0","0","0","0","0","0","0","0","0","0","0","0","-4.46","-4.46"
"Mar 31, 2017 1:42:47 PM PDT","6325730091","Order","108-6186609-1821048","PO-CX8T-9V0U","Nautica Voyage By Nautica For Men. Eau De Toilette Spray 3.4 oz","1","amazon.com","Standard Orders","Seller","ALPINE","CA","91901-2886","","17.00","0","5.09","0","0","0","0","0","0","0","0","-3.31","0","0","0","18.78"
"Mar 31, 2017 1:43:24 PM PDT","6325730091","Shipping Services","108-6186609-1821048","","Shipping Label Purchased through Amazon","","","Standard Orders","","","","","","0","0","0","0","0","0","0","0","0","0","0","0","0","0","-4.32","-4.32"
"Mar 31, 2017 1:43:46 PM PDT","6325730091","Order","108-4875154-1513847","9G-KZKO-Z3GU","Bvlgari Bvlgari Omnia Amethyste EDT Perfume 25ml","1","amazon.com","Standard Orders","Seller","Glenview","Illinois","60025","","51.47","0","4.51","0","0","0","0","0","0","0","0","-8.40","0","0","0","47.58"
"Mar 31, 2017 1:44:22 PM PDT","6325730091","Shipping Services","108-4875154-1513847","","Shipping Label Purchased through Amazon","","","Standard Orders","","","","","","0","0","0","0","0","0","0","0","0","0","0","0","0","0","-3.91","-3.91"
"Mar 31, 2017 1:45:14 PM PDT","6325730091","Order","108-0459623-6609811","RF-LX73-TAHE","DIESEL PLUS PLUS by Diesel EDT SPRAY 2.5 OZ Masculine","1","amazon.com","Standard Orders","Seller","BLOOMINGTON","MN","55438-1360","","13.56","0","0","0","0","0","0","0","0","0","0","-2.03","0","0","0","11.53"
"Mar 31, 2017 1:45:50 PM PDT","6325730091","Shipping Services","108-0459623-6609811","","Shipping Label Purchased through Amazon","","","Standard Orders","","","","","","0","0","0","0","0","0","0","0","0","0","0","0","0","0","-3.62","-3.62"
"Mar 31, 2017 1:46:27 PM PDT","6325730091","Order","108-2894067-5629059","8S-BF2V-JH39","Piver Pompeia Cologne 14.25 oz Splash","1","amazon.com","Standard Orders","Seller","HOUSTON","TX","77061-3225","","26.39","0","5.49","0","0","0","0","0","0","0","0","-4.78","0","0","0","27.10"
"Mar 31, 2017 1:47:05 PM PDT","6325730091","Shipping Services","108-2894067-5629059","","Shipping Label Purchased through Amazon","","","Standard Orders","","","","","","0","0","0","0","0","0","0","0","0","0","0","0","0","0","-6.96","-6.96"
"Mar 31, 2017 1:47:50 PM PDT","6325730091","Order","104-8882088-4471428","N5-B3PK-64P7","Karen Low Pure Crystal Eau de Parfum Spray for Women, 3.4 Ounce","1","amazon.com","Standard Orders","Seller","Larimer","PA","15647","","15.00","0","0","0","0","0","0","0","0","0","0","-2.25","0","0","0","12.75"
"Mar 31, 2017 1:48:26 PM PDT","6325730091","Shipping Services","104-8882088-4471428","","Shipping Label Purchased through Amazon","","","Standard Orders","","","","","","0","0","0","0","0","0","0","0","0","0","0","0","0","0","-4.18","-4.18"
"Mar 31, 2017 1:49:24 PM PDT","6325730091","Order","108-0362291-1840265","PO-CX8T-9V0U","Nautica Voyage By Nautica For Men. Eau De Toilette Spray 3.4 oz","1","amazon.com","Standard Orders","Seller","TOLEDO","OH","43612","","17.80","0","5.09","0","0","0","0","0","0","0","0","-3.43","0","0","0","19.46"
"Mar 31, 2017 1:49:44 PM PDT","6325730091","Shipping Services","108-0362291-1840265","","Shipping Label Purchased through Amazon","","","Standard Orders","","","","","","0","0","0","0","0","0","0","0","0","0","0","0","0","0","-4.32","-4.32"
"Mar 31, 2017 1:50:20 PM PDT","6325730091","Order","107-2308536-5831463","PO-CX8T-9V0U","Nautica Voyage By Nautica For Men. Eau De Toilette Spray 3.4 oz","1","amazon.com","Standard Orders","Seller","Port Neches","TX","77651-6102","","17.00","0","5.09","0","0","0","0","0","0","0","0","-3.31","0","0","0","18.78"
"Mar 31, 2017 1:50:57 PM PDT","6325730091","Shipping Services","107-2308536-5831463","","Shipping Label Purchased through Amazon","","","Standard Orders","","","","","","0","0","0","0","0","0","0","0","0","0","0","0","0","0","-4.32","-4.32"
"Mar 31, 2017 1:51:55 PM PDT","6325730091","Order","103-8806127-0081833","N5-B3PK-64P7","Karen Low Pure Crystal Eau de Parfum Spray for Women, 3.4 Ounce","1","amazon.com","Standard Orders","Seller","MEMPHIS","TN","38115","","15.00","0","0","0","0","0","0","0","0","0","0","-2.25","0","0","0","12.75"
"Mar 31, 2017 1:52:30 PM PDT","6325730091","Shipping Services","103-8806127-0081833","","Shipping Label Purchased through Amazon","","","Standard Orders","","","","","","0","0","0","0","0","0","0","0","0","0","0","0","0","0","-4.18","-4.18"
"Mar 31, 2017 1:53:39 PM PDT","6325730091","Order","103-7221880-7498619","JQ-XP7R-N74L","212 VIP ROSE by Carolina Herrera 2.7 Ounce / 80 ml Eau de Parfum Women Perfume Spray","2","amazon.com","Standard Orders","Seller","ARLINGTON","VA","22206-2576","","138.80","0","11.69","0","0","0","0","0","0","0","0","-22.58","0","0","0","127.91"
"Mar 31, 2017 1:54:15 PM PDT","6325730091","Shipping Services","103-7221880-7498619","","Shipping Label Purchased through Amazon","","","Standard Orders","","","","","","0","0","0","0","0","0","0","0","0","0","0","0","0","0","-6.65","-6.65"
"Mar 31, 2017 1:57:26 PM PDT","6325730091","Order","103-5055211-9417063","PO-CX8T-9V0U","Nautica Voyage By Nautica For Men. Eau De Toilette Spray 3.4 oz","1","amazon.com","Standard Orders","Seller","thomasville","nc","27360","","15.18","0","5.09","0","0","0","0","0","0","0","0","-3.04","0","0","0","17.23"
"Mar 31, 2017 1:58:04 PM PDT","6325730091","Shipping Services","103-5055211-9417063","","Shipping Label Purchased through Amazon","","","Standard Orders","","","","","","0","0","0","0","0","0","0","0","0","0","0","0","0","0","-4.32","-4.32"
"Mar 31, 2017 1:58:35 PM PDT","6325730091","Order","103-3876313-7991454","PO-CX8T-9V0U","Nautica Voyage By Nautica For Men. Eau De Toilette Spray 3.4 oz","1","amazon.com","Standard Orders","Seller","STATEN ISLAND","NY","10305-1638","","17.00","0","5.09","0","0","0","0","0","0","0","0","-3.31","0","0","0","18.78"
"Mar 31, 2017 1:59:12 PM PDT","6325730091","Shipping Services","103-3876313-7991454","","Shipping Label Purchased through Amazon","","","Standard Orders","","","","","","0","0","0","0","0","0","0","0","0","0","0","0","0","0","-4.32","-4.32"
"Mar 31, 2017 2:00:12 PM PDT","6325730091","Order","103-0769121-7639457","PO-CX8T-9V0U","Nautica Voyage By Nautica For Men. Eau De Toilette Spray 3.4 oz","1","amazon.com","Standard Orders","Seller","ATLANTA","GA","30332","","17.00","0","5.09","0","0","0","0","0","0","0","0","-3.31","0","0","0","18.78"
"Mar 31, 2017 2:00:48 PM PDT","6325730091","Shipping Services","103-0769121-7639457","","Shipping Label Purchased through Amazon","","","Standard Orders","","","","","","0","0","0","0","0","0","0","0","0","0","0","0","0","0","-4.32","-4.32"
"Mar 31, 2017 2:01:46 PM PDT","6325730091","Order","114-9786268-6278601","RF-LX73-TAHE","DIESEL PLUS PLUS by Diesel EDT SPRAY 2.5 OZ Masculine","1","amazon.com","Standard Orders","Seller","BOULDER","CO","80303-7501","","13.56","0","0","0","0","0","0","0","0","0","0","-2.03","0","0","0","11.53"
"Mar 31, 2017 2:02:02 PM PDT","6325730091","Shipping Services","114-9786268-6278601","","Shipping Label Purchased through Amazon","","","Standard Orders","","","","","","0","0","0","0","0","0","0","0","0","0","0","0","0","0","-3.62","-3.62"
"Mar 31, 2017 2:07:18 PM PDT","6325730091","Order","102-7633114-1481830","0Y-13WR-ZN5E","L'homme Yves Saint Laurent By Yves Saint Laurent For Men. Eau De Toilette Spray 3.3-Ounces","1","amazon.com","Standard Orders","Seller","RIDGEWOOD","NY","11385-1942","","56.00","0","5.35","0","0","0","0","0","0","0","0","-9.20","0","0","0","52.15"
"Mar 31, 2017 2:07:55 PM PDT","6325730091","Shipping Services","102-7633114-1481830","","Shipping Label Purchased through Amazon","","","Standard Orders","","","","","","0","0","0","0","0","0","0","0","0","0","0","0","0","0","-4.47","-4.47"
"Mar 31, 2017 2:10:41 PM PDT","6325730091","Order","111-7237240-7626634","74-DRG6-NKAA","Estee Lauder Purse Beautiful Eau de Parfum Spray for Women, 6 Count","1","amazon.com","Standard Orders","Seller","TORRANCE","CA","90503-4999","","65.96","0","0","0","0","0","0","0","0","0","0","-9.89","0","0","0","56.07"
"Mar 31, 2017 2:11:15 PM PDT","6325730091","Shipping Services","111-7237240-7626634","","Shipping Label Purchased through Amazon","","","Standard Orders","","","","","","0","0","0","0","0","0","0","0","0","0","0","0","0","0","-4.47","-4.47"
"Mar 31, 2017 2:13:58 PM PDT","6325730091","Order","114-8755544-5851437","IL-IROW-9WPF","Cuba Gold by Cuba 20 x 1.17 oz Eau de Toilette Spray ( 1 Box )","1","amazon.com","Standard Orders","Seller","PISCATAWAY","NJ","08854-5716","","60.94","0","4.49","0","0","0","0","0","0","0","0","-9.81","0","0","0","55.62"
"Mar 31, 2017 2:14:37 PM PDT","6325730091","Shipping Services","114-8755544-5851437","","Shipping Label Purchased through Amazon","","","Standard Orders","","","","","","0","0","0","0","0","0","0","0","0","0","0","0","0","0","-6.20","-6.20"
"Mar 31, 2017 2:16:59 PM PDT","6325730091","Order","114-1206967-7389824","TP-JZ2P-HJSY","Daisy Eau So Fresh by Marc Jacobs Eau De Toilette Spray 4.2 oz Women's","1","amazon.com","Standard Orders","Seller","MEMPHIS","TN","38119-8212","","53.46","0","4.97","0","0","0","0","0","0","0","0","-8.76","0","0","0","49.67"
"Mar 31, 2017 2:17:36 PM PDT","6325730091","Shipping Services","114-1206967-7389824","","Shipping Label Purchased through Amazon","","","Standard Orders","","","","","","0","0","0","0","0","0","0","0","0","0","0","0","0","0","-4.61","-4.61"
"Mar 31, 2017 2:22:37 PM PDT","6325730091","Order","108-6670675-0113847","LY-UWAU-LFK6","Antonio Banderas Blue Seduction for Men Eau De Toilette Spray, 6.75 Ounce","1","amazon.com","Standard Orders","Seller","BOWLING GREEN","KY","42104-3799","","29.00","0","5.59","0","0","0","0","0","0","0","0","-5.19","0","0","0","29.40"
"Mar 31, 2017 2:23:14 PM PDT","6325730091","Shipping Services","108-6670675-0113847","","Shipping Label Purchased through Amazon","","","Standard Orders","","","","","","0","0","0","0","0","0","0","0","0","0","0","0","0","0","-6.05","-6.05"
"Mar 31, 2017 2:23:45 PM PDT","6325730091","Order","103-7584851-1305006","LY-UWAU-LFK6","Antonio Banderas Blue Seduction for Men Eau De Toilette Spray, 6.75 Ounce","1","amazon.com","Standard Orders","Seller","FREDERICKTOWN","OH","43019-9464","","29.00","0","5.59","0","0","0","0","0","0","0","0","-5.19","0","0","0","29.40"
"Mar 31, 2017 2:24:22 PM PDT","6325730091","Shipping Services","103-7584851-1305006","","Shipping Label Purchased through Amazon","","","Standard Orders","","","","","","0","0","0","0","0","0","0","0","0","0","0","0","0","0","-6.05","-6.05"
"Mar 31, 2017 2:25:27 PM PDT","6325730091","Order","104-1569509-4633048","C7-6Y6H-8ED9","JEAN PAUL GAULTIER by Jean Paul Gaultier - Women - Eau De Parfum Spray 3.3 oz","1","amazon.com","Standard Orders","Seller","SPRING","TX","77379-2581","","72.22","0","5.24","0","0","0","0","0","0","0","0","-11.62","0","0","0","65.84"
"Mar 31, 2017 2:26:03 PM PDT","6325730091","Shipping Services","104-1569509-4633048","","Shipping Label Purchased through Amazon","","","Standard Orders","","","","","","0","0","0","0","0","0","0","0","0","0","0","0","0","0","-4.61","-4.61"
"Mar 31, 2017 2:28:03 PM PDT","6325730091","Order","107-0852427-1399401","HO-EI5S-QVRS","Jessica Simpson Fancy Love for Women 4 Piece Set","1","amazon.com","Standard Orders","Seller","JOPLIN","MO","64801-5356","","59.48","0","4.49","0","0","0","0","0","0","0","0","-9.60","0","0","0","54.37"
"Mar 31, 2017 2:28:40 PM PDT","6325730091","Shipping Services","107-0852427-1399401","","Shipping Label Purchased through Amazon","","","Standard Orders","","","","","","0","0","0","0","0","0","0","0","0","0","0","0","0","0","-9.36","-9.36"
"Mar 31, 2017 2:28:58 PM PDT","6325730091","Order","104-3342491-6062621","AL-3CYM-X54U","Canoe By Dana For Men. Eau De Toilette 8.0 Oz.","1","amazon.com","Standard Orders","Seller","HARWICH PORT","MA","02646-2510","","16.00","0","5.94","0","0","0","0","0","0","0","0","-3.29","0","0","0","18.65"
"Mar 31, 2017 2:29:32 PM PDT","6325730091","Shipping Services","104-3342491-6062621","","Shipping Label Purchased through Amazon","","","Standard Orders","","","","","","0","0","0","0","0","0","0","0","0","0","0","0","0","0","-6.05","-6.05"
